solid OpenSCAD_Model
  facet normal 0.8032075314806248 0.5956993044924606 0
    outer loop
      vertex -75.31411777071665 -1.0784685830781973 0
      vertex -75.41349834091433 -0.9444693961333237 0
      vertex -75.41349834091433 -0.9444693961333237 5
    endloop
  endfacet
  facet normal 0.857728610000294 0.5141027441931851 0
    outer loop
      vertex -75.41349834091433 -0.9444693961333237 0
      vertex -75.4992661493922 -0.8013744526041959 0
      vertex -75.4992661493922 -0.8013744526041959 5
    endloop
  endfacet
  facet normal 0.9039892931234362 0.42755509343029724 0
    outer loop
      vertex -75.4992661493922 -0.8013744526041959 0
      vertex -75.57059520526919 -0.6505618350206526 0
      vertex -75.57059520526919 -0.6505618350206526 5
    endloop
  endfacet
  facet normal 0.9415440651830199 0.3368898533922223 0
    outer loop
      vertex -75.57059520526919 -0.6505618350206526 0
      vertex -75.62679857074475 -0.49348395133258594 0
      vertex -75.62679857074475 -0.49348395133258594 5
    endloop
  endfacet
  facet normal 0.9700312531945368 0.24298017990329288 0
    outer loop
      vertex -75.62679857074475 -0.49348395133258594 0
      vertex -75.6673349766855 -0.33165354742741804 0
      vertex -75.6673349766855 -0.33165354742741804 5
    endloop
  endfacet
  facet normal 0.9891765099647879 0.1467304744553151 0
    outer loop
      vertex -75.6673349766855 -0.33165354742741804 0
      vertex -75.69181403534273 -0.16662913856025302 0
      vertex -75.69181403534273 -0.16662913856025302 5
    endloop
  endfacet
  facet normal 0.9987954562051702 0.04906767432746047 0
    outer loop
      vertex -75.69181403534273 -0.16662913856025302 0
      vertex -75.7 0 0
      vertex -75.7 0 5
    endloop
  endfacet
  facet normal 0.6715589548469961 0.7409511253549792 0
    outer loop
      vertex -75.07846858307819 -1.314117770716653 0
      vertex -75.20208152801713 -1.2020815280171309 0
      vertex -75.20208152801713 -1.2020815280171309 5
    endloop
  endfacet
  facet normal 0.5956993044924649 0.8032075314806215 0
    outer loop
      vertex -75.07846858307819 -1.314117770716653 0
      vertex -75.07846858307819 -1.314117770716653 5
      vertex -74.94446939613333 -1.413498340914327 0
    endloop
  endfacet
  facet normal 0.5141027441932015 0.8577286100002842 0
    outer loop
      vertex -74.94446939613333 -1.413498340914327 0
      vertex -74.94446939613333 -1.413498340914327 5
      vertex -74.8013744526042 -1.4992661493922035 0
    endloop
  endfacet
  facet normal 0.4275550934302897 0.9039892931234397 0
    outer loop
      vertex -74.8013744526042 -1.4992661493922035 0
      vertex -74.8013744526042 -1.4992661493922035 5
      vertex -74.65056183502065 -1.5705952052691874 0
    endloop
  endfacet
  facet normal 0.3368898533922314 0.9415440651830167 0
    outer loop
      vertex -74.65056183502065 -1.5705952052691874 0
      vertex -74.65056183502065 -1.5705952052691874 5
      vertex -74.49348395133259 -1.626798570744755 0
    endloop
  endfacet
  facet normal 0.24298017990326 0.970031253194545 0
    outer loop
      vertex -74.49348395133259 -1.626798570744755 0
      vertex -74.49348395133259 -1.626798570744755 5
      vertex -74.33165354742742 -1.6673349766854917 0
    endloop
  endfacet
  facet normal 0.14673047445535906 0.9891765099647815 0
    outer loop
      vertex -74.33165354742742 -1.6673349766854917 0
      vertex -74.33165354742742 -1.6673349766854917 5
      vertex -74.16662913856025 -1.6918140353427347 0
    endloop
  endfacet
  facet normal 0.04906767432741787 0.9987954562051725 0
    outer loop
      vertex -74.16662913856025 -1.6918140353427347 0
      vertex -74.16662913856025 -1.6918140353427347 5
      vertex -74 -1.7 0
    endloop
  endfacet
  facet normal 0.740951125354974 0.6715589548470018 0
    outer loop
      vertex -75.20208152801713 -1.2020815280171309 0
      vertex -75.31411777071665 -1.0784685830781973 0
      vertex -75.31411777071665 -1.0784685830781973 5
    endloop
  endfacet
  facet normal -0.04906767432741787 0.9987954562051725 0
    outer loop
      vertex -74 -1.7 0
      vertex -74 -1.7 5
      vertex -73.83337086143975 -1.6918140353427347 0
    endloop
  endfacet
  facet normal -0.14673047445535906 0.9891765099647815 0
    outer loop
      vertex -73.83337086143975 -1.6918140353427347 0
      vertex -73.83337086143975 -1.6918140353427347 5
      vertex -73.66834645257258 -1.6673349766854917 0
    endloop
  endfacet
  facet normal -0.24298017990326 0.970031253194545 0
    outer loop
      vertex -73.66834645257258 -1.6673349766854917 0
      vertex -73.66834645257258 -1.6673349766854917 5
      vertex -73.50651604866741 -1.626798570744755 0
    endloop
  endfacet
  facet normal -0.3368898533922314 0.9415440651830167 0
    outer loop
      vertex -73.50651604866741 -1.626798570744755 0
      vertex -73.50651604866741 -1.626798570744755 5
      vertex -73.34943816497935 -1.5705952052691874 0
    endloop
  endfacet
  facet normal -0.4275550934302897 0.9039892931234397 0
    outer loop
      vertex -73.34943816497935 -1.5705952052691874 0
      vertex -73.34943816497935 -1.5705952052691874 5
      vertex -73.1986255473958 -1.4992661493922035 0
    endloop
  endfacet
  facet normal -0.5141027441932015 0.8577286100002842 0
    outer loop
      vertex -73.1986255473958 -1.4992661493922035 0
      vertex -73.1986255473958 -1.4992661493922035 5
      vertex -73.05553060386667 -1.413498340914327 0
    endloop
  endfacet
  facet normal -0.5956993044924649 0.8032075314806215 0
    outer loop
      vertex -73.05553060386667 -1.413498340914327 0
      vertex -73.05553060386667 -1.413498340914327 5
      vertex -72.92153141692181 -1.314117770716653 0
    endloop
  endfacet
  facet normal -0.6715589548469961 0.7409511253549792 0
    outer loop
      vertex -72.92153141692181 -1.314117770716653 0
      vertex -72.92153141692181 -1.314117770716653 5
      vertex -72.79791847198287 -1.2020815280171309 0
    endloop
  endfacet
  facet normal -0.740951125354974 0.6715589548470018 0
    outer loop
      vertex -72.79791847198287 -1.2020815280171309 0
      vertex -72.79791847198287 -1.2020815280171309 5
      vertex -72.68588222928335 -1.0784685830781973 0
    endloop
  endfacet
  facet normal -0.8032075314806248 0.5956993044924606 0
    outer loop
      vertex -72.58650165908567 -0.9444693961333237 0
      vertex -72.68588222928335 -1.0784685830781973 0
      vertex -72.68588222928335 -1.0784685830781973 5
    endloop
  endfacet
  facet normal -0.857728610000294 0.5141027441931851 0
    outer loop
      vertex -72.5007338506078 -0.8013744526041959 0
      vertex -72.58650165908567 -0.9444693961333237 0
      vertex -72.58650165908567 -0.9444693961333237 5
    endloop
  endfacet
  facet normal -0.9039892931234362 0.42755509343029724 0
    outer loop
      vertex -72.42940479473081 -0.6505618350206526 0
      vertex -72.5007338506078 -0.8013744526041959 0
      vertex -72.5007338506078 -0.8013744526041959 5
    endloop
  endfacet
  facet normal -0.9415440651830199 0.3368898533922223 0
    outer loop
      vertex -72.37320142925525 -0.49348395133258594 0
      vertex -72.42940479473081 -0.6505618350206526 0
      vertex -72.42940479473081 -0.6505618350206526 5
    endloop
  endfacet
  facet normal -0.9700312531945368 0.24298017990329288 0
    outer loop
      vertex -72.3326650233145 -0.33165354742741804 0
      vertex -72.37320142925525 -0.49348395133258594 0
      vertex -72.37320142925525 -0.49348395133258594 5
    endloop
  endfacet
  facet normal -0.9891765099647879 0.1467304744553151 0
    outer loop
      vertex -72.30818596465727 -0.16662913856025302 0
      vertex -72.3326650233145 -0.33165354742741804 0
      vertex -72.3326650233145 -0.33165354742741804 5
    endloop
  endfacet
  facet normal -0.9987954562051702 0.04906767432746047 0
    outer loop
      vertex -72.30818596465727 -0.16662913856025302 0
      vertex -72.30818596465727 -0.16662913856025302 5
      vertex -72.3 0 0
    endloop
  endfacet
  facet normal 0.8032075314806248 0.5956993044924606 0
    outer loop
      vertex -75.31411777071665 -1.0784685830781973 0
      vertex -75.41349834091433 -0.9444693961333237 5
      vertex -75.31411777071665 -1.0784685830781973 5
    endloop
  endfacet
  facet normal 0.9039892931234362 0.42755509343029724 0
    outer loop
      vertex -75.4992661493922 -0.8013744526041959 0
      vertex -75.57059520526919 -0.6505618350206526 5
      vertex -75.4992661493922 -0.8013744526041959 5
    endloop
  endfacet
  facet normal 0.857728610000294 0.5141027441931851 0
    outer loop
      vertex -75.41349834091433 -0.9444693961333237 0
      vertex -75.4992661493922 -0.8013744526041959 5
      vertex -75.41349834091433 -0.9444693961333237 5
    endloop
  endfacet
  facet normal 0.9700312531945368 0.24298017990329288 0
    outer loop
      vertex -75.62679857074475 -0.49348395133258594 0
      vertex -75.6673349766855 -0.33165354742741804 5
      vertex -75.62679857074475 -0.49348395133258594 5
    endloop
  endfacet
  facet normal 0.9891765099647879 0.1467304744553151 0
    outer loop
      vertex -75.6673349766855 -0.33165354742741804 0
      vertex -75.69181403534273 -0.16662913856025302 5
      vertex -75.6673349766855 -0.33165354742741804 5
    endloop
  endfacet
  facet normal 0.9987954562051702 0.04906767432746047 0
    outer loop
      vertex -75.69181403534273 -0.16662913856025302 0
      vertex -75.7 0 5
      vertex -75.69181403534273 -0.16662913856025302 5
    endloop
  endfacet
  facet normal 0.9415440651830199 0.3368898533922223 0
    outer loop
      vertex -75.57059520526919 -0.6505618350206526 0
      vertex -75.62679857074475 -0.49348395133258594 5
      vertex -75.57059520526919 -0.6505618350206526 5
    endloop
  endfacet
  facet normal 0.6715589548469961 0.7409511253549792 0
    outer loop
      vertex -75.07846858307819 -1.314117770716653 0
      vertex -75.20208152801713 -1.2020815280171309 5
      vertex -75.07846858307819 -1.314117770716653 5
    endloop
  endfacet
  facet normal 0.5956993044924649 0.8032075314806215 0
    outer loop
      vertex -74.94446939613333 -1.413498340914327 0
      vertex -75.07846858307819 -1.314117770716653 5
      vertex -74.94446939613333 -1.413498340914327 5
    endloop
  endfacet
  facet normal 0.4275550934302897 0.9039892931234397 0
    outer loop
      vertex -74.65056183502065 -1.5705952052691874 0
      vertex -74.8013744526042 -1.4992661493922035 5
      vertex -74.65056183502065 -1.5705952052691874 5
    endloop
  endfacet
  facet normal 0.5141027441932015 0.8577286100002842 0
    outer loop
      vertex -74.8013744526042 -1.4992661493922035 0
      vertex -74.94446939613333 -1.413498340914327 5
      vertex -74.8013744526042 -1.4992661493922035 5
    endloop
  endfacet
  facet normal 0.3368898533922314 0.9415440651830167 0
    outer loop
      vertex -74.49348395133259 -1.626798570744755 0
      vertex -74.65056183502065 -1.5705952052691874 5
      vertex -74.49348395133259 -1.626798570744755 5
    endloop
  endfacet
  facet normal 0.24298017990326 0.970031253194545 0
    outer loop
      vertex -74.33165354742742 -1.6673349766854917 0
      vertex -74.49348395133259 -1.626798570744755 5
      vertex -74.33165354742742 -1.6673349766854917 5
    endloop
  endfacet
  facet normal 0.14673047445535906 0.9891765099647815 0
    outer loop
      vertex -74.16662913856025 -1.6918140353427347 0
      vertex -74.33165354742742 -1.6673349766854917 5
      vertex -74.16662913856025 -1.6918140353427347 5
    endloop
  endfacet
  facet normal 0.740951125354974 0.6715589548470018 0
    outer loop
      vertex -75.20208152801713 -1.2020815280171309 0
      vertex -75.31411777071665 -1.0784685830781973 5
      vertex -75.20208152801713 -1.2020815280171309 5
    endloop
  endfacet
  facet normal 0.04906767432741787 0.9987954562051725 0
    outer loop
      vertex -74 -1.7 0
      vertex -74.16662913856025 -1.6918140353427347 5
      vertex -74 -1.7 5
    endloop
  endfacet
  facet normal -0.04906767432741787 0.9987954562051725 0
    outer loop
      vertex -73.83337086143975 -1.6918140353427347 0
      vertex -74 -1.7 5
      vertex -73.83337086143975 -1.6918140353427347 5
    endloop
  endfacet
  facet normal -0.14673047445535906 0.9891765099647815 0
    outer loop
      vertex -73.66834645257258 -1.6673349766854917 0
      vertex -73.83337086143975 -1.6918140353427347 5
      vertex -73.66834645257258 -1.6673349766854917 5
    endloop
  endfacet
  facet normal -0.24298017990326 0.970031253194545 0
    outer loop
      vertex -73.50651604866741 -1.626798570744755 0
      vertex -73.66834645257258 -1.6673349766854917 5
      vertex -73.50651604866741 -1.626798570744755 5
    endloop
  endfacet
  facet normal -0.3368898533922314 0.9415440651830167 0
    outer loop
      vertex -73.34943816497935 -1.5705952052691874 0
      vertex -73.50651604866741 -1.626798570744755 5
      vertex -73.34943816497935 -1.5705952052691874 5
    endloop
  endfacet
  facet normal -0.4275550934302897 0.9039892931234397 0
    outer loop
      vertex -73.1986255473958 -1.4992661493922035 0
      vertex -73.34943816497935 -1.5705952052691874 5
      vertex -73.1986255473958 -1.4992661493922035 5
    endloop
  endfacet
  facet normal -0.5141027441932015 0.8577286100002842 0
    outer loop
      vertex -73.05553060386667 -1.413498340914327 0
      vertex -73.1986255473958 -1.4992661493922035 5
      vertex -73.05553060386667 -1.413498340914327 5
    endloop
  endfacet
  facet normal -0.5956993044924649 0.8032075314806215 0
    outer loop
      vertex -72.92153141692181 -1.314117770716653 0
      vertex -73.05553060386667 -1.413498340914327 5
      vertex -72.92153141692181 -1.314117770716653 5
    endloop
  endfacet
  facet normal -0.6715589548469961 0.7409511253549792 0
    outer loop
      vertex -72.79791847198287 -1.2020815280171309 0
      vertex -72.92153141692181 -1.314117770716653 5
      vertex -72.79791847198287 -1.2020815280171309 5
    endloop
  endfacet
  facet normal -0.740951125354974 0.6715589548470018 0
    outer loop
      vertex -72.68588222928335 -1.0784685830781973 0
      vertex -72.79791847198287 -1.2020815280171309 5
      vertex -72.68588222928335 -1.0784685830781973 5
    endloop
  endfacet
  facet normal -0.8032075314806248 0.5956993044924606 0
    outer loop
      vertex -72.58650165908567 -0.9444693961333237 0
      vertex -72.68588222928335 -1.0784685830781973 5
      vertex -72.58650165908567 -0.9444693961333237 5
    endloop
  endfacet
  facet normal -0.857728610000294 0.5141027441931851 0
    outer loop
      vertex -72.5007338506078 -0.8013744526041959 0
      vertex -72.58650165908567 -0.9444693961333237 5
      vertex -72.5007338506078 -0.8013744526041959 5
    endloop
  endfacet
  facet normal -0.9039892931234362 0.42755509343029724 0
    outer loop
      vertex -72.42940479473081 -0.6505618350206526 0
      vertex -72.5007338506078 -0.8013744526041959 5
      vertex -72.42940479473081 -0.6505618350206526 5
    endloop
  endfacet
  facet normal -0.9415440651830199 0.3368898533922223 0
    outer loop
      vertex -72.37320142925525 -0.49348395133258594 0
      vertex -72.42940479473081 -0.6505618350206526 5
      vertex -72.37320142925525 -0.49348395133258594 5
    endloop
  endfacet
  facet normal -0.9700312531945368 0.24298017990329288 0
    outer loop
      vertex -72.3326650233145 -0.33165354742741804 0
      vertex -72.37320142925525 -0.49348395133258594 5
      vertex -72.3326650233145 -0.33165354742741804 5
    endloop
  endfacet
  facet normal -0.9891765099647879 0.1467304744553151 0
    outer loop
      vertex -72.30818596465727 -0.16662913856025302 0
      vertex -72.3326650233145 -0.33165354742741804 5
      vertex -72.30818596465727 -0.16662913856025302 5
    endloop
  endfacet
  facet normal -0.9987954562051702 0.04906767432746047 0
    outer loop
      vertex -72.3 0 0
      vertex -72.30818596465727 -0.16662913856025302 5
      vertex -72.3 0 5
    endloop
  endfacet
  facet normal 0.9987954562051702 -0.04906767432746047 0
    outer loop
      vertex -75.7 0 0
      vertex -75.69181403534273 0.16662913856025302 0
      vertex -75.69181403534273 0.16662913856025302 5
    endloop
  endfacet
  facet normal 0.9891765099647879 -0.1467304744553151 0
    outer loop
      vertex -75.69181403534273 0.16662913856025302 0
      vertex -75.6673349766855 0.33165354742741804 0
      vertex -75.6673349766855 0.33165354742741804 5
    endloop
  endfacet
  facet normal 0.9700312531945368 -0.24298017990329288 0
    outer loop
      vertex -75.6673349766855 0.33165354742741804 0
      vertex -75.62679857074475 0.49348395133258594 0
      vertex -75.62679857074475 0.49348395133258594 5
    endloop
  endfacet
  facet normal 0.9415440651830199 -0.3368898533922223 0
    outer loop
      vertex -75.62679857074475 0.49348395133258594 0
      vertex -75.57059520526919 0.6505618350206526 0
      vertex -75.57059520526919 0.6505618350206526 5
    endloop
  endfacet
  facet normal 0.9039892931234362 -0.42755509343029724 0
    outer loop
      vertex -75.57059520526919 0.6505618350206526 0
      vertex -75.4992661493922 0.8013744526041959 0
      vertex -75.4992661493922 0.8013744526041959 5
    endloop
  endfacet
  facet normal 0.857728610000294 -0.5141027441931851 0
    outer loop
      vertex -75.4992661493922 0.8013744526041959 0
      vertex -75.41349834091433 0.9444693961333237 0
      vertex -75.41349834091433 0.9444693961333237 5
    endloop
  endfacet
  facet normal 0.8032075314806248 -0.5956993044924606 0
    outer loop
      vertex -75.41349834091433 0.9444693961333237 0
      vertex -75.31411777071665 1.0784685830781973 0
      vertex -75.31411777071665 1.0784685830781973 5
    endloop
  endfacet
  facet normal 0.740951125354974 -0.6715589548470018 0
    outer loop
      vertex -75.31411777071665 1.0784685830781973 0
      vertex -75.20208152801713 1.2020815280171309 0
      vertex -75.20208152801713 1.2020815280171309 5
    endloop
  endfacet
  facet normal 0.6715589548469961 -0.7409511253549792 0
    outer loop
      vertex -75.07846858307819 1.314117770716653 0
      vertex -75.07846858307819 1.314117770716653 5
      vertex -75.20208152801713 1.2020815280171309 0
    endloop
  endfacet
  facet normal 0.5956993044924649 -0.8032075314806215 0
    outer loop
      vertex -74.94446939613333 1.413498340914327 0
      vertex -74.94446939613333 1.413498340914327 5
      vertex -75.07846858307819 1.314117770716653 0
    endloop
  endfacet
  facet normal 0.5141027441932015 -0.8577286100002842 0
    outer loop
      vertex -74.8013744526042 1.4992661493922035 0
      vertex -74.8013744526042 1.4992661493922035 5
      vertex -74.94446939613333 1.413498340914327 0
    endloop
  endfacet
  facet normal 0.4275550934302897 -0.9039892931234397 0
    outer loop
      vertex -74.65056183502065 1.5705952052691874 0
      vertex -74.65056183502065 1.5705952052691874 5
      vertex -74.8013744526042 1.4992661493922035 0
    endloop
  endfacet
  facet normal 0.3368898533922314 -0.9415440651830167 0
    outer loop
      vertex -74.49348395133259 1.626798570744755 0
      vertex -74.49348395133259 1.626798570744755 5
      vertex -74.65056183502065 1.5705952052691874 0
    endloop
  endfacet
  facet normal 0.24298017990326 -0.970031253194545 0
    outer loop
      vertex -74.33165354742742 1.6673349766854917 0
      vertex -74.33165354742742 1.6673349766854917 5
      vertex -74.49348395133259 1.626798570744755 0
    endloop
  endfacet
  facet normal 0.14673047445535906 -0.9891765099647815 0
    outer loop
      vertex -74.16662913856025 1.6918140353427347 0
      vertex -74.16662913856025 1.6918140353427347 5
      vertex -74.33165354742742 1.6673349766854917 0
    endloop
  endfacet
  facet normal 0.04906767432741787 -0.9987954562051725 0
    outer loop
      vertex -74 1.7 0
      vertex -74 1.7 5
      vertex -74.16662913856025 1.6918140353427347 0
    endloop
  endfacet
  facet normal -0.04906767432741787 -0.9987954562051725 0
    outer loop
      vertex -73.83337086143975 1.6918140353427347 0
      vertex -73.83337086143975 1.6918140353427347 5
      vertex -74 1.7 0
    endloop
  endfacet
  facet normal -0.14673047445535906 -0.9891765099647815 0
    outer loop
      vertex -73.66834645257258 1.6673349766854917 0
      vertex -73.66834645257258 1.6673349766854917 5
      vertex -73.83337086143975 1.6918140353427347 0
    endloop
  endfacet
  facet normal -0.24298017990326 -0.970031253194545 0
    outer loop
      vertex -73.50651604866741 1.626798570744755 0
      vertex -73.50651604866741 1.626798570744755 5
      vertex -73.66834645257258 1.6673349766854917 0
    endloop
  endfacet
  facet normal -0.4275550934302897 -0.9039892931234397 0
    outer loop
      vertex -73.1986255473958 1.4992661493922035 0
      vertex -73.1986255473958 1.4992661493922035 5
      vertex -73.34943816497935 1.5705952052691874 0
    endloop
  endfacet
  facet normal -0.3368898533922314 -0.9415440651830167 0
    outer loop
      vertex -73.34943816497935 1.5705952052691874 0
      vertex -73.34943816497935 1.5705952052691874 5
      vertex -73.50651604866741 1.626798570744755 0
    endloop
  endfacet
  facet normal -0.5141027441932015 -0.8577286100002842 0
    outer loop
      vertex -73.05553060386667 1.413498340914327 0
      vertex -73.05553060386667 1.413498340914327 5
      vertex -73.1986255473958 1.4992661493922035 0
    endloop
  endfacet
  facet normal -0.5956993044924649 -0.8032075314806215 0
    outer loop
      vertex -72.92153141692181 1.314117770716653 0
      vertex -72.92153141692181 1.314117770716653 5
      vertex -73.05553060386667 1.413498340914327 0
    endloop
  endfacet
  facet normal -0.6715589548469961 -0.7409511253549792 0
    outer loop
      vertex -72.79791847198287 1.2020815280171309 0
      vertex -72.79791847198287 1.2020815280171309 5
      vertex -72.92153141692181 1.314117770716653 0
    endloop
  endfacet
  facet normal -0.9987954562051702 -0.04906767432746047 0
    outer loop
      vertex -72.3 0 0
      vertex -72.3 0 5
      vertex -72.30818596465727 0.16662913856025302 0
    endloop
  endfacet
  facet normal -0.9891765099647879 -0.1467304744553151 0
    outer loop
      vertex -72.3326650233145 0.33165354742741804 0
      vertex -72.30818596465727 0.16662913856025302 0
      vertex -72.30818596465727 0.16662913856025302 5
    endloop
  endfacet
  facet normal -0.9415440651830199 -0.3368898533922223 0
    outer loop
      vertex -72.42940479473081 0.6505618350206526 0
      vertex -72.37320142925525 0.49348395133258594 0
      vertex -72.37320142925525 0.49348395133258594 5
    endloop
  endfacet
  facet normal -0.9700312531945368 -0.24298017990329288 0
    outer loop
      vertex -72.37320142925525 0.49348395133258594 0
      vertex -72.3326650233145 0.33165354742741804 0
      vertex -72.3326650233145 0.33165354742741804 5
    endloop
  endfacet
  facet normal -0.857728610000294 -0.5141027441931851 0
    outer loop
      vertex -72.58650165908567 0.9444693961333237 0
      vertex -72.5007338506078 0.8013744526041959 0
      vertex -72.5007338506078 0.8013744526041959 5
    endloop
  endfacet
  facet normal -0.740951125354974 -0.6715589548470018 0
    outer loop
      vertex -72.79791847198287 1.2020815280171309 0
      vertex -72.68588222928335 1.0784685830781973 0
      vertex -72.68588222928335 1.0784685830781973 5
    endloop
  endfacet
  facet normal -0.8032075314806248 -0.5956993044924606 0
    outer loop
      vertex -72.68588222928335 1.0784685830781973 0
      vertex -72.58650165908567 0.9444693961333237 0
      vertex -72.58650165908567 0.9444693961333237 5
    endloop
  endfacet
  facet normal -0.9039892931234362 -0.42755509343029724 0
    outer loop
      vertex -72.5007338506078 0.8013744526041959 0
      vertex -72.42940479473081 0.6505618350206526 0
      vertex -72.42940479473081 0.6505618350206526 5
    endloop
  endfacet
  facet normal 0.9987954562051702 -0.04906767432746047 0
    outer loop
      vertex -75.7 0 0
      vertex -75.69181403534273 0.16662913856025302 5
      vertex -75.7 0 5
    endloop
  endfacet
  facet normal 0.9891765099647879 -0.1467304744553151 0
    outer loop
      vertex -75.69181403534273 0.16662913856025302 0
      vertex -75.6673349766855 0.33165354742741804 5
      vertex -75.69181403534273 0.16662913856025302 5
    endloop
  endfacet
  facet normal 0.9700312531945368 -0.24298017990329288 0
    outer loop
      vertex -75.6673349766855 0.33165354742741804 0
      vertex -75.62679857074475 0.49348395133258594 5
      vertex -75.6673349766855 0.33165354742741804 5
    endloop
  endfacet
  facet normal 0.9415440651830199 -0.3368898533922223 0
    outer loop
      vertex -75.62679857074475 0.49348395133258594 0
      vertex -75.57059520526919 0.6505618350206526 5
      vertex -75.62679857074475 0.49348395133258594 5
    endloop
  endfacet
  facet normal 0.9039892931234362 -0.42755509343029724 0
    outer loop
      vertex -75.57059520526919 0.6505618350206526 0
      vertex -75.4992661493922 0.8013744526041959 5
      vertex -75.57059520526919 0.6505618350206526 5
    endloop
  endfacet
  facet normal 0.857728610000294 -0.5141027441931851 0
    outer loop
      vertex -75.4992661493922 0.8013744526041959 0
      vertex -75.41349834091433 0.9444693961333237 5
      vertex -75.4992661493922 0.8013744526041959 5
    endloop
  endfacet
  facet normal 0.8032075314806248 -0.5956993044924606 0
    outer loop
      vertex -75.41349834091433 0.9444693961333237 0
      vertex -75.31411777071665 1.0784685830781973 5
      vertex -75.41349834091433 0.9444693961333237 5
    endloop
  endfacet
  facet normal 0.740951125354974 -0.6715589548470018 0
    outer loop
      vertex -75.31411777071665 1.0784685830781973 0
      vertex -75.20208152801713 1.2020815280171309 5
      vertex -75.31411777071665 1.0784685830781973 5
    endloop
  endfacet
  facet normal 0.6715589548469961 -0.7409511253549792 0
    outer loop
      vertex -75.20208152801713 1.2020815280171309 0
      vertex -75.07846858307819 1.314117770716653 5
      vertex -75.20208152801713 1.2020815280171309 5
    endloop
  endfacet
  facet normal 0.5956993044924649 -0.8032075314806215 0
    outer loop
      vertex -75.07846858307819 1.314117770716653 0
      vertex -74.94446939613333 1.413498340914327 5
      vertex -75.07846858307819 1.314117770716653 5
    endloop
  endfacet
  facet normal 0.5141027441932015 -0.8577286100002842 0
    outer loop
      vertex -74.94446939613333 1.413498340914327 0
      vertex -74.8013744526042 1.4992661493922035 5
      vertex -74.94446939613333 1.413498340914327 5
    endloop
  endfacet
  facet normal 0.4275550934302897 -0.9039892931234397 0
    outer loop
      vertex -74.8013744526042 1.4992661493922035 0
      vertex -74.65056183502065 1.5705952052691874 5
      vertex -74.8013744526042 1.4992661493922035 5
    endloop
  endfacet
  facet normal 0.3368898533922314 -0.9415440651830167 0
    outer loop
      vertex -74.65056183502065 1.5705952052691874 0
      vertex -74.49348395133259 1.626798570744755 5
      vertex -74.65056183502065 1.5705952052691874 5
    endloop
  endfacet
  facet normal 0.24298017990326 -0.970031253194545 0
    outer loop
      vertex -74.49348395133259 1.626798570744755 0
      vertex -74.33165354742742 1.6673349766854917 5
      vertex -74.49348395133259 1.626798570744755 5
    endloop
  endfacet
  facet normal 0.14673047445535906 -0.9891765099647815 0
    outer loop
      vertex -74.33165354742742 1.6673349766854917 0
      vertex -74.16662913856025 1.6918140353427347 5
      vertex -74.33165354742742 1.6673349766854917 5
    endloop
  endfacet
  facet normal 0.04906767432741787 -0.9987954562051725 0
    outer loop
      vertex -74.16662913856025 1.6918140353427347 0
      vertex -74 1.7 5
      vertex -74.16662913856025 1.6918140353427347 5
    endloop
  endfacet
  facet normal -0.04906767432741787 -0.9987954562051725 0
    outer loop
      vertex -74 1.7 0
      vertex -73.83337086143975 1.6918140353427347 5
      vertex -74 1.7 5
    endloop
  endfacet
  facet normal -0.14673047445535906 -0.9891765099647815 0
    outer loop
      vertex -73.83337086143975 1.6918140353427347 0
      vertex -73.66834645257258 1.6673349766854917 5
      vertex -73.83337086143975 1.6918140353427347 5
    endloop
  endfacet
  facet normal -0.24298017990326 -0.970031253194545 0
    outer loop
      vertex -73.66834645257258 1.6673349766854917 0
      vertex -73.50651604866741 1.626798570744755 5
      vertex -73.66834645257258 1.6673349766854917 5
    endloop
  endfacet
  facet normal -0.3368898533922314 -0.9415440651830167 0
    outer loop
      vertex -73.50651604866741 1.626798570744755 0
      vertex -73.34943816497935 1.5705952052691874 5
      vertex -73.50651604866741 1.626798570744755 5
    endloop
  endfacet
  facet normal -0.5141027441932015 -0.8577286100002842 0
    outer loop
      vertex -73.1986255473958 1.4992661493922035 0
      vertex -73.05553060386667 1.413498340914327 5
      vertex -73.1986255473958 1.4992661493922035 5
    endloop
  endfacet
  facet normal -0.4275550934302897 -0.9039892931234397 0
    outer loop
      vertex -73.34943816497935 1.5705952052691874 0
      vertex -73.1986255473958 1.4992661493922035 5
      vertex -73.34943816497935 1.5705952052691874 5
    endloop
  endfacet
  facet normal -0.5956993044924649 -0.8032075314806215 0
    outer loop
      vertex -73.05553060386667 1.413498340914327 0
      vertex -72.92153141692181 1.314117770716653 5
      vertex -73.05553060386667 1.413498340914327 5
    endloop
  endfacet
  facet normal -0.6715589548469961 -0.7409511253549792 0
    outer loop
      vertex -72.92153141692181 1.314117770716653 0
      vertex -72.79791847198287 1.2020815280171309 5
      vertex -72.92153141692181 1.314117770716653 5
    endloop
  endfacet
  facet normal -0.9987954562051702 -0.04906767432746047 0
    outer loop
      vertex -72.30818596465727 0.16662913856025302 0
      vertex -72.3 0 5
      vertex -72.30818596465727 0.16662913856025302 5
    endloop
  endfacet
  facet normal -0.9891765099647879 -0.1467304744553151 0
    outer loop
      vertex -72.3326650233145 0.33165354742741804 0
      vertex -72.30818596465727 0.16662913856025302 5
      vertex -72.3326650233145 0.33165354742741804 5
    endloop
  endfacet
  facet normal -0.9415440651830199 -0.3368898533922223 0
    outer loop
      vertex -72.42940479473081 0.6505618350206526 0
      vertex -72.37320142925525 0.49348395133258594 5
      vertex -72.42940479473081 0.6505618350206526 5
    endloop
  endfacet
  facet normal -0.9700312531945368 -0.24298017990329288 0
    outer loop
      vertex -72.37320142925525 0.49348395133258594 0
      vertex -72.3326650233145 0.33165354742741804 5
      vertex -72.37320142925525 0.49348395133258594 5
    endloop
  endfacet
  facet normal -0.857728610000294 -0.5141027441931851 0
    outer loop
      vertex -72.58650165908567 0.9444693961333237 0
      vertex -72.5007338506078 0.8013744526041959 5
      vertex -72.58650165908567 0.9444693961333237 5
    endloop
  endfacet
  facet normal -0.740951125354974 -0.6715589548470018 0
    outer loop
      vertex -72.79791847198287 1.2020815280171309 0
      vertex -72.68588222928335 1.0784685830781973 5
      vertex -72.79791847198287 1.2020815280171309 5
    endloop
  endfacet
  facet normal -0.8032075314806248 -0.5956993044924606 0
    outer loop
      vertex -72.68588222928335 1.0784685830781973 0
      vertex -72.58650165908567 0.9444693961333237 5
      vertex -72.68588222928335 1.0784685830781973 5
    endloop
  endfacet
  facet normal -0.9039892931234362 -0.42755509343029724 0
    outer loop
      vertex -72.5007338506078 0.8013744526041959 0
      vertex -72.42940479473081 0.6505618350206526 5
      vertex -72.5007338506078 0.8013744526041959 5
    endloop
  endfacet
  facet normal 0.9039892931234362 0.42755509343029724 0
    outer loop
      vertex 72.5007338506078 -0.8013744526041959 0
      vertex 72.42940479473081 -0.6505618350206526 0
      vertex 72.42940479473081 -0.6505618350206526 5
    endloop
  endfacet
  facet normal 0.8032075314806248 0.5956993044924606 0
    outer loop
      vertex 72.68588222928335 -1.0784685830781973 0
      vertex 72.58650165908567 -0.9444693961333237 0
      vertex 72.58650165908567 -0.9444693961333237 5
    endloop
  endfacet
  facet normal 0.740951125354974 0.6715589548470018 0
    outer loop
      vertex 72.79791847198287 -1.2020815280171309 0
      vertex 72.68588222928335 -1.0784685830781973 0
      vertex 72.68588222928335 -1.0784685830781973 5
    endloop
  endfacet
  facet normal 0.857728610000294 0.5141027441931851 0
    outer loop
      vertex 72.58650165908567 -0.9444693961333237 0
      vertex 72.5007338506078 -0.8013744526041959 0
      vertex 72.5007338506078 -0.8013744526041959 5
    endloop
  endfacet
  facet normal 0.9700312531945368 0.24298017990329288 0
    outer loop
      vertex 72.37320142925525 -0.49348395133258594 0
      vertex 72.3326650233145 -0.33165354742741804 0
      vertex 72.3326650233145 -0.33165354742741804 5
    endloop
  endfacet
  facet normal 0.9415440651830199 0.3368898533922223 0
    outer loop
      vertex 72.42940479473081 -0.6505618350206526 0
      vertex 72.37320142925525 -0.49348395133258594 0
      vertex 72.37320142925525 -0.49348395133258594 5
    endloop
  endfacet
  facet normal 0.9891765099647879 0.1467304744553151 0
    outer loop
      vertex 72.3326650233145 -0.33165354742741804 0
      vertex 72.30818596465727 -0.16662913856025302 0
      vertex 72.30818596465727 -0.16662913856025302 5
    endloop
  endfacet
  facet normal 0.9987954562051702 0.04906767432746047 0
    outer loop
      vertex 72.30818596465727 -0.16662913856025302 0
      vertex 72.3 0 0
      vertex 72.3 0 5
    endloop
  endfacet
  facet normal 0.6715589548469961 0.7409511253549792 0
    outer loop
      vertex 72.92153141692181 -1.314117770716653 0
      vertex 72.79791847198287 -1.2020815280171309 0
      vertex 72.79791847198287 -1.2020815280171309 5
    endloop
  endfacet
  facet normal 0.5956993044924649 0.8032075314806215 0
    outer loop
      vertex 72.92153141692181 -1.314117770716653 0
      vertex 72.92153141692181 -1.314117770716653 5
      vertex 73.05553060386667 -1.413498340914327 0
    endloop
  endfacet
  facet normal 0.5141027441932015 0.8577286100002842 0
    outer loop
      vertex 73.05553060386667 -1.413498340914327 0
      vertex 73.05553060386667 -1.413498340914327 5
      vertex 73.1986255473958 -1.4992661493922035 0
    endloop
  endfacet
  facet normal 0.3368898533922314 0.9415440651830167 0
    outer loop
      vertex 73.34943816497935 -1.5705952052691874 0
      vertex 73.34943816497935 -1.5705952052691874 5
      vertex 73.50651604866741 -1.626798570744755 0
    endloop
  endfacet
  facet normal 0.4275550934302897 0.9039892931234397 0
    outer loop
      vertex 73.1986255473958 -1.4992661493922035 0
      vertex 73.1986255473958 -1.4992661493922035 5
      vertex 73.34943816497935 -1.5705952052691874 0
    endloop
  endfacet
  facet normal 0.24298017990326 0.970031253194545 0
    outer loop
      vertex 73.50651604866741 -1.626798570744755 0
      vertex 73.50651604866741 -1.626798570744755 5
      vertex 73.66834645257258 -1.6673349766854917 0
    endloop
  endfacet
  facet normal 0.14673047445535906 0.9891765099647815 0
    outer loop
      vertex 73.66834645257258 -1.6673349766854917 0
      vertex 73.66834645257258 -1.6673349766854917 5
      vertex 73.83337086143975 -1.6918140353427347 0
    endloop
  endfacet
  facet normal 0.04906767432741787 0.9987954562051725 0
    outer loop
      vertex 73.83337086143975 -1.6918140353427347 0
      vertex 73.83337086143975 -1.6918140353427347 5
      vertex 74 -1.7 0
    endloop
  endfacet
  facet normal -0.04906767432741787 0.9987954562051725 0
    outer loop
      vertex 74 -1.7 0
      vertex 74 -1.7 5
      vertex 74.16662913856025 -1.6918140353427347 0
    endloop
  endfacet
  facet normal -0.14673047445535906 0.9891765099647815 0
    outer loop
      vertex 74.16662913856025 -1.6918140353427347 0
      vertex 74.16662913856025 -1.6918140353427347 5
      vertex 74.33165354742742 -1.6673349766854917 0
    endloop
  endfacet
  facet normal -0.24298017990326 0.970031253194545 0
    outer loop
      vertex 74.33165354742742 -1.6673349766854917 0
      vertex 74.33165354742742 -1.6673349766854917 5
      vertex 74.49348395133259 -1.626798570744755 0
    endloop
  endfacet
  facet normal -0.3368898533922314 0.9415440651830167 0
    outer loop
      vertex 74.49348395133259 -1.626798570744755 0
      vertex 74.49348395133259 -1.626798570744755 5
      vertex 74.65056183502065 -1.5705952052691874 0
    endloop
  endfacet
  facet normal -0.4275550934302897 0.9039892931234397 0
    outer loop
      vertex 74.65056183502065 -1.5705952052691874 0
      vertex 74.65056183502065 -1.5705952052691874 5
      vertex 74.8013744526042 -1.4992661493922035 0
    endloop
  endfacet
  facet normal -0.5141027441932015 0.8577286100002842 0
    outer loop
      vertex 74.8013744526042 -1.4992661493922035 0
      vertex 74.8013744526042 -1.4992661493922035 5
      vertex 74.94446939613333 -1.413498340914327 0
    endloop
  endfacet
  facet normal -0.5956993044924649 0.8032075314806215 0
    outer loop
      vertex 74.94446939613333 -1.413498340914327 0
      vertex 74.94446939613333 -1.413498340914327 5
      vertex 75.07846858307819 -1.314117770716653 0
    endloop
  endfacet
  facet normal -0.6715589548469961 0.7409511253549792 0
    outer loop
      vertex 75.07846858307819 -1.314117770716653 0
      vertex 75.07846858307819 -1.314117770716653 5
      vertex 75.20208152801713 -1.2020815280171309 0
    endloop
  endfacet
  facet normal -0.740951125354974 0.6715589548470018 0
    outer loop
      vertex 75.20208152801713 -1.2020815280171309 0
      vertex 75.20208152801713 -1.2020815280171309 5
      vertex 75.31411777071665 -1.0784685830781973 0
    endloop
  endfacet
  facet normal -0.8032075314806248 0.5956993044924606 0
    outer loop
      vertex 75.41349834091433 -0.9444693961333237 0
      vertex 75.31411777071665 -1.0784685830781973 0
      vertex 75.31411777071665 -1.0784685830781973 5
    endloop
  endfacet
  facet normal -0.857728610000294 0.5141027441931851 0
    outer loop
      vertex 75.4992661493922 -0.8013744526041959 0
      vertex 75.41349834091433 -0.9444693961333237 0
      vertex 75.41349834091433 -0.9444693961333237 5
    endloop
  endfacet
  facet normal -0.9039892931234362 0.42755509343029724 0
    outer loop
      vertex 75.57059520526919 -0.6505618350206526 0
      vertex 75.4992661493922 -0.8013744526041959 0
      vertex 75.4992661493922 -0.8013744526041959 5
    endloop
  endfacet
  facet normal -0.9415440651830199 0.3368898533922223 0
    outer loop
      vertex 75.62679857074475 -0.49348395133258594 0
      vertex 75.57059520526919 -0.6505618350206526 0
      vertex 75.57059520526919 -0.6505618350206526 5
    endloop
  endfacet
  facet normal -0.9700312531945368 0.24298017990329288 0
    outer loop
      vertex 75.6673349766855 -0.33165354742741804 0
      vertex 75.62679857074475 -0.49348395133258594 0
      vertex 75.62679857074475 -0.49348395133258594 5
    endloop
  endfacet
  facet normal -0.9891765099647879 0.1467304744553151 0
    outer loop
      vertex 75.69181403534273 -0.16662913856025302 0
      vertex 75.6673349766855 -0.33165354742741804 0
      vertex 75.6673349766855 -0.33165354742741804 5
    endloop
  endfacet
  facet normal -0.9987954562051702 0.04906767432746047 0
    outer loop
      vertex 75.69181403534273 -0.16662913856025302 0
      vertex 75.69181403534273 -0.16662913856025302 5
      vertex 75.7 0 0
    endloop
  endfacet
  facet normal 0.9039892931234362 0.42755509343029724 0
    outer loop
      vertex 72.5007338506078 -0.8013744526041959 0
      vertex 72.42940479473081 -0.6505618350206526 5
      vertex 72.5007338506078 -0.8013744526041959 5
    endloop
  endfacet
  facet normal 0.8032075314806248 0.5956993044924606 0
    outer loop
      vertex 72.68588222928335 -1.0784685830781973 0
      vertex 72.58650165908567 -0.9444693961333237 5
      vertex 72.68588222928335 -1.0784685830781973 5
    endloop
  endfacet
  facet normal 0.740951125354974 0.6715589548470018 0
    outer loop
      vertex 72.79791847198287 -1.2020815280171309 0
      vertex 72.68588222928335 -1.0784685830781973 5
      vertex 72.79791847198287 -1.2020815280171309 5
    endloop
  endfacet
  facet normal 0.857728610000294 0.5141027441931851 0
    outer loop
      vertex 72.58650165908567 -0.9444693961333237 0
      vertex 72.5007338506078 -0.8013744526041959 5
      vertex 72.58650165908567 -0.9444693961333237 5
    endloop
  endfacet
  facet normal 0.9700312531945368 0.24298017990329288 0
    outer loop
      vertex 72.37320142925525 -0.49348395133258594 0
      vertex 72.3326650233145 -0.33165354742741804 5
      vertex 72.37320142925525 -0.49348395133258594 5
    endloop
  endfacet
  facet normal 0.9415440651830199 0.3368898533922223 0
    outer loop
      vertex 72.42940479473081 -0.6505618350206526 0
      vertex 72.37320142925525 -0.49348395133258594 5
      vertex 72.42940479473081 -0.6505618350206526 5
    endloop
  endfacet
  facet normal 0.9891765099647879 0.1467304744553151 0
    outer loop
      vertex 72.3326650233145 -0.33165354742741804 0
      vertex 72.30818596465727 -0.16662913856025302 5
      vertex 72.3326650233145 -0.33165354742741804 5
    endloop
  endfacet
  facet normal 0.9987954562051702 0.04906767432746047 0
    outer loop
      vertex 72.30818596465727 -0.16662913856025302 0
      vertex 72.3 0 5
      vertex 72.30818596465727 -0.16662913856025302 5
    endloop
  endfacet
  facet normal 0.6715589548469961 0.7409511253549792 0
    outer loop
      vertex 72.92153141692181 -1.314117770716653 0
      vertex 72.79791847198287 -1.2020815280171309 5
      vertex 72.92153141692181 -1.314117770716653 5
    endloop
  endfacet
  facet normal 0.5956993044924649 0.8032075314806215 0
    outer loop
      vertex 73.05553060386667 -1.413498340914327 0
      vertex 72.92153141692181 -1.314117770716653 5
      vertex 73.05553060386667 -1.413498340914327 5
    endloop
  endfacet
  facet normal 0.4275550934302897 0.9039892931234397 0
    outer loop
      vertex 73.34943816497935 -1.5705952052691874 0
      vertex 73.1986255473958 -1.4992661493922035 5
      vertex 73.34943816497935 -1.5705952052691874 5
    endloop
  endfacet
  facet normal 0.5141027441932015 0.8577286100002842 0
    outer loop
      vertex 73.1986255473958 -1.4992661493922035 0
      vertex 73.05553060386667 -1.413498340914327 5
      vertex 73.1986255473958 -1.4992661493922035 5
    endloop
  endfacet
  facet normal 0.3368898533922314 0.9415440651830167 0
    outer loop
      vertex 73.50651604866741 -1.626798570744755 0
      vertex 73.34943816497935 -1.5705952052691874 5
      vertex 73.50651604866741 -1.626798570744755 5
    endloop
  endfacet
  facet normal 0.24298017990326 0.970031253194545 0
    outer loop
      vertex 73.66834645257258 -1.6673349766854917 0
      vertex 73.50651604866741 -1.626798570744755 5
      vertex 73.66834645257258 -1.6673349766854917 5
    endloop
  endfacet
  facet normal 0.14673047445535906 0.9891765099647815 0
    outer loop
      vertex 73.83337086143975 -1.6918140353427347 0
      vertex 73.66834645257258 -1.6673349766854917 5
      vertex 73.83337086143975 -1.6918140353427347 5
    endloop
  endfacet
  facet normal 0.04906767432741787 0.9987954562051725 0
    outer loop
      vertex 74 -1.7 0
      vertex 73.83337086143975 -1.6918140353427347 5
      vertex 74 -1.7 5
    endloop
  endfacet
  facet normal -0.04906767432741787 0.9987954562051725 0
    outer loop
      vertex 74.16662913856025 -1.6918140353427347 0
      vertex 74 -1.7 5
      vertex 74.16662913856025 -1.6918140353427347 5
    endloop
  endfacet
  facet normal -0.14673047445535906 0.9891765099647815 0
    outer loop
      vertex 74.33165354742742 -1.6673349766854917 0
      vertex 74.16662913856025 -1.6918140353427347 5
      vertex 74.33165354742742 -1.6673349766854917 5
    endloop
  endfacet
  facet normal -0.24298017990326 0.970031253194545 0
    outer loop
      vertex 74.49348395133259 -1.626798570744755 0
      vertex 74.33165354742742 -1.6673349766854917 5
      vertex 74.49348395133259 -1.626798570744755 5
    endloop
  endfacet
  facet normal -0.3368898533922314 0.9415440651830167 0
    outer loop
      vertex 74.65056183502065 -1.5705952052691874 0
      vertex 74.49348395133259 -1.626798570744755 5
      vertex 74.65056183502065 -1.5705952052691874 5
    endloop
  endfacet
  facet normal -0.4275550934302897 0.9039892931234397 0
    outer loop
      vertex 74.8013744526042 -1.4992661493922035 0
      vertex 74.65056183502065 -1.5705952052691874 5
      vertex 74.8013744526042 -1.4992661493922035 5
    endloop
  endfacet
  facet normal -0.5141027441932015 0.8577286100002842 0
    outer loop
      vertex 74.94446939613333 -1.413498340914327 0
      vertex 74.8013744526042 -1.4992661493922035 5
      vertex 74.94446939613333 -1.413498340914327 5
    endloop
  endfacet
  facet normal -0.5956993044924649 0.8032075314806215 0
    outer loop
      vertex 75.07846858307819 -1.314117770716653 0
      vertex 74.94446939613333 -1.413498340914327 5
      vertex 75.07846858307819 -1.314117770716653 5
    endloop
  endfacet
  facet normal -0.6715589548469961 0.7409511253549792 0
    outer loop
      vertex 75.20208152801713 -1.2020815280171309 0
      vertex 75.07846858307819 -1.314117770716653 5
      vertex 75.20208152801713 -1.2020815280171309 5
    endloop
  endfacet
  facet normal -0.740951125354974 0.6715589548470018 0
    outer loop
      vertex 75.31411777071665 -1.0784685830781973 0
      vertex 75.20208152801713 -1.2020815280171309 5
      vertex 75.31411777071665 -1.0784685830781973 5
    endloop
  endfacet
  facet normal -0.8032075314806248 0.5956993044924606 0
    outer loop
      vertex 75.41349834091433 -0.9444693961333237 0
      vertex 75.31411777071665 -1.0784685830781973 5
      vertex 75.41349834091433 -0.9444693961333237 5
    endloop
  endfacet
  facet normal -0.857728610000294 0.5141027441931851 0
    outer loop
      vertex 75.4992661493922 -0.8013744526041959 0
      vertex 75.41349834091433 -0.9444693961333237 5
      vertex 75.4992661493922 -0.8013744526041959 5
    endloop
  endfacet
  facet normal -0.9039892931234362 0.42755509343029724 0
    outer loop
      vertex 75.57059520526919 -0.6505618350206526 0
      vertex 75.4992661493922 -0.8013744526041959 5
      vertex 75.57059520526919 -0.6505618350206526 5
    endloop
  endfacet
  facet normal -0.9415440651830199 0.3368898533922223 0
    outer loop
      vertex 75.62679857074475 -0.49348395133258594 0
      vertex 75.57059520526919 -0.6505618350206526 5
      vertex 75.62679857074475 -0.49348395133258594 5
    endloop
  endfacet
  facet normal -0.9700312531945368 0.24298017990329288 0
    outer loop
      vertex 75.6673349766855 -0.33165354742741804 0
      vertex 75.62679857074475 -0.49348395133258594 5
      vertex 75.6673349766855 -0.33165354742741804 5
    endloop
  endfacet
  facet normal -0.9891765099647879 0.1467304744553151 0
    outer loop
      vertex 75.69181403534273 -0.16662913856025302 0
      vertex 75.6673349766855 -0.33165354742741804 5
      vertex 75.69181403534273 -0.16662913856025302 5
    endloop
  endfacet
  facet normal -0.9987954562051702 0.04906767432746047 0
    outer loop
      vertex 75.7 0 0
      vertex 75.69181403534273 -0.16662913856025302 5
      vertex 75.7 0 5
    endloop
  endfacet
  facet normal 0.9987954562051702 -0.04906767432746047 0
    outer loop
      vertex 72.3 0 0
      vertex 72.30818596465727 0.16662913856025302 0
      vertex 72.30818596465727 0.16662913856025302 5
    endloop
  endfacet
  facet normal 0.9891765099647879 -0.1467304744553151 0
    outer loop
      vertex 72.30818596465727 0.16662913856025302 0
      vertex 72.3326650233145 0.33165354742741804 0
      vertex 72.3326650233145 0.33165354742741804 5
    endloop
  endfacet
  facet normal 0.9700312531945368 -0.24298017990329288 0
    outer loop
      vertex 72.3326650233145 0.33165354742741804 0
      vertex 72.37320142925525 0.49348395133258594 0
      vertex 72.37320142925525 0.49348395133258594 5
    endloop
  endfacet
  facet normal 0.9415440651830199 -0.3368898533922223 0
    outer loop
      vertex 72.37320142925525 0.49348395133258594 0
      vertex 72.42940479473081 0.6505618350206526 0
      vertex 72.42940479473081 0.6505618350206526 5
    endloop
  endfacet
  facet normal 0.9039892931234362 -0.42755509343029724 0
    outer loop
      vertex 72.42940479473081 0.6505618350206526 0
      vertex 72.5007338506078 0.8013744526041959 0
      vertex 72.5007338506078 0.8013744526041959 5
    endloop
  endfacet
  facet normal 0.857728610000294 -0.5141027441931851 0
    outer loop
      vertex 72.5007338506078 0.8013744526041959 0
      vertex 72.58650165908567 0.9444693961333237 0
      vertex 72.58650165908567 0.9444693961333237 5
    endloop
  endfacet
  facet normal 0.8032075314806248 -0.5956993044924606 0
    outer loop
      vertex 72.58650165908567 0.9444693961333237 0
      vertex 72.68588222928335 1.0784685830781973 0
      vertex 72.68588222928335 1.0784685830781973 5
    endloop
  endfacet
  facet normal 0.740951125354974 -0.6715589548470018 0
    outer loop
      vertex 72.68588222928335 1.0784685830781973 0
      vertex 72.79791847198287 1.2020815280171309 0
      vertex 72.79791847198287 1.2020815280171309 5
    endloop
  endfacet
  facet normal 0.6715589548469961 -0.7409511253549792 0
    outer loop
      vertex 72.92153141692181 1.314117770716653 0
      vertex 72.92153141692181 1.314117770716653 5
      vertex 72.79791847198287 1.2020815280171309 0
    endloop
  endfacet
  facet normal 0.5956993044924649 -0.8032075314806215 0
    outer loop
      vertex 73.05553060386667 1.413498340914327 0
      vertex 73.05553060386667 1.413498340914327 5
      vertex 72.92153141692181 1.314117770716653 0
    endloop
  endfacet
  facet normal 0.5141027441932015 -0.8577286100002842 0
    outer loop
      vertex 73.1986255473958 1.4992661493922035 0
      vertex 73.1986255473958 1.4992661493922035 5
      vertex 73.05553060386667 1.413498340914327 0
    endloop
  endfacet
  facet normal 0.4275550934302897 -0.9039892931234397 0
    outer loop
      vertex 73.34943816497935 1.5705952052691874 0
      vertex 73.34943816497935 1.5705952052691874 5
      vertex 73.1986255473958 1.4992661493922035 0
    endloop
  endfacet
  facet normal 0.3368898533922314 -0.9415440651830167 0
    outer loop
      vertex 73.50651604866741 1.626798570744755 0
      vertex 73.50651604866741 1.626798570744755 5
      vertex 73.34943816497935 1.5705952052691874 0
    endloop
  endfacet
  facet normal 0.24298017990326 -0.970031253194545 0
    outer loop
      vertex 73.66834645257258 1.6673349766854917 0
      vertex 73.66834645257258 1.6673349766854917 5
      vertex 73.50651604866741 1.626798570744755 0
    endloop
  endfacet
  facet normal 0.14673047445535906 -0.9891765099647815 0
    outer loop
      vertex 73.83337086143975 1.6918140353427347 0
      vertex 73.83337086143975 1.6918140353427347 5
      vertex 73.66834645257258 1.6673349766854917 0
    endloop
  endfacet
  facet normal 0.04906767432741787 -0.9987954562051725 0
    outer loop
      vertex 74 1.7 0
      vertex 74 1.7 5
      vertex 73.83337086143975 1.6918140353427347 0
    endloop
  endfacet
  facet normal -0.740951125354974 -0.6715589548470018 0
    outer loop
      vertex 75.20208152801713 1.2020815280171309 0
      vertex 75.31411777071665 1.0784685830781973 0
      vertex 75.31411777071665 1.0784685830781973 5
    endloop
  endfacet
  facet normal -0.04906767432741787 -0.9987954562051725 0
    outer loop
      vertex 74.16662913856025 1.6918140353427347 0
      vertex 74.16662913856025 1.6918140353427347 5
      vertex 74 1.7 0
    endloop
  endfacet
  facet normal -0.14673047445535906 -0.9891765099647815 0
    outer loop
      vertex 74.33165354742742 1.6673349766854917 0
      vertex 74.33165354742742 1.6673349766854917 5
      vertex 74.16662913856025 1.6918140353427347 0
    endloop
  endfacet
  facet normal -0.24298017990326 -0.970031253194545 0
    outer loop
      vertex 74.49348395133259 1.626798570744755 0
      vertex 74.49348395133259 1.626798570744755 5
      vertex 74.33165354742742 1.6673349766854917 0
    endloop
  endfacet
  facet normal -0.3368898533922314 -0.9415440651830167 0
    outer loop
      vertex 74.65056183502065 1.5705952052691874 0
      vertex 74.65056183502065 1.5705952052691874 5
      vertex 74.49348395133259 1.626798570744755 0
    endloop
  endfacet
  facet normal -0.4275550934302897 -0.9039892931234397 0
    outer loop
      vertex 74.8013744526042 1.4992661493922035 0
      vertex 74.8013744526042 1.4992661493922035 5
      vertex 74.65056183502065 1.5705952052691874 0
    endloop
  endfacet
  facet normal -0.5141027441932015 -0.8577286100002842 0
    outer loop
      vertex 74.94446939613333 1.413498340914327 0
      vertex 74.94446939613333 1.413498340914327 5
      vertex 74.8013744526042 1.4992661493922035 0
    endloop
  endfacet
  facet normal -0.5956993044924649 -0.8032075314806215 0
    outer loop
      vertex 75.07846858307819 1.314117770716653 0
      vertex 75.07846858307819 1.314117770716653 5
      vertex 74.94446939613333 1.413498340914327 0
    endloop
  endfacet
  facet normal -0.6715589548469961 -0.7409511253549792 0
    outer loop
      vertex 75.20208152801713 1.2020815280171309 0
      vertex 75.20208152801713 1.2020815280171309 5
      vertex 75.07846858307819 1.314117770716653 0
    endloop
  endfacet
  facet normal -0.9987954562051702 -0.04906767432746047 0
    outer loop
      vertex 75.7 0 0
      vertex 75.7 0 5
      vertex 75.69181403534273 0.16662913856025302 0
    endloop
  endfacet
  facet normal -0.9891765099647879 -0.1467304744553151 0
    outer loop
      vertex 75.6673349766855 0.33165354742741804 0
      vertex 75.69181403534273 0.16662913856025302 0
      vertex 75.69181403534273 0.16662913856025302 5
    endloop
  endfacet
  facet normal -0.9700312531945368 -0.24298017990329288 0
    outer loop
      vertex 75.62679857074475 0.49348395133258594 0
      vertex 75.6673349766855 0.33165354742741804 0
      vertex 75.6673349766855 0.33165354742741804 5
    endloop
  endfacet
  facet normal -0.9415440651830199 -0.3368898533922223 0
    outer loop
      vertex 75.57059520526919 0.6505618350206526 0
      vertex 75.62679857074475 0.49348395133258594 0
      vertex 75.62679857074475 0.49348395133258594 5
    endloop
  endfacet
  facet normal -0.9039892931234362 -0.42755509343029724 0
    outer loop
      vertex 75.4992661493922 0.8013744526041959 0
      vertex 75.57059520526919 0.6505618350206526 0
      vertex 75.57059520526919 0.6505618350206526 5
    endloop
  endfacet
  facet normal -0.857728610000294 -0.5141027441931851 0
    outer loop
      vertex 75.41349834091433 0.9444693961333237 0
      vertex 75.4992661493922 0.8013744526041959 0
      vertex 75.4992661493922 0.8013744526041959 5
    endloop
  endfacet
  facet normal -0.8032075314806248 -0.5956993044924606 0
    outer loop
      vertex 75.31411777071665 1.0784685830781973 0
      vertex 75.41349834091433 0.9444693961333237 0
      vertex 75.41349834091433 0.9444693961333237 5
    endloop
  endfacet
  facet normal 0.9987954562051702 -0.04906767432746047 0
    outer loop
      vertex 72.3 0 0
      vertex 72.30818596465727 0.16662913856025302 5
      vertex 72.3 0 5
    endloop
  endfacet
  facet normal 0.9891765099647879 -0.1467304744553151 0
    outer loop
      vertex 72.30818596465727 0.16662913856025302 0
      vertex 72.3326650233145 0.33165354742741804 5
      vertex 72.30818596465727 0.16662913856025302 5
    endloop
  endfacet
  facet normal 0.9700312531945368 -0.24298017990329288 0
    outer loop
      vertex 72.3326650233145 0.33165354742741804 0
      vertex 72.37320142925525 0.49348395133258594 5
      vertex 72.3326650233145 0.33165354742741804 5
    endloop
  endfacet
  facet normal 0.9415440651830199 -0.3368898533922223 0
    outer loop
      vertex 72.37320142925525 0.49348395133258594 0
      vertex 72.42940479473081 0.6505618350206526 5
      vertex 72.37320142925525 0.49348395133258594 5
    endloop
  endfacet
  facet normal 0.9039892931234362 -0.42755509343029724 0
    outer loop
      vertex 72.42940479473081 0.6505618350206526 0
      vertex 72.5007338506078 0.8013744526041959 5
      vertex 72.42940479473081 0.6505618350206526 5
    endloop
  endfacet
  facet normal 0.857728610000294 -0.5141027441931851 0
    outer loop
      vertex 72.5007338506078 0.8013744526041959 0
      vertex 72.58650165908567 0.9444693961333237 5
      vertex 72.5007338506078 0.8013744526041959 5
    endloop
  endfacet
  facet normal 0.8032075314806248 -0.5956993044924606 0
    outer loop
      vertex 72.58650165908567 0.9444693961333237 0
      vertex 72.68588222928335 1.0784685830781973 5
      vertex 72.58650165908567 0.9444693961333237 5
    endloop
  endfacet
  facet normal 0.740951125354974 -0.6715589548470018 0
    outer loop
      vertex 72.68588222928335 1.0784685830781973 0
      vertex 72.79791847198287 1.2020815280171309 5
      vertex 72.68588222928335 1.0784685830781973 5
    endloop
  endfacet
  facet normal 0.6715589548469961 -0.7409511253549792 0
    outer loop
      vertex 72.79791847198287 1.2020815280171309 0
      vertex 72.92153141692181 1.314117770716653 5
      vertex 72.79791847198287 1.2020815280171309 5
    endloop
  endfacet
  facet normal 0.5956993044924649 -0.8032075314806215 0
    outer loop
      vertex 72.92153141692181 1.314117770716653 0
      vertex 73.05553060386667 1.413498340914327 5
      vertex 72.92153141692181 1.314117770716653 5
    endloop
  endfacet
  facet normal 0.5141027441932015 -0.8577286100002842 0
    outer loop
      vertex 73.05553060386667 1.413498340914327 0
      vertex 73.1986255473958 1.4992661493922035 5
      vertex 73.05553060386667 1.413498340914327 5
    endloop
  endfacet
  facet normal 0.4275550934302897 -0.9039892931234397 0
    outer loop
      vertex 73.1986255473958 1.4992661493922035 0
      vertex 73.34943816497935 1.5705952052691874 5
      vertex 73.1986255473958 1.4992661493922035 5
    endloop
  endfacet
  facet normal 0.3368898533922314 -0.9415440651830167 0
    outer loop
      vertex 73.34943816497935 1.5705952052691874 0
      vertex 73.50651604866741 1.626798570744755 5
      vertex 73.34943816497935 1.5705952052691874 5
    endloop
  endfacet
  facet normal 0.24298017990326 -0.970031253194545 0
    outer loop
      vertex 73.50651604866741 1.626798570744755 0
      vertex 73.66834645257258 1.6673349766854917 5
      vertex 73.50651604866741 1.626798570744755 5
    endloop
  endfacet
  facet normal 0.14673047445535906 -0.9891765099647815 0
    outer loop
      vertex 73.66834645257258 1.6673349766854917 0
      vertex 73.83337086143975 1.6918140353427347 5
      vertex 73.66834645257258 1.6673349766854917 5
    endloop
  endfacet
  facet normal 0.04906767432741787 -0.9987954562051725 0
    outer loop
      vertex 73.83337086143975 1.6918140353427347 0
      vertex 74 1.7 5
      vertex 73.83337086143975 1.6918140353427347 5
    endloop
  endfacet
  facet normal -0.04906767432741787 -0.9987954562051725 0
    outer loop
      vertex 74 1.7 0
      vertex 74.16662913856025 1.6918140353427347 5
      vertex 74 1.7 5
    endloop
  endfacet
  facet normal -0.740951125354974 -0.6715589548470018 0
    outer loop
      vertex 75.20208152801713 1.2020815280171309 0
      vertex 75.31411777071665 1.0784685830781973 5
      vertex 75.20208152801713 1.2020815280171309 5
    endloop
  endfacet
  facet normal -0.14673047445535906 -0.9891765099647815 0
    outer loop
      vertex 74.16662913856025 1.6918140353427347 0
      vertex 74.33165354742742 1.6673349766854917 5
      vertex 74.16662913856025 1.6918140353427347 5
    endloop
  endfacet
  facet normal -0.24298017990326 -0.970031253194545 0
    outer loop
      vertex 74.33165354742742 1.6673349766854917 0
      vertex 74.49348395133259 1.626798570744755 5
      vertex 74.33165354742742 1.6673349766854917 5
    endloop
  endfacet
  facet normal -0.3368898533922314 -0.9415440651830167 0
    outer loop
      vertex 74.49348395133259 1.626798570744755 0
      vertex 74.65056183502065 1.5705952052691874 5
      vertex 74.49348395133259 1.626798570744755 5
    endloop
  endfacet
  facet normal -0.5141027441932015 -0.8577286100002842 0
    outer loop
      vertex 74.8013744526042 1.4992661493922035 0
      vertex 74.94446939613333 1.413498340914327 5
      vertex 74.8013744526042 1.4992661493922035 5
    endloop
  endfacet
  facet normal -0.4275550934302897 -0.9039892931234397 0
    outer loop
      vertex 74.65056183502065 1.5705952052691874 0
      vertex 74.8013744526042 1.4992661493922035 5
      vertex 74.65056183502065 1.5705952052691874 5
    endloop
  endfacet
  facet normal -0.5956993044924649 -0.8032075314806215 0
    outer loop
      vertex 74.94446939613333 1.413498340914327 0
      vertex 75.07846858307819 1.314117770716653 5
      vertex 74.94446939613333 1.413498340914327 5
    endloop
  endfacet
  facet normal -0.6715589548469961 -0.7409511253549792 0
    outer loop
      vertex 75.07846858307819 1.314117770716653 0
      vertex 75.20208152801713 1.2020815280171309 5
      vertex 75.07846858307819 1.314117770716653 5
    endloop
  endfacet
  facet normal -0.9415440651830199 -0.3368898533922223 0
    outer loop
      vertex 75.57059520526919 0.6505618350206526 0
      vertex 75.62679857074475 0.49348395133258594 5
      vertex 75.57059520526919 0.6505618350206526 5
    endloop
  endfacet
  facet normal -0.9987954562051702 -0.04906767432746047 0
    outer loop
      vertex 75.69181403534273 0.16662913856025302 0
      vertex 75.7 0 5
      vertex 75.69181403534273 0.16662913856025302 5
    endloop
  endfacet
  facet normal -0.9891765099647879 -0.1467304744553151 0
    outer loop
      vertex 75.6673349766855 0.33165354742741804 0
      vertex 75.69181403534273 0.16662913856025302 5
      vertex 75.6673349766855 0.33165354742741804 5
    endloop
  endfacet
  facet normal -0.9700312531945368 -0.24298017990329288 0
    outer loop
      vertex 75.62679857074475 0.49348395133258594 0
      vertex 75.6673349766855 0.33165354742741804 5
      vertex 75.62679857074475 0.49348395133258594 5
    endloop
  endfacet
  facet normal -0.857728610000294 -0.5141027441931851 0
    outer loop
      vertex 75.41349834091433 0.9444693961333237 0
      vertex 75.4992661493922 0.8013744526041959 5
      vertex 75.41349834091433 0.9444693961333237 5
    endloop
  endfacet
  facet normal -0.9039892931234362 -0.42755509343029724 0
    outer loop
      vertex 75.4992661493922 0.8013744526041959 0
      vertex 75.57059520526919 0.6505618350206526 5
      vertex 75.4992661493922 0.8013744526041959 5
    endloop
  endfacet
  facet normal -0.8032075314806248 -0.5956993044924606 0
    outer loop
      vertex 75.31411777071665 1.0784685830781973 0
      vertex 75.41349834091433 0.9444693961333237 5
      vertex 75.31411777071665 1.0784685830781973 5
    endloop
  endfacet
  facet normal 0.9039892931234397 0.4275550934302897 0
    outer loop
      vertex -1.4992661493922035 -74.8013744526042 0
      vertex -1.5705952052691874 -74.65056183502065 0
      vertex -1.5705952052691874 -74.65056183502065 5
    endloop
  endfacet
  facet normal 0.7409511253549792 0.6715589548469961 0
    outer loop
      vertex -1.2020815280171309 -75.20208152801713 0
      vertex -1.314117770716653 -75.07846858307819 0
      vertex -1.314117770716653 -75.07846858307819 5
    endloop
  endfacet
  facet normal 0.8032075314806215 0.5956993044924649 0
    outer loop
      vertex -1.314117770716653 -75.07846858307819 0
      vertex -1.413498340914327 -74.94446939613333 0
      vertex -1.413498340914327 -74.94446939613333 5
    endloop
  endfacet
  facet normal 0.8577286100002842 0.5141027441932015 0
    outer loop
      vertex -1.413498340914327 -74.94446939613333 0
      vertex -1.4992661493922035 -74.8013744526042 0
      vertex -1.4992661493922035 -74.8013744526042 5
    endloop
  endfacet
  facet normal 0.9415440651830167 0.3368898533922314 0
    outer loop
      vertex -1.5705952052691874 -74.65056183502065 0
      vertex -1.626798570744755 -74.49348395133259 0
      vertex -1.626798570744755 -74.49348395133259 5
    endloop
  endfacet
  facet normal 0.970031253194545 0.24298017990326 0
    outer loop
      vertex -1.626798570744755 -74.49348395133259 0
      vertex -1.6673349766854917 -74.33165354742742 0
      vertex -1.6673349766854917 -74.33165354742742 5
    endloop
  endfacet
  facet normal 0.9891765099647815 0.14673047445535906 0
    outer loop
      vertex -1.6673349766854917 -74.33165354742742 0
      vertex -1.6918140353427347 -74.16662913856025 0
      vertex -1.6918140353427347 -74.16662913856025 5
    endloop
  endfacet
  facet normal 0.5956993044924606 0.8032075314806248 0
    outer loop
      vertex -1.0784685830781973 -75.31411777071665 0
      vertex -1.0784685830781973 -75.31411777071665 5
      vertex -0.9444693961333237 -75.41349834091433 0
    endloop
  endfacet
  facet normal 0.5141027441931851 0.857728610000294 0
    outer loop
      vertex -0.9444693961333237 -75.41349834091433 0
      vertex -0.9444693961333237 -75.41349834091433 5
      vertex -0.8013744526041959 -75.4992661493922 0
    endloop
  endfacet
  facet normal 0.42755509343029724 0.9039892931234362 0
    outer loop
      vertex -0.8013744526041959 -75.4992661493922 0
      vertex -0.8013744526041959 -75.4992661493922 5
      vertex -0.6505618350206526 -75.57059520526919 0
    endloop
  endfacet
  facet normal 0.24298017990329288 0.9700312531945368 0
    outer loop
      vertex -0.49348395133258594 -75.62679857074475 0
      vertex -0.49348395133258594 -75.62679857074475 5
      vertex -0.33165354742741804 -75.6673349766855 0
    endloop
  endfacet
  facet normal 0.3368898533922223 0.9415440651830199 0
    outer loop
      vertex -0.6505618350206526 -75.57059520526919 0
      vertex -0.6505618350206526 -75.57059520526919 5
      vertex -0.49348395133258594 -75.62679857074475 0
    endloop
  endfacet
  facet normal 0.1467304744553151 0.9891765099647879 0
    outer loop
      vertex -0.33165354742741804 -75.6673349766855 0
      vertex -0.33165354742741804 -75.6673349766855 5
      vertex -0.16662913856025302 -75.69181403534273 0
    endloop
  endfacet
  facet normal 0.04906767432746047 0.9987954562051702 0
    outer loop
      vertex -0.16662913856025302 -75.69181403534273 0
      vertex -0.16662913856025302 -75.69181403534273 5
      vertex 0 -75.7 0
    endloop
  endfacet
  facet normal 0.6715589548470018 0.740951125354974 0
    outer loop
      vertex -1.2020815280171309 -75.20208152801713 0
      vertex -1.2020815280171309 -75.20208152801713 5
      vertex -1.0784685830781973 -75.31411777071665 0
    endloop
  endfacet
  facet normal 0.9987954562051725 0.04906767432741787 0
    outer loop
      vertex -1.6918140353427347 -74.16662913856025 0
      vertex -1.7 -74 0
      vertex -1.7 -74 5
    endloop
  endfacet
  facet normal 0.9987954562051725 -0.04906767432741787 0
    outer loop
      vertex -1.7 -74 0
      vertex -1.6918140353427347 -73.83337086143975 0
      vertex -1.6918140353427347 -73.83337086143975 5
    endloop
  endfacet
  facet normal 0.9891765099647815 -0.14673047445535906 0
    outer loop
      vertex -1.6918140353427347 -73.83337086143975 0
      vertex -1.6673349766854917 -73.66834645257258 0
      vertex -1.6673349766854917 -73.66834645257258 5
    endloop
  endfacet
  facet normal 0.970031253194545 -0.24298017990326 0
    outer loop
      vertex -1.6673349766854917 -73.66834645257258 0
      vertex -1.626798570744755 -73.50651604866741 0
      vertex -1.626798570744755 -73.50651604866741 5
    endloop
  endfacet
  facet normal 0.9415440651830167 -0.3368898533922314 0
    outer loop
      vertex -1.626798570744755 -73.50651604866741 0
      vertex -1.5705952052691874 -73.34943816497935 0
      vertex -1.5705952052691874 -73.34943816497935 5
    endloop
  endfacet
  facet normal 0.9039892931234397 -0.4275550934302897 0
    outer loop
      vertex -1.5705952052691874 -73.34943816497935 0
      vertex -1.4992661493922035 -73.1986255473958 0
      vertex -1.4992661493922035 -73.1986255473958 5
    endloop
  endfacet
  facet normal 0.8577286100002842 -0.5141027441932015 0
    outer loop
      vertex -1.4992661493922035 -73.1986255473958 0
      vertex -1.413498340914327 -73.05553060386667 0
      vertex -1.413498340914327 -73.05553060386667 5
    endloop
  endfacet
  facet normal 0.8032075314806215 -0.5956993044924649 0
    outer loop
      vertex -1.413498340914327 -73.05553060386667 0
      vertex -1.314117770716653 -72.92153141692181 0
      vertex -1.314117770716653 -72.92153141692181 5
    endloop
  endfacet
  facet normal 0.7409511253549792 -0.6715589548469961 0
    outer loop
      vertex -1.314117770716653 -72.92153141692181 0
      vertex -1.2020815280171309 -72.79791847198287 0
      vertex -1.2020815280171309 -72.79791847198287 5
    endloop
  endfacet
  facet normal 0.6715589548470018 -0.740951125354974 0
    outer loop
      vertex -1.0784685830781973 -72.68588222928335 0
      vertex -1.0784685830781973 -72.68588222928335 5
      vertex -1.2020815280171309 -72.79791847198287 0
    endloop
  endfacet
  facet normal 0.5956993044924606 -0.8032075314806248 0
    outer loop
      vertex -0.9444693961333237 -72.58650165908567 0
      vertex -0.9444693961333237 -72.58650165908567 5
      vertex -1.0784685830781973 -72.68588222928335 0
    endloop
  endfacet
  facet normal 0.5141027441931851 -0.857728610000294 0
    outer loop
      vertex -0.8013744526041959 -72.5007338506078 0
      vertex -0.8013744526041959 -72.5007338506078 5
      vertex -0.9444693961333237 -72.58650165908567 0
    endloop
  endfacet
  facet normal 0.42755509343029724 -0.9039892931234362 0
    outer loop
      vertex -0.6505618350206526 -72.42940479473081 0
      vertex -0.6505618350206526 -72.42940479473081 5
      vertex -0.8013744526041959 -72.5007338506078 0
    endloop
  endfacet
  facet normal 0.3368898533922223 -0.9415440651830199 0
    outer loop
      vertex -0.49348395133258594 -72.37320142925525 0
      vertex -0.49348395133258594 -72.37320142925525 5
      vertex -0.6505618350206526 -72.42940479473081 0
    endloop
  endfacet
  facet normal 0.24298017990329288 -0.9700312531945368 0
    outer loop
      vertex -0.33165354742741804 -72.3326650233145 0
      vertex -0.33165354742741804 -72.3326650233145 5
      vertex -0.49348395133258594 -72.37320142925525 0
    endloop
  endfacet
  facet normal 0.1467304744553151 -0.9891765099647879 0
    outer loop
      vertex -0.16662913856025302 -72.30818596465727 0
      vertex -0.16662913856025302 -72.30818596465727 5
      vertex -0.33165354742741804 -72.3326650233145 0
    endloop
  endfacet
  facet normal 0.04906767432746047 -0.9987954562051702 0
    outer loop
      vertex -0.16662913856025302 -72.30818596465727 0
      vertex 0 -72.3 0
      vertex 0 -72.3 5
    endloop
  endfacet
  facet normal 0.7409511253549792 0.6715589548469961 0
    outer loop
      vertex -1.2020815280171309 -75.20208152801713 0
      vertex -1.314117770716653 -75.07846858307819 5
      vertex -1.2020815280171309 -75.20208152801713 5
    endloop
  endfacet
  facet normal 0.8032075314806215 0.5956993044924649 0
    outer loop
      vertex -1.413498340914327 -74.94446939613333 5
      vertex -1.314117770716653 -75.07846858307819 5
      vertex -1.314117770716653 -75.07846858307819 0
    endloop
  endfacet
  facet normal 0.8577286100002842 0.5141027441932015 0
    outer loop
      vertex -1.413498340914327 -74.94446939613333 0
      vertex -1.4992661493922035 -74.8013744526042 5
      vertex -1.413498340914327 -74.94446939613333 5
    endloop
  endfacet
  facet normal 0.9039892931234397 0.4275550934302897 0
    outer loop
      vertex -1.5705952052691874 -74.65056183502065 5
      vertex -1.4992661493922035 -74.8013744526042 5
      vertex -1.4992661493922035 -74.8013744526042 0
    endloop
  endfacet
  facet normal 0.9415440651830167 0.3368898533922314 0
    outer loop
      vertex -1.626798570744755 -74.49348395133259 5
      vertex -1.5705952052691874 -74.65056183502065 5
      vertex -1.5705952052691874 -74.65056183502065 0
    endloop
  endfacet
  facet normal 0.970031253194545 0.24298017990326 0
    outer loop
      vertex -1.626798570744755 -74.49348395133259 0
      vertex -1.6673349766854917 -74.33165354742742 5
      vertex -1.626798570744755 -74.49348395133259 5
    endloop
  endfacet
  facet normal 0.9891765099647815 0.14673047445535906 0
    outer loop
      vertex -1.6673349766854917 -74.33165354742742 0
      vertex -1.6918140353427347 -74.16662913856025 5
      vertex -1.6673349766854917 -74.33165354742742 5
    endloop
  endfacet
  facet normal 0.9987954562051725 0.04906767432741787 0
    outer loop
      vertex -1.6918140353427347 -74.16662913856025 0
      vertex -1.7 -74 5
      vertex -1.6918140353427347 -74.16662913856025 5
    endloop
  endfacet
  facet normal 0.5956993044924606 0.8032075314806248 0
    outer loop
      vertex -0.9444693961333237 -75.41349834091433 0
      vertex -1.0784685830781973 -75.31411777071665 5
      vertex -0.9444693961333237 -75.41349834091433 5
    endloop
  endfacet
  facet normal 0.5141027441931851 0.857728610000294 0
    outer loop
      vertex -0.8013744526041959 -75.4992661493922 0
      vertex -0.9444693961333237 -75.41349834091433 5
      vertex -0.8013744526041959 -75.4992661493922 5
    endloop
  endfacet
  facet normal 0.42755509343029724 0.9039892931234362 0
    outer loop
      vertex -0.6505618350206526 -75.57059520526919 0
      vertex -0.8013744526041959 -75.4992661493922 5
      vertex -0.6505618350206526 -75.57059520526919 5
    endloop
  endfacet
  facet normal 0.3368898533922223 0.9415440651830199 0
    outer loop
      vertex -0.49348395133258594 -75.62679857074475 0
      vertex -0.6505618350206526 -75.57059520526919 5
      vertex -0.49348395133258594 -75.62679857074475 5
    endloop
  endfacet
  facet normal 0.24298017990329288 0.9700312531945368 0
    outer loop
      vertex -0.33165354742741804 -75.6673349766855 0
      vertex -0.49348395133258594 -75.62679857074475 5
      vertex -0.33165354742741804 -75.6673349766855 5
    endloop
  endfacet
  facet normal 0.1467304744553151 0.9891765099647879 0
    outer loop
      vertex -0.16662913856025302 -75.69181403534273 0
      vertex -0.33165354742741804 -75.6673349766855 5
      vertex -0.16662913856025302 -75.69181403534273 5
    endloop
  endfacet
  facet normal 0.04906767432746047 0.9987954562051702 0
    outer loop
      vertex 0 -75.7 0
      vertex -0.16662913856025302 -75.69181403534273 5
      vertex 0 -75.7 5
    endloop
  endfacet
  facet normal 0.6715589548470018 0.740951125354974 0
    outer loop
      vertex -1.0784685830781973 -75.31411777071665 0
      vertex -1.2020815280171309 -75.20208152801713 5
      vertex -1.0784685830781973 -75.31411777071665 5
    endloop
  endfacet
  facet normal 0.9987954562051725 -0.04906767432741787 0
    outer loop
      vertex -1.7 -74 0
      vertex -1.6918140353427347 -73.83337086143975 5
      vertex -1.7 -74 5
    endloop
  endfacet
  facet normal 0.9891765099647815 -0.14673047445535906 0
    outer loop
      vertex -1.6918140353427347 -73.83337086143975 0
      vertex -1.6673349766854917 -73.66834645257258 5
      vertex -1.6918140353427347 -73.83337086143975 5
    endloop
  endfacet
  facet normal 0.970031253194545 -0.24298017990326 0
    outer loop
      vertex -1.6673349766854917 -73.66834645257258 0
      vertex -1.626798570744755 -73.50651604866741 5
      vertex -1.6673349766854917 -73.66834645257258 5
    endloop
  endfacet
  facet normal 0.9415440651830167 -0.3368898533922314 0
    outer loop
      vertex -1.626798570744755 -73.50651604866741 0
      vertex -1.5705952052691874 -73.34943816497935 5
      vertex -1.626798570744755 -73.50651604866741 5
    endloop
  endfacet
  facet normal 0.9039892931234397 -0.4275550934302897 0
    outer loop
      vertex -1.5705952052691874 -73.34943816497935 0
      vertex -1.4992661493922035 -73.1986255473958 5
      vertex -1.5705952052691874 -73.34943816497935 5
    endloop
  endfacet
  facet normal 0.8577286100002842 -0.5141027441932015 0
    outer loop
      vertex -1.4992661493922035 -73.1986255473958 0
      vertex -1.413498340914327 -73.05553060386667 5
      vertex -1.4992661493922035 -73.1986255473958 5
    endloop
  endfacet
  facet normal 0.8032075314806215 -0.5956993044924649 0
    outer loop
      vertex -1.413498340914327 -73.05553060386667 0
      vertex -1.314117770716653 -72.92153141692181 5
      vertex -1.413498340914327 -73.05553060386667 5
    endloop
  endfacet
  facet normal 0.7409511253549792 -0.6715589548469961 0
    outer loop
      vertex -1.314117770716653 -72.92153141692181 0
      vertex -1.2020815280171309 -72.79791847198287 5
      vertex -1.314117770716653 -72.92153141692181 5
    endloop
  endfacet
  facet normal 0.6715589548470018 -0.740951125354974 0
    outer loop
      vertex -1.2020815280171309 -72.79791847198287 0
      vertex -1.0784685830781973 -72.68588222928335 5
      vertex -1.2020815280171309 -72.79791847198287 5
    endloop
  endfacet
  facet normal 0.5956993044924606 -0.8032075314806248 0
    outer loop
      vertex -1.0784685830781973 -72.68588222928335 0
      vertex -0.9444693961333237 -72.58650165908567 5
      vertex -1.0784685830781973 -72.68588222928335 5
    endloop
  endfacet
  facet normal 0.5141027441931851 -0.857728610000294 0
    outer loop
      vertex -0.9444693961333237 -72.58650165908567 0
      vertex -0.8013744526041959 -72.5007338506078 5
      vertex -0.9444693961333237 -72.58650165908567 5
    endloop
  endfacet
  facet normal 0.42755509343029724 -0.9039892931234362 0
    outer loop
      vertex -0.8013744526041959 -72.5007338506078 0
      vertex -0.6505618350206526 -72.42940479473081 5
      vertex -0.8013744526041959 -72.5007338506078 5
    endloop
  endfacet
  facet normal 0.3368898533922223 -0.9415440651830199 0
    outer loop
      vertex -0.6505618350206526 -72.42940479473081 0
      vertex -0.49348395133258594 -72.37320142925525 5
      vertex -0.6505618350206526 -72.42940479473081 5
    endloop
  endfacet
  facet normal 0.24298017990329288 -0.9700312531945368 0
    outer loop
      vertex -0.49348395133258594 -72.37320142925525 0
      vertex -0.33165354742741804 -72.3326650233145 5
      vertex -0.49348395133258594 -72.37320142925525 5
    endloop
  endfacet
  facet normal 0.1467304744553151 -0.9891765099647879 0
    outer loop
      vertex -0.33165354742741804 -72.3326650233145 0
      vertex -0.16662913856025302 -72.30818596465727 5
      vertex -0.33165354742741804 -72.3326650233145 5
    endloop
  endfacet
  facet normal 0.04906767432746047 -0.9987954562051702 0
    outer loop
      vertex -0.16662913856025302 -72.30818596465727 0
      vertex 0 -72.3 5
      vertex -0.16662913856025302 -72.30818596465727 5
    endloop
  endfacet
  facet normal -0.04906767432746047 0.9987954562051702 0
    outer loop
      vertex 0 -75.7 0
      vertex 0 -75.7 5
      vertex 0.16662913856025302 -75.69181403534273 0
    endloop
  endfacet
  facet normal -0.1467304744553151 0.9891765099647879 0
    outer loop
      vertex 0.16662913856025302 -75.69181403534273 0
      vertex 0.16662913856025302 -75.69181403534273 5
      vertex 0.33165354742741804 -75.6673349766855 0
    endloop
  endfacet
  facet normal -0.24298017990329288 0.9700312531945368 0
    outer loop
      vertex 0.33165354742741804 -75.6673349766855 0
      vertex 0.33165354742741804 -75.6673349766855 5
      vertex 0.49348395133258594 -75.62679857074475 0
    endloop
  endfacet
  facet normal -0.3368898533922223 0.9415440651830199 0
    outer loop
      vertex 0.49348395133258594 -75.62679857074475 0
      vertex 0.49348395133258594 -75.62679857074475 5
      vertex 0.6505618350206526 -75.57059520526919 0
    endloop
  endfacet
  facet normal -0.42755509343029724 0.9039892931234362 0
    outer loop
      vertex 0.6505618350206526 -75.57059520526919 0
      vertex 0.6505618350206526 -75.57059520526919 5
      vertex 0.8013744526041959 -75.4992661493922 0
    endloop
  endfacet
  facet normal -0.5141027441931851 0.857728610000294 0
    outer loop
      vertex 0.8013744526041959 -75.4992661493922 0
      vertex 0.8013744526041959 -75.4992661493922 5
      vertex 0.9444693961333237 -75.41349834091433 0
    endloop
  endfacet
  facet normal -0.5956993044924606 0.8032075314806248 0
    outer loop
      vertex 0.9444693961333237 -75.41349834091433 0
      vertex 0.9444693961333237 -75.41349834091433 5
      vertex 1.0784685830781973 -75.31411777071665 0
    endloop
  endfacet
  facet normal -0.6715589548470018 0.740951125354974 0
    outer loop
      vertex 1.0784685830781973 -75.31411777071665 0
      vertex 1.0784685830781973 -75.31411777071665 5
      vertex 1.2020815280171309 -75.20208152801713 0
    endloop
  endfacet
  facet normal -0.7409511253549792 0.6715589548469961 0
    outer loop
      vertex 1.314117770716653 -75.07846858307819 0
      vertex 1.2020815280171309 -75.20208152801713 0
      vertex 1.2020815280171309 -75.20208152801713 5
    endloop
  endfacet
  facet normal -0.8032075314806215 0.5956993044924649 0
    outer loop
      vertex 1.413498340914327 -74.94446939613333 0
      vertex 1.314117770716653 -75.07846858307819 0
      vertex 1.314117770716653 -75.07846858307819 5
    endloop
  endfacet
  facet normal -0.8577286100002842 0.5141027441932015 0
    outer loop
      vertex 1.4992661493922035 -74.8013744526042 0
      vertex 1.413498340914327 -74.94446939613333 0
      vertex 1.413498340914327 -74.94446939613333 5
    endloop
  endfacet
  facet normal -0.9039892931234397 0.4275550934302897 0
    outer loop
      vertex 1.5705952052691874 -74.65056183502065 0
      vertex 1.4992661493922035 -74.8013744526042 0
      vertex 1.4992661493922035 -74.8013744526042 5
    endloop
  endfacet
  facet normal -0.9415440651830167 0.3368898533922314 0
    outer loop
      vertex 1.626798570744755 -74.49348395133259 0
      vertex 1.5705952052691874 -74.65056183502065 0
      vertex 1.5705952052691874 -74.65056183502065 5
    endloop
  endfacet
  facet normal -0.970031253194545 0.24298017990326 0
    outer loop
      vertex 1.6673349766854917 -74.33165354742742 0
      vertex 1.626798570744755 -74.49348395133259 0
      vertex 1.626798570744755 -74.49348395133259 5
    endloop
  endfacet
  facet normal -0.9891765099647815 0.14673047445535906 0
    outer loop
      vertex 1.6918140353427347 -74.16662913856025 0
      vertex 1.6673349766854917 -74.33165354742742 0
      vertex 1.6673349766854917 -74.33165354742742 5
    endloop
  endfacet
  facet normal -0.9987954562051725 0.04906767432741787 0
    outer loop
      vertex 1.7 -74 0
      vertex 1.6918140353427347 -74.16662913856025 0
      vertex 1.6918140353427347 -74.16662913856025 5
    endloop
  endfacet
  facet normal -0.04906767432746047 -0.9987954562051702 0
    outer loop
      vertex 0.16662913856025302 -72.30818596465727 0
      vertex 0.16662913856025302 -72.30818596465727 5
      vertex 0 -72.3 0
    endloop
  endfacet
  facet normal -0.1467304744553151 -0.9891765099647879 0
    outer loop
      vertex 0.33165354742741804 -72.3326650233145 0
      vertex 0.33165354742741804 -72.3326650233145 5
      vertex 0.16662913856025302 -72.30818596465727 0
    endloop
  endfacet
  facet normal -0.24298017990329288 -0.9700312531945368 0
    outer loop
      vertex 0.49348395133258594 -72.37320142925525 0
      vertex 0.49348395133258594 -72.37320142925525 5
      vertex 0.33165354742741804 -72.3326650233145 0
    endloop
  endfacet
  facet normal -0.3368898533922223 -0.9415440651830199 0
    outer loop
      vertex 0.6505618350206526 -72.42940479473081 0
      vertex 0.6505618350206526 -72.42940479473081 5
      vertex 0.49348395133258594 -72.37320142925525 0
    endloop
  endfacet
  facet normal -0.5141027441931851 -0.857728610000294 0
    outer loop
      vertex 0.9444693961333237 -72.58650165908567 0
      vertex 0.9444693961333237 -72.58650165908567 5
      vertex 0.8013744526041959 -72.5007338506078 0
    endloop
  endfacet
  facet normal -0.42755509343029724 -0.9039892931234362 0
    outer loop
      vertex 0.8013744526041959 -72.5007338506078 0
      vertex 0.8013744526041959 -72.5007338506078 5
      vertex 0.6505618350206526 -72.42940479473081 0
    endloop
  endfacet
  facet normal -0.5956993044924606 -0.8032075314806248 0
    outer loop
      vertex 1.0784685830781973 -72.68588222928335 0
      vertex 1.0784685830781973 -72.68588222928335 5
      vertex 0.9444693961333237 -72.58650165908567 0
    endloop
  endfacet
  facet normal -0.6715589548470018 -0.740951125354974 0
    outer loop
      vertex 1.0784685830781973 -72.68588222928335 0
      vertex 1.2020815280171309 -72.79791847198287 0
      vertex 1.2020815280171309 -72.79791847198287 5
    endloop
  endfacet
  facet normal -0.9891765099647815 -0.14673047445535906 0
    outer loop
      vertex 1.6673349766854917 -73.66834645257258 0
      vertex 1.6918140353427347 -73.83337086143975 0
      vertex 1.6918140353427347 -73.83337086143975 5
    endloop
  endfacet
  facet normal -0.9987954562051725 -0.04906767432741787 0
    outer loop
      vertex 1.6918140353427347 -73.83337086143975 0
      vertex 1.7 -74 0
      vertex 1.7 -74 5
    endloop
  endfacet
  facet normal -0.970031253194545 -0.24298017990326 0
    outer loop
      vertex 1.626798570744755 -73.50651604866741 0
      vertex 1.6673349766854917 -73.66834645257258 0
      vertex 1.6673349766854917 -73.66834645257258 5
    endloop
  endfacet
  facet normal -0.9415440651830167 -0.3368898533922314 0
    outer loop
      vertex 1.5705952052691874 -73.34943816497935 0
      vertex 1.626798570744755 -73.50651604866741 0
      vertex 1.626798570744755 -73.50651604866741 5
    endloop
  endfacet
  facet normal -0.8577286100002842 -0.5141027441932015 0
    outer loop
      vertex 1.413498340914327 -73.05553060386667 0
      vertex 1.4992661493922035 -73.1986255473958 0
      vertex 1.4992661493922035 -73.1986255473958 5
    endloop
  endfacet
  facet normal -0.8032075314806215 -0.5956993044924649 0
    outer loop
      vertex 1.314117770716653 -72.92153141692181 0
      vertex 1.413498340914327 -73.05553060386667 0
      vertex 1.413498340914327 -73.05553060386667 5
    endloop
  endfacet
  facet normal -0.7409511253549792 -0.6715589548469961 0
    outer loop
      vertex 1.2020815280171309 -72.79791847198287 0
      vertex 1.314117770716653 -72.92153141692181 0
      vertex 1.314117770716653 -72.92153141692181 5
    endloop
  endfacet
  facet normal -0.9039892931234397 -0.4275550934302897 0
    outer loop
      vertex 1.4992661493922035 -73.1986255473958 0
      vertex 1.5705952052691874 -73.34943816497935 0
      vertex 1.5705952052691874 -73.34943816497935 5
    endloop
  endfacet
  facet normal -0.04906767432746047 0.9987954562051702 0
    outer loop
      vertex 0.16662913856025302 -75.69181403534273 0
      vertex 0 -75.7 5
      vertex 0.16662913856025302 -75.69181403534273 5
    endloop
  endfacet
  facet normal -0.1467304744553151 0.9891765099647879 0
    outer loop
      vertex 0.33165354742741804 -75.6673349766855 0
      vertex 0.16662913856025302 -75.69181403534273 5
      vertex 0.33165354742741804 -75.6673349766855 5
    endloop
  endfacet
  facet normal -0.24298017990329288 0.9700312531945368 0
    outer loop
      vertex 0.49348395133258594 -75.62679857074475 0
      vertex 0.33165354742741804 -75.6673349766855 5
      vertex 0.49348395133258594 -75.62679857074475 5
    endloop
  endfacet
  facet normal -0.3368898533922223 0.9415440651830199 0
    outer loop
      vertex 0.6505618350206526 -75.57059520526919 0
      vertex 0.49348395133258594 -75.62679857074475 5
      vertex 0.6505618350206526 -75.57059520526919 5
    endloop
  endfacet
  facet normal -0.42755509343029724 0.9039892931234362 0
    outer loop
      vertex 0.8013744526041959 -75.4992661493922 0
      vertex 0.6505618350206526 -75.57059520526919 5
      vertex 0.8013744526041959 -75.4992661493922 5
    endloop
  endfacet
  facet normal -0.5141027441931851 0.857728610000294 0
    outer loop
      vertex 0.9444693961333237 -75.41349834091433 0
      vertex 0.8013744526041959 -75.4992661493922 5
      vertex 0.9444693961333237 -75.41349834091433 5
    endloop
  endfacet
  facet normal -0.5956993044924606 0.8032075314806248 0
    outer loop
      vertex 1.0784685830781973 -75.31411777071665 0
      vertex 0.9444693961333237 -75.41349834091433 5
      vertex 1.0784685830781973 -75.31411777071665 5
    endloop
  endfacet
  facet normal -0.6715589548470018 0.740951125354974 0
    outer loop
      vertex 1.2020815280171309 -75.20208152801713 0
      vertex 1.0784685830781973 -75.31411777071665 5
      vertex 1.2020815280171309 -75.20208152801713 5
    endloop
  endfacet
  facet normal -0.7409511253549792 0.6715589548469961 0
    outer loop
      vertex 1.2020815280171309 -75.20208152801713 5
      vertex 1.314117770716653 -75.07846858307819 5
      vertex 1.314117770716653 -75.07846858307819 0
    endloop
  endfacet
  facet normal -0.8032075314806215 0.5956993044924649 0
    outer loop
      vertex 1.314117770716653 -75.07846858307819 5
      vertex 1.413498340914327 -74.94446939613333 5
      vertex 1.413498340914327 -74.94446939613333 0
    endloop
  endfacet
  facet normal -0.8577286100002842 0.5141027441932015 0
    outer loop
      vertex 1.4992661493922035 -74.8013744526042 0
      vertex 1.413498340914327 -74.94446939613333 5
      vertex 1.4992661493922035 -74.8013744526042 5
    endloop
  endfacet
  facet normal -0.9039892931234397 0.4275550934302897 0
    outer loop
      vertex 1.4992661493922035 -74.8013744526042 5
      vertex 1.5705952052691874 -74.65056183502065 5
      vertex 1.5705952052691874 -74.65056183502065 0
    endloop
  endfacet
  facet normal -0.9415440651830167 0.3368898533922314 0
    outer loop
      vertex 1.626798570744755 -74.49348395133259 0
      vertex 1.5705952052691874 -74.65056183502065 5
      vertex 1.626798570744755 -74.49348395133259 5
    endloop
  endfacet
  facet normal -0.970031253194545 0.24298017990326 0
    outer loop
      vertex 1.626798570744755 -74.49348395133259 5
      vertex 1.6673349766854917 -74.33165354742742 5
      vertex 1.6673349766854917 -74.33165354742742 0
    endloop
  endfacet
  facet normal -0.9891765099647815 0.14673047445535906 0
    outer loop
      vertex 1.6918140353427347 -74.16662913856025 0
      vertex 1.6673349766854917 -74.33165354742742 5
      vertex 1.6918140353427347 -74.16662913856025 5
    endloop
  endfacet
  facet normal -0.04906767432746047 -0.9987954562051702 0
    outer loop
      vertex 0 -72.3 0
      vertex 0.16662913856025302 -72.30818596465727 5
      vertex 0 -72.3 5
    endloop
  endfacet
  facet normal -0.1467304744553151 -0.9891765099647879 0
    outer loop
      vertex 0.16662913856025302 -72.30818596465727 0
      vertex 0.33165354742741804 -72.3326650233145 5
      vertex 0.16662913856025302 -72.30818596465727 5
    endloop
  endfacet
  facet normal -0.24298017990329288 -0.9700312531945368 0
    outer loop
      vertex 0.33165354742741804 -72.3326650233145 0
      vertex 0.49348395133258594 -72.37320142925525 5
      vertex 0.33165354742741804 -72.3326650233145 5
    endloop
  endfacet
  facet normal -0.3368898533922223 -0.9415440651830199 0
    outer loop
      vertex 0.49348395133258594 -72.37320142925525 0
      vertex 0.6505618350206526 -72.42940479473081 5
      vertex 0.49348395133258594 -72.37320142925525 5
    endloop
  endfacet
  facet normal -0.5141027441931851 -0.857728610000294 0
    outer loop
      vertex 0.8013744526041959 -72.5007338506078 0
      vertex 0.9444693961333237 -72.58650165908567 5
      vertex 0.8013744526041959 -72.5007338506078 5
    endloop
  endfacet
  facet normal -0.42755509343029724 -0.9039892931234362 0
    outer loop
      vertex 0.6505618350206526 -72.42940479473081 0
      vertex 0.8013744526041959 -72.5007338506078 5
      vertex 0.6505618350206526 -72.42940479473081 5
    endloop
  endfacet
  facet normal -0.5956993044924606 -0.8032075314806248 0
    outer loop
      vertex 0.9444693961333237 -72.58650165908567 0
      vertex 1.0784685830781973 -72.68588222928335 5
      vertex 0.9444693961333237 -72.58650165908567 5
    endloop
  endfacet
  facet normal -0.6715589548470018 -0.740951125354974 0
    outer loop
      vertex 1.0784685830781973 -72.68588222928335 0
      vertex 1.2020815280171309 -72.79791847198287 5
      vertex 1.0784685830781973 -72.68588222928335 5
    endloop
  endfacet
  facet normal -0.9987954562051725 -0.04906767432741787 0
    outer loop
      vertex 1.6918140353427347 -73.83337086143975 0
      vertex 1.7 -74 5
      vertex 1.6918140353427347 -73.83337086143975 5
    endloop
  endfacet
  facet normal -0.9987954562051725 0.04906767432741787 0
    outer loop
      vertex 1.7 -74 0
      vertex 1.6918140353427347 -74.16662913856025 5
      vertex 1.7 -74 5
    endloop
  endfacet
  facet normal -0.9891765099647815 -0.14673047445535906 0
    outer loop
      vertex 1.6673349766854917 -73.66834645257258 0
      vertex 1.6918140353427347 -73.83337086143975 5
      vertex 1.6673349766854917 -73.66834645257258 5
    endloop
  endfacet
  facet normal -0.970031253194545 -0.24298017990326 0
    outer loop
      vertex 1.626798570744755 -73.50651604866741 0
      vertex 1.6673349766854917 -73.66834645257258 5
      vertex 1.626798570744755 -73.50651604866741 5
    endloop
  endfacet
  facet normal -0.9039892931234397 -0.4275550934302897 0
    outer loop
      vertex 1.4992661493922035 -73.1986255473958 0
      vertex 1.5705952052691874 -73.34943816497935 5
      vertex 1.4992661493922035 -73.1986255473958 5
    endloop
  endfacet
  facet normal -0.7409511253549792 -0.6715589548469961 0
    outer loop
      vertex 1.2020815280171309 -72.79791847198287 0
      vertex 1.314117770716653 -72.92153141692181 5
      vertex 1.2020815280171309 -72.79791847198287 5
    endloop
  endfacet
  facet normal -0.8032075314806215 -0.5956993044924649 0
    outer loop
      vertex 1.314117770716653 -72.92153141692181 0
      vertex 1.413498340914327 -73.05553060386667 5
      vertex 1.314117770716653 -72.92153141692181 5
    endloop
  endfacet
  facet normal -0.8577286100002842 -0.5141027441932015 0
    outer loop
      vertex 1.413498340914327 -73.05553060386667 0
      vertex 1.4992661493922035 -73.1986255473958 5
      vertex 1.413498340914327 -73.05553060386667 5
    endloop
  endfacet
  facet normal -0.9415440651830167 -0.3368898533922314 0
    outer loop
      vertex 1.5705952052691874 -73.34943816497935 0
      vertex 1.626798570744755 -73.50651604866741 5
      vertex 1.5705952052691874 -73.34943816497935 5
    endloop
  endfacet
  facet normal 0.9039892931234397 0.4275550934302897 0
    outer loop
      vertex -1.4992661493922035 73.1986255473958 0
      vertex -1.5705952052691874 73.34943816497935 0
      vertex -1.5705952052691874 73.34943816497935 5
    endloop
  endfacet
  facet normal 0.7409511253549792 0.6715589548469961 0
    outer loop
      vertex -1.2020815280171309 72.79791847198287 0
      vertex -1.314117770716653 72.92153141692181 0
      vertex -1.314117770716653 72.92153141692181 5
    endloop
  endfacet
  facet normal 0.8032075314806215 0.5956993044924649 0
    outer loop
      vertex -1.314117770716653 72.92153141692181 0
      vertex -1.413498340914327 73.05553060386667 0
      vertex -1.413498340914327 73.05553060386667 5
    endloop
  endfacet
  facet normal 0.8577286100002842 0.5141027441932015 0
    outer loop
      vertex -1.413498340914327 73.05553060386667 0
      vertex -1.4992661493922035 73.1986255473958 0
      vertex -1.4992661493922035 73.1986255473958 5
    endloop
  endfacet
  facet normal 0.9415440651830167 0.3368898533922314 0
    outer loop
      vertex -1.5705952052691874 73.34943816497935 0
      vertex -1.626798570744755 73.50651604866741 0
      vertex -1.626798570744755 73.50651604866741 5
    endloop
  endfacet
  facet normal 0.970031253194545 0.24298017990326 0
    outer loop
      vertex -1.626798570744755 73.50651604866741 0
      vertex -1.6673349766854917 73.66834645257258 0
      vertex -1.6673349766854917 73.66834645257258 5
    endloop
  endfacet
  facet normal 0.9987954562051725 0.04906767432741787 0
    outer loop
      vertex -1.6918140353427347 73.83337086143975 0
      vertex -1.7 74 0
      vertex -1.7 74 5
    endloop
  endfacet
  facet normal 0.9891765099647815 0.14673047445535906 0
    outer loop
      vertex -1.6673349766854917 73.66834645257258 0
      vertex -1.6918140353427347 73.83337086143975 0
      vertex -1.6918140353427347 73.83337086143975 5
    endloop
  endfacet
  facet normal 0.6715589548470018 0.740951125354974 0
    outer loop
      vertex -1.2020815280171309 72.79791847198287 0
      vertex -1.2020815280171309 72.79791847198287 5
      vertex -1.0784685830781973 72.68588222928335 0
    endloop
  endfacet
  facet normal 0.5956993044924606 0.8032075314806248 0
    outer loop
      vertex -1.0784685830781973 72.68588222928335 0
      vertex -1.0784685830781973 72.68588222928335 5
      vertex -0.9444693961333237 72.58650165908567 0
    endloop
  endfacet
  facet normal 0.42755509343029724 0.9039892931234362 0
    outer loop
      vertex -0.8013744526041959 72.5007338506078 0
      vertex -0.8013744526041959 72.5007338506078 5
      vertex -0.6505618350206526 72.42940479473081 0
    endloop
  endfacet
  facet normal 0.5141027441931851 0.857728610000294 0
    outer loop
      vertex -0.9444693961333237 72.58650165908567 0
      vertex -0.9444693961333237 72.58650165908567 5
      vertex -0.8013744526041959 72.5007338506078 0
    endloop
  endfacet
  facet normal 0.3368898533922223 0.9415440651830199 0
    outer loop
      vertex -0.6505618350206526 72.42940479473081 0
      vertex -0.6505618350206526 72.42940479473081 5
      vertex -0.49348395133258594 72.37320142925525 0
    endloop
  endfacet
  facet normal 0.24298017990329288 0.9700312531945368 0
    outer loop
      vertex -0.49348395133258594 72.37320142925525 0
      vertex -0.49348395133258594 72.37320142925525 5
      vertex -0.33165354742741804 72.3326650233145 0
    endloop
  endfacet
  facet normal 0.1467304744553151 0.9891765099647879 0
    outer loop
      vertex -0.33165354742741804 72.3326650233145 0
      vertex -0.33165354742741804 72.3326650233145 5
      vertex -0.16662913856025302 72.30818596465727 0
    endloop
  endfacet
  facet normal 0.04906767432746047 0.9987954562051702 0
    outer loop
      vertex -0.16662913856025302 72.30818596465727 0
      vertex -0.16662913856025302 72.30818596465727 5
      vertex 0 72.3 0
    endloop
  endfacet
  facet normal 0.9987954562051725 -0.04906767432741787 0
    outer loop
      vertex -1.7 74 0
      vertex -1.6918140353427347 74.16662913856025 0
      vertex -1.6918140353427347 74.16662913856025 5
    endloop
  endfacet
  facet normal 0.9891765099647815 -0.14673047445535906 0
    outer loop
      vertex -1.6918140353427347 74.16662913856025 0
      vertex -1.6673349766854917 74.33165354742742 0
      vertex -1.6673349766854917 74.33165354742742 5
    endloop
  endfacet
  facet normal 0.970031253194545 -0.24298017990326 0
    outer loop
      vertex -1.6673349766854917 74.33165354742742 0
      vertex -1.626798570744755 74.49348395133259 0
      vertex -1.626798570744755 74.49348395133259 5
    endloop
  endfacet
  facet normal 0.9415440651830167 -0.3368898533922314 0
    outer loop
      vertex -1.626798570744755 74.49348395133259 0
      vertex -1.5705952052691874 74.65056183502065 0
      vertex -1.5705952052691874 74.65056183502065 5
    endloop
  endfacet
  facet normal 0.9039892931234397 -0.4275550934302897 0
    outer loop
      vertex -1.5705952052691874 74.65056183502065 0
      vertex -1.4992661493922035 74.8013744526042 0
      vertex -1.4992661493922035 74.8013744526042 5
    endloop
  endfacet
  facet normal 0.8577286100002842 -0.5141027441932015 0
    outer loop
      vertex -1.4992661493922035 74.8013744526042 0
      vertex -1.413498340914327 74.94446939613333 0
      vertex -1.413498340914327 74.94446939613333 5
    endloop
  endfacet
  facet normal 0.8032075314806215 -0.5956993044924649 0
    outer loop
      vertex -1.413498340914327 74.94446939613333 0
      vertex -1.314117770716653 75.07846858307819 0
      vertex -1.314117770716653 75.07846858307819 5
    endloop
  endfacet
  facet normal 0.7409511253549792 -0.6715589548469961 0
    outer loop
      vertex -1.314117770716653 75.07846858307819 0
      vertex -1.2020815280171309 75.20208152801713 0
      vertex -1.2020815280171309 75.20208152801713 5
    endloop
  endfacet
  facet normal 0.6715589548470018 -0.740951125354974 0
    outer loop
      vertex -1.0784685830781973 75.31411777071665 0
      vertex -1.0784685830781973 75.31411777071665 5
      vertex -1.2020815280171309 75.20208152801713 0
    endloop
  endfacet
  facet normal 0.5956993044924606 -0.8032075314806248 0
    outer loop
      vertex -0.9444693961333237 75.41349834091433 0
      vertex -0.9444693961333237 75.41349834091433 5
      vertex -1.0784685830781973 75.31411777071665 0
    endloop
  endfacet
  facet normal 0.5141027441931851 -0.857728610000294 0
    outer loop
      vertex -0.8013744526041959 75.4992661493922 0
      vertex -0.8013744526041959 75.4992661493922 5
      vertex -0.9444693961333237 75.41349834091433 0
    endloop
  endfacet
  facet normal 0.42755509343029724 -0.9039892931234362 0
    outer loop
      vertex -0.6505618350206526 75.57059520526919 0
      vertex -0.6505618350206526 75.57059520526919 5
      vertex -0.8013744526041959 75.4992661493922 0
    endloop
  endfacet
  facet normal 0.3368898533922223 -0.9415440651830199 0
    outer loop
      vertex -0.49348395133258594 75.62679857074475 0
      vertex -0.49348395133258594 75.62679857074475 5
      vertex -0.6505618350206526 75.57059520526919 0
    endloop
  endfacet
  facet normal 0.24298017990329288 -0.9700312531945368 0
    outer loop
      vertex -0.33165354742741804 75.6673349766855 0
      vertex -0.33165354742741804 75.6673349766855 5
      vertex -0.49348395133258594 75.62679857074475 0
    endloop
  endfacet
  facet normal 0.1467304744553151 -0.9891765099647879 0
    outer loop
      vertex -0.16662913856025302 75.69181403534273 0
      vertex -0.16662913856025302 75.69181403534273 5
      vertex -0.33165354742741804 75.6673349766855 0
    endloop
  endfacet
  facet normal 0.04906767432746047 -0.9987954562051702 0
    outer loop
      vertex -0.16662913856025302 75.69181403534273 0
      vertex 0 75.7 0
      vertex 0 75.7 5
    endloop
  endfacet
  facet normal 0.9415440651830167 0.3368898533922314 0
    outer loop
      vertex -1.5705952052691874 73.34943816497935 0
      vertex -1.626798570744755 73.50651604866741 5
      vertex -1.5705952052691874 73.34943816497935 5
    endloop
  endfacet
  facet normal 0.8577286100002842 0.5141027441932015 0
    outer loop
      vertex -1.413498340914327 73.05553060386667 0
      vertex -1.4992661493922035 73.1986255473958 5
      vertex -1.413498340914327 73.05553060386667 5
    endloop
  endfacet
  facet normal 0.8032075314806215 0.5956993044924649 0
    outer loop
      vertex -1.314117770716653 72.92153141692181 0
      vertex -1.413498340914327 73.05553060386667 5
      vertex -1.314117770716653 72.92153141692181 5
    endloop
  endfacet
  facet normal 0.7409511253549792 0.6715589548469961 0
    outer loop
      vertex -1.2020815280171309 72.79791847198287 0
      vertex -1.314117770716653 72.92153141692181 5
      vertex -1.2020815280171309 72.79791847198287 5
    endloop
  endfacet
  facet normal 0.9039892931234397 0.4275550934302897 0
    outer loop
      vertex -1.4992661493922035 73.1986255473958 0
      vertex -1.5705952052691874 73.34943816497935 5
      vertex -1.4992661493922035 73.1986255473958 5
    endloop
  endfacet
  facet normal 0.970031253194545 0.24298017990326 0
    outer loop
      vertex -1.626798570744755 73.50651604866741 0
      vertex -1.6673349766854917 73.66834645257258 5
      vertex -1.626798570744755 73.50651604866741 5
    endloop
  endfacet
  facet normal 0.9891765099647815 0.14673047445535906 0
    outer loop
      vertex -1.6673349766854917 73.66834645257258 0
      vertex -1.6918140353427347 73.83337086143975 5
      vertex -1.6673349766854917 73.66834645257258 5
    endloop
  endfacet
  facet normal 0.9987954562051725 -0.04906767432741787 0
    outer loop
      vertex -1.7 74 0
      vertex -1.6918140353427347 74.16662913856025 5
      vertex -1.7 74 5
    endloop
  endfacet
  facet normal 0.9987954562051725 0.04906767432741787 0
    outer loop
      vertex -1.6918140353427347 73.83337086143975 0
      vertex -1.7 74 5
      vertex -1.6918140353427347 73.83337086143975 5
    endloop
  endfacet
  facet normal 0.6715589548470018 0.740951125354974 0
    outer loop
      vertex -1.0784685830781973 72.68588222928335 0
      vertex -1.2020815280171309 72.79791847198287 5
      vertex -1.0784685830781973 72.68588222928335 5
    endloop
  endfacet
  facet normal 0.5956993044924606 0.8032075314806248 0
    outer loop
      vertex -0.9444693961333237 72.58650165908567 0
      vertex -1.0784685830781973 72.68588222928335 5
      vertex -0.9444693961333237 72.58650165908567 5
    endloop
  endfacet
  facet normal 0.42755509343029724 0.9039892931234362 0
    outer loop
      vertex -0.6505618350206526 72.42940479473081 0
      vertex -0.8013744526041959 72.5007338506078 5
      vertex -0.6505618350206526 72.42940479473081 5
    endloop
  endfacet
  facet normal 0.5141027441931851 0.857728610000294 0
    outer loop
      vertex -0.8013744526041959 72.5007338506078 0
      vertex -0.9444693961333237 72.58650165908567 5
      vertex -0.8013744526041959 72.5007338506078 5
    endloop
  endfacet
  facet normal 0.3368898533922223 0.9415440651830199 0
    outer loop
      vertex -0.49348395133258594 72.37320142925525 0
      vertex -0.6505618350206526 72.42940479473081 5
      vertex -0.49348395133258594 72.37320142925525 5
    endloop
  endfacet
  facet normal 0.24298017990329288 0.9700312531945368 0
    outer loop
      vertex -0.33165354742741804 72.3326650233145 0
      vertex -0.49348395133258594 72.37320142925525 5
      vertex -0.33165354742741804 72.3326650233145 5
    endloop
  endfacet
  facet normal 0.1467304744553151 0.9891765099647879 0
    outer loop
      vertex -0.16662913856025302 72.30818596465727 0
      vertex -0.33165354742741804 72.3326650233145 5
      vertex -0.16662913856025302 72.30818596465727 5
    endloop
  endfacet
  facet normal 0.04906767432746047 0.9987954562051702 0
    outer loop
      vertex 0 72.3 0
      vertex -0.16662913856025302 72.30818596465727 5
      vertex 0 72.3 5
    endloop
  endfacet
  facet normal 0.9891765099647815 -0.14673047445535906 0
    outer loop
      vertex -1.6918140353427347 74.16662913856025 0
      vertex -1.6673349766854917 74.33165354742742 5
      vertex -1.6918140353427347 74.16662913856025 5
    endloop
  endfacet
  facet normal 0.970031253194545 -0.24298017990326 0
    outer loop
      vertex -1.626798570744755 74.49348395133259 5
      vertex -1.6673349766854917 74.33165354742742 5
      vertex -1.6673349766854917 74.33165354742742 0
    endloop
  endfacet
  facet normal 0.9415440651830167 -0.3368898533922314 0
    outer loop
      vertex -1.626798570744755 74.49348395133259 0
      vertex -1.5705952052691874 74.65056183502065 5
      vertex -1.626798570744755 74.49348395133259 5
    endloop
  endfacet
  facet normal 0.9039892931234397 -0.4275550934302897 0
    outer loop
      vertex -1.4992661493922035 74.8013744526042 5
      vertex -1.5705952052691874 74.65056183502065 5
      vertex -1.5705952052691874 74.65056183502065 0
    endloop
  endfacet
  facet normal 0.8577286100002842 -0.5141027441932015 0
    outer loop
      vertex -1.4992661493922035 74.8013744526042 0
      vertex -1.413498340914327 74.94446939613333 5
      vertex -1.4992661493922035 74.8013744526042 5
    endloop
  endfacet
  facet normal 0.8032075314806215 -0.5956993044924649 0
    outer loop
      vertex -1.314117770716653 75.07846858307819 5
      vertex -1.413498340914327 74.94446939613333 5
      vertex -1.413498340914327 74.94446939613333 0
    endloop
  endfacet
  facet normal 0.7409511253549792 -0.6715589548469961 0
    outer loop
      vertex -1.2020815280171309 75.20208152801713 5
      vertex -1.314117770716653 75.07846858307819 5
      vertex -1.314117770716653 75.07846858307819 0
    endloop
  endfacet
  facet normal 0.6715589548470018 -0.740951125354974 0
    outer loop
      vertex -1.2020815280171309 75.20208152801713 0
      vertex -1.0784685830781973 75.31411777071665 5
      vertex -1.2020815280171309 75.20208152801713 5
    endloop
  endfacet
  facet normal 0.5956993044924606 -0.8032075314806248 0
    outer loop
      vertex -1.0784685830781973 75.31411777071665 0
      vertex -0.9444693961333237 75.41349834091433 5
      vertex -1.0784685830781973 75.31411777071665 5
    endloop
  endfacet
  facet normal 0.5141027441931851 -0.857728610000294 0
    outer loop
      vertex -0.9444693961333237 75.41349834091433 0
      vertex -0.8013744526041959 75.4992661493922 5
      vertex -0.9444693961333237 75.41349834091433 5
    endloop
  endfacet
  facet normal 0.42755509343029724 -0.9039892931234362 0
    outer loop
      vertex -0.8013744526041959 75.4992661493922 0
      vertex -0.6505618350206526 75.57059520526919 5
      vertex -0.8013744526041959 75.4992661493922 5
    endloop
  endfacet
  facet normal 0.3368898533922223 -0.9415440651830199 0
    outer loop
      vertex -0.6505618350206526 75.57059520526919 0
      vertex -0.49348395133258594 75.62679857074475 5
      vertex -0.6505618350206526 75.57059520526919 5
    endloop
  endfacet
  facet normal 0.24298017990329288 -0.9700312531945368 0
    outer loop
      vertex -0.49348395133258594 75.62679857074475 0
      vertex -0.33165354742741804 75.6673349766855 5
      vertex -0.49348395133258594 75.62679857074475 5
    endloop
  endfacet
  facet normal 0.1467304744553151 -0.9891765099647879 0
    outer loop
      vertex -0.33165354742741804 75.6673349766855 0
      vertex -0.16662913856025302 75.69181403534273 5
      vertex -0.33165354742741804 75.6673349766855 5
    endloop
  endfacet
  facet normal 0.04906767432746047 -0.9987954562051702 0
    outer loop
      vertex -0.16662913856025302 75.69181403534273 0
      vertex 0 75.7 5
      vertex -0.16662913856025302 75.69181403534273 5
    endloop
  endfacet
  facet normal -0.04906767432746047 0.9987954562051702 0
    outer loop
      vertex 0 72.3 0
      vertex 0 72.3 5
      vertex 0.16662913856025302 72.30818596465727 0
    endloop
  endfacet
  facet normal -0.1467304744553151 0.9891765099647879 0
    outer loop
      vertex 0.16662913856025302 72.30818596465727 0
      vertex 0.16662913856025302 72.30818596465727 5
      vertex 0.33165354742741804 72.3326650233145 0
    endloop
  endfacet
  facet normal -0.24298017990329288 0.9700312531945368 0
    outer loop
      vertex 0.33165354742741804 72.3326650233145 0
      vertex 0.33165354742741804 72.3326650233145 5
      vertex 0.49348395133258594 72.37320142925525 0
    endloop
  endfacet
  facet normal -0.3368898533922223 0.9415440651830199 0
    outer loop
      vertex 0.49348395133258594 72.37320142925525 0
      vertex 0.49348395133258594 72.37320142925525 5
      vertex 0.6505618350206526 72.42940479473081 0
    endloop
  endfacet
  facet normal -0.42755509343029724 0.9039892931234362 0
    outer loop
      vertex 0.6505618350206526 72.42940479473081 0
      vertex 0.6505618350206526 72.42940479473081 5
      vertex 0.8013744526041959 72.5007338506078 0
    endloop
  endfacet
  facet normal -0.5141027441931851 0.857728610000294 0
    outer loop
      vertex 0.8013744526041959 72.5007338506078 0
      vertex 0.8013744526041959 72.5007338506078 5
      vertex 0.9444693961333237 72.58650165908567 0
    endloop
  endfacet
  facet normal -0.5956993044924606 0.8032075314806248 0
    outer loop
      vertex 0.9444693961333237 72.58650165908567 0
      vertex 0.9444693961333237 72.58650165908567 5
      vertex 1.0784685830781973 72.68588222928335 0
    endloop
  endfacet
  facet normal -0.6715589548470018 0.740951125354974 0
    outer loop
      vertex 1.0784685830781973 72.68588222928335 0
      vertex 1.0784685830781973 72.68588222928335 5
      vertex 1.2020815280171309 72.79791847198287 0
    endloop
  endfacet
  facet normal -0.7409511253549792 0.6715589548469961 0
    outer loop
      vertex 1.2020815280171309 72.79791847198287 0
      vertex 1.2020815280171309 72.79791847198287 5
      vertex 1.314117770716653 72.92153141692181 0
    endloop
  endfacet
  facet normal -0.8032075314806215 0.5956993044924649 0
    outer loop
      vertex 1.413498340914327 73.05553060386667 0
      vertex 1.314117770716653 72.92153141692181 0
      vertex 1.314117770716653 72.92153141692181 5
    endloop
  endfacet
  facet normal -0.8577286100002842 0.5141027441932015 0
    outer loop
      vertex 1.4992661493922035 73.1986255473958 0
      vertex 1.413498340914327 73.05553060386667 0
      vertex 1.413498340914327 73.05553060386667 5
    endloop
  endfacet
  facet normal -0.9039892931234397 0.4275550934302897 0
    outer loop
      vertex 1.5705952052691874 73.34943816497935 0
      vertex 1.4992661493922035 73.1986255473958 0
      vertex 1.4992661493922035 73.1986255473958 5
    endloop
  endfacet
  facet normal -0.9415440651830167 0.3368898533922314 0
    outer loop
      vertex 1.626798570744755 73.50651604866741 0
      vertex 1.5705952052691874 73.34943816497935 0
      vertex 1.5705952052691874 73.34943816497935 5
    endloop
  endfacet
  facet normal -0.970031253194545 0.24298017990326 0
    outer loop
      vertex 1.6673349766854917 73.66834645257258 0
      vertex 1.626798570744755 73.50651604866741 0
      vertex 1.626798570744755 73.50651604866741 5
    endloop
  endfacet
  facet normal -0.9891765099647815 0.14673047445535906 0
    outer loop
      vertex 1.6918140353427347 73.83337086143975 0
      vertex 1.6673349766854917 73.66834645257258 0
      vertex 1.6673349766854917 73.66834645257258 5
    endloop
  endfacet
  facet normal -0.9987954562051725 0.04906767432741787 0
    outer loop
      vertex 1.7 74 0
      vertex 1.6918140353427347 73.83337086143975 0
      vertex 1.6918140353427347 73.83337086143975 5
    endloop
  endfacet
  facet normal -0.9987954562051725 -0.04906767432741787 0
    outer loop
      vertex 1.6918140353427347 74.16662913856025 0
      vertex 1.7 74 0
      vertex 1.7 74 5
    endloop
  endfacet
  facet normal -0.6715589548470018 -0.740951125354974 0
    outer loop
      vertex 1.0784685830781973 75.31411777071665 0
      vertex 1.2020815280171309 75.20208152801713 0
      vertex 1.2020815280171309 75.20208152801713 5
    endloop
  endfacet
  facet normal -0.04906767432746047 -0.9987954562051702 0
    outer loop
      vertex 0.16662913856025302 75.69181403534273 0
      vertex 0.16662913856025302 75.69181403534273 5
      vertex 0 75.7 0
    endloop
  endfacet
  facet normal -0.1467304744553151 -0.9891765099647879 0
    outer loop
      vertex 0.33165354742741804 75.6673349766855 0
      vertex 0.33165354742741804 75.6673349766855 5
      vertex 0.16662913856025302 75.69181403534273 0
    endloop
  endfacet
  facet normal -0.3368898533922223 -0.9415440651830199 0
    outer loop
      vertex 0.6505618350206526 75.57059520526919 0
      vertex 0.6505618350206526 75.57059520526919 5
      vertex 0.49348395133258594 75.62679857074475 0
    endloop
  endfacet
  facet normal -0.24298017990329288 -0.9700312531945368 0
    outer loop
      vertex 0.49348395133258594 75.62679857074475 0
      vertex 0.49348395133258594 75.62679857074475 5
      vertex 0.33165354742741804 75.6673349766855 0
    endloop
  endfacet
  facet normal -0.42755509343029724 -0.9039892931234362 0
    outer loop
      vertex 0.8013744526041959 75.4992661493922 0
      vertex 0.8013744526041959 75.4992661493922 5
      vertex 0.6505618350206526 75.57059520526919 0
    endloop
  endfacet
  facet normal -0.5141027441931851 -0.857728610000294 0
    outer loop
      vertex 0.9444693961333237 75.41349834091433 0
      vertex 0.9444693961333237 75.41349834091433 5
      vertex 0.8013744526041959 75.4992661493922 0
    endloop
  endfacet
  facet normal -0.5956993044924606 -0.8032075314806248 0
    outer loop
      vertex 1.0784685830781973 75.31411777071665 0
      vertex 1.0784685830781973 75.31411777071665 5
      vertex 0.9444693961333237 75.41349834091433 0
    endloop
  endfacet
  facet normal -0.9891765099647815 -0.14673047445535906 0
    outer loop
      vertex 1.6673349766854917 74.33165354742742 0
      vertex 1.6918140353427347 74.16662913856025 0
      vertex 1.6918140353427347 74.16662913856025 5
    endloop
  endfacet
  facet normal -0.970031253194545 -0.24298017990326 0
    outer loop
      vertex 1.626798570744755 74.49348395133259 0
      vertex 1.6673349766854917 74.33165354742742 0
      vertex 1.6673349766854917 74.33165354742742 5
    endloop
  endfacet
  facet normal -0.9415440651830167 -0.3368898533922314 0
    outer loop
      vertex 1.5705952052691874 74.65056183502065 0
      vertex 1.626798570744755 74.49348395133259 0
      vertex 1.626798570744755 74.49348395133259 5
    endloop
  endfacet
  facet normal -0.8577286100002842 -0.5141027441932015 0
    outer loop
      vertex 1.413498340914327 74.94446939613333 0
      vertex 1.4992661493922035 74.8013744526042 0
      vertex 1.4992661493922035 74.8013744526042 5
    endloop
  endfacet
  facet normal -0.8032075314806215 -0.5956993044924649 0
    outer loop
      vertex 1.314117770716653 75.07846858307819 0
      vertex 1.413498340914327 74.94446939613333 0
      vertex 1.413498340914327 74.94446939613333 5
    endloop
  endfacet
  facet normal -0.7409511253549792 -0.6715589548469961 0
    outer loop
      vertex 1.2020815280171309 75.20208152801713 0
      vertex 1.314117770716653 75.07846858307819 0
      vertex 1.314117770716653 75.07846858307819 5
    endloop
  endfacet
  facet normal -0.9039892931234397 -0.4275550934302897 0
    outer loop
      vertex 1.4992661493922035 74.8013744526042 0
      vertex 1.5705952052691874 74.65056183502065 0
      vertex 1.5705952052691874 74.65056183502065 5
    endloop
  endfacet
  facet normal -0.04906767432746047 0.9987954562051702 0
    outer loop
      vertex 0.16662913856025302 72.30818596465727 0
      vertex 0 72.3 5
      vertex 0.16662913856025302 72.30818596465727 5
    endloop
  endfacet
  facet normal -0.1467304744553151 0.9891765099647879 0
    outer loop
      vertex 0.33165354742741804 72.3326650233145 0
      vertex 0.16662913856025302 72.30818596465727 5
      vertex 0.33165354742741804 72.3326650233145 5
    endloop
  endfacet
  facet normal -0.24298017990329288 0.9700312531945368 0
    outer loop
      vertex 0.49348395133258594 72.37320142925525 0
      vertex 0.33165354742741804 72.3326650233145 5
      vertex 0.49348395133258594 72.37320142925525 5
    endloop
  endfacet
  facet normal -0.3368898533922223 0.9415440651830199 0
    outer loop
      vertex 0.6505618350206526 72.42940479473081 0
      vertex 0.49348395133258594 72.37320142925525 5
      vertex 0.6505618350206526 72.42940479473081 5
    endloop
  endfacet
  facet normal -0.42755509343029724 0.9039892931234362 0
    outer loop
      vertex 0.8013744526041959 72.5007338506078 0
      vertex 0.6505618350206526 72.42940479473081 5
      vertex 0.8013744526041959 72.5007338506078 5
    endloop
  endfacet
  facet normal -0.5141027441931851 0.857728610000294 0
    outer loop
      vertex 0.9444693961333237 72.58650165908567 0
      vertex 0.8013744526041959 72.5007338506078 5
      vertex 0.9444693961333237 72.58650165908567 5
    endloop
  endfacet
  facet normal -0.5956993044924606 0.8032075314806248 0
    outer loop
      vertex 1.0784685830781973 72.68588222928335 0
      vertex 0.9444693961333237 72.58650165908567 5
      vertex 1.0784685830781973 72.68588222928335 5
    endloop
  endfacet
  facet normal -0.6715589548470018 0.740951125354974 0
    outer loop
      vertex 1.2020815280171309 72.79791847198287 0
      vertex 1.0784685830781973 72.68588222928335 5
      vertex 1.2020815280171309 72.79791847198287 5
    endloop
  endfacet
  facet normal -0.7409511253549792 0.6715589548469961 0
    outer loop
      vertex 1.314117770716653 72.92153141692181 0
      vertex 1.2020815280171309 72.79791847198287 5
      vertex 1.314117770716653 72.92153141692181 5
    endloop
  endfacet
  facet normal -0.8032075314806215 0.5956993044924649 0
    outer loop
      vertex 1.413498340914327 73.05553060386667 0
      vertex 1.314117770716653 72.92153141692181 5
      vertex 1.413498340914327 73.05553060386667 5
    endloop
  endfacet
  facet normal -0.8577286100002842 0.5141027441932015 0
    outer loop
      vertex 1.4992661493922035 73.1986255473958 0
      vertex 1.413498340914327 73.05553060386667 5
      vertex 1.4992661493922035 73.1986255473958 5
    endloop
  endfacet
  facet normal -0.9039892931234397 0.4275550934302897 0
    outer loop
      vertex 1.5705952052691874 73.34943816497935 0
      vertex 1.4992661493922035 73.1986255473958 5
      vertex 1.5705952052691874 73.34943816497935 5
    endloop
  endfacet
  facet normal -0.9415440651830167 0.3368898533922314 0
    outer loop
      vertex 1.626798570744755 73.50651604866741 0
      vertex 1.5705952052691874 73.34943816497935 5
      vertex 1.626798570744755 73.50651604866741 5
    endloop
  endfacet
  facet normal -0.970031253194545 0.24298017990326 0
    outer loop
      vertex 1.6673349766854917 73.66834645257258 0
      vertex 1.626798570744755 73.50651604866741 5
      vertex 1.6673349766854917 73.66834645257258 5
    endloop
  endfacet
  facet normal -0.9891765099647815 0.14673047445535906 0
    outer loop
      vertex 1.6918140353427347 73.83337086143975 0
      vertex 1.6673349766854917 73.66834645257258 5
      vertex 1.6918140353427347 73.83337086143975 5
    endloop
  endfacet
  facet normal -0.9987954562051725 0.04906767432741787 0
    outer loop
      vertex 1.7 74 0
      vertex 1.6918140353427347 73.83337086143975 5
      vertex 1.7 74 5
    endloop
  endfacet
  facet normal -0.6715589548470018 -0.740951125354974 0
    outer loop
      vertex 1.0784685830781973 75.31411777071665 0
      vertex 1.2020815280171309 75.20208152801713 5
      vertex 1.0784685830781973 75.31411777071665 5
    endloop
  endfacet
  facet normal -0.04906767432746047 -0.9987954562051702 0
    outer loop
      vertex 0 75.7 0
      vertex 0.16662913856025302 75.69181403534273 5
      vertex 0 75.7 5
    endloop
  endfacet
  facet normal -0.1467304744553151 -0.9891765099647879 0
    outer loop
      vertex 0.16662913856025302 75.69181403534273 0
      vertex 0.33165354742741804 75.6673349766855 5
      vertex 0.16662913856025302 75.69181403534273 5
    endloop
  endfacet
  facet normal -0.24298017990329288 -0.9700312531945368 0
    outer loop
      vertex 0.33165354742741804 75.6673349766855 0
      vertex 0.49348395133258594 75.62679857074475 5
      vertex 0.33165354742741804 75.6673349766855 5
    endloop
  endfacet
  facet normal -0.3368898533922223 -0.9415440651830199 0
    outer loop
      vertex 0.49348395133258594 75.62679857074475 0
      vertex 0.6505618350206526 75.57059520526919 5
      vertex 0.49348395133258594 75.62679857074475 5
    endloop
  endfacet
  facet normal -0.42755509343029724 -0.9039892931234362 0
    outer loop
      vertex 0.6505618350206526 75.57059520526919 0
      vertex 0.8013744526041959 75.4992661493922 5
      vertex 0.6505618350206526 75.57059520526919 5
    endloop
  endfacet
  facet normal -0.5141027441931851 -0.857728610000294 0
    outer loop
      vertex 0.8013744526041959 75.4992661493922 0
      vertex 0.9444693961333237 75.41349834091433 5
      vertex 0.8013744526041959 75.4992661493922 5
    endloop
  endfacet
  facet normal -0.5956993044924606 -0.8032075314806248 0
    outer loop
      vertex 0.9444693961333237 75.41349834091433 0
      vertex 1.0784685830781973 75.31411777071665 5
      vertex 0.9444693961333237 75.41349834091433 5
    endloop
  endfacet
  facet normal -0.9987954562051725 -0.04906767432741787 0
    outer loop
      vertex 1.6918140353427347 74.16662913856025 0
      vertex 1.7 74 5
      vertex 1.6918140353427347 74.16662913856025 5
    endloop
  endfacet
  facet normal -0.9891765099647815 -0.14673047445535906 0
    outer loop
      vertex 1.6673349766854917 74.33165354742742 0
      vertex 1.6918140353427347 74.16662913856025 5
      vertex 1.6673349766854917 74.33165354742742 5
    endloop
  endfacet
  facet normal -0.970031253194545 -0.24298017990326 0
    outer loop
      vertex 1.626798570744755 74.49348395133259 0
      vertex 1.6673349766854917 74.33165354742742 5
      vertex 1.626798570744755 74.49348395133259 5
    endloop
  endfacet
  facet normal -0.9415440651830167 -0.3368898533922314 0
    outer loop
      vertex 1.626798570744755 74.49348395133259 5
      vertex 1.5705952052691874 74.65056183502065 5
      vertex 1.5705952052691874 74.65056183502065 0
    endloop
  endfacet
  facet normal -0.9039892931234397 -0.4275550934302897 0
    outer loop
      vertex 1.5705952052691874 74.65056183502065 5
      vertex 1.4992661493922035 74.8013744526042 5
      vertex 1.4992661493922035 74.8013744526042 0
    endloop
  endfacet
  facet normal -0.8577286100002842 -0.5141027441932015 0
    outer loop
      vertex 1.413498340914327 74.94446939613333 0
      vertex 1.4992661493922035 74.8013744526042 5
      vertex 1.413498340914327 74.94446939613333 5
    endloop
  endfacet
  facet normal -0.8032075314806215 -0.5956993044924649 0
    outer loop
      vertex 1.413498340914327 74.94446939613333 5
      vertex 1.314117770716653 75.07846858307819 5
      vertex 1.314117770716653 75.07846858307819 0
    endloop
  endfacet
  facet normal -0.7409511253549792 -0.6715589548469961 0
    outer loop
      vertex 1.2020815280171309 75.20208152801713 0
      vertex 1.314117770716653 75.07846858307819 5
      vertex 1.2020815280171309 75.20208152801713 5
    endloop
  endfacet
  facet normal 0.85772861000027 0.5141027441932251 0
    outer loop
      vertex -64.27841890800121 -63.33421249469979 1.6
      vertex -64.16238010829585 -63.527811535945084 0
      vertex -64.27841890800121 -63.33421249469979 0
    endloop
  endfacet
  facet normal 0.9039892931234388 0.4275550934302915 0
    outer loop
      vertex -64.37492292477596 -63.130171894439705 1.6
      vertex -64.27841890800121 -63.33421249469979 0
      vertex -64.37492292477596 -63.130171894439705 0
    endloop
  endfacet
  facet normal 0.9415440651830138 0.3368898533922396 0
    outer loop
      vertex -64.45096277218408 -62.91765475768526 1.6
      vertex -64.37492292477596 -63.130171894439705 0
      vertex -64.45096277218408 -62.91765475768526 0
    endloop
  endfacet
  facet normal 0.9891765099647825 0.14673047445535176 0
    outer loop
      vertex -64.53892487134605 -62.47543942275799 1.6
      vertex -64.50580614492743 -62.6987077406371 0
      vertex -64.53892487134605 -62.47543942275799 0
    endloop
  endfacet
  facet normal 0.9700312531945439 0.24298017990326443 0
    outer loop
      vertex -64.50580614492743 -62.6987077406371 1.6
      vertex -64.45096277218408 -62.91765475768526 0
      vertex -64.50580614492743 -62.6987077406371 0
    endloop
  endfacet
  facet normal 0.9987954562051733 0.04906767432739827 0
    outer loop
      vertex -64.55 -62.25 1.6
      vertex -64.53892487134605 -62.47543942275799 0
      vertex -64.55 -62.25 0
    endloop
  endfacet
  facet normal 0.9987954562051733 -0.04906767432739827 0
    outer loop
      vertex -64.53892487134605 -62.02456057724201 1.6
      vertex -64.55 -62.25 0
      vertex -64.53892487134605 -62.02456057724201 0
    endloop
  endfacet
  facet normal 0.9891765099647825 -0.14673047445535176 0
    outer loop
      vertex -64.50580614492743 -61.8012922593629 1.6
      vertex -64.53892487134605 -62.02456057724201 0
      vertex -64.50580614492743 -61.8012922593629 0
    endloop
  endfacet
  facet normal 0.9700312531945439 -0.24298017990326443 0
    outer loop
      vertex -64.45096277218408 -61.58234524231474 1.6
      vertex -64.50580614492743 -61.8012922593629 0
      vertex -64.45096277218408 -61.58234524231474 0
    endloop
  endfacet
  facet normal 0.9415440651830138 -0.3368898533922396 0
    outer loop
      vertex -64.37492292477596 -61.369828105560295 1.6
      vertex -64.45096277218408 -61.58234524231474 0
      vertex -64.37492292477596 -61.369828105560295 0
    endloop
  endfacet
  facet normal 0.9039892931234388 -0.4275550934302915 0
    outer loop
      vertex -64.27841890800121 -61.16578750530021 1.6
      vertex -64.37492292477596 -61.369828105560295 0
      vertex -64.27841890800121 -61.16578750530021 0
    endloop
  endfacet
  facet normal 0.85772861000027 -0.5141027441932251 0
    outer loop
      vertex -64.16238010829585 -60.972188464054916 1.6
      vertex -64.27841890800121 -61.16578750530021 0
      vertex -64.16238010829585 -60.972188464054916 0
    endloop
  endfacet
  facet normal 0.5141027441932251 0.85772861000027 0
    outer loop
      vertex -63.527811535945084 -64.16238010829585 1.6
      vertex -63.33421249469979 -64.27841890800121 0
      vertex -63.527811535945084 -64.16238010829585 0
    endloop
  endfacet
  facet normal 0.4275550934302915 0.9039892931234388 0
    outer loop
      vertex -63.33421249469979 -64.27841890800121 1.6
      vertex -63.130171894439705 -64.37492292477596 0
      vertex -63.33421249469979 -64.27841890800121 0
    endloop
  endfacet
  facet normal 0.3368898533922396 0.9415440651830138 0
    outer loop
      vertex -63.130171894439705 -64.37492292477596 1.6
      vertex -62.91765475768526 -64.45096277218408 0
      vertex -63.130171894439705 -64.37492292477596 0
    endloop
  endfacet
  facet normal 0.24298017990326443 0.9700312531945439 0
    outer loop
      vertex -62.91765475768526 -64.45096277218408 1.6
      vertex -62.6987077406371 -64.50580614492743 0
      vertex -62.91765475768526 -64.45096277218408 0
    endloop
  endfacet
  facet normal 0.14673047445535176 0.9891765099647825 0
    outer loop
      vertex -62.6987077406371 -64.50580614492743 1.6
      vertex -62.47543942275799 -64.53892487134605 0
      vertex -62.6987077406371 -64.50580614492743 0
    endloop
  endfacet
  facet normal 0.04906767432739827 0.9987954562051733 0
    outer loop
      vertex -62.47543942275799 -64.53892487134605 1.6
      vertex -62.25 -64.55 0
      vertex -62.47543942275799 -64.53892487134605 0
    endloop
  endfacet
  facet normal -0.04906767432739827 0.9987954562051733 0
    outer loop
      vertex -62.25 -64.55 1.6
      vertex -62.02456057724201 -64.53892487134605 0
      vertex -62.25 -64.55 0
    endloop
  endfacet
  facet normal -0.14673047445535176 0.9891765099647825 0
    outer loop
      vertex -62.02456057724201 -64.53892487134605 1.6
      vertex -61.8012922593629 -64.50580614492743 0
      vertex -62.02456057724201 -64.53892487134605 0
    endloop
  endfacet
  facet normal -0.24298017990326443 0.9700312531945439 0
    outer loop
      vertex -61.8012922593629 -64.50580614492743 1.6
      vertex -61.58234524231474 -64.45096277218408 0
      vertex -61.8012922593629 -64.50580614492743 0
    endloop
  endfacet
  facet normal -0.3368898533922396 0.9415440651830138 0
    outer loop
      vertex -61.58234524231474 -64.45096277218408 1.6
      vertex -61.369828105560295 -64.37492292477596 0
      vertex -61.58234524231474 -64.45096277218408 0
    endloop
  endfacet
  facet normal -0.4275550934302915 0.9039892931234388 0
    outer loop
      vertex -61.369828105560295 -64.37492292477596 1.6
      vertex -61.16578750530021 -64.27841890800121 0
      vertex -61.369828105560295 -64.37492292477596 0
    endloop
  endfacet
  facet normal -0.5141027441932251 0.85772861000027 0
    outer loop
      vertex -61.16578750530021 -64.27841890800121 1.6
      vertex -60.972188464054916 -64.16238010829585 0
      vertex -61.16578750530021 -64.27841890800121 0
    endloop
  endfacet
  facet normal 0.8032075314806587 0.5956993044924147 0
    outer loop
      vertex -64.16238010829585 -63.527811535945084 1.6
      vertex -64.0279240427343 -63.70910455357638 0
      vertex -64.16238010829585 -63.527811535945084 0
    endloop
  endfacet
  facet normal 0.74095112535496 0.6715589548470171 0
    outer loop
      vertex -64.0279240427343 -63.70910455357638 1.6
      vertex -63.87634559672906 -63.87634559672906 0
      vertex -64.0279240427343 -63.70910455357638 0
    endloop
  endfacet
  facet normal 0.6715589548470171 0.74095112535496 0
    outer loop
      vertex -63.87634559672906 -63.87634559672906 1.6
      vertex -63.70910455357638 -64.0279240427343 0
      vertex -63.87634559672906 -63.87634559672906 0
    endloop
  endfacet
  facet normal 0.5956993044924147 0.8032075314806587 0
    outer loop
      vertex -63.70910455357638 -64.0279240427343 1.6
      vertex -63.527811535945084 -64.16238010829585 0
      vertex -63.70910455357638 -64.0279240427343 0
    endloop
  endfacet
  facet normal 0.8032075314806587 -0.5956993044924147 0
    outer loop
      vertex -64.0279240427343 -60.79089544642362 1.6
      vertex -64.16238010829585 -60.972188464054916 0
      vertex -64.0279240427343 -60.79089544642362 0
    endloop
  endfacet
  facet normal 0.74095112535496 -0.6715589548470171 0
    outer loop
      vertex -63.87634559672906 -60.62365440327094 1.6
      vertex -64.0279240427343 -60.79089544642362 0
      vertex -63.87634559672906 -60.62365440327094 0
    endloop
  endfacet
  facet normal 0.6715589548470171 -0.74095112535496 0
    outer loop
      vertex -63.70910455357638 -60.4720759572657 1.6
      vertex -63.87634559672906 -60.62365440327094 0
      vertex -63.70910455357638 -60.4720759572657 0
    endloop
  endfacet
  facet normal 0.595699304492435 -0.8032075314806436 0
    outer loop
      vertex -63.527811535945084 -60.33761989170414 1.6
      vertex -63.70910455357638 -60.4720759572657 0
      vertex -63.527811535945084 -60.33761989170414 0
    endloop
  endfacet
  facet normal 0.5141027441932019 -0.8577286100002838 0
    outer loop
      vertex -63.33421249469979 -60.221581091998786 1.6
      vertex -63.527811535945084 -60.33761989170414 0
      vertex -63.33421249469979 -60.221581091998786 0
    endloop
  endfacet
  facet normal 0.4275550934302915 -0.9039892931234388 0
    outer loop
      vertex -63.130171894439705 -60.12507707522404 1.6
      vertex -63.33421249469979 -60.221581091998786 0
      vertex -63.130171894439705 -60.12507707522404 0
    endloop
  endfacet
  facet normal 0.3368898533922117 -0.9415440651830238 0
    outer loop
      vertex -62.91765475768526 -60.04903722781592 1.6
      vertex -63.130171894439705 -60.12507707522404 0
      vertex -62.91765475768526 -60.04903722781592 0
    endloop
  endfacet
  facet normal 0.24298017990329404 -0.9700312531945364 0
    outer loop
      vertex -62.6987077406371 -59.99419385507257 1.6
      vertex -62.91765475768526 -60.04903722781592 0
      vertex -62.6987077406371 -59.99419385507257 0
    endloop
  endfacet
  facet normal 0.14673047445535176 -0.9891765099647825 0
    outer loop
      vertex -62.47543942275799 -59.961075128653945 1.6
      vertex -62.6987077406371 -59.99419385507257 0
      vertex -62.47543942275799 -59.961075128653945 0
    endloop
  endfacet
  facet normal 0.04906767432739827 -0.9987954562051733 0
    outer loop
      vertex -62.25 -59.95 1.6
      vertex -62.47543942275799 -59.961075128653945 0
      vertex -62.25 -59.95 0
    endloop
  endfacet
  facet normal -0.04906767432739827 -0.9987954562051733 0
    outer loop
      vertex -62.02456057724201 -59.961075128653945 1.6
      vertex -62.25 -59.95 0
      vertex -62.02456057724201 -59.961075128653945 0
    endloop
  endfacet
  facet normal -0.14673047445535176 -0.9891765099647825 0
    outer loop
      vertex -61.8012922593629 -59.99419385507257 1.6
      vertex -62.02456057724201 -59.961075128653945 0
      vertex -61.8012922593629 -59.99419385507257 0
    endloop
  endfacet
  facet normal -0.5956993044924147 0.8032075314806587 0
    outer loop
      vertex -60.972188464054916 -64.16238010829585 1.6
      vertex -60.79089544642362 -64.0279240427343 0
      vertex -60.972188464054916 -64.16238010829585 0
    endloop
  endfacet
  facet normal -0.6715589548470171 0.74095112535496 0
    outer loop
      vertex -60.79089544642362 -64.0279240427343 1.6
      vertex -60.62365440327094 -63.87634559672906 0
      vertex -60.79089544642362 -64.0279240427343 0
    endloop
  endfacet
  facet normal -0.74095112535496 0.6715589548470171 0
    outer loop
      vertex -60.62365440327094 -63.87634559672906 1.6
      vertex -60.4720759572657 -63.70910455357638 0
      vertex -60.62365440327094 -63.87634559672906 0
    endloop
  endfacet
  facet normal -0.8032075314806436 0.595699304492435 0
    outer loop
      vertex -60.4720759572657 -63.70910455357638 1.6
      vertex -60.33761989170414 -63.527811535945084 0
      vertex -60.4720759572657 -63.70910455357638 0
    endloop
  endfacet
  facet normal -0.8577286100002838 0.5141027441932019 0
    outer loop
      vertex -60.33761989170414 -63.527811535945084 1.6
      vertex -60.221581091998786 -63.33421249469979 0
      vertex -60.33761989170414 -63.527811535945084 0
    endloop
  endfacet
  facet normal -0.9039892931234388 0.4275550934302915 0
    outer loop
      vertex -60.221581091998786 -63.33421249469979 1.6
      vertex -60.12507707522404 -63.130171894439705 0
      vertex -60.221581091998786 -63.33421249469979 0
    endloop
  endfacet
  facet normal -0.9415440651830238 0.3368898533922117 0
    outer loop
      vertex -60.12507707522404 -63.130171894439705 1.6
      vertex -60.04903722781592 -62.91765475768526 0
      vertex -60.12507707522404 -63.130171894439705 0
    endloop
  endfacet
  facet normal -0.9700312531945364 0.24298017990329404 0
    outer loop
      vertex -60.04903722781592 -62.91765475768526 1.6
      vertex -59.99419385507257 -62.6987077406371 0
      vertex -60.04903722781592 -62.91765475768526 0
    endloop
  endfacet
  facet normal -0.9891765099647825 0.14673047445535176 0
    outer loop
      vertex -59.99419385507257 -62.6987077406371 1.6
      vertex -59.961075128653945 -62.47543942275799 0
      vertex -59.99419385507257 -62.6987077406371 0
    endloop
  endfacet
  facet normal -0.9987954562051733 0.04906767432739827 0
    outer loop
      vertex -59.961075128653945 -62.47543942275799 1.6
      vertex -59.95 -62.25 0
      vertex -59.961075128653945 -62.47543942275799 0
    endloop
  endfacet
  facet normal -0.9987954562051733 -0.04906767432739827 0
    outer loop
      vertex -59.95 -62.25 1.6
      vertex -59.961075128653945 -62.02456057724201 0
      vertex -59.95 -62.25 0
    endloop
  endfacet
  facet normal -0.9891765099647825 -0.14673047445535176 0
    outer loop
      vertex -59.961075128653945 -62.02456057724201 1.6
      vertex -59.99419385507257 -61.8012922593629 0
      vertex -59.961075128653945 -62.02456057724201 0
    endloop
  endfacet
  facet normal -0.9700312531945364 -0.24298017990329404 0
    outer loop
      vertex -59.99419385507257 -61.8012922593629 1.6
      vertex -60.04903722781592 -61.58234524231474 0
      vertex -59.99419385507257 -61.8012922593629 0
    endloop
  endfacet
  facet normal -0.6715589548470171 -0.74095112535496 0
    outer loop
      vertex -60.62365440327094 -60.62365440327094 1.6
      vertex -60.79089544642362 -60.4720759572657 0
      vertex -60.62365440327094 -60.62365440327094 0
    endloop
  endfacet
  facet normal -0.74095112535496 -0.6715589548470171 0
    outer loop
      vertex -60.4720759572657 -60.79089544642362 1.6
      vertex -60.62365440327094 -60.62365440327094 0
      vertex -60.4720759572657 -60.79089544642362 0
    endloop
  endfacet
  facet normal -0.24298017990329404 -0.9700312531945364 0
    outer loop
      vertex -61.58234524231474 -60.04903722781592 1.6
      vertex -61.8012922593629 -59.99419385507257 0
      vertex -61.58234524231474 -60.04903722781592 0
    endloop
  endfacet
  facet normal -0.3368898533922117 -0.9415440651830238 0
    outer loop
      vertex -61.369828105560295 -60.12507707522404 1.6
      vertex -61.58234524231474 -60.04903722781592 0
      vertex -61.369828105560295 -60.12507707522404 0
    endloop
  endfacet
  facet normal -0.4275550934302915 -0.9039892931234388 0
    outer loop
      vertex -61.16578750530021 -60.221581091998786 1.6
      vertex -61.369828105560295 -60.12507707522404 0
      vertex -61.16578750530021 -60.221581091998786 0
    endloop
  endfacet
  facet normal -0.5141027441932019 -0.8577286100002838 0
    outer loop
      vertex -60.972188464054916 -60.33761989170414 1.6
      vertex -61.16578750530021 -60.221581091998786 0
      vertex -60.972188464054916 -60.33761989170414 0
    endloop
  endfacet
  facet normal -0.595699304492435 -0.8032075314806436 0
    outer loop
      vertex -60.79089544642362 -60.4720759572657 1.6
      vertex -60.972188464054916 -60.33761989170414 0
      vertex -60.79089544642362 -60.4720759572657 0
    endloop
  endfacet
  facet normal -0.9415440651830238 -0.3368898533922117 0
    outer loop
      vertex -60.04903722781592 -61.58234524231474 1.6
      vertex -60.12507707522404 -61.369828105560295 0
      vertex -60.04903722781592 -61.58234524231474 0
    endloop
  endfacet
  facet normal -0.9039892931234388 -0.4275550934302915 0
    outer loop
      vertex -60.12507707522404 -61.369828105560295 1.6
      vertex -60.221581091998786 -61.16578750530021 0
      vertex -60.12507707522404 -61.369828105560295 0
    endloop
  endfacet
  facet normal -0.8032075314806436 -0.595699304492435 0
    outer loop
      vertex -60.33761989170414 -60.972188464054916 1.6
      vertex -60.4720759572657 -60.79089544642362 0
      vertex -60.33761989170414 -60.972188464054916 0
    endloop
  endfacet
  facet normal -0.8577286100002838 -0.5141027441932019 0
    outer loop
      vertex -60.221581091998786 -61.16578750530021 1.6
      vertex -60.33761989170414 -60.972188464054916 0
      vertex -60.221581091998786 -61.16578750530021 0
    endloop
  endfacet
  facet normal 0.85772861000027 0.5141027441932251 0
    outer loop
      vertex -64.27841890800121 -63.33421249469979 1.6
      vertex -64.16238010829585 -63.527811535945084 1.6
      vertex -64.16238010829585 -63.527811535945084 0
    endloop
  endfacet
  facet normal 0.9039892931234388 0.4275550934302915 0
    outer loop
      vertex -64.27841890800121 -63.33421249469979 1.6
      vertex -64.27841890800121 -63.33421249469979 0
      vertex -64.37492292477596 -63.130171894439705 1.6
    endloop
  endfacet
  facet normal 0.9415440651830138 0.3368898533922396 0
    outer loop
      vertex -64.37492292477596 -63.130171894439705 1.6
      vertex -64.37492292477596 -63.130171894439705 0
      vertex -64.45096277218408 -62.91765475768526 1.6
    endloop
  endfacet
  facet normal 0.9891765099647825 0.14673047445535176 0
    outer loop
      vertex -64.50580614492743 -62.6987077406371 1.6
      vertex -64.50580614492743 -62.6987077406371 0
      vertex -64.53892487134605 -62.47543942275799 1.6
    endloop
  endfacet
  facet normal 0.9987954562051733 0.04906767432739827 0
    outer loop
      vertex -64.53892487134605 -62.47543942275799 1.6
      vertex -64.53892487134605 -62.47543942275799 0
      vertex -64.55 -62.25 1.6
    endloop
  endfacet
  facet normal 0.9700312531945439 0.24298017990326443 0
    outer loop
      vertex -64.50580614492743 -62.6987077406371 1.6
      vertex -64.45096277218408 -62.91765475768526 1.6
      vertex -64.45096277218408 -62.91765475768526 0
    endloop
  endfacet
  facet normal 0.9987954562051733 -0.04906767432739827 0
    outer loop
      vertex -64.55 -62.25 1.6
      vertex -64.55 -62.25 0
      vertex -64.53892487134605 -62.02456057724201 1.6
    endloop
  endfacet
  facet normal 0.9891765099647825 -0.14673047445535176 0
    outer loop
      vertex -64.53892487134605 -62.02456057724201 1.6
      vertex -64.53892487134605 -62.02456057724201 0
      vertex -64.50580614492743 -61.8012922593629 1.6
    endloop
  endfacet
  facet normal 0.9700312531945439 -0.24298017990326443 0
    outer loop
      vertex -64.50580614492743 -61.8012922593629 1.6
      vertex -64.50580614492743 -61.8012922593629 0
      vertex -64.45096277218408 -61.58234524231474 1.6
    endloop
  endfacet
  facet normal 0.9415440651830138 -0.3368898533922396 0
    outer loop
      vertex -64.45096277218408 -61.58234524231474 1.6
      vertex -64.45096277218408 -61.58234524231474 0
      vertex -64.37492292477596 -61.369828105560295 1.6
    endloop
  endfacet
  facet normal 0.9039892931234388 -0.4275550934302915 0
    outer loop
      vertex -64.37492292477596 -61.369828105560295 1.6
      vertex -64.37492292477596 -61.369828105560295 0
      vertex -64.27841890800121 -61.16578750530021 1.6
    endloop
  endfacet
  facet normal 0.85772861000027 -0.5141027441932251 0
    outer loop
      vertex -64.27841890800121 -61.16578750530021 1.6
      vertex -64.27841890800121 -61.16578750530021 0
      vertex -64.16238010829585 -60.972188464054916 1.6
    endloop
  endfacet
  facet normal 0.5141027441932251 0.85772861000027 0
    outer loop
      vertex -63.33421249469979 -64.27841890800121 1.6
      vertex -63.33421249469979 -64.27841890800121 0
      vertex -63.527811535945084 -64.16238010829585 1.6
    endloop
  endfacet
  facet normal 0.4275550934302915 0.9039892931234388 0
    outer loop
      vertex -63.33421249469979 -64.27841890800121 1.6
      vertex -63.130171894439705 -64.37492292477596 1.6
      vertex -63.130171894439705 -64.37492292477596 0
    endloop
  endfacet
  facet normal 0.3368898533922396 0.9415440651830138 0
    outer loop
      vertex -63.130171894439705 -64.37492292477596 1.6
      vertex -62.91765475768526 -64.45096277218408 1.6
      vertex -62.91765475768526 -64.45096277218408 0
    endloop
  endfacet
  facet normal 0.24298017990326443 0.9700312531945439 0
    outer loop
      vertex -62.6987077406371 -64.50580614492743 1.6
      vertex -62.6987077406371 -64.50580614492743 0
      vertex -62.91765475768526 -64.45096277218408 1.6
    endloop
  endfacet
  facet normal 0.14673047445535176 0.9891765099647825 0
    outer loop
      vertex -62.6987077406371 -64.50580614492743 1.6
      vertex -62.47543942275799 -64.53892487134605 1.6
      vertex -62.47543942275799 -64.53892487134605 0
    endloop
  endfacet
  facet normal 0.04906767432739827 0.9987954562051733 0
    outer loop
      vertex -62.47543942275799 -64.53892487134605 1.6
      vertex -62.25 -64.55 1.6
      vertex -62.25 -64.55 0
    endloop
  endfacet
  facet normal -0.04906767432739827 0.9987954562051733 0
    outer loop
      vertex -62.25 -64.55 1.6
      vertex -62.02456057724201 -64.53892487134605 1.6
      vertex -62.02456057724201 -64.53892487134605 0
    endloop
  endfacet
  facet normal -0.14673047445535176 0.9891765099647825 0
    outer loop
      vertex -62.02456057724201 -64.53892487134605 1.6
      vertex -61.8012922593629 -64.50580614492743 1.6
      vertex -61.8012922593629 -64.50580614492743 0
    endloop
  endfacet
  facet normal -0.24298017990326443 0.9700312531945439 0
    outer loop
      vertex -61.8012922593629 -64.50580614492743 1.6
      vertex -61.58234524231474 -64.45096277218408 1.6
      vertex -61.58234524231474 -64.45096277218408 0
    endloop
  endfacet
  facet normal -0.3368898533922396 0.9415440651830138 0
    outer loop
      vertex -61.58234524231474 -64.45096277218408 1.6
      vertex -61.369828105560295 -64.37492292477596 1.6
      vertex -61.369828105560295 -64.37492292477596 0
    endloop
  endfacet
  facet normal -0.4275550934302915 0.9039892931234388 0
    outer loop
      vertex -61.369828105560295 -64.37492292477596 1.6
      vertex -61.16578750530021 -64.27841890800121 1.6
      vertex -61.16578750530021 -64.27841890800121 0
    endloop
  endfacet
  facet normal -0.5141027441932251 0.85772861000027 0
    outer loop
      vertex -61.16578750530021 -64.27841890800121 1.6
      vertex -60.972188464054916 -64.16238010829585 1.6
      vertex -60.972188464054916 -64.16238010829585 0
    endloop
  endfacet
  facet normal 0.8032075314806587 0.5956993044924147 0
    outer loop
      vertex -64.0279240427343 -63.70910455357638 1.6
      vertex -64.0279240427343 -63.70910455357638 0
      vertex -64.16238010829585 -63.527811535945084 1.6
    endloop
  endfacet
  facet normal 0.74095112535496 0.6715589548470171 0
    outer loop
      vertex -63.87634559672906 -63.87634559672906 1.6
      vertex -63.87634559672906 -63.87634559672906 0
      vertex -64.0279240427343 -63.70910455357638 1.6
    endloop
  endfacet
  facet normal 0.6715589548470171 0.74095112535496 0
    outer loop
      vertex -63.87634559672906 -63.87634559672906 1.6
      vertex -63.70910455357638 -64.0279240427343 1.6
      vertex -63.70910455357638 -64.0279240427343 0
    endloop
  endfacet
  facet normal 0.5956993044924147 0.8032075314806587 0
    outer loop
      vertex -63.70910455357638 -64.0279240427343 1.6
      vertex -63.527811535945084 -64.16238010829585 1.6
      vertex -63.527811535945084 -64.16238010829585 0
    endloop
  endfacet
  facet normal 0.8032075314806587 -0.5956993044924147 0
    outer loop
      vertex -64.16238010829585 -60.972188464054916 1.6
      vertex -64.16238010829585 -60.972188464054916 0
      vertex -64.0279240427343 -60.79089544642362 1.6
    endloop
  endfacet
  facet normal 0.74095112535496 -0.6715589548470171 0
    outer loop
      vertex -64.0279240427343 -60.79089544642362 1.6
      vertex -64.0279240427343 -60.79089544642362 0
      vertex -63.87634559672906 -60.62365440327094 1.6
    endloop
  endfacet
  facet normal 0.6715589548470171 -0.74095112535496 0
    outer loop
      vertex -63.87634559672906 -60.62365440327094 1.6
      vertex -63.87634559672906 -60.62365440327094 0
      vertex -63.70910455357638 -60.4720759572657 1.6
    endloop
  endfacet
  facet normal 0.595699304492435 -0.8032075314806436 0
    outer loop
      vertex -63.70910455357638 -60.4720759572657 1.6
      vertex -63.70910455357638 -60.4720759572657 0
      vertex -63.527811535945084 -60.33761989170414 1.6
    endloop
  endfacet
  facet normal 0.5141027441932019 -0.8577286100002838 0
    outer loop
      vertex -63.527811535945084 -60.33761989170414 1.6
      vertex -63.527811535945084 -60.33761989170414 0
      vertex -63.33421249469979 -60.221581091998786 1.6
    endloop
  endfacet
  facet normal 0.4275550934302915 -0.9039892931234388 0
    outer loop
      vertex -63.33421249469979 -60.221581091998786 1.6
      vertex -63.33421249469979 -60.221581091998786 0
      vertex -63.130171894439705 -60.12507707522404 1.6
    endloop
  endfacet
  facet normal 0.3368898533922117 -0.9415440651830238 0
    outer loop
      vertex -63.130171894439705 -60.12507707522404 1.6
      vertex -63.130171894439705 -60.12507707522404 0
      vertex -62.91765475768526 -60.04903722781592 1.6
    endloop
  endfacet
  facet normal 0.24298017990329404 -0.9700312531945364 0
    outer loop
      vertex -62.91765475768526 -60.04903722781592 1.6
      vertex -62.91765475768526 -60.04903722781592 0
      vertex -62.6987077406371 -59.99419385507257 1.6
    endloop
  endfacet
  facet normal 0.14673047445535176 -0.9891765099647825 0
    outer loop
      vertex -62.6987077406371 -59.99419385507257 1.6
      vertex -62.6987077406371 -59.99419385507257 0
      vertex -62.47543942275799 -59.961075128653945 1.6
    endloop
  endfacet
  facet normal 0.04906767432739827 -0.9987954562051733 0
    outer loop
      vertex -62.47543942275799 -59.961075128653945 1.6
      vertex -62.47543942275799 -59.961075128653945 0
      vertex -62.25 -59.95 1.6
    endloop
  endfacet
  facet normal -0.04906767432739827 -0.9987954562051733 0
    outer loop
      vertex -62.25 -59.95 1.6
      vertex -62.25 -59.95 0
      vertex -62.02456057724201 -59.961075128653945 1.6
    endloop
  endfacet
  facet normal -0.14673047445535176 -0.9891765099647825 0
    outer loop
      vertex -62.02456057724201 -59.961075128653945 1.6
      vertex -62.02456057724201 -59.961075128653945 0
      vertex -61.8012922593629 -59.99419385507257 1.6
    endloop
  endfacet
  facet normal -0.24298017990329404 -0.9700312531945364 0
    outer loop
      vertex -61.58234524231474 -60.04903722781592 1.6
      vertex -61.8012922593629 -59.99419385507257 1.6
      vertex -61.8012922593629 -59.99419385507257 0
    endloop
  endfacet
  facet normal -0.5956993044924147 0.8032075314806587 0
    outer loop
      vertex -60.972188464054916 -64.16238010829585 1.6
      vertex -60.79089544642362 -64.0279240427343 1.6
      vertex -60.79089544642362 -64.0279240427343 0
    endloop
  endfacet
  facet normal -0.6715589548470171 0.74095112535496 0
    outer loop
      vertex -60.79089544642362 -64.0279240427343 1.6
      vertex -60.62365440327094 -63.87634559672906 1.6
      vertex -60.62365440327094 -63.87634559672906 0
    endloop
  endfacet
  facet normal -0.74095112535496 0.6715589548470171 0
    outer loop
      vertex -60.62365440327094 -63.87634559672906 1.6
      vertex -60.4720759572657 -63.70910455357638 1.6
      vertex -60.4720759572657 -63.70910455357638 0
    endloop
  endfacet
  facet normal -0.8032075314806436 0.595699304492435 0
    outer loop
      vertex -60.4720759572657 -63.70910455357638 1.6
      vertex -60.33761989170414 -63.527811535945084 1.6
      vertex -60.33761989170414 -63.527811535945084 0
    endloop
  endfacet
  facet normal -0.8577286100002838 0.5141027441932019 0
    outer loop
      vertex -60.33761989170414 -63.527811535945084 1.6
      vertex -60.221581091998786 -63.33421249469979 1.6
      vertex -60.221581091998786 -63.33421249469979 0
    endloop
  endfacet
  facet normal -0.9039892931234388 0.4275550934302915 0
    outer loop
      vertex -60.221581091998786 -63.33421249469979 1.6
      vertex -60.12507707522404 -63.130171894439705 1.6
      vertex -60.12507707522404 -63.130171894439705 0
    endloop
  endfacet
  facet normal -0.9415440651830238 0.3368898533922117 0
    outer loop
      vertex -60.12507707522404 -63.130171894439705 1.6
      vertex -60.04903722781592 -62.91765475768526 1.6
      vertex -60.04903722781592 -62.91765475768526 0
    endloop
  endfacet
  facet normal -0.9700312531945364 0.24298017990329404 0
    outer loop
      vertex -60.04903722781592 -62.91765475768526 1.6
      vertex -59.99419385507257 -62.6987077406371 1.6
      vertex -59.99419385507257 -62.6987077406371 0
    endloop
  endfacet
  facet normal -0.9891765099647825 0.14673047445535176 0
    outer loop
      vertex -59.99419385507257 -62.6987077406371 1.6
      vertex -59.961075128653945 -62.47543942275799 1.6
      vertex -59.961075128653945 -62.47543942275799 0
    endloop
  endfacet
  facet normal -0.9987954562051733 0.04906767432739827 0
    outer loop
      vertex -59.961075128653945 -62.47543942275799 1.6
      vertex -59.95 -62.25 1.6
      vertex -59.95 -62.25 0
    endloop
  endfacet
  facet normal -0.9987954562051733 -0.04906767432739827 0
    outer loop
      vertex -59.95 -62.25 1.6
      vertex -59.961075128653945 -62.02456057724201 1.6
      vertex -59.961075128653945 -62.02456057724201 0
    endloop
  endfacet
  facet normal -0.9891765099647825 -0.14673047445535176 0
    outer loop
      vertex -59.961075128653945 -62.02456057724201 1.6
      vertex -59.99419385507257 -61.8012922593629 1.6
      vertex -59.99419385507257 -61.8012922593629 0
    endloop
  endfacet
  facet normal -0.6715589548470171 -0.74095112535496 0
    outer loop
      vertex -60.62365440327094 -60.62365440327094 1.6
      vertex -60.79089544642362 -60.4720759572657 1.6
      vertex -60.79089544642362 -60.4720759572657 0
    endloop
  endfacet
  facet normal -0.74095112535496 -0.6715589548470171 0
    outer loop
      vertex -60.62365440327094 -60.62365440327094 1.6
      vertex -60.62365440327094 -60.62365440327094 0
      vertex -60.4720759572657 -60.79089544642362 1.6
    endloop
  endfacet
  facet normal -0.3368898533922117 -0.9415440651830238 0
    outer loop
      vertex -61.58234524231474 -60.04903722781592 1.6
      vertex -61.58234524231474 -60.04903722781592 0
      vertex -61.369828105560295 -60.12507707522404 1.6
    endloop
  endfacet
  facet normal -0.4275550934302915 -0.9039892931234388 0
    outer loop
      vertex -61.369828105560295 -60.12507707522404 1.6
      vertex -61.369828105560295 -60.12507707522404 0
      vertex -61.16578750530021 -60.221581091998786 1.6
    endloop
  endfacet
  facet normal -0.5141027441932019 -0.8577286100002838 0
    outer loop
      vertex -60.972188464054916 -60.33761989170414 1.6
      vertex -61.16578750530021 -60.221581091998786 1.6
      vertex -61.16578750530021 -60.221581091998786 0
    endloop
  endfacet
  facet normal -0.595699304492435 -0.8032075314806436 0
    outer loop
      vertex -60.972188464054916 -60.33761989170414 1.6
      vertex -60.972188464054916 -60.33761989170414 0
      vertex -60.79089544642362 -60.4720759572657 1.6
    endloop
  endfacet
  facet normal -0.9039892931234388 -0.4275550934302915 0
    outer loop
      vertex -60.12507707522404 -61.369828105560295 1.6
      vertex -60.221581091998786 -61.16578750530021 1.6
      vertex -60.221581091998786 -61.16578750530021 0
    endloop
  endfacet
  facet normal -0.9700312531945364 -0.24298017990329404 0
    outer loop
      vertex -60.04903722781592 -61.58234524231474 1.6
      vertex -60.04903722781592 -61.58234524231474 0
      vertex -59.99419385507257 -61.8012922593629 1.6
    endloop
  endfacet
  facet normal -0.9415440651830238 -0.3368898533922117 0
    outer loop
      vertex -60.04903722781592 -61.58234524231474 1.6
      vertex -60.12507707522404 -61.369828105560295 1.6
      vertex -60.12507707522404 -61.369828105560295 0
    endloop
  endfacet
  facet normal -0.8032075314806436 -0.595699304492435 0
    outer loop
      vertex -60.33761989170414 -60.972188464054916 1.6
      vertex -60.4720759572657 -60.79089544642362 1.6
      vertex -60.4720759572657 -60.79089544642362 0
    endloop
  endfacet
  facet normal -0.8577286100002838 -0.5141027441932019 0
    outer loop
      vertex -60.33761989170414 -60.972188464054916 1.6
      vertex -60.33761989170414 -60.972188464054916 0
      vertex -60.221581091998786 -61.16578750530021 1.6
    endloop
  endfacet
  facet normal 0 0 1
    outer loop
      vertex -64.35732848254213 -65.9 1.6
      vertex -64.16238010829585 -63.527811535945084 1.6
      vertex -64.27841890800121 -63.33421249469979 1.6
    endloop
  endfacet
  facet normal 0 0 1
    outer loop
      vertex -66.46465696508427 -62.25 1.6
      vertex -64.35732848254213 -65.9 1.6
      vertex -64.37492292477596 -63.130171894439705 1.6
    endloop
  endfacet
  facet normal 0 0 1
    outer loop
      vertex -64.35732848254213 -65.9 1.6
      vertex -64.27841890800121 -63.33421249469979 1.6
      vertex -64.37492292477596 -63.130171894439705 1.6
    endloop
  endfacet
  facet normal 0 0 1
    outer loop
      vertex -66.46465696508427 -62.25 1.6
      vertex -64.45096277218408 -62.91765475768526 1.6
      vertex -64.50580614492743 -62.6987077406371 1.6
    endloop
  endfacet
  facet normal 0 0 1
    outer loop
      vertex -66.46465696508427 -62.25 1.6
      vertex -64.50580614492743 -62.6987077406371 1.6
      vertex -64.53892487134605 -62.47543942275799 1.6
    endloop
  endfacet
  facet normal 0 0 1
    outer loop
      vertex -66.46465696508427 -62.25 1.6
      vertex -64.37492292477596 -63.130171894439705 1.6
      vertex -64.45096277218408 -62.91765475768526 1.6
    endloop
  endfacet
  facet normal 0 0 1
    outer loop
      vertex -66.46465696508427 -62.25 1.6
      vertex -64.53892487134605 -62.47543942275799 1.6
      vertex -64.55 -62.25 1.6
    endloop
  endfacet
  facet normal 0 0 1
    outer loop
      vertex -66.46465696508427 -62.25 1.6
      vertex -64.55 -62.25 1.6
      vertex -64.53892487134605 -62.02456057724201 1.6
    endloop
  endfacet
  facet normal 0 0 1
    outer loop
      vertex -66.46465696508427 -62.25 1.6
      vertex -64.53892487134605 -62.02456057724201 1.6
      vertex -64.50580614492743 -61.8012922593629 1.6
    endloop
  endfacet
  facet normal 0 0 1
    outer loop
      vertex -66.46465696508427 -62.25 1.6
      vertex -64.50580614492743 -61.8012922593629 1.6
      vertex -64.45096277218408 -61.58234524231474 1.6
    endloop
  endfacet
  facet normal 0 0 1
    outer loop
      vertex -66.46465696508427 -62.25 1.6
      vertex -64.45096277218408 -61.58234524231474 1.6
      vertex -64.37492292477596 -61.369828105560295 1.6
    endloop
  endfacet
  facet normal 0 0 1
    outer loop
      vertex -66.46465696508427 -62.25 1.6
      vertex -64.37492292477596 -61.369828105560295 1.6
      vertex -64.27841890800121 -61.16578750530021 1.6
    endloop
  endfacet
  facet normal 0 0 1
    outer loop
      vertex -66.46465696508427 -62.25 1.6
      vertex -64.27841890800121 -61.16578750530021 1.6
      vertex -64.35732848254213 -58.6 1.6
    endloop
  endfacet
  facet normal 0 0 1
    outer loop
      vertex -64.27841890800121 -61.16578750530021 1.6
      vertex -64.16238010829585 -60.972188464054916 1.6
      vertex -64.35732848254213 -58.6 1.6
    endloop
  endfacet
  facet normal 0 0 1
    outer loop
      vertex -64.35732848254213 -65.9 1.6
      vertex -63.130171894439705 -64.37492292477596 1.6
      vertex -63.33421249469979 -64.27841890800121 1.6
    endloop
  endfacet
  facet normal 0 0 1
    outer loop
      vertex -64.35732848254213 -65.9 1.6
      vertex -63.70910455357638 -64.0279240427343 1.6
      vertex -63.87634559672906 -63.87634559672906 1.6
    endloop
  endfacet
  facet normal 0 0 1
    outer loop
      vertex -64.35732848254213 -65.9 1.6
      vertex -63.87634559672906 -63.87634559672906 1.6
      vertex -64.0279240427343 -63.70910455357638 1.6
    endloop
  endfacet
  facet normal 0 0 1
    outer loop
      vertex -64.35732848254213 -65.9 1.6
      vertex -64.0279240427343 -63.70910455357638 1.6
      vertex -64.16238010829585 -63.527811535945084 1.6
    endloop
  endfacet
  facet normal 0 0 1
    outer loop
      vertex -64.35732848254213 -65.9 1.6
      vertex -63.33421249469979 -64.27841890800121 1.6
      vertex -63.527811535945084 -64.16238010829585 1.6
    endloop
  endfacet
  facet normal 0 0 1
    outer loop
      vertex -64.35732848254213 -65.9 1.6
      vertex -63.527811535945084 -64.16238010829585 1.6
      vertex -63.70910455357638 -64.0279240427343 1.6
    endloop
  endfacet
  facet normal 0 0 1
    outer loop
      vertex -64.35732848254213 -65.9 1.6
      vertex -62.91765475768526 -64.45096277218408 1.6
      vertex -63.130171894439705 -64.37492292477596 1.6
    endloop
  endfacet
  facet normal 0 0 1
    outer loop
      vertex -64.35732848254213 -65.9 1.6
      vertex -62.6987077406371 -64.50580614492743 1.6
      vertex -62.91765475768526 -64.45096277218408 1.6
    endloop
  endfacet
  facet normal 0 0 1
    outer loop
      vertex -64.35732848254213 -65.9 1.6
      vertex -62.47543942275799 -64.53892487134605 1.6
      vertex -62.6987077406371 -64.50580614492743 1.6
    endloop
  endfacet
  facet normal 0 0 1
    outer loop
      vertex -64.35732848254213 -65.9 1.6
      vertex -62.25 -64.55 1.6
      vertex -62.47543942275799 -64.53892487134605 1.6
    endloop
  endfacet
  facet normal 0 0 1
    outer loop
      vertex -64.35732848254213 -65.9 1.6
      vertex -60.14267151745786 -65.9 1.6
      vertex -62.02456057724201 -64.53892487134605 1.6
    endloop
  endfacet
  facet normal 0 0 1
    outer loop
      vertex -64.35732848254213 -65.9 1.6
      vertex -62.02456057724201 -64.53892487134605 1.6
      vertex -62.25 -64.55 1.6
    endloop
  endfacet
  facet normal 0 0 1
    outer loop
      vertex -62.02456057724201 -64.53892487134605 1.6
      vertex -60.14267151745786 -65.9 1.6
      vertex -61.8012922593629 -64.50580614492743 1.6
    endloop
  endfacet
  facet normal 0 0 1
    outer loop
      vertex -61.8012922593629 -64.50580614492743 1.6
      vertex -60.14267151745786 -65.9 1.6
      vertex -61.58234524231474 -64.45096277218408 1.6
    endloop
  endfacet
  facet normal 0 0 1
    outer loop
      vertex -61.58234524231474 -64.45096277218408 1.6
      vertex -60.14267151745786 -65.9 1.6
      vertex -61.369828105560295 -64.37492292477596 1.6
    endloop
  endfacet
  facet normal 0 0 1
    outer loop
      vertex -61.369828105560295 -64.37492292477596 1.6
      vertex -60.14267151745786 -65.9 1.6
      vertex -61.16578750530021 -64.27841890800121 1.6
    endloop
  endfacet
  facet normal 0 0 1
    outer loop
      vertex -61.16578750530021 -64.27841890800121 1.6
      vertex -60.14267151745786 -65.9 1.6
      vertex -60.972188464054916 -64.16238010829585 1.6
    endloop
  endfacet
  facet normal 0 0 1
    outer loop
      vertex -60.972188464054916 -64.16238010829585 1.6
      vertex -60.14267151745786 -65.9 1.6
      vertex -60.79089544642362 -64.0279240427343 1.6
    endloop
  endfacet
  facet normal 0 0 1
    outer loop
      vertex -60.79089544642362 -64.0279240427343 1.6
      vertex -60.14267151745786 -65.9 1.6
      vertex -60.62365440327094 -63.87634559672906 1.6
    endloop
  endfacet
  facet normal 0 0 1
    outer loop
      vertex -60.62365440327094 -63.87634559672906 1.6
      vertex -60.14267151745786 -65.9 1.6
      vertex -60.4720759572657 -63.70910455357638 1.6
    endloop
  endfacet
  facet normal 0 0 1
    outer loop
      vertex -60.14267151745786 -65.9 1.6
      vertex -60.33761989170414 -63.527811535945084 1.6
      vertex -60.4720759572657 -63.70910455357638 1.6
    endloop
  endfacet
  facet normal 0 0 1
    outer loop
      vertex -60.14267151745786 -65.9 1.6
      vertex -60.221581091998786 -63.33421249469979 1.6
      vertex -60.33761989170414 -63.527811535945084 1.6
    endloop
  endfacet
  facet normal 0 0 1
    outer loop
      vertex -64.16238010829585 -60.972188464054916 1.6
      vertex -64.0279240427343 -60.79089544642362 1.6
      vertex -64.35732848254213 -58.6 1.6
    endloop
  endfacet
  facet normal 0 0 1
    outer loop
      vertex -64.0279240427343 -60.79089544642362 1.6
      vertex -63.87634559672906 -60.62365440327094 1.6
      vertex -64.35732848254213 -58.6 1.6
    endloop
  endfacet
  facet normal 0 0 1
    outer loop
      vertex -63.87634559672906 -60.62365440327094 1.6
      vertex -63.70910455357638 -60.4720759572657 1.6
      vertex -64.35732848254213 -58.6 1.6
    endloop
  endfacet
  facet normal 0 0 1
    outer loop
      vertex -64.35732848254213 -58.6 1.6
      vertex -63.70910455357638 -60.4720759572657 1.6
      vertex -63.527811535945084 -60.33761989170414 1.6
    endloop
  endfacet
  facet normal 0 0 1
    outer loop
      vertex -64.35732848254213 -58.6 1.6
      vertex -63.527811535945084 -60.33761989170414 1.6
      vertex -63.33421249469979 -60.221581091998786 1.6
    endloop
  endfacet
  facet normal 0 0 1
    outer loop
      vertex -64.35732848254213 -58.6 1.6
      vertex -63.33421249469979 -60.221581091998786 1.6
      vertex -63.130171894439705 -60.12507707522404 1.6
    endloop
  endfacet
  facet normal 0 0 1
    outer loop
      vertex -64.35732848254213 -58.6 1.6
      vertex -63.130171894439705 -60.12507707522404 1.6
      vertex -62.91765475768526 -60.04903722781592 1.6
    endloop
  endfacet
  facet normal 0 0 1
    outer loop
      vertex -64.35732848254213 -58.6 1.6
      vertex -62.91765475768526 -60.04903722781592 1.6
      vertex -62.6987077406371 -59.99419385507257 1.6
    endloop
  endfacet
  facet normal 0 0 1
    outer loop
      vertex -64.35732848254213 -58.6 1.6
      vertex -62.6987077406371 -59.99419385507257 1.6
      vertex -62.47543942275799 -59.961075128653945 1.6
    endloop
  endfacet
  facet normal 0 0 1
    outer loop
      vertex -60.14267151745786 -65.9 1.6
      vertex -58.03534303491573 -62.25 1.6
      vertex -60.221581091998786 -63.33421249469979 1.6
    endloop
  endfacet
  facet normal 0 0 1
    outer loop
      vertex -60.221581091998786 -63.33421249469979 1.6
      vertex -58.03534303491573 -62.25 1.6
      vertex -60.12507707522404 -63.130171894439705 1.6
    endloop
  endfacet
  facet normal 0 0 1
    outer loop
      vertex -60.12507707522404 -63.130171894439705 1.6
      vertex -58.03534303491573 -62.25 1.6
      vertex -60.04903722781592 -62.91765475768526 1.6
    endloop
  endfacet
  facet normal 0 0 1
    outer loop
      vertex -60.04903722781592 -62.91765475768526 1.6
      vertex -58.03534303491573 -62.25 1.6
      vertex -59.99419385507257 -62.6987077406371 1.6
    endloop
  endfacet
  facet normal 0 0 1
    outer loop
      vertex -59.99419385507257 -62.6987077406371 1.6
      vertex -58.03534303491573 -62.25 1.6
      vertex -59.961075128653945 -62.47543942275799 1.6
    endloop
  endfacet
  facet normal 0 0 1
    outer loop
      vertex -59.961075128653945 -62.47543942275799 1.6
      vertex -58.03534303491573 -62.25 1.6
      vertex -59.95 -62.25 1.6
    endloop
  endfacet
  facet normal 0 0 1
    outer loop
      vertex -59.95 -62.25 1.6
      vertex -58.03534303491573 -62.25 1.6
      vertex -59.961075128653945 -62.02456057724201 1.6
    endloop
  endfacet
  facet normal 0 0 1
    outer loop
      vertex -59.961075128653945 -62.02456057724201 1.6
      vertex -58.03534303491573 -62.25 1.6
      vertex -59.99419385507257 -61.8012922593629 1.6
    endloop
  endfacet
  facet normal 0 0 1
    outer loop
      vertex -60.04903722781592 -61.58234524231474 1.6
      vertex -59.99419385507257 -61.8012922593629 1.6
      vertex -58.03534303491573 -62.25 1.6
    endloop
  endfacet
  facet normal 0 0 1
    outer loop
      vertex -60.04903722781592 -61.58234524231474 1.6
      vertex -58.03534303491573 -62.25 1.6
      vertex -60.12507707522404 -61.369828105560295 1.6
    endloop
  endfacet
  facet normal 0 0 1
    outer loop
      vertex -62.47543942275799 -59.961075128653945 1.6
      vertex -62.25 -59.95 1.6
      vertex -60.14267151745786 -58.6 1.6
    endloop
  endfacet
  facet normal 0 0 1
    outer loop
      vertex -62.25 -59.95 1.6
      vertex -62.02456057724201 -59.961075128653945 1.6
      vertex -60.14267151745786 -58.6 1.6
    endloop
  endfacet
  facet normal 0 0 1
    outer loop
      vertex -62.02456057724201 -59.961075128653945 1.6
      vertex -61.8012922593629 -59.99419385507257 1.6
      vertex -60.14267151745786 -58.6 1.6
    endloop
  endfacet
  facet normal 0 0 1
    outer loop
      vertex -61.58234524231474 -60.04903722781592 1.6
      vertex -60.14267151745786 -58.6 1.6
      vertex -61.8012922593629 -59.99419385507257 1.6
    endloop
  endfacet
  facet normal 0 0 1
    outer loop
      vertex -60.62365440327094 -60.62365440327094 1.6
      vertex -60.14267151745786 -58.6 1.6
      vertex -60.79089544642362 -60.4720759572657 1.6
    endloop
  endfacet
  facet normal 0 0 1
    outer loop
      vertex -61.58234524231474 -60.04903722781592 1.6
      vertex -61.369828105560295 -60.12507707522404 1.6
      vertex -60.14267151745786 -58.6 1.6
    endloop
  endfacet
  facet normal 0 0 1
    outer loop
      vertex -61.369828105560295 -60.12507707522404 1.6
      vertex -61.16578750530021 -60.221581091998786 1.6
      vertex -60.14267151745786 -58.6 1.6
    endloop
  endfacet
  facet normal 0 0 1
    outer loop
      vertex -60.972188464054916 -60.33761989170414 1.6
      vertex -60.14267151745786 -58.6 1.6
      vertex -61.16578750530021 -60.221581091998786 1.6
    endloop
  endfacet
  facet normal 0 0 1
    outer loop
      vertex -60.972188464054916 -60.33761989170414 1.6
      vertex -60.79089544642362 -60.4720759572657 1.6
      vertex -60.14267151745786 -58.6 1.6
    endloop
  endfacet
  facet normal 0 0 1
    outer loop
      vertex -58.03534303491573 -62.25 1.6
      vertex -60.14267151745786 -58.6 1.6
      vertex -60.12507707522404 -61.369828105560295 1.6
    endloop
  endfacet
  facet normal 0 0 1
    outer loop
      vertex -60.33761989170414 -60.972188464054916 1.6
      vertex -60.221581091998786 -61.16578750530021 1.6
      vertex -60.14267151745786 -58.6 1.6
    endloop
  endfacet
  facet normal 0 0 1
    outer loop
      vertex -60.62365440327094 -60.62365440327094 1.6
      vertex -60.4720759572657 -60.79089544642362 1.6
      vertex -60.14267151745786 -58.6 1.6
    endloop
  endfacet
  facet normal 0 0 1
    outer loop
      vertex -60.33761989170414 -60.972188464054916 1.6
      vertex -60.14267151745786 -58.6 1.6
      vertex -60.4720759572657 -60.79089544642362 1.6
    endloop
  endfacet
  facet normal 0 0 1
    outer loop
      vertex -60.12507707522404 -61.369828105560295 1.6
      vertex -60.14267151745786 -58.6 1.6
      vertex -60.221581091998786 -61.16578750530021 1.6
    endloop
  endfacet
  facet normal 0 0 1
    outer loop
      vertex -64.35732848254213 -58.6 1.6
      vertex -62.47543942275799 -59.961075128653945 1.6
      vertex -60.14267151745786 -58.6 1.6
    endloop
  endfacet
  facet normal 0.866025403784438 0.5000000000000012 0
    outer loop
      vertex -66.46465696508427 -62.25 1.6
      vertex -66.46465696508427 -62.25 5
      vertex -64.35732848254213 -65.9 1.6
    endloop
  endfacet
  facet normal 0.8660254037844376 -0.5000000000000019 0
    outer loop
      vertex -66.46465696508427 -62.25 1.6
      vertex -64.35732848254213 -58.6 1.6
      vertex -64.35732848254213 -58.6 5
    endloop
  endfacet
  facet normal 0 1 0
    outer loop
      vertex -64.35732848254213 -65.9 1.6
      vertex -64.35732848254213 -65.9 5
      vertex -60.14267151745786 -65.9 1.6
    endloop
  endfacet
  facet normal -0.8660254037844395 0.4999999999999986 0
    outer loop
      vertex -60.14267151745786 -65.9 1.6
      vertex -60.14267151745786 -65.9 5
      vertex -58.03534303491573 -62.25 1.6
    endloop
  endfacet
  facet normal 0 -1 0
    outer loop
      vertex -64.35732848254213 -58.6 1.6
      vertex -60.14267151745786 -58.6 1.6
      vertex -60.14267151745786 -58.6 5
    endloop
  endfacet
  facet normal -0.8660254037844389 -0.4999999999999994 0
    outer loop
      vertex -58.03534303491573 -62.25 1.6
      vertex -58.03534303491573 -62.25 5
      vertex -60.14267151745786 -58.6 1.6
    endloop
  endfacet
  facet normal 0.866025403784438 0.5000000000000012 0
    outer loop
      vertex -64.35732848254213 -65.9 1.6
      vertex -66.46465696508427 -62.25 5
      vertex -64.35732848254213 -65.9 5
    endloop
  endfacet
  facet normal 0.8660254037844376 -0.5000000000000019 0
    outer loop
      vertex -66.46465696508427 -62.25 1.6
      vertex -64.35732848254213 -58.6 5
      vertex -66.46465696508427 -62.25 5
    endloop
  endfacet
  facet normal 0 1 0
    outer loop
      vertex -60.14267151745786 -65.9 1.6
      vertex -64.35732848254213 -65.9 5
      vertex -60.14267151745786 -65.9 5
    endloop
  endfacet
  facet normal -0.8660254037844389 -0.4999999999999994 0
    outer loop
      vertex -60.14267151745786 -58.6 1.6
      vertex -58.03534303491573 -62.25 5
      vertex -60.14267151745786 -58.6 5
    endloop
  endfacet
  facet normal 0 -1 0
    outer loop
      vertex -64.35732848254213 -58.6 1.6
      vertex -60.14267151745786 -58.6 5
      vertex -64.35732848254213 -58.6 5
    endloop
  endfacet
  facet normal -0.8660254037844395 0.4999999999999986 0
    outer loop
      vertex -58.03534303491573 -62.25 1.6
      vertex -60.14267151745786 -65.9 5
      vertex -58.03534303491573 -62.25 5
    endloop
  endfacet
  facet normal 0.85772861000027 0.5141027441932251 0
    outer loop
      vertex -64.27841890800121 61.16578750530021 1.6
      vertex -64.16238010829585 60.972188464054916 0
      vertex -64.27841890800121 61.16578750530021 0
    endloop
  endfacet
  facet normal 0.9039892931234388 0.4275550934302915 0
    outer loop
      vertex -64.37492292477596 61.369828105560295 1.6
      vertex -64.27841890800121 61.16578750530021 0
      vertex -64.37492292477596 61.369828105560295 0
    endloop
  endfacet
  facet normal 0.9415440651830138 0.3368898533922396 0
    outer loop
      vertex -64.45096277218408 61.58234524231474 1.6
      vertex -64.37492292477596 61.369828105560295 0
      vertex -64.45096277218408 61.58234524231474 0
    endloop
  endfacet
  facet normal 0.9891765099647825 0.14673047445535176 0
    outer loop
      vertex -64.53892487134605 62.02456057724201 1.6
      vertex -64.50580614492743 61.8012922593629 0
      vertex -64.53892487134605 62.02456057724201 0
    endloop
  endfacet
  facet normal 0.9987954562051733 0.04906767432739827 0
    outer loop
      vertex -64.55 62.25 1.6
      vertex -64.53892487134605 62.02456057724201 0
      vertex -64.55 62.25 0
    endloop
  endfacet
  facet normal 0.9700312531945439 0.24298017990326443 0
    outer loop
      vertex -64.50580614492743 61.8012922593629 1.6
      vertex -64.45096277218408 61.58234524231474 0
      vertex -64.50580614492743 61.8012922593629 0
    endloop
  endfacet
  facet normal 0.9987954562051733 -0.04906767432739827 0
    outer loop
      vertex -64.53892487134605 62.47543942275799 1.6
      vertex -64.55 62.25 0
      vertex -64.53892487134605 62.47543942275799 0
    endloop
  endfacet
  facet normal 0.9891765099647825 -0.14673047445535176 0
    outer loop
      vertex -64.50580614492743 62.6987077406371 1.6
      vertex -64.53892487134605 62.47543942275799 0
      vertex -64.50580614492743 62.6987077406371 0
    endloop
  endfacet
  facet normal 0.9700312531945439 -0.24298017990326443 0
    outer loop
      vertex -64.45096277218408 62.91765475768526 1.6
      vertex -64.50580614492743 62.6987077406371 0
      vertex -64.45096277218408 62.91765475768526 0
    endloop
  endfacet
  facet normal 0.9415440651830138 -0.3368898533922396 0
    outer loop
      vertex -64.37492292477596 63.130171894439705 1.6
      vertex -64.45096277218408 62.91765475768526 0
      vertex -64.37492292477596 63.130171894439705 0
    endloop
  endfacet
  facet normal 0.9039892931234388 -0.4275550934302915 0
    outer loop
      vertex -64.27841890800121 63.33421249469979 1.6
      vertex -64.37492292477596 63.130171894439705 0
      vertex -64.27841890800121 63.33421249469979 0
    endloop
  endfacet
  facet normal 0.85772861000027 -0.5141027441932251 0
    outer loop
      vertex -64.16238010829585 63.527811535945084 1.6
      vertex -64.27841890800121 63.33421249469979 0
      vertex -64.16238010829585 63.527811535945084 0
    endloop
  endfacet
  facet normal 0.595699304492435 0.8032075314806436 0
    outer loop
      vertex -63.70910455357638 60.4720759572657 1.6
      vertex -63.527811535945084 60.33761989170414 0
      vertex -63.70910455357638 60.4720759572657 0
    endloop
  endfacet
  facet normal 0.5141027441932019 0.8577286100002838 0
    outer loop
      vertex -63.527811535945084 60.33761989170414 1.6
      vertex -63.33421249469979 60.221581091998786 0
      vertex -63.527811535945084 60.33761989170414 0
    endloop
  endfacet
  facet normal 0.4275550934302915 0.9039892931234388 0
    outer loop
      vertex -63.33421249469979 60.221581091998786 1.6
      vertex -63.130171894439705 60.12507707522404 0
      vertex -63.33421249469979 60.221581091998786 0
    endloop
  endfacet
  facet normal 0.3368898533922117 0.9415440651830238 0
    outer loop
      vertex -63.130171894439705 60.12507707522404 1.6
      vertex -62.91765475768526 60.04903722781592 0
      vertex -63.130171894439705 60.12507707522404 0
    endloop
  endfacet
  facet normal 0.74095112535496 0.6715589548470171 0
    outer loop
      vertex -64.0279240427343 60.79089544642362 1.6
      vertex -63.87634559672906 60.62365440327094 0
      vertex -64.0279240427343 60.79089544642362 0
    endloop
  endfacet
  facet normal 0.8032075314806587 0.5956993044924147 0
    outer loop
      vertex -64.16238010829585 60.972188464054916 1.6
      vertex -64.0279240427343 60.79089544642362 0
      vertex -64.16238010829585 60.972188464054916 0
    endloop
  endfacet
  facet normal 0.6715589548470171 0.74095112535496 0
    outer loop
      vertex -63.87634559672906 60.62365440327094 1.6
      vertex -63.70910455357638 60.4720759572657 0
      vertex -63.87634559672906 60.62365440327094 0
    endloop
  endfacet
  facet normal 0.24298017990329404 0.9700312531945364 0
    outer loop
      vertex -62.91765475768526 60.04903722781592 1.6
      vertex -62.6987077406371 59.99419385507257 0
      vertex -62.91765475768526 60.04903722781592 0
    endloop
  endfacet
  facet normal 0.14673047445535176 0.9891765099647825 0
    outer loop
      vertex -62.6987077406371 59.99419385507257 1.6
      vertex -62.47543942275799 59.961075128653945 0
      vertex -62.6987077406371 59.99419385507257 0
    endloop
  endfacet
  facet normal 0.04906767432739827 0.9987954562051733 0
    outer loop
      vertex -62.47543942275799 59.961075128653945 1.6
      vertex -62.25 59.95 0
      vertex -62.47543942275799 59.961075128653945 0
    endloop
  endfacet
  facet normal -0.04906767432739827 0.9987954562051733 0
    outer loop
      vertex -62.25 59.95 1.6
      vertex -62.02456057724201 59.961075128653945 0
      vertex -62.25 59.95 0
    endloop
  endfacet
  facet normal -0.14673047445535176 0.9891765099647825 0
    outer loop
      vertex -62.02456057724201 59.961075128653945 1.6
      vertex -61.8012922593629 59.99419385507257 0
      vertex -62.02456057724201 59.961075128653945 0
    endloop
  endfacet
  facet normal -0.24298017990329404 0.9700312531945364 0
    outer loop
      vertex -61.8012922593629 59.99419385507257 1.6
      vertex -61.58234524231474 60.04903722781592 0
      vertex -61.8012922593629 59.99419385507257 0
    endloop
  endfacet
  facet normal 0.8032075314806587 -0.5956993044924147 0
    outer loop
      vertex -64.0279240427343 63.70910455357638 1.6
      vertex -64.16238010829585 63.527811535945084 0
      vertex -64.0279240427343 63.70910455357638 0
    endloop
  endfacet
  facet normal 0.74095112535496 -0.6715589548470171 0
    outer loop
      vertex -63.87634559672906 63.87634559672906 1.6
      vertex -64.0279240427343 63.70910455357638 0
      vertex -63.87634559672906 63.87634559672906 0
    endloop
  endfacet
  facet normal 0.6715589548470171 -0.74095112535496 0
    outer loop
      vertex -63.70910455357638 64.0279240427343 1.6
      vertex -63.87634559672906 63.87634559672906 0
      vertex -63.70910455357638 64.0279240427343 0
    endloop
  endfacet
  facet normal 0.5956993044924147 -0.8032075314806587 0
    outer loop
      vertex -63.527811535945084 64.16238010829585 1.6
      vertex -63.70910455357638 64.0279240427343 0
      vertex -63.527811535945084 64.16238010829585 0
    endloop
  endfacet
  facet normal -0.3368898533922117 0.9415440651830238 0
    outer loop
      vertex -61.58234524231474 60.04903722781592 1.6
      vertex -61.369828105560295 60.12507707522404 0
      vertex -61.58234524231474 60.04903722781592 0
    endloop
  endfacet
  facet normal -0.4275550934302915 0.9039892931234388 0
    outer loop
      vertex -61.369828105560295 60.12507707522404 1.6
      vertex -61.16578750530021 60.221581091998786 0
      vertex -61.369828105560295 60.12507707522404 0
    endloop
  endfacet
  facet normal -0.5141027441932019 0.8577286100002838 0
    outer loop
      vertex -61.16578750530021 60.221581091998786 1.6
      vertex -60.972188464054916 60.33761989170414 0
      vertex -61.16578750530021 60.221581091998786 0
    endloop
  endfacet
  facet normal -0.595699304492435 0.8032075314806436 0
    outer loop
      vertex -60.972188464054916 60.33761989170414 1.6
      vertex -60.79089544642362 60.4720759572657 0
      vertex -60.972188464054916 60.33761989170414 0
    endloop
  endfacet
  facet normal -0.6715589548470171 0.74095112535496 0
    outer loop
      vertex -60.79089544642362 60.4720759572657 1.6
      vertex -60.62365440327094 60.62365440327094 0
      vertex -60.79089544642362 60.4720759572657 0
    endloop
  endfacet
  facet normal -0.74095112535496 0.6715589548470171 0
    outer loop
      vertex -60.62365440327094 60.62365440327094 1.6
      vertex -60.4720759572657 60.79089544642362 0
      vertex -60.62365440327094 60.62365440327094 0
    endloop
  endfacet
  facet normal -0.8032075314806436 0.595699304492435 0
    outer loop
      vertex -60.4720759572657 60.79089544642362 1.6
      vertex -60.33761989170414 60.972188464054916 0
      vertex -60.4720759572657 60.79089544642362 0
    endloop
  endfacet
  facet normal -0.8577286100002838 0.5141027441932019 0
    outer loop
      vertex -60.33761989170414 60.972188464054916 1.6
      vertex -60.221581091998786 61.16578750530021 0
      vertex -60.33761989170414 60.972188464054916 0
    endloop
  endfacet
  facet normal -0.9039892931234388 0.4275550934302915 0
    outer loop
      vertex -60.221581091998786 61.16578750530021 1.6
      vertex -60.12507707522404 61.369828105560295 0
      vertex -60.221581091998786 61.16578750530021 0
    endloop
  endfacet
  facet normal -0.9415440651830238 0.3368898533922117 0
    outer loop
      vertex -60.12507707522404 61.369828105560295 1.6
      vertex -60.04903722781592 61.58234524231474 0
      vertex -60.12507707522404 61.369828105560295 0
    endloop
  endfacet
  facet normal -0.9700312531945364 0.24298017990329404 0
    outer loop
      vertex -60.04903722781592 61.58234524231474 1.6
      vertex -59.99419385507257 61.8012922593629 0
      vertex -60.04903722781592 61.58234524231474 0
    endloop
  endfacet
  facet normal -0.5956993044924147 -0.8032075314806587 0
    outer loop
      vertex -60.79089544642362 64.0279240427343 1.6
      vertex -60.972188464054916 64.16238010829585 0
      vertex -60.79089544642362 64.0279240427343 0
    endloop
  endfacet
  facet normal -0.74095112535496 -0.6715589548470171 0
    outer loop
      vertex -60.4720759572657 63.70910455357638 1.6
      vertex -60.62365440327094 63.87634559672906 0
      vertex -60.4720759572657 63.70910455357638 0
    endloop
  endfacet
  facet normal -0.6715589548470171 -0.74095112535496 0
    outer loop
      vertex -60.62365440327094 63.87634559672906 1.6
      vertex -60.79089544642362 64.0279240427343 0
      vertex -60.62365440327094 63.87634559672906 0
    endloop
  endfacet
  facet normal -0.9891765099647825 0.14673047445535176 0
    outer loop
      vertex -59.99419385507257 61.8012922593629 1.6
      vertex -59.961075128653945 62.02456057724201 0
      vertex -59.99419385507257 61.8012922593629 0
    endloop
  endfacet
  facet normal -0.9987954562051733 0.04906767432739827 0
    outer loop
      vertex -59.961075128653945 62.02456057724201 1.6
      vertex -59.95 62.25 0
      vertex -59.961075128653945 62.02456057724201 0
    endloop
  endfacet
  facet normal -0.9987954562051733 -0.04906767432739827 0
    outer loop
      vertex -59.95 62.25 1.6
      vertex -59.961075128653945 62.47543942275799 0
      vertex -59.95 62.25 0
    endloop
  endfacet
  facet normal -0.9891765099647825 -0.14673047445535176 0
    outer loop
      vertex -59.961075128653945 62.47543942275799 1.6
      vertex -59.99419385507257 62.6987077406371 0
      vertex -59.961075128653945 62.47543942275799 0
    endloop
  endfacet
  facet normal -0.9700312531945364 -0.24298017990329404 0
    outer loop
      vertex -59.99419385507257 62.6987077406371 1.6
      vertex -60.04903722781592 62.91765475768526 0
      vertex -59.99419385507257 62.6987077406371 0
    endloop
  endfacet
  facet normal -0.8577286100002838 -0.5141027441932019 0
    outer loop
      vertex -60.221581091998786 63.33421249469979 1.6
      vertex -60.33761989170414 63.527811535945084 0
      vertex -60.221581091998786 63.33421249469979 0
    endloop
  endfacet
  facet normal -0.9415440651830238 -0.3368898533922117 0
    outer loop
      vertex -60.04903722781592 62.91765475768526 1.6
      vertex -60.12507707522404 63.130171894439705 0
      vertex -60.04903722781592 62.91765475768526 0
    endloop
  endfacet
  facet normal -0.9039892931234388 -0.4275550934302915 0
    outer loop
      vertex -60.12507707522404 63.130171894439705 1.6
      vertex -60.221581091998786 63.33421249469979 0
      vertex -60.12507707522404 63.130171894439705 0
    endloop
  endfacet
  facet normal -0.8032075314806436 -0.595699304492435 0
    outer loop
      vertex -60.33761989170414 63.527811535945084 1.6
      vertex -60.4720759572657 63.70910455357638 0
      vertex -60.33761989170414 63.527811535945084 0
    endloop
  endfacet
  facet normal 0.5141027441932251 -0.85772861000027 0
    outer loop
      vertex -63.33421249469979 64.27841890800121 1.6
      vertex -63.527811535945084 64.16238010829585 0
      vertex -63.33421249469979 64.27841890800121 0
    endloop
  endfacet
  facet normal 0.4275550934302915 -0.9039892931234388 0
    outer loop
      vertex -63.130171894439705 64.37492292477596 1.6
      vertex -63.33421249469979 64.27841890800121 0
      vertex -63.130171894439705 64.37492292477596 0
    endloop
  endfacet
  facet normal 0.3368898533922396 -0.9415440651830138 0
    outer loop
      vertex -62.91765475768526 64.45096277218408 1.6
      vertex -63.130171894439705 64.37492292477596 0
      vertex -62.91765475768526 64.45096277218408 0
    endloop
  endfacet
  facet normal 0.24298017990326443 -0.9700312531945439 0
    outer loop
      vertex -62.6987077406371 64.50580614492743 1.6
      vertex -62.91765475768526 64.45096277218408 0
      vertex -62.6987077406371 64.50580614492743 0
    endloop
  endfacet
  facet normal 0.14673047445535176 -0.9891765099647825 0
    outer loop
      vertex -62.47543942275799 64.53892487134605 1.6
      vertex -62.6987077406371 64.50580614492743 0
      vertex -62.47543942275799 64.53892487134605 0
    endloop
  endfacet
  facet normal 0.04906767432739827 -0.9987954562051733 0
    outer loop
      vertex -62.25 64.55 1.6
      vertex -62.47543942275799 64.53892487134605 0
      vertex -62.25 64.55 0
    endloop
  endfacet
  facet normal -0.04906767432739827 -0.9987954562051733 0
    outer loop
      vertex -62.02456057724201 64.53892487134605 1.6
      vertex -62.25 64.55 0
      vertex -62.02456057724201 64.53892487134605 0
    endloop
  endfacet
  facet normal -0.14673047445535176 -0.9891765099647825 0
    outer loop
      vertex -61.8012922593629 64.50580614492743 1.6
      vertex -62.02456057724201 64.53892487134605 0
      vertex -61.8012922593629 64.50580614492743 0
    endloop
  endfacet
  facet normal -0.24298017990326443 -0.9700312531945439 0
    outer loop
      vertex -61.58234524231474 64.45096277218408 1.6
      vertex -61.8012922593629 64.50580614492743 0
      vertex -61.58234524231474 64.45096277218408 0
    endloop
  endfacet
  facet normal -0.3368898533922396 -0.9415440651830138 0
    outer loop
      vertex -61.369828105560295 64.37492292477596 1.6
      vertex -61.58234524231474 64.45096277218408 0
      vertex -61.369828105560295 64.37492292477596 0
    endloop
  endfacet
  facet normal -0.4275550934302915 -0.9039892931234388 0
    outer loop
      vertex -61.16578750530021 64.27841890800121 1.6
      vertex -61.369828105560295 64.37492292477596 0
      vertex -61.16578750530021 64.27841890800121 0
    endloop
  endfacet
  facet normal -0.5141027441932251 -0.85772861000027 0
    outer loop
      vertex -60.972188464054916 64.16238010829585 1.6
      vertex -61.16578750530021 64.27841890800121 0
      vertex -60.972188464054916 64.16238010829585 0
    endloop
  endfacet
  facet normal 0.85772861000027 0.5141027441932251 0
    outer loop
      vertex -64.27841890800121 61.16578750530021 1.6
      vertex -64.16238010829585 60.972188464054916 1.6
      vertex -64.16238010829585 60.972188464054916 0
    endloop
  endfacet
  facet normal 0.9039892931234388 0.4275550934302915 0
    outer loop
      vertex -64.27841890800121 61.16578750530021 1.6
      vertex -64.27841890800121 61.16578750530021 0
      vertex -64.37492292477596 61.369828105560295 1.6
    endloop
  endfacet
  facet normal 0.9415440651830138 0.3368898533922396 0
    outer loop
      vertex -64.37492292477596 61.369828105560295 1.6
      vertex -64.37492292477596 61.369828105560295 0
      vertex -64.45096277218408 61.58234524231474 1.6
    endloop
  endfacet
  facet normal 0.9700312531945439 0.24298017990326443 0
    outer loop
      vertex -64.50580614492743 61.8012922593629 1.6
      vertex -64.45096277218408 61.58234524231474 1.6
      vertex -64.45096277218408 61.58234524231474 0
    endloop
  endfacet
  facet normal 0.9891765099647825 0.14673047445535176 0
    outer loop
      vertex -64.50580614492743 61.8012922593629 1.6
      vertex -64.50580614492743 61.8012922593629 0
      vertex -64.53892487134605 62.02456057724201 1.6
    endloop
  endfacet
  facet normal 0.9987954562051733 0.04906767432739827 0
    outer loop
      vertex -64.53892487134605 62.02456057724201 1.6
      vertex -64.53892487134605 62.02456057724201 0
      vertex -64.55 62.25 1.6
    endloop
  endfacet
  facet normal 0.9987954562051733 -0.04906767432739827 0
    outer loop
      vertex -64.55 62.25 1.6
      vertex -64.55 62.25 0
      vertex -64.53892487134605 62.47543942275799 1.6
    endloop
  endfacet
  facet normal 0.9891765099647825 -0.14673047445535176 0
    outer loop
      vertex -64.53892487134605 62.47543942275799 1.6
      vertex -64.53892487134605 62.47543942275799 0
      vertex -64.50580614492743 62.6987077406371 1.6
    endloop
  endfacet
  facet normal 0.9700312531945439 -0.24298017990326443 0
    outer loop
      vertex -64.50580614492743 62.6987077406371 1.6
      vertex -64.50580614492743 62.6987077406371 0
      vertex -64.45096277218408 62.91765475768526 1.6
    endloop
  endfacet
  facet normal 0.9415440651830138 -0.3368898533922396 0
    outer loop
      vertex -64.45096277218408 62.91765475768526 1.6
      vertex -64.45096277218408 62.91765475768526 0
      vertex -64.37492292477596 63.130171894439705 1.6
    endloop
  endfacet
  facet normal 0.9039892931234388 -0.4275550934302915 0
    outer loop
      vertex -64.37492292477596 63.130171894439705 1.6
      vertex -64.37492292477596 63.130171894439705 0
      vertex -64.27841890800121 63.33421249469979 1.6
    endloop
  endfacet
  facet normal 0.85772861000027 -0.5141027441932251 0
    outer loop
      vertex -64.27841890800121 63.33421249469979 1.6
      vertex -64.27841890800121 63.33421249469979 0
      vertex -64.16238010829585 63.527811535945084 1.6
    endloop
  endfacet
  facet normal 0.595699304492435 0.8032075314806436 0
    outer loop
      vertex -63.70910455357638 60.4720759572657 1.6
      vertex -63.527811535945084 60.33761989170414 1.6
      vertex -63.527811535945084 60.33761989170414 0
    endloop
  endfacet
  facet normal 0.5141027441932019 0.8577286100002838 0
    outer loop
      vertex -63.33421249469979 60.221581091998786 1.6
      vertex -63.33421249469979 60.221581091998786 0
      vertex -63.527811535945084 60.33761989170414 1.6
    endloop
  endfacet
  facet normal 0.4275550934302915 0.9039892931234388 0
    outer loop
      vertex -63.33421249469979 60.221581091998786 1.6
      vertex -63.130171894439705 60.12507707522404 1.6
      vertex -63.130171894439705 60.12507707522404 0
    endloop
  endfacet
  facet normal 0.3368898533922117 0.9415440651830238 0
    outer loop
      vertex -63.130171894439705 60.12507707522404 1.6
      vertex -62.91765475768526 60.04903722781592 1.6
      vertex -62.91765475768526 60.04903722781592 0
    endloop
  endfacet
  facet normal 0.74095112535496 0.6715589548470171 0
    outer loop
      vertex -64.0279240427343 60.79089544642362 1.6
      vertex -63.87634559672906 60.62365440327094 1.6
      vertex -63.87634559672906 60.62365440327094 0
    endloop
  endfacet
  facet normal 0.8032075314806587 0.5956993044924147 0
    outer loop
      vertex -64.0279240427343 60.79089544642362 1.6
      vertex -64.0279240427343 60.79089544642362 0
      vertex -64.16238010829585 60.972188464054916 1.6
    endloop
  endfacet
  facet normal 0.6715589548470171 0.74095112535496 0
    outer loop
      vertex -63.87634559672906 60.62365440327094 1.6
      vertex -63.70910455357638 60.4720759572657 1.6
      vertex -63.70910455357638 60.4720759572657 0
    endloop
  endfacet
  facet normal 0.24298017990329404 0.9700312531945364 0
    outer loop
      vertex -62.6987077406371 59.99419385507257 1.6
      vertex -62.6987077406371 59.99419385507257 0
      vertex -62.91765475768526 60.04903722781592 1.6
    endloop
  endfacet
  facet normal 0.14673047445535176 0.9891765099647825 0
    outer loop
      vertex -62.6987077406371 59.99419385507257 1.6
      vertex -62.47543942275799 59.961075128653945 1.6
      vertex -62.47543942275799 59.961075128653945 0
    endloop
  endfacet
  facet normal 0.04906767432739827 0.9987954562051733 0
    outer loop
      vertex -62.47543942275799 59.961075128653945 1.6
      vertex -62.25 59.95 1.6
      vertex -62.25 59.95 0
    endloop
  endfacet
  facet normal -0.04906767432739827 0.9987954562051733 0
    outer loop
      vertex -62.25 59.95 1.6
      vertex -62.02456057724201 59.961075128653945 1.6
      vertex -62.02456057724201 59.961075128653945 0
    endloop
  endfacet
  facet normal -0.14673047445535176 0.9891765099647825 0
    outer loop
      vertex -62.02456057724201 59.961075128653945 1.6
      vertex -61.8012922593629 59.99419385507257 1.6
      vertex -61.8012922593629 59.99419385507257 0
    endloop
  endfacet
  facet normal 0.8032075314806587 -0.5956993044924147 0
    outer loop
      vertex -64.16238010829585 63.527811535945084 1.6
      vertex -64.16238010829585 63.527811535945084 0
      vertex -64.0279240427343 63.70910455357638 1.6
    endloop
  endfacet
  facet normal 0.74095112535496 -0.6715589548470171 0
    outer loop
      vertex -64.0279240427343 63.70910455357638 1.6
      vertex -64.0279240427343 63.70910455357638 0
      vertex -63.87634559672906 63.87634559672906 1.6
    endloop
  endfacet
  facet normal 0.6715589548470171 -0.74095112535496 0
    outer loop
      vertex -63.87634559672906 63.87634559672906 1.6
      vertex -63.87634559672906 63.87634559672906 0
      vertex -63.70910455357638 64.0279240427343 1.6
    endloop
  endfacet
  facet normal 0.5956993044924147 -0.8032075314806587 0
    outer loop
      vertex -63.70910455357638 64.0279240427343 1.6
      vertex -63.70910455357638 64.0279240427343 0
      vertex -63.527811535945084 64.16238010829585 1.6
    endloop
  endfacet
  facet normal -0.24298017990329404 0.9700312531945364 0
    outer loop
      vertex -61.8012922593629 59.99419385507257 1.6
      vertex -61.58234524231474 60.04903722781592 1.6
      vertex -61.58234524231474 60.04903722781592 0
    endloop
  endfacet
  facet normal -0.3368898533922117 0.9415440651830238 0
    outer loop
      vertex -61.58234524231474 60.04903722781592 1.6
      vertex -61.369828105560295 60.12507707522404 1.6
      vertex -61.369828105560295 60.12507707522404 0
    endloop
  endfacet
  facet normal -0.4275550934302915 0.9039892931234388 0
    outer loop
      vertex -61.369828105560295 60.12507707522404 1.6
      vertex -61.16578750530021 60.221581091998786 1.6
      vertex -61.16578750530021 60.221581091998786 0
    endloop
  endfacet
  facet normal -0.5141027441932019 0.8577286100002838 0
    outer loop
      vertex -61.16578750530021 60.221581091998786 1.6
      vertex -60.972188464054916 60.33761989170414 1.6
      vertex -60.972188464054916 60.33761989170414 0
    endloop
  endfacet
  facet normal -0.595699304492435 0.8032075314806436 0
    outer loop
      vertex -60.972188464054916 60.33761989170414 1.6
      vertex -60.79089544642362 60.4720759572657 1.6
      vertex -60.79089544642362 60.4720759572657 0
    endloop
  endfacet
  facet normal -0.6715589548470171 0.74095112535496 0
    outer loop
      vertex -60.79089544642362 60.4720759572657 1.6
      vertex -60.62365440327094 60.62365440327094 1.6
      vertex -60.62365440327094 60.62365440327094 0
    endloop
  endfacet
  facet normal -0.74095112535496 0.6715589548470171 0
    outer loop
      vertex -60.62365440327094 60.62365440327094 1.6
      vertex -60.4720759572657 60.79089544642362 1.6
      vertex -60.4720759572657 60.79089544642362 0
    endloop
  endfacet
  facet normal -0.8032075314806436 0.595699304492435 0
    outer loop
      vertex -60.4720759572657 60.79089544642362 1.6
      vertex -60.33761989170414 60.972188464054916 1.6
      vertex -60.33761989170414 60.972188464054916 0
    endloop
  endfacet
  facet normal -0.8577286100002838 0.5141027441932019 0
    outer loop
      vertex -60.33761989170414 60.972188464054916 1.6
      vertex -60.221581091998786 61.16578750530021 1.6
      vertex -60.221581091998786 61.16578750530021 0
    endloop
  endfacet
  facet normal -0.9039892931234388 0.4275550934302915 0
    outer loop
      vertex -60.221581091998786 61.16578750530021 1.6
      vertex -60.12507707522404 61.369828105560295 1.6
      vertex -60.12507707522404 61.369828105560295 0
    endloop
  endfacet
  facet normal -0.9415440651830238 0.3368898533922117 0
    outer loop
      vertex -60.12507707522404 61.369828105560295 1.6
      vertex -60.04903722781592 61.58234524231474 1.6
      vertex -60.04903722781592 61.58234524231474 0
    endloop
  endfacet
  facet normal -0.5956993044924147 -0.8032075314806587 0
    outer loop
      vertex -60.972188464054916 64.16238010829585 1.6
      vertex -60.972188464054916 64.16238010829585 0
      vertex -60.79089544642362 64.0279240427343 1.6
    endloop
  endfacet
  facet normal -0.74095112535496 -0.6715589548470171 0
    outer loop
      vertex -60.4720759572657 63.70910455357638 1.6
      vertex -60.62365440327094 63.87634559672906 1.6
      vertex -60.62365440327094 63.87634559672906 0
    endloop
  endfacet
  facet normal -0.6715589548470171 -0.74095112535496 0
    outer loop
      vertex -60.79089544642362 64.0279240427343 1.6
      vertex -60.79089544642362 64.0279240427343 0
      vertex -60.62365440327094 63.87634559672906 1.6
    endloop
  endfacet
  facet normal -0.9700312531945364 0.24298017990329404 0
    outer loop
      vertex -60.04903722781592 61.58234524231474 1.6
      vertex -59.99419385507257 61.8012922593629 1.6
      vertex -59.99419385507257 61.8012922593629 0
    endloop
  endfacet
  facet normal -0.9891765099647825 0.14673047445535176 0
    outer loop
      vertex -59.99419385507257 61.8012922593629 1.6
      vertex -59.961075128653945 62.02456057724201 1.6
      vertex -59.961075128653945 62.02456057724201 0
    endloop
  endfacet
  facet normal -0.9987954562051733 0.04906767432739827 0
    outer loop
      vertex -59.961075128653945 62.02456057724201 1.6
      vertex -59.95 62.25 1.6
      vertex -59.95 62.25 0
    endloop
  endfacet
  facet normal -0.9987954562051733 -0.04906767432739827 0
    outer loop
      vertex -59.95 62.25 1.6
      vertex -59.961075128653945 62.47543942275799 1.6
      vertex -59.961075128653945 62.47543942275799 0
    endloop
  endfacet
  facet normal -0.9891765099647825 -0.14673047445535176 0
    outer loop
      vertex -59.961075128653945 62.47543942275799 1.6
      vertex -59.99419385507257 62.6987077406371 1.6
      vertex -59.99419385507257 62.6987077406371 0
    endloop
  endfacet
  facet normal -0.9700312531945364 -0.24298017990329404 0
    outer loop
      vertex -60.04903722781592 62.91765475768526 1.6
      vertex -60.04903722781592 62.91765475768526 0
      vertex -59.99419385507257 62.6987077406371 1.6
    endloop
  endfacet
  facet normal -0.9039892931234388 -0.4275550934302915 0
    outer loop
      vertex -60.12507707522404 63.130171894439705 1.6
      vertex -60.221581091998786 63.33421249469979 1.6
      vertex -60.221581091998786 63.33421249469979 0
    endloop
  endfacet
  facet normal -0.8577286100002838 -0.5141027441932019 0
    outer loop
      vertex -60.33761989170414 63.527811535945084 1.6
      vertex -60.33761989170414 63.527811535945084 0
      vertex -60.221581091998786 63.33421249469979 1.6
    endloop
  endfacet
  facet normal -0.9415440651830238 -0.3368898533922117 0
    outer loop
      vertex -60.04903722781592 62.91765475768526 1.6
      vertex -60.12507707522404 63.130171894439705 1.6
      vertex -60.12507707522404 63.130171894439705 0
    endloop
  endfacet
  facet normal -0.8032075314806436 -0.595699304492435 0
    outer loop
      vertex -60.33761989170414 63.527811535945084 1.6
      vertex -60.4720759572657 63.70910455357638 1.6
      vertex -60.4720759572657 63.70910455357638 0
    endloop
  endfacet
  facet normal 0.5141027441932251 -0.85772861000027 0
    outer loop
      vertex -63.527811535945084 64.16238010829585 1.6
      vertex -63.527811535945084 64.16238010829585 0
      vertex -63.33421249469979 64.27841890800121 1.6
    endloop
  endfacet
  facet normal 0.4275550934302915 -0.9039892931234388 0
    outer loop
      vertex -63.33421249469979 64.27841890800121 1.6
      vertex -63.33421249469979 64.27841890800121 0
      vertex -63.130171894439705 64.37492292477596 1.6
    endloop
  endfacet
  facet normal 0.3368898533922396 -0.9415440651830138 0
    outer loop
      vertex -63.130171894439705 64.37492292477596 1.6
      vertex -63.130171894439705 64.37492292477596 0
      vertex -62.91765475768526 64.45096277218408 1.6
    endloop
  endfacet
  facet normal 0.24298017990326443 -0.9700312531945439 0
    outer loop
      vertex -62.91765475768526 64.45096277218408 1.6
      vertex -62.91765475768526 64.45096277218408 0
      vertex -62.6987077406371 64.50580614492743 1.6
    endloop
  endfacet
  facet normal 0.14673047445535176 -0.9891765099647825 0
    outer loop
      vertex -62.6987077406371 64.50580614492743 1.6
      vertex -62.6987077406371 64.50580614492743 0
      vertex -62.47543942275799 64.53892487134605 1.6
    endloop
  endfacet
  facet normal 0.04906767432739827 -0.9987954562051733 0
    outer loop
      vertex -62.47543942275799 64.53892487134605 1.6
      vertex -62.47543942275799 64.53892487134605 0
      vertex -62.25 64.55 1.6
    endloop
  endfacet
  facet normal -0.04906767432739827 -0.9987954562051733 0
    outer loop
      vertex -62.25 64.55 1.6
      vertex -62.25 64.55 0
      vertex -62.02456057724201 64.53892487134605 1.6
    endloop
  endfacet
  facet normal -0.24298017990326443 -0.9700312531945439 0
    outer loop
      vertex -61.58234524231474 64.45096277218408 1.6
      vertex -61.8012922593629 64.50580614492743 1.6
      vertex -61.8012922593629 64.50580614492743 0
    endloop
  endfacet
  facet normal -0.14673047445535176 -0.9891765099647825 0
    outer loop
      vertex -62.02456057724201 64.53892487134605 1.6
      vertex -62.02456057724201 64.53892487134605 0
      vertex -61.8012922593629 64.50580614492743 1.6
    endloop
  endfacet
  facet normal -0.3368898533922396 -0.9415440651830138 0
    outer loop
      vertex -61.58234524231474 64.45096277218408 1.6
      vertex -61.58234524231474 64.45096277218408 0
      vertex -61.369828105560295 64.37492292477596 1.6
    endloop
  endfacet
  facet normal -0.4275550934302915 -0.9039892931234388 0
    outer loop
      vertex -61.369828105560295 64.37492292477596 1.6
      vertex -61.369828105560295 64.37492292477596 0
      vertex -61.16578750530021 64.27841890800121 1.6
    endloop
  endfacet
  facet normal -0.5141027441932251 -0.85772861000027 0
    outer loop
      vertex -60.972188464054916 64.16238010829585 1.6
      vertex -61.16578750530021 64.27841890800121 1.6
      vertex -61.16578750530021 64.27841890800121 0
    endloop
  endfacet
  facet normal 0 0 1
    outer loop
      vertex -64.35732848254213 58.6 1.6
      vertex -60.14267151745786 58.6 1.6
      vertex -62.02456057724201 59.961075128653945 1.6
    endloop
  endfacet
  facet normal 0 0 1
    outer loop
      vertex -64.35732848254213 58.6 1.6
      vertex -64.16238010829585 60.972188464054916 1.6
      vertex -64.27841890800121 61.16578750530021 1.6
    endloop
  endfacet
  facet normal 0 0 1
    outer loop
      vertex -64.35732848254213 58.6 1.6
      vertex -64.27841890800121 61.16578750530021 1.6
      vertex -64.37492292477596 61.369828105560295 1.6
    endloop
  endfacet
  facet normal 0 0 1
    outer loop
      vertex -66.46465696508427 62.25 1.6
      vertex -64.35732848254213 58.6 1.6
      vertex -64.37492292477596 61.369828105560295 1.6
    endloop
  endfacet
  facet normal 0 0 1
    outer loop
      vertex -66.46465696508427 62.25 1.6
      vertex -64.45096277218408 61.58234524231474 1.6
      vertex -64.50580614492743 61.8012922593629 1.6
    endloop
  endfacet
  facet normal 0 0 1
    outer loop
      vertex -66.46465696508427 62.25 1.6
      vertex -64.50580614492743 61.8012922593629 1.6
      vertex -64.53892487134605 62.02456057724201 1.6
    endloop
  endfacet
  facet normal 0 0 1
    outer loop
      vertex -66.46465696508427 62.25 1.6
      vertex -64.53892487134605 62.02456057724201 1.6
      vertex -64.55 62.25 1.6
    endloop
  endfacet
  facet normal 0 0 1
    outer loop
      vertex -66.46465696508427 62.25 1.6
      vertex -64.55 62.25 1.6
      vertex -64.53892487134605 62.47543942275799 1.6
    endloop
  endfacet
  facet normal 0 0 1
    outer loop
      vertex -66.46465696508427 62.25 1.6
      vertex -64.37492292477596 61.369828105560295 1.6
      vertex -64.45096277218408 61.58234524231474 1.6
    endloop
  endfacet
  facet normal 0 0 1
    outer loop
      vertex -66.46465696508427 62.25 1.6
      vertex -64.53892487134605 62.47543942275799 1.6
      vertex -64.50580614492743 62.6987077406371 1.6
    endloop
  endfacet
  facet normal 0 0 1
    outer loop
      vertex -66.46465696508427 62.25 1.6
      vertex -64.50580614492743 62.6987077406371 1.6
      vertex -64.45096277218408 62.91765475768526 1.6
    endloop
  endfacet
  facet normal 0 0 1
    outer loop
      vertex -66.46465696508427 62.25 1.6
      vertex -64.45096277218408 62.91765475768526 1.6
      vertex -64.37492292477596 63.130171894439705 1.6
    endloop
  endfacet
  facet normal 0 0 1
    outer loop
      vertex -66.46465696508427 62.25 1.6
      vertex -64.37492292477596 63.130171894439705 1.6
      vertex -64.27841890800121 63.33421249469979 1.6
    endloop
  endfacet
  facet normal 0 0 1
    outer loop
      vertex -66.46465696508427 62.25 1.6
      vertex -64.27841890800121 63.33421249469979 1.6
      vertex -64.35732848254213 65.9 1.6
    endloop
  endfacet
  facet normal 0 0 1
    outer loop
      vertex -64.27841890800121 63.33421249469979 1.6
      vertex -64.16238010829585 63.527811535945084 1.6
      vertex -64.35732848254213 65.9 1.6
    endloop
  endfacet
  facet normal 0 0 1
    outer loop
      vertex -64.35732848254213 58.6 1.6
      vertex -63.33421249469979 60.221581091998786 1.6
      vertex -63.527811535945084 60.33761989170414 1.6
    endloop
  endfacet
  facet normal 0 0 1
    outer loop
      vertex -64.35732848254213 58.6 1.6
      vertex -63.527811535945084 60.33761989170414 1.6
      vertex -63.70910455357638 60.4720759572657 1.6
    endloop
  endfacet
  facet normal 0 0 1
    outer loop
      vertex -64.35732848254213 58.6 1.6
      vertex -63.130171894439705 60.12507707522404 1.6
      vertex -63.33421249469979 60.221581091998786 1.6
    endloop
  endfacet
  facet normal 0 0 1
    outer loop
      vertex -64.35732848254213 58.6 1.6
      vertex -63.87634559672906 60.62365440327094 1.6
      vertex -64.0279240427343 60.79089544642362 1.6
    endloop
  endfacet
  facet normal 0 0 1
    outer loop
      vertex -64.35732848254213 58.6 1.6
      vertex -64.0279240427343 60.79089544642362 1.6
      vertex -64.16238010829585 60.972188464054916 1.6
    endloop
  endfacet
  facet normal 0 0 1
    outer loop
      vertex -64.35732848254213 58.6 1.6
      vertex -63.70910455357638 60.4720759572657 1.6
      vertex -63.87634559672906 60.62365440327094 1.6
    endloop
  endfacet
  facet normal 0 0 1
    outer loop
      vertex -64.35732848254213 58.6 1.6
      vertex -62.6987077406371 59.99419385507257 1.6
      vertex -62.91765475768526 60.04903722781592 1.6
    endloop
  endfacet
  facet normal 0 0 1
    outer loop
      vertex -64.35732848254213 58.6 1.6
      vertex -62.91765475768526 60.04903722781592 1.6
      vertex -63.130171894439705 60.12507707522404 1.6
    endloop
  endfacet
  facet normal 0 0 1
    outer loop
      vertex -64.35732848254213 58.6 1.6
      vertex -62.47543942275799 59.961075128653945 1.6
      vertex -62.6987077406371 59.99419385507257 1.6
    endloop
  endfacet
  facet normal 0 0 1
    outer loop
      vertex -64.35732848254213 58.6 1.6
      vertex -62.25 59.95 1.6
      vertex -62.47543942275799 59.961075128653945 1.6
    endloop
  endfacet
  facet normal 0 0 1
    outer loop
      vertex -64.35732848254213 58.6 1.6
      vertex -62.02456057724201 59.961075128653945 1.6
      vertex -62.25 59.95 1.6
    endloop
  endfacet
  facet normal 0 0 1
    outer loop
      vertex -62.02456057724201 59.961075128653945 1.6
      vertex -60.14267151745786 58.6 1.6
      vertex -61.8012922593629 59.99419385507257 1.6
    endloop
  endfacet
  facet normal 0 0 1
    outer loop
      vertex -61.8012922593629 59.99419385507257 1.6
      vertex -60.14267151745786 58.6 1.6
      vertex -61.58234524231474 60.04903722781592 1.6
    endloop
  endfacet
  facet normal 0 0 1
    outer loop
      vertex -61.58234524231474 60.04903722781592 1.6
      vertex -60.14267151745786 58.6 1.6
      vertex -61.369828105560295 60.12507707522404 1.6
    endloop
  endfacet
  facet normal 0 0 1
    outer loop
      vertex -60.14267151745786 58.6 1.6
      vertex -61.16578750530021 60.221581091998786 1.6
      vertex -61.369828105560295 60.12507707522404 1.6
    endloop
  endfacet
  facet normal 0 0 1
    outer loop
      vertex -60.14267151745786 58.6 1.6
      vertex -60.972188464054916 60.33761989170414 1.6
      vertex -61.16578750530021 60.221581091998786 1.6
    endloop
  endfacet
  facet normal 0 0 1
    outer loop
      vertex -60.14267151745786 58.6 1.6
      vertex -60.79089544642362 60.4720759572657 1.6
      vertex -60.972188464054916 60.33761989170414 1.6
    endloop
  endfacet
  facet normal 0 0 1
    outer loop
      vertex -60.14267151745786 58.6 1.6
      vertex -60.62365440327094 60.62365440327094 1.6
      vertex -60.79089544642362 60.4720759572657 1.6
    endloop
  endfacet
  facet normal 0 0 1
    outer loop
      vertex -60.14267151745786 58.6 1.6
      vertex -60.4720759572657 60.79089544642362 1.6
      vertex -60.62365440327094 60.62365440327094 1.6
    endloop
  endfacet
  facet normal 0 0 1
    outer loop
      vertex -60.14267151745786 58.6 1.6
      vertex -60.33761989170414 60.972188464054916 1.6
      vertex -60.4720759572657 60.79089544642362 1.6
    endloop
  endfacet
  facet normal 0 0 1
    outer loop
      vertex -60.14267151745786 58.6 1.6
      vertex -60.221581091998786 61.16578750530021 1.6
      vertex -60.33761989170414 60.972188464054916 1.6
    endloop
  endfacet
  facet normal 0 0 1
    outer loop
      vertex -60.14267151745786 58.6 1.6
      vertex -58.03534303491573 62.25 1.6
      vertex -60.221581091998786 61.16578750530021 1.6
    endloop
  endfacet
  facet normal 0 0 1
    outer loop
      vertex -60.221581091998786 61.16578750530021 1.6
      vertex -58.03534303491573 62.25 1.6
      vertex -60.12507707522404 61.369828105560295 1.6
    endloop
  endfacet
  facet normal 0 0 1
    outer loop
      vertex -60.12507707522404 61.369828105560295 1.6
      vertex -58.03534303491573 62.25 1.6
      vertex -60.04903722781592 61.58234524231474 1.6
    endloop
  endfacet
  facet normal 0 0 1
    outer loop
      vertex -60.04903722781592 61.58234524231474 1.6
      vertex -58.03534303491573 62.25 1.6
      vertex -59.99419385507257 61.8012922593629 1.6
    endloop
  endfacet
  facet normal 0 0 1
    outer loop
      vertex -59.99419385507257 61.8012922593629 1.6
      vertex -58.03534303491573 62.25 1.6
      vertex -59.961075128653945 62.02456057724201 1.6
    endloop
  endfacet
  facet normal 0 0 1
    outer loop
      vertex -59.961075128653945 62.02456057724201 1.6
      vertex -58.03534303491573 62.25 1.6
      vertex -59.95 62.25 1.6
    endloop
  endfacet
  facet normal 0 0 1
    outer loop
      vertex -59.95 62.25 1.6
      vertex -58.03534303491573 62.25 1.6
      vertex -59.961075128653945 62.47543942275799 1.6
    endloop
  endfacet
  facet normal 0 0 1
    outer loop
      vertex -59.961075128653945 62.47543942275799 1.6
      vertex -58.03534303491573 62.25 1.6
      vertex -59.99419385507257 62.6987077406371 1.6
    endloop
  endfacet
  facet normal 0 0 1
    outer loop
      vertex -60.04903722781592 62.91765475768526 1.6
      vertex -59.99419385507257 62.6987077406371 1.6
      vertex -58.03534303491573 62.25 1.6
    endloop
  endfacet
  facet normal 0 0 1
    outer loop
      vertex -60.04903722781592 62.91765475768526 1.6
      vertex -58.03534303491573 62.25 1.6
      vertex -60.12507707522404 63.130171894439705 1.6
    endloop
  endfacet
  facet normal 0 0 1
    outer loop
      vertex -60.12507707522404 63.130171894439705 1.6
      vertex -60.14267151745786 65.9 1.6
      vertex -60.221581091998786 63.33421249469979 1.6
    endloop
  endfacet
  facet normal 0 0 1
    outer loop
      vertex -60.12507707522404 63.130171894439705 1.6
      vertex -58.03534303491573 62.25 1.6
      vertex -60.14267151745786 65.9 1.6
    endloop
  endfacet
  facet normal 0 0 1
    outer loop
      vertex -64.16238010829585 63.527811535945084 1.6
      vertex -64.0279240427343 63.70910455357638 1.6
      vertex -64.35732848254213 65.9 1.6
    endloop
  endfacet
  facet normal 0 0 1
    outer loop
      vertex -64.0279240427343 63.70910455357638 1.6
      vertex -63.87634559672906 63.87634559672906 1.6
      vertex -64.35732848254213 65.9 1.6
    endloop
  endfacet
  facet normal 0 0 1
    outer loop
      vertex -63.87634559672906 63.87634559672906 1.6
      vertex -63.70910455357638 64.0279240427343 1.6
      vertex -64.35732848254213 65.9 1.6
    endloop
  endfacet
  facet normal 0 0 1
    outer loop
      vertex -64.35732848254213 65.9 1.6
      vertex -63.70910455357638 64.0279240427343 1.6
      vertex -63.527811535945084 64.16238010829585 1.6
    endloop
  endfacet
  facet normal 0 0 1
    outer loop
      vertex -64.35732848254213 65.9 1.6
      vertex -63.527811535945084 64.16238010829585 1.6
      vertex -63.33421249469979 64.27841890800121 1.6
    endloop
  endfacet
  facet normal 0 0 1
    outer loop
      vertex -64.35732848254213 65.9 1.6
      vertex -63.33421249469979 64.27841890800121 1.6
      vertex -63.130171894439705 64.37492292477596 1.6
    endloop
  endfacet
  facet normal 0 0 1
    outer loop
      vertex -64.35732848254213 65.9 1.6
      vertex -63.130171894439705 64.37492292477596 1.6
      vertex -62.91765475768526 64.45096277218408 1.6
    endloop
  endfacet
  facet normal 0 0 1
    outer loop
      vertex -64.35732848254213 65.9 1.6
      vertex -62.91765475768526 64.45096277218408 1.6
      vertex -62.6987077406371 64.50580614492743 1.6
    endloop
  endfacet
  facet normal 0 0 1
    outer loop
      vertex -64.35732848254213 65.9 1.6
      vertex -62.6987077406371 64.50580614492743 1.6
      vertex -62.47543942275799 64.53892487134605 1.6
    endloop
  endfacet
  facet normal 0 0 1
    outer loop
      vertex -64.35732848254213 65.9 1.6
      vertex -62.47543942275799 64.53892487134605 1.6
      vertex -60.14267151745786 65.9 1.6
    endloop
  endfacet
  facet normal 0 0 1
    outer loop
      vertex -62.47543942275799 64.53892487134605 1.6
      vertex -62.25 64.55 1.6
      vertex -60.14267151745786 65.9 1.6
    endloop
  endfacet
  facet normal 0 0 1
    outer loop
      vertex -62.25 64.55 1.6
      vertex -62.02456057724201 64.53892487134605 1.6
      vertex -60.14267151745786 65.9 1.6
    endloop
  endfacet
  facet normal 0 0 1
    outer loop
      vertex -62.02456057724201 64.53892487134605 1.6
      vertex -61.8012922593629 64.50580614492743 1.6
      vertex -60.14267151745786 65.9 1.6
    endloop
  endfacet
  facet normal 0 0 1
    outer loop
      vertex -61.58234524231474 64.45096277218408 1.6
      vertex -60.14267151745786 65.9 1.6
      vertex -61.8012922593629 64.50580614492743 1.6
    endloop
  endfacet
  facet normal 0 0 1
    outer loop
      vertex -60.972188464054916 64.16238010829585 1.6
      vertex -60.14267151745786 65.9 1.6
      vertex -61.16578750530021 64.27841890800121 1.6
    endloop
  endfacet
  facet normal 0 0 1
    outer loop
      vertex -60.79089544642362 64.0279240427343 1.6
      vertex -60.62365440327094 63.87634559672906 1.6
      vertex -60.14267151745786 65.9 1.6
    endloop
  endfacet
  facet normal 0 0 1
    outer loop
      vertex -60.972188464054916 64.16238010829585 1.6
      vertex -60.79089544642362 64.0279240427343 1.6
      vertex -60.14267151745786 65.9 1.6
    endloop
  endfacet
  facet normal 0 0 1
    outer loop
      vertex -61.58234524231474 64.45096277218408 1.6
      vertex -61.369828105560295 64.37492292477596 1.6
      vertex -60.14267151745786 65.9 1.6
    endloop
  endfacet
  facet normal 0 0 1
    outer loop
      vertex -61.369828105560295 64.37492292477596 1.6
      vertex -61.16578750530021 64.27841890800121 1.6
      vertex -60.14267151745786 65.9 1.6
    endloop
  endfacet
  facet normal 0 0 1
    outer loop
      vertex -60.4720759572657 63.70910455357638 1.6
      vertex -60.14267151745786 65.9 1.6
      vertex -60.62365440327094 63.87634559672906 1.6
    endloop
  endfacet
  facet normal 0 0 1
    outer loop
      vertex -60.33761989170414 63.527811535945084 1.6
      vertex -60.221581091998786 63.33421249469979 1.6
      vertex -60.14267151745786 65.9 1.6
    endloop
  endfacet
  facet normal 0 0 1
    outer loop
      vertex -60.33761989170414 63.527811535945084 1.6
      vertex -60.14267151745786 65.9 1.6
      vertex -60.4720759572657 63.70910455357638 1.6
    endloop
  endfacet
  facet normal 0 1 0
    outer loop
      vertex -64.35732848254213 58.6 1.6
      vertex -64.35732848254213 58.6 5
      vertex -60.14267151745786 58.6 1.6
    endloop
  endfacet
  facet normal 0.8660254037844376 0.5000000000000019 0
    outer loop
      vertex -66.46465696508427 62.25 1.6
      vertex -66.46465696508427 62.25 5
      vertex -64.35732848254213 58.6 1.6
    endloop
  endfacet
  facet normal 0.866025403784438 -0.5000000000000012 0
    outer loop
      vertex -66.46465696508427 62.25 1.6
      vertex -64.35732848254213 65.9 1.6
      vertex -64.35732848254213 65.9 5
    endloop
  endfacet
  facet normal -0.8660254037844389 0.4999999999999994 0
    outer loop
      vertex -60.14267151745786 58.6 1.6
      vertex -60.14267151745786 58.6 5
      vertex -58.03534303491573 62.25 1.6
    endloop
  endfacet
  facet normal 0 -1 0
    outer loop
      vertex -64.35732848254213 65.9 1.6
      vertex -60.14267151745786 65.9 1.6
      vertex -60.14267151745786 65.9 5
    endloop
  endfacet
  facet normal -0.8660254037844395 -0.4999999999999986 0
    outer loop
      vertex -60.14267151745786 65.9 1.6
      vertex -58.03534303491573 62.25 1.6
      vertex -58.03534303491573 62.25 5
    endloop
  endfacet
  facet normal 0 1 0
    outer loop
      vertex -60.14267151745786 58.6 1.6
      vertex -64.35732848254213 58.6 5
      vertex -60.14267151745786 58.6 5
    endloop
  endfacet
  facet normal 0.8660254037844376 0.5000000000000019 0
    outer loop
      vertex -64.35732848254213 58.6 1.6
      vertex -66.46465696508427 62.25 5
      vertex -64.35732848254213 58.6 5
    endloop
  endfacet
  facet normal 0.866025403784438 -0.5000000000000012 0
    outer loop
      vertex -66.46465696508427 62.25 1.6
      vertex -64.35732848254213 65.9 5
      vertex -66.46465696508427 62.25 5
    endloop
  endfacet
  facet normal 0 -1 0
    outer loop
      vertex -64.35732848254213 65.9 1.6
      vertex -60.14267151745786 65.9 5
      vertex -64.35732848254213 65.9 5
    endloop
  endfacet
  facet normal -0.8660254037844395 -0.4999999999999986 0
    outer loop
      vertex -60.14267151745786 65.9 1.6
      vertex -58.03534303491573 62.25 5
      vertex -60.14267151745786 65.9 5
    endloop
  endfacet
  facet normal -0.8660254037844389 0.4999999999999994 0
    outer loop
      vertex -58.03534303491573 62.25 1.6
      vertex -60.14267151745786 58.6 5
      vertex -58.03534303491573 62.25 5
    endloop
  endfacet
  facet normal 0.5141027441932251 0.85772861000027 0
    outer loop
      vertex 60.972188464054916 -64.16238010829585 1.6
      vertex 61.16578750530021 -64.27841890800121 0
      vertex 60.972188464054916 -64.16238010829585 0
    endloop
  endfacet
  facet normal 0.4275550934302915 0.9039892931234388 0
    outer loop
      vertex 61.16578750530021 -64.27841890800121 1.6
      vertex 61.369828105560295 -64.37492292477596 0
      vertex 61.16578750530021 -64.27841890800121 0
    endloop
  endfacet
  facet normal 0.3368898533922396 0.9415440651830138 0
    outer loop
      vertex 61.369828105560295 -64.37492292477596 1.6
      vertex 61.58234524231474 -64.45096277218408 0
      vertex 61.369828105560295 -64.37492292477596 0
    endloop
  endfacet
  facet normal 0.24298017990326443 0.9700312531945439 0
    outer loop
      vertex 61.58234524231474 -64.45096277218408 1.6
      vertex 61.8012922593629 -64.50580614492743 0
      vertex 61.58234524231474 -64.45096277218408 0
    endloop
  endfacet
  facet normal 0.14673047445535176 0.9891765099647825 0
    outer loop
      vertex 61.8012922593629 -64.50580614492743 1.6
      vertex 62.02456057724201 -64.53892487134605 0
      vertex 61.8012922593629 -64.50580614492743 0
    endloop
  endfacet
  facet normal 0.04906767432739827 0.9987954562051733 0
    outer loop
      vertex 62.02456057724201 -64.53892487134605 1.6
      vertex 62.25 -64.55 0
      vertex 62.02456057724201 -64.53892487134605 0
    endloop
  endfacet
  facet normal -0.04906767432739827 0.9987954562051733 0
    outer loop
      vertex 62.25 -64.55 1.6
      vertex 62.47543942275799 -64.53892487134605 0
      vertex 62.25 -64.55 0
    endloop
  endfacet
  facet normal -0.14673047445535176 0.9891765099647825 0
    outer loop
      vertex 62.47543942275799 -64.53892487134605 1.6
      vertex 62.6987077406371 -64.50580614492743 0
      vertex 62.47543942275799 -64.53892487134605 0
    endloop
  endfacet
  facet normal -0.24298017990326443 0.9700312531945439 0
    outer loop
      vertex 62.6987077406371 -64.50580614492743 1.6
      vertex 62.91765475768526 -64.45096277218408 0
      vertex 62.6987077406371 -64.50580614492743 0
    endloop
  endfacet
  facet normal -0.3368898533922396 0.9415440651830138 0
    outer loop
      vertex 62.91765475768526 -64.45096277218408 1.6
      vertex 63.130171894439705 -64.37492292477596 0
      vertex 62.91765475768526 -64.45096277218408 0
    endloop
  endfacet
  facet normal -0.4275550934302915 0.9039892931234388 0
    outer loop
      vertex 63.130171894439705 -64.37492292477596 1.6
      vertex 63.33421249469979 -64.27841890800121 0
      vertex 63.130171894439705 -64.37492292477596 0
    endloop
  endfacet
  facet normal -0.5141027441932251 0.85772861000027 0
    outer loop
      vertex 63.33421249469979 -64.27841890800121 1.6
      vertex 63.527811535945084 -64.16238010829585 0
      vertex 63.33421249469979 -64.27841890800121 0
    endloop
  endfacet
  facet normal 0.8032075314806436 0.595699304492435 0
    outer loop
      vertex 60.33761989170414 -63.527811535945084 1.6
      vertex 60.4720759572657 -63.70910455357638 0
      vertex 60.33761989170414 -63.527811535945084 0
    endloop
  endfacet
  facet normal 0.9039892931234388 0.4275550934302915 0
    outer loop
      vertex 60.12507707522404 -63.130171894439705 1.6
      vertex 60.221581091998786 -63.33421249469979 0
      vertex 60.12507707522404 -63.130171894439705 0
    endloop
  endfacet
  facet normal 0.9415440651830238 0.3368898533922117 0
    outer loop
      vertex 60.04903722781592 -62.91765475768526 1.6
      vertex 60.12507707522404 -63.130171894439705 0
      vertex 60.04903722781592 -62.91765475768526 0
    endloop
  endfacet
  facet normal 0.8577286100002838 0.5141027441932019 0
    outer loop
      vertex 60.221581091998786 -63.33421249469979 1.6
      vertex 60.33761989170414 -63.527811535945084 0
      vertex 60.221581091998786 -63.33421249469979 0
    endloop
  endfacet
  facet normal 0.9700312531945364 0.24298017990329404 0
    outer loop
      vertex 59.99419385507257 -62.6987077406371 1.6
      vertex 60.04903722781592 -62.91765475768526 0
      vertex 59.99419385507257 -62.6987077406371 0
    endloop
  endfacet
  facet normal 0.9891765099647825 0.14673047445535176 0
    outer loop
      vertex 59.961075128653945 -62.47543942275799 1.6
      vertex 59.99419385507257 -62.6987077406371 0
      vertex 59.961075128653945 -62.47543942275799 0
    endloop
  endfacet
  facet normal 0.9987954562051733 0.04906767432739827 0
    outer loop
      vertex 59.95 -62.25 1.6
      vertex 59.961075128653945 -62.47543942275799 0
      vertex 59.95 -62.25 0
    endloop
  endfacet
  facet normal 0.9987954562051733 -0.04906767432739827 0
    outer loop
      vertex 59.961075128653945 -62.02456057724201 1.6
      vertex 59.95 -62.25 0
      vertex 59.961075128653945 -62.02456057724201 0
    endloop
  endfacet
  facet normal 0.9891765099647825 -0.14673047445535176 0
    outer loop
      vertex 59.99419385507257 -61.8012922593629 1.6
      vertex 59.961075128653945 -62.02456057724201 0
      vertex 59.99419385507257 -61.8012922593629 0
    endloop
  endfacet
  facet normal 0.6715589548470171 0.74095112535496 0
    outer loop
      vertex 60.62365440327094 -63.87634559672906 1.6
      vertex 60.79089544642362 -64.0279240427343 0
      vertex 60.62365440327094 -63.87634559672906 0
    endloop
  endfacet
  facet normal 0.74095112535496 0.6715589548470171 0
    outer loop
      vertex 60.4720759572657 -63.70910455357638 1.6
      vertex 60.62365440327094 -63.87634559672906 0
      vertex 60.4720759572657 -63.70910455357638 0
    endloop
  endfacet
  facet normal 0.5956993044924147 0.8032075314806587 0
    outer loop
      vertex 60.79089544642362 -64.0279240427343 1.6
      vertex 60.972188464054916 -64.16238010829585 0
      vertex 60.79089544642362 -64.0279240427343 0
    endloop
  endfacet
  facet normal 0.9700312531945364 -0.24298017990329404 0
    outer loop
      vertex 60.04903722781592 -61.58234524231474 1.6
      vertex 59.99419385507257 -61.8012922593629 0
      vertex 60.04903722781592 -61.58234524231474 0
    endloop
  endfacet
  facet normal 0.9415440651830238 -0.3368898533922117 0
    outer loop
      vertex 60.12507707522404 -61.369828105560295 1.6
      vertex 60.04903722781592 -61.58234524231474 0
      vertex 60.12507707522404 -61.369828105560295 0
    endloop
  endfacet
  facet normal 0.9039892931234388 -0.4275550934302915 0
    outer loop
      vertex 60.221581091998786 -61.16578750530021 1.6
      vertex 60.12507707522404 -61.369828105560295 0
      vertex 60.221581091998786 -61.16578750530021 0
    endloop
  endfacet
  facet normal 0.8577286100002838 -0.5141027441932019 0
    outer loop
      vertex 60.33761989170414 -60.972188464054916 1.6
      vertex 60.221581091998786 -61.16578750530021 0
      vertex 60.33761989170414 -60.972188464054916 0
    endloop
  endfacet
  facet normal 0.8032075314806436 -0.595699304492435 0
    outer loop
      vertex 60.4720759572657 -60.79089544642362 1.6
      vertex 60.33761989170414 -60.972188464054916 0
      vertex 60.4720759572657 -60.79089544642362 0
    endloop
  endfacet
  facet normal 0.74095112535496 -0.6715589548470171 0
    outer loop
      vertex 60.62365440327094 -60.62365440327094 1.6
      vertex 60.4720759572657 -60.79089544642362 0
      vertex 60.62365440327094 -60.62365440327094 0
    endloop
  endfacet
  facet normal 0.6715589548470171 -0.74095112535496 0
    outer loop
      vertex 60.79089544642362 -60.4720759572657 1.6
      vertex 60.62365440327094 -60.62365440327094 0
      vertex 60.79089544642362 -60.4720759572657 0
    endloop
  endfacet
  facet normal 0.595699304492435 -0.8032075314806436 0
    outer loop
      vertex 60.972188464054916 -60.33761989170414 1.6
      vertex 60.79089544642362 -60.4720759572657 0
      vertex 60.972188464054916 -60.33761989170414 0
    endloop
  endfacet
  facet normal 0.5141027441932019 -0.8577286100002838 0
    outer loop
      vertex 61.16578750530021 -60.221581091998786 1.6
      vertex 60.972188464054916 -60.33761989170414 0
      vertex 61.16578750530021 -60.221581091998786 0
    endloop
  endfacet
  facet normal 0.4275550934302915 -0.9039892931234388 0
    outer loop
      vertex 61.369828105560295 -60.12507707522404 1.6
      vertex 61.16578750530021 -60.221581091998786 0
      vertex 61.369828105560295 -60.12507707522404 0
    endloop
  endfacet
  facet normal 0.3368898533922117 -0.9415440651830238 0
    outer loop
      vertex 61.58234524231474 -60.04903722781592 1.6
      vertex 61.369828105560295 -60.12507707522404 0
      vertex 61.58234524231474 -60.04903722781592 0
    endloop
  endfacet
  facet normal -0.5956993044924147 0.8032075314806587 0
    outer loop
      vertex 63.527811535945084 -64.16238010829585 1.6
      vertex 63.70910455357638 -64.0279240427343 0
      vertex 63.527811535945084 -64.16238010829585 0
    endloop
  endfacet
  facet normal -0.6715589548470171 0.74095112535496 0
    outer loop
      vertex 63.70910455357638 -64.0279240427343 1.6
      vertex 63.87634559672906 -63.87634559672906 0
      vertex 63.70910455357638 -64.0279240427343 0
    endloop
  endfacet
  facet normal -0.74095112535496 0.6715589548470171 0
    outer loop
      vertex 63.87634559672906 -63.87634559672906 1.6
      vertex 64.0279240427343 -63.70910455357638 0
      vertex 63.87634559672906 -63.87634559672906 0
    endloop
  endfacet
  facet normal -0.8032075314806587 0.5956993044924147 0
    outer loop
      vertex 64.0279240427343 -63.70910455357638 1.6
      vertex 64.16238010829585 -63.527811535945084 0
      vertex 64.0279240427343 -63.70910455357638 0
    endloop
  endfacet
  facet normal 0.24298017990329404 -0.9700312531945364 0
    outer loop
      vertex 61.8012922593629 -59.99419385507257 1.6
      vertex 61.58234524231474 -60.04903722781592 0
      vertex 61.8012922593629 -59.99419385507257 0
    endloop
  endfacet
  facet normal 0.14673047445535176 -0.9891765099647825 0
    outer loop
      vertex 62.02456057724201 -59.961075128653945 1.6
      vertex 61.8012922593629 -59.99419385507257 0
      vertex 62.02456057724201 -59.961075128653945 0
    endloop
  endfacet
  facet normal 0.04906767432739827 -0.9987954562051733 0
    outer loop
      vertex 62.25 -59.95 1.6
      vertex 62.02456057724201 -59.961075128653945 0
      vertex 62.25 -59.95 0
    endloop
  endfacet
  facet normal -0.04906767432739827 -0.9987954562051733 0
    outer loop
      vertex 62.47543942275799 -59.961075128653945 1.6
      vertex 62.25 -59.95 0
      vertex 62.47543942275799 -59.961075128653945 0
    endloop
  endfacet
  facet normal -0.14673047445535176 -0.9891765099647825 0
    outer loop
      vertex 62.6987077406371 -59.99419385507257 1.6
      vertex 62.47543942275799 -59.961075128653945 0
      vertex 62.6987077406371 -59.99419385507257 0
    endloop
  endfacet
  facet normal -0.24298017990329404 -0.9700312531945364 0
    outer loop
      vertex 62.91765475768526 -60.04903722781592 1.6
      vertex 62.6987077406371 -59.99419385507257 0
      vertex 62.91765475768526 -60.04903722781592 0
    endloop
  endfacet
  facet normal -0.6715589548470171 -0.74095112535496 0
    outer loop
      vertex 63.87634559672906 -60.62365440327094 1.6
      vertex 63.70910455357638 -60.4720759572657 0
      vertex 63.87634559672906 -60.62365440327094 0
    endloop
  endfacet
  facet normal -0.8032075314806587 -0.5956993044924147 0
    outer loop
      vertex 64.16238010829585 -60.972188464054916 1.6
      vertex 64.0279240427343 -60.79089544642362 0
      vertex 64.16238010829585 -60.972188464054916 0
    endloop
  endfacet
  facet normal -0.74095112535496 -0.6715589548470171 0
    outer loop
      vertex 64.0279240427343 -60.79089544642362 1.6
      vertex 63.87634559672906 -60.62365440327094 0
      vertex 64.0279240427343 -60.79089544642362 0
    endloop
  endfacet
  facet normal -0.3368898533922117 -0.9415440651830238 0
    outer loop
      vertex 63.130171894439705 -60.12507707522404 1.6
      vertex 62.91765475768526 -60.04903722781592 0
      vertex 63.130171894439705 -60.12507707522404 0
    endloop
  endfacet
  facet normal -0.4275550934302915 -0.9039892931234388 0
    outer loop
      vertex 63.33421249469979 -60.221581091998786 1.6
      vertex 63.130171894439705 -60.12507707522404 0
      vertex 63.33421249469979 -60.221581091998786 0
    endloop
  endfacet
  facet normal -0.5141027441932019 -0.8577286100002838 0
    outer loop
      vertex 63.527811535945084 -60.33761989170414 1.6
      vertex 63.33421249469979 -60.221581091998786 0
      vertex 63.527811535945084 -60.33761989170414 0
    endloop
  endfacet
  facet normal -0.595699304492435 -0.8032075314806436 0
    outer loop
      vertex 63.70910455357638 -60.4720759572657 1.6
      vertex 63.527811535945084 -60.33761989170414 0
      vertex 63.70910455357638 -60.4720759572657 0
    endloop
  endfacet
  facet normal -0.85772861000027 0.5141027441932251 0
    outer loop
      vertex 64.16238010829585 -63.527811535945084 1.6
      vertex 64.27841890800121 -63.33421249469979 0
      vertex 64.16238010829585 -63.527811535945084 0
    endloop
  endfacet
  facet normal -0.9039892931234388 0.4275550934302915 0
    outer loop
      vertex 64.27841890800121 -63.33421249469979 1.6
      vertex 64.37492292477596 -63.130171894439705 0
      vertex 64.27841890800121 -63.33421249469979 0
    endloop
  endfacet
  facet normal -0.9415440651830138 0.3368898533922396 0
    outer loop
      vertex 64.37492292477596 -63.130171894439705 1.6
      vertex 64.45096277218408 -62.91765475768526 0
      vertex 64.37492292477596 -63.130171894439705 0
    endloop
  endfacet
  facet normal -0.9700312531945439 0.24298017990326443 0
    outer loop
      vertex 64.45096277218408 -62.91765475768526 1.6
      vertex 64.50580614492743 -62.6987077406371 0
      vertex 64.45096277218408 -62.91765475768526 0
    endloop
  endfacet
  facet normal -0.9891765099647825 0.14673047445535176 0
    outer loop
      vertex 64.50580614492743 -62.6987077406371 1.6
      vertex 64.53892487134605 -62.47543942275799 0
      vertex 64.50580614492743 -62.6987077406371 0
    endloop
  endfacet
  facet normal -0.9987954562051733 0.04906767432739827 0
    outer loop
      vertex 64.53892487134605 -62.47543942275799 1.6
      vertex 64.55 -62.25 0
      vertex 64.53892487134605 -62.47543942275799 0
    endloop
  endfacet
  facet normal -0.9700312531945439 -0.24298017990326443 0
    outer loop
      vertex 64.50580614492743 -61.8012922593629 1.6
      vertex 64.45096277218408 -61.58234524231474 0
      vertex 64.50580614492743 -61.8012922593629 0
    endloop
  endfacet
  facet normal -0.9987954562051733 -0.04906767432739827 0
    outer loop
      vertex 64.55 -62.25 1.6
      vertex 64.53892487134605 -62.02456057724201 0
      vertex 64.55 -62.25 0
    endloop
  endfacet
  facet normal -0.9891765099647825 -0.14673047445535176 0
    outer loop
      vertex 64.53892487134605 -62.02456057724201 1.6
      vertex 64.50580614492743 -61.8012922593629 0
      vertex 64.53892487134605 -62.02456057724201 0
    endloop
  endfacet
  facet normal -0.9415440651830138 -0.3368898533922396 0
    outer loop
      vertex 64.45096277218408 -61.58234524231474 1.6
      vertex 64.37492292477596 -61.369828105560295 0
      vertex 64.45096277218408 -61.58234524231474 0
    endloop
  endfacet
  facet normal -0.9039892931234388 -0.4275550934302915 0
    outer loop
      vertex 64.37492292477596 -61.369828105560295 1.6
      vertex 64.27841890800121 -61.16578750530021 0
      vertex 64.37492292477596 -61.369828105560295 0
    endloop
  endfacet
  facet normal -0.85772861000027 -0.5141027441932251 0
    outer loop
      vertex 64.27841890800121 -61.16578750530021 1.6
      vertex 64.16238010829585 -60.972188464054916 0
      vertex 64.27841890800121 -61.16578750530021 0
    endloop
  endfacet
  facet normal 0.5141027441932251 0.85772861000027 0
    outer loop
      vertex 61.16578750530021 -64.27841890800121 1.6
      vertex 61.16578750530021 -64.27841890800121 0
      vertex 60.972188464054916 -64.16238010829585 1.6
    endloop
  endfacet
  facet normal 0.4275550934302915 0.9039892931234388 0
    outer loop
      vertex 61.16578750530021 -64.27841890800121 1.6
      vertex 61.369828105560295 -64.37492292477596 1.6
      vertex 61.369828105560295 -64.37492292477596 0
    endloop
  endfacet
  facet normal 0.3368898533922396 0.9415440651830138 0
    outer loop
      vertex 61.369828105560295 -64.37492292477596 1.6
      vertex 61.58234524231474 -64.45096277218408 1.6
      vertex 61.58234524231474 -64.45096277218408 0
    endloop
  endfacet
  facet normal 0.14673047445535176 0.9891765099647825 0
    outer loop
      vertex 61.8012922593629 -64.50580614492743 1.6
      vertex 62.02456057724201 -64.53892487134605 1.6
      vertex 62.02456057724201 -64.53892487134605 0
    endloop
  endfacet
  facet normal 0.24298017990326443 0.9700312531945439 0
    outer loop
      vertex 61.8012922593629 -64.50580614492743 1.6
      vertex 61.8012922593629 -64.50580614492743 0
      vertex 61.58234524231474 -64.45096277218408 1.6
    endloop
  endfacet
  facet normal 0.04906767432739827 0.9987954562051733 0
    outer loop
      vertex 62.02456057724201 -64.53892487134605 1.6
      vertex 62.25 -64.55 1.6
      vertex 62.25 -64.55 0
    endloop
  endfacet
  facet normal -0.04906767432739827 0.9987954562051733 0
    outer loop
      vertex 62.25 -64.55 1.6
      vertex 62.47543942275799 -64.53892487134605 1.6
      vertex 62.47543942275799 -64.53892487134605 0
    endloop
  endfacet
  facet normal -0.14673047445535176 0.9891765099647825 0
    outer loop
      vertex 62.47543942275799 -64.53892487134605 1.6
      vertex 62.6987077406371 -64.50580614492743 1.6
      vertex 62.6987077406371 -64.50580614492743 0
    endloop
  endfacet
  facet normal -0.24298017990326443 0.9700312531945439 0
    outer loop
      vertex 62.6987077406371 -64.50580614492743 1.6
      vertex 62.91765475768526 -64.45096277218408 1.6
      vertex 62.91765475768526 -64.45096277218408 0
    endloop
  endfacet
  facet normal -0.3368898533922396 0.9415440651830138 0
    outer loop
      vertex 62.91765475768526 -64.45096277218408 1.6
      vertex 63.130171894439705 -64.37492292477596 1.6
      vertex 63.130171894439705 -64.37492292477596 0
    endloop
  endfacet
  facet normal -0.4275550934302915 0.9039892931234388 0
    outer loop
      vertex 63.130171894439705 -64.37492292477596 1.6
      vertex 63.33421249469979 -64.27841890800121 1.6
      vertex 63.33421249469979 -64.27841890800121 0
    endloop
  endfacet
  facet normal -0.5141027441932251 0.85772861000027 0
    outer loop
      vertex 63.33421249469979 -64.27841890800121 1.6
      vertex 63.527811535945084 -64.16238010829585 1.6
      vertex 63.527811535945084 -64.16238010829585 0
    endloop
  endfacet
  facet normal 0.8032075314806436 0.595699304492435 0
    outer loop
      vertex 60.4720759572657 -63.70910455357638 1.6
      vertex 60.4720759572657 -63.70910455357638 0
      vertex 60.33761989170414 -63.527811535945084 1.6
    endloop
  endfacet
  facet normal 0.9415440651830238 0.3368898533922117 0
    outer loop
      vertex 60.12507707522404 -63.130171894439705 1.6
      vertex 60.12507707522404 -63.130171894439705 0
      vertex 60.04903722781592 -62.91765475768526 1.6
    endloop
  endfacet
  facet normal 0.8577286100002838 0.5141027441932019 0
    outer loop
      vertex 60.221581091998786 -63.33421249469979 1.6
      vertex 60.33761989170414 -63.527811535945084 1.6
      vertex 60.33761989170414 -63.527811535945084 0
    endloop
  endfacet
  facet normal 0.9039892931234388 0.4275550934302915 0
    outer loop
      vertex 60.221581091998786 -63.33421249469979 1.6
      vertex 60.221581091998786 -63.33421249469979 0
      vertex 60.12507707522404 -63.130171894439705 1.6
    endloop
  endfacet
  facet normal 0.9700312531945364 0.24298017990329404 0
    outer loop
      vertex 59.99419385507257 -62.6987077406371 1.6
      vertex 60.04903722781592 -62.91765475768526 1.6
      vertex 60.04903722781592 -62.91765475768526 0
    endloop
  endfacet
  facet normal 0.9891765099647825 0.14673047445535176 0
    outer loop
      vertex 59.99419385507257 -62.6987077406371 1.6
      vertex 59.99419385507257 -62.6987077406371 0
      vertex 59.961075128653945 -62.47543942275799 1.6
    endloop
  endfacet
  facet normal 0.9987954562051733 0.04906767432739827 0
    outer loop
      vertex 59.961075128653945 -62.47543942275799 1.6
      vertex 59.961075128653945 -62.47543942275799 0
      vertex 59.95 -62.25 1.6
    endloop
  endfacet
  facet normal 0.9987954562051733 -0.04906767432739827 0
    outer loop
      vertex 59.95 -62.25 1.6
      vertex 59.95 -62.25 0
      vertex 59.961075128653945 -62.02456057724201 1.6
    endloop
  endfacet
  facet normal 0.9891765099647825 -0.14673047445535176 0
    outer loop
      vertex 59.961075128653945 -62.02456057724201 1.6
      vertex 59.961075128653945 -62.02456057724201 0
      vertex 59.99419385507257 -61.8012922593629 1.6
    endloop
  endfacet
  facet normal 0.9700312531945364 -0.24298017990329404 0
    outer loop
      vertex 59.99419385507257 -61.8012922593629 1.6
      vertex 59.99419385507257 -61.8012922593629 0
      vertex 60.04903722781592 -61.58234524231474 1.6
    endloop
  endfacet
  facet normal 0.6715589548470171 0.74095112535496 0
    outer loop
      vertex 60.62365440327094 -63.87634559672906 1.6
      vertex 60.79089544642362 -64.0279240427343 1.6
      vertex 60.79089544642362 -64.0279240427343 0
    endloop
  endfacet
  facet normal 0.74095112535496 0.6715589548470171 0
    outer loop
      vertex 60.62365440327094 -63.87634559672906 1.6
      vertex 60.62365440327094 -63.87634559672906 0
      vertex 60.4720759572657 -63.70910455357638 1.6
    endloop
  endfacet
  facet normal 0.5956993044924147 0.8032075314806587 0
    outer loop
      vertex 60.79089544642362 -64.0279240427343 1.6
      vertex 60.972188464054916 -64.16238010829585 1.6
      vertex 60.972188464054916 -64.16238010829585 0
    endloop
  endfacet
  facet normal 0.9415440651830238 -0.3368898533922117 0
    outer loop
      vertex 60.04903722781592 -61.58234524231474 1.6
      vertex 60.04903722781592 -61.58234524231474 0
      vertex 60.12507707522404 -61.369828105560295 1.6
    endloop
  endfacet
  facet normal 0.9039892931234388 -0.4275550934302915 0
    outer loop
      vertex 60.12507707522404 -61.369828105560295 1.6
      vertex 60.12507707522404 -61.369828105560295 0
      vertex 60.221581091998786 -61.16578750530021 1.6
    endloop
  endfacet
  facet normal 0.8577286100002838 -0.5141027441932019 0
    outer loop
      vertex 60.221581091998786 -61.16578750530021 1.6
      vertex 60.221581091998786 -61.16578750530021 0
      vertex 60.33761989170414 -60.972188464054916 1.6
    endloop
  endfacet
  facet normal 0.8032075314806436 -0.595699304492435 0
    outer loop
      vertex 60.33761989170414 -60.972188464054916 1.6
      vertex 60.33761989170414 -60.972188464054916 0
      vertex 60.4720759572657 -60.79089544642362 1.6
    endloop
  endfacet
  facet normal 0.74095112535496 -0.6715589548470171 0
    outer loop
      vertex 60.4720759572657 -60.79089544642362 1.6
      vertex 60.4720759572657 -60.79089544642362 0
      vertex 60.62365440327094 -60.62365440327094 1.6
    endloop
  endfacet
  facet normal 0.6715589548470171 -0.74095112535496 0
    outer loop
      vertex 60.62365440327094 -60.62365440327094 1.6
      vertex 60.62365440327094 -60.62365440327094 0
      vertex 60.79089544642362 -60.4720759572657 1.6
    endloop
  endfacet
  facet normal 0.595699304492435 -0.8032075314806436 0
    outer loop
      vertex 60.79089544642362 -60.4720759572657 1.6
      vertex 60.79089544642362 -60.4720759572657 0
      vertex 60.972188464054916 -60.33761989170414 1.6
    endloop
  endfacet
  facet normal 0.5141027441932019 -0.8577286100002838 0
    outer loop
      vertex 60.972188464054916 -60.33761989170414 1.6
      vertex 60.972188464054916 -60.33761989170414 0
      vertex 61.16578750530021 -60.221581091998786 1.6
    endloop
  endfacet
  facet normal 0.4275550934302915 -0.9039892931234388 0
    outer loop
      vertex 61.16578750530021 -60.221581091998786 1.6
      vertex 61.16578750530021 -60.221581091998786 0
      vertex 61.369828105560295 -60.12507707522404 1.6
    endloop
  endfacet
  facet normal 0.3368898533922117 -0.9415440651830238 0
    outer loop
      vertex 61.369828105560295 -60.12507707522404 1.6
      vertex 61.369828105560295 -60.12507707522404 0
      vertex 61.58234524231474 -60.04903722781592 1.6
    endloop
  endfacet
  facet normal 0.24298017990329404 -0.9700312531945364 0
    outer loop
      vertex 61.58234524231474 -60.04903722781592 1.6
      vertex 61.58234524231474 -60.04903722781592 0
      vertex 61.8012922593629 -59.99419385507257 1.6
    endloop
  endfacet
  facet normal -0.5956993044924147 0.8032075314806587 0
    outer loop
      vertex 63.527811535945084 -64.16238010829585 1.6
      vertex 63.70910455357638 -64.0279240427343 1.6
      vertex 63.70910455357638 -64.0279240427343 0
    endloop
  endfacet
  facet normal -0.6715589548470171 0.74095112535496 0
    outer loop
      vertex 63.70910455357638 -64.0279240427343 1.6
      vertex 63.87634559672906 -63.87634559672906 1.6
      vertex 63.87634559672906 -63.87634559672906 0
    endloop
  endfacet
  facet normal -0.74095112535496 0.6715589548470171 0
    outer loop
      vertex 63.87634559672906 -63.87634559672906 1.6
      vertex 64.0279240427343 -63.70910455357638 1.6
      vertex 64.0279240427343 -63.70910455357638 0
    endloop
  endfacet
  facet normal -0.8032075314806587 0.5956993044924147 0
    outer loop
      vertex 64.0279240427343 -63.70910455357638 1.6
      vertex 64.16238010829585 -63.527811535945084 1.6
      vertex 64.16238010829585 -63.527811535945084 0
    endloop
  endfacet
  facet normal 0.14673047445535176 -0.9891765099647825 0
    outer loop
      vertex 61.8012922593629 -59.99419385507257 1.6
      vertex 61.8012922593629 -59.99419385507257 0
      vertex 62.02456057724201 -59.961075128653945 1.6
    endloop
  endfacet
  facet normal 0.04906767432739827 -0.9987954562051733 0
    outer loop
      vertex 62.02456057724201 -59.961075128653945 1.6
      vertex 62.02456057724201 -59.961075128653945 0
      vertex 62.25 -59.95 1.6
    endloop
  endfacet
  facet normal -0.04906767432739827 -0.9987954562051733 0
    outer loop
      vertex 62.25 -59.95 1.6
      vertex 62.25 -59.95 0
      vertex 62.47543942275799 -59.961075128653945 1.6
    endloop
  endfacet
  facet normal -0.14673047445535176 -0.9891765099647825 0
    outer loop
      vertex 62.47543942275799 -59.961075128653945 1.6
      vertex 62.47543942275799 -59.961075128653945 0
      vertex 62.6987077406371 -59.99419385507257 1.6
    endloop
  endfacet
  facet normal -0.24298017990329404 -0.9700312531945364 0
    outer loop
      vertex 62.91765475768526 -60.04903722781592 1.6
      vertex 62.6987077406371 -59.99419385507257 1.6
      vertex 62.6987077406371 -59.99419385507257 0
    endloop
  endfacet
  facet normal -0.6715589548470171 -0.74095112535496 0
    outer loop
      vertex 63.70910455357638 -60.4720759572657 1.6
      vertex 63.70910455357638 -60.4720759572657 0
      vertex 63.87634559672906 -60.62365440327094 1.6
    endloop
  endfacet
  facet normal -0.8032075314806587 -0.5956993044924147 0
    outer loop
      vertex 64.16238010829585 -60.972188464054916 1.6
      vertex 64.0279240427343 -60.79089544642362 1.6
      vertex 64.0279240427343 -60.79089544642362 0
    endloop
  endfacet
  facet normal -0.74095112535496 -0.6715589548470171 0
    outer loop
      vertex 63.87634559672906 -60.62365440327094 1.6
      vertex 63.87634559672906 -60.62365440327094 0
      vertex 64.0279240427343 -60.79089544642362 1.6
    endloop
  endfacet
  facet normal -0.3368898533922117 -0.9415440651830238 0
    outer loop
      vertex 62.91765475768526 -60.04903722781592 1.6
      vertex 62.91765475768526 -60.04903722781592 0
      vertex 63.130171894439705 -60.12507707522404 1.6
    endloop
  endfacet
  facet normal -0.4275550934302915 -0.9039892931234388 0
    outer loop
      vertex 63.130171894439705 -60.12507707522404 1.6
      vertex 63.130171894439705 -60.12507707522404 0
      vertex 63.33421249469979 -60.221581091998786 1.6
    endloop
  endfacet
  facet normal -0.5141027441932019 -0.8577286100002838 0
    outer loop
      vertex 63.527811535945084 -60.33761989170414 1.6
      vertex 63.33421249469979 -60.221581091998786 1.6
      vertex 63.33421249469979 -60.221581091998786 0
    endloop
  endfacet
  facet normal -0.595699304492435 -0.8032075314806436 0
    outer loop
      vertex 63.527811535945084 -60.33761989170414 1.6
      vertex 63.527811535945084 -60.33761989170414 0
      vertex 63.70910455357638 -60.4720759572657 1.6
    endloop
  endfacet
  facet normal -0.85772861000027 0.5141027441932251 0
    outer loop
      vertex 64.16238010829585 -63.527811535945084 1.6
      vertex 64.27841890800121 -63.33421249469979 1.6
      vertex 64.27841890800121 -63.33421249469979 0
    endloop
  endfacet
  facet normal -0.9039892931234388 0.4275550934302915 0
    outer loop
      vertex 64.27841890800121 -63.33421249469979 1.6
      vertex 64.37492292477596 -63.130171894439705 1.6
      vertex 64.37492292477596 -63.130171894439705 0
    endloop
  endfacet
  facet normal -0.9415440651830138 0.3368898533922396 0
    outer loop
      vertex 64.37492292477596 -63.130171894439705 1.6
      vertex 64.45096277218408 -62.91765475768526 1.6
      vertex 64.45096277218408 -62.91765475768526 0
    endloop
  endfacet
  facet normal -0.9700312531945439 0.24298017990326443 0
    outer loop
      vertex 64.45096277218408 -62.91765475768526 1.6
      vertex 64.50580614492743 -62.6987077406371 1.6
      vertex 64.50580614492743 -62.6987077406371 0
    endloop
  endfacet
  facet normal -0.9891765099647825 0.14673047445535176 0
    outer loop
      vertex 64.50580614492743 -62.6987077406371 1.6
      vertex 64.53892487134605 -62.47543942275799 1.6
      vertex 64.53892487134605 -62.47543942275799 0
    endloop
  endfacet
  facet normal -0.9987954562051733 0.04906767432739827 0
    outer loop
      vertex 64.53892487134605 -62.47543942275799 1.6
      vertex 64.55 -62.25 1.6
      vertex 64.55 -62.25 0
    endloop
  endfacet
  facet normal -0.9987954562051733 -0.04906767432739827 0
    outer loop
      vertex 64.55 -62.25 1.6
      vertex 64.53892487134605 -62.02456057724201 1.6
      vertex 64.53892487134605 -62.02456057724201 0
    endloop
  endfacet
  facet normal -0.9891765099647825 -0.14673047445535176 0
    outer loop
      vertex 64.53892487134605 -62.02456057724201 1.6
      vertex 64.50580614492743 -61.8012922593629 1.6
      vertex 64.50580614492743 -61.8012922593629 0
    endloop
  endfacet
  facet normal -0.9700312531945439 -0.24298017990326443 0
    outer loop
      vertex 64.45096277218408 -61.58234524231474 1.6
      vertex 64.45096277218408 -61.58234524231474 0
      vertex 64.50580614492743 -61.8012922593629 1.6
    endloop
  endfacet
  facet normal -0.9415440651830138 -0.3368898533922396 0
    outer loop
      vertex 64.45096277218408 -61.58234524231474 1.6
      vertex 64.37492292477596 -61.369828105560295 1.6
      vertex 64.37492292477596 -61.369828105560295 0
    endloop
  endfacet
  facet normal -0.9039892931234388 -0.4275550934302915 0
    outer loop
      vertex 64.37492292477596 -61.369828105560295 1.6
      vertex 64.27841890800121 -61.16578750530021 1.6
      vertex 64.27841890800121 -61.16578750530021 0
    endloop
  endfacet
  facet normal -0.85772861000027 -0.5141027441932251 0
    outer loop
      vertex 64.16238010829585 -60.972188464054916 1.6
      vertex 64.16238010829585 -60.972188464054916 0
      vertex 64.27841890800121 -61.16578750530021 1.6
    endloop
  endfacet
  facet normal 0 0 1
    outer loop
      vertex 60.14267151745786 -65.9 1.6
      vertex 60.4720759572657 -63.70910455357638 1.6
      vertex 60.33761989170414 -63.527811535945084 1.6
    endloop
  endfacet
  facet normal 0 0 1
    outer loop
      vertex 60.14267151745786 -65.9 1.6
      vertex 60.33761989170414 -63.527811535945084 1.6
      vertex 60.221581091998786 -63.33421249469979 1.6
    endloop
  endfacet
  facet normal 0 0 1
    outer loop
      vertex 60.14267151745786 -65.9 1.6
      vertex 60.62365440327094 -63.87634559672906 1.6
      vertex 60.4720759572657 -63.70910455357638 1.6
    endloop
  endfacet
  facet normal 0 0 1
    outer loop
      vertex 60.14267151745786 -65.9 1.6
      vertex 61.369828105560295 -64.37492292477596 1.6
      vertex 61.16578750530021 -64.27841890800121 1.6
    endloop
  endfacet
  facet normal 0 0 1
    outer loop
      vertex 60.14267151745786 -65.9 1.6
      vertex 61.58234524231474 -64.45096277218408 1.6
      vertex 61.369828105560295 -64.37492292477596 1.6
    endloop
  endfacet
  facet normal 0 0 1
    outer loop
      vertex 60.14267151745786 -65.9 1.6
      vertex 60.972188464054916 -64.16238010829585 1.6
      vertex 60.79089544642362 -64.0279240427343 1.6
    endloop
  endfacet
  facet normal 0 0 1
    outer loop
      vertex 60.14267151745786 -65.9 1.6
      vertex 60.79089544642362 -64.0279240427343 1.6
      vertex 60.62365440327094 -63.87634559672906 1.6
    endloop
  endfacet
  facet normal 0 0 1
    outer loop
      vertex 60.14267151745786 -65.9 1.6
      vertex 61.16578750530021 -64.27841890800121 1.6
      vertex 60.972188464054916 -64.16238010829585 1.6
    endloop
  endfacet
  facet normal 0 0 1
    outer loop
      vertex 60.14267151745786 -65.9 1.6
      vertex 61.8012922593629 -64.50580614492743 1.6
      vertex 61.58234524231474 -64.45096277218408 1.6
    endloop
  endfacet
  facet normal 0 0 1
    outer loop
      vertex 60.14267151745786 -65.9 1.6
      vertex 62.02456057724201 -64.53892487134605 1.6
      vertex 61.8012922593629 -64.50580614492743 1.6
    endloop
  endfacet
  facet normal 0 0 1
    outer loop
      vertex 60.14267151745786 -65.9 1.6
      vertex 62.25 -64.55 1.6
      vertex 62.02456057724201 -64.53892487134605 1.6
    endloop
  endfacet
  facet normal 0 0 1
    outer loop
      vertex 60.14267151745786 -65.9 1.6
      vertex 62.47543942275799 -64.53892487134605 1.6
      vertex 62.25 -64.55 1.6
    endloop
  endfacet
  facet normal 0 0 1
    outer loop
      vertex 60.14267151745786 -65.9 1.6
      vertex 64.35732848254213 -65.9 1.6
      vertex 62.47543942275799 -64.53892487134605 1.6
    endloop
  endfacet
  facet normal 0 0 1
    outer loop
      vertex 62.47543942275799 -64.53892487134605 1.6
      vertex 64.35732848254213 -65.9 1.6
      vertex 62.6987077406371 -64.50580614492743 1.6
    endloop
  endfacet
  facet normal 0 0 1
    outer loop
      vertex 62.6987077406371 -64.50580614492743 1.6
      vertex 64.35732848254213 -65.9 1.6
      vertex 62.91765475768526 -64.45096277218408 1.6
    endloop
  endfacet
  facet normal 0 0 1
    outer loop
      vertex 62.91765475768526 -64.45096277218408 1.6
      vertex 64.35732848254213 -65.9 1.6
      vertex 63.130171894439705 -64.37492292477596 1.6
    endloop
  endfacet
  facet normal 0 0 1
    outer loop
      vertex 63.130171894439705 -64.37492292477596 1.6
      vertex 64.35732848254213 -65.9 1.6
      vertex 63.33421249469979 -64.27841890800121 1.6
    endloop
  endfacet
  facet normal 0 0 1
    outer loop
      vertex 63.33421249469979 -64.27841890800121 1.6
      vertex 64.35732848254213 -65.9 1.6
      vertex 63.527811535945084 -64.16238010829585 1.6
    endloop
  endfacet
  facet normal 0 0 1
    outer loop
      vertex 63.527811535945084 -64.16238010829585 1.6
      vertex 64.35732848254213 -65.9 1.6
      vertex 63.70910455357638 -64.0279240427343 1.6
    endloop
  endfacet
  facet normal 0 0 1
    outer loop
      vertex 63.70910455357638 -64.0279240427343 1.6
      vertex 64.35732848254213 -65.9 1.6
      vertex 63.87634559672906 -63.87634559672906 1.6
    endloop
  endfacet
  facet normal 0 0 1
    outer loop
      vertex 64.35732848254213 -65.9 1.6
      vertex 64.0279240427343 -63.70910455357638 1.6
      vertex 63.87634559672906 -63.87634559672906 1.6
    endloop
  endfacet
  facet normal 0 0 1
    outer loop
      vertex 64.35732848254213 -65.9 1.6
      vertex 64.16238010829585 -63.527811535945084 1.6
      vertex 64.0279240427343 -63.70910455357638 1.6
    endloop
  endfacet
  facet normal 0 0 1
    outer loop
      vertex 58.03534303491573 -62.25 1.6
      vertex 60.14267151745786 -65.9 1.6
      vertex 60.12507707522404 -63.130171894439705 1.6
    endloop
  endfacet
  facet normal 0 0 1
    outer loop
      vertex 60.14267151745786 -65.9 1.6
      vertex 60.221581091998786 -63.33421249469979 1.6
      vertex 60.12507707522404 -63.130171894439705 1.6
    endloop
  endfacet
  facet normal 0 0 1
    outer loop
      vertex 58.03534303491573 -62.25 1.6
      vertex 60.12507707522404 -63.130171894439705 1.6
      vertex 60.04903722781592 -62.91765475768526 1.6
    endloop
  endfacet
  facet normal 0 0 1
    outer loop
      vertex 58.03534303491573 -62.25 1.6
      vertex 60.04903722781592 -62.91765475768526 1.6
      vertex 59.99419385507257 -62.6987077406371 1.6
    endloop
  endfacet
  facet normal 0 0 1
    outer loop
      vertex 58.03534303491573 -62.25 1.6
      vertex 59.99419385507257 -62.6987077406371 1.6
      vertex 59.961075128653945 -62.47543942275799 1.6
    endloop
  endfacet
  facet normal 0 0 1
    outer loop
      vertex 58.03534303491573 -62.25 1.6
      vertex 59.961075128653945 -62.47543942275799 1.6
      vertex 59.95 -62.25 1.6
    endloop
  endfacet
  facet normal 0 0 1
    outer loop
      vertex 58.03534303491573 -62.25 1.6
      vertex 59.95 -62.25 1.6
      vertex 59.961075128653945 -62.02456057724201 1.6
    endloop
  endfacet
  facet normal 0 0 1
    outer loop
      vertex 58.03534303491573 -62.25 1.6
      vertex 59.961075128653945 -62.02456057724201 1.6
      vertex 59.99419385507257 -61.8012922593629 1.6
    endloop
  endfacet
  facet normal 0 0 1
    outer loop
      vertex 58.03534303491573 -62.25 1.6
      vertex 59.99419385507257 -61.8012922593629 1.6
      vertex 60.04903722781592 -61.58234524231474 1.6
    endloop
  endfacet
  facet normal 0 0 1
    outer loop
      vertex 58.03534303491573 -62.25 1.6
      vertex 60.04903722781592 -61.58234524231474 1.6
      vertex 60.12507707522404 -61.369828105560295 1.6
    endloop
  endfacet
  facet normal 0 0 1
    outer loop
      vertex 58.03534303491573 -62.25 1.6
      vertex 60.12507707522404 -61.369828105560295 1.6
      vertex 60.221581091998786 -61.16578750530021 1.6
    endloop
  endfacet
  facet normal 0 0 1
    outer loop
      vertex 58.03534303491573 -62.25 1.6
      vertex 60.221581091998786 -61.16578750530021 1.6
      vertex 60.14267151745786 -58.6 1.6
    endloop
  endfacet
  facet normal 0 0 1
    outer loop
      vertex 60.221581091998786 -61.16578750530021 1.6
      vertex 60.33761989170414 -60.972188464054916 1.6
      vertex 60.14267151745786 -58.6 1.6
    endloop
  endfacet
  facet normal 0 0 1
    outer loop
      vertex 60.33761989170414 -60.972188464054916 1.6
      vertex 60.4720759572657 -60.79089544642362 1.6
      vertex 60.14267151745786 -58.6 1.6
    endloop
  endfacet
  facet normal 0 0 1
    outer loop
      vertex 60.4720759572657 -60.79089544642362 1.6
      vertex 60.62365440327094 -60.62365440327094 1.6
      vertex 60.14267151745786 -58.6 1.6
    endloop
  endfacet
  facet normal 0 0 1
    outer loop
      vertex 60.62365440327094 -60.62365440327094 1.6
      vertex 60.79089544642362 -60.4720759572657 1.6
      vertex 60.14267151745786 -58.6 1.6
    endloop
  endfacet
  facet normal 0 0 1
    outer loop
      vertex 60.79089544642362 -60.4720759572657 1.6
      vertex 60.972188464054916 -60.33761989170414 1.6
      vertex 60.14267151745786 -58.6 1.6
    endloop
  endfacet
  facet normal 0 0 1
    outer loop
      vertex 60.972188464054916 -60.33761989170414 1.6
      vertex 61.16578750530021 -60.221581091998786 1.6
      vertex 60.14267151745786 -58.6 1.6
    endloop
  endfacet
  facet normal 0 0 1
    outer loop
      vertex 61.16578750530021 -60.221581091998786 1.6
      vertex 61.369828105560295 -60.12507707522404 1.6
      vertex 60.14267151745786 -58.6 1.6
    endloop
  endfacet
  facet normal 0 0 1
    outer loop
      vertex 61.369828105560295 -60.12507707522404 1.6
      vertex 61.58234524231474 -60.04903722781592 1.6
      vertex 60.14267151745786 -58.6 1.6
    endloop
  endfacet
  facet normal 0 0 1
    outer loop
      vertex 60.14267151745786 -58.6 1.6
      vertex 61.58234524231474 -60.04903722781592 1.6
      vertex 61.8012922593629 -59.99419385507257 1.6
    endloop
  endfacet
  facet normal 0 0 1
    outer loop
      vertex 60.14267151745786 -58.6 1.6
      vertex 61.8012922593629 -59.99419385507257 1.6
      vertex 62.02456057724201 -59.961075128653945 1.6
    endloop
  endfacet
  facet normal 0 0 1
    outer loop
      vertex 62.02456057724201 -59.961075128653945 1.6
      vertex 62.25 -59.95 1.6
      vertex 64.35732848254213 -58.6 1.6
    endloop
  endfacet
  facet normal 0 0 1
    outer loop
      vertex 62.25 -59.95 1.6
      vertex 62.47543942275799 -59.961075128653945 1.6
      vertex 64.35732848254213 -58.6 1.6
    endloop
  endfacet
  facet normal 0 0 1
    outer loop
      vertex 62.47543942275799 -59.961075128653945 1.6
      vertex 62.6987077406371 -59.99419385507257 1.6
      vertex 64.35732848254213 -58.6 1.6
    endloop
  endfacet
  facet normal 0 0 1
    outer loop
      vertex 62.91765475768526 -60.04903722781592 1.6
      vertex 63.130171894439705 -60.12507707522404 1.6
      vertex 64.35732848254213 -58.6 1.6
    endloop
  endfacet
  facet normal 0 0 1
    outer loop
      vertex 62.91765475768526 -60.04903722781592 1.6
      vertex 64.35732848254213 -58.6 1.6
      vertex 62.6987077406371 -59.99419385507257 1.6
    endloop
  endfacet
  facet normal 0 0 1
    outer loop
      vertex 63.70910455357638 -60.4720759572657 1.6
      vertex 63.87634559672906 -60.62365440327094 1.6
      vertex 64.35732848254213 -58.6 1.6
    endloop
  endfacet
  facet normal 0 0 1
    outer loop
      vertex 64.16238010829585 -60.972188464054916 1.6
      vertex 64.35732848254213 -58.6 1.6
      vertex 64.0279240427343 -60.79089544642362 1.6
    endloop
  endfacet
  facet normal 0 0 1
    outer loop
      vertex 63.87634559672906 -60.62365440327094 1.6
      vertex 64.0279240427343 -60.79089544642362 1.6
      vertex 64.35732848254213 -58.6 1.6
    endloop
  endfacet
  facet normal 0 0 1
    outer loop
      vertex 63.130171894439705 -60.12507707522404 1.6
      vertex 63.33421249469979 -60.221581091998786 1.6
      vertex 64.35732848254213 -58.6 1.6
    endloop
  endfacet
  facet normal 0 0 1
    outer loop
      vertex 63.527811535945084 -60.33761989170414 1.6
      vertex 63.70910455357638 -60.4720759572657 1.6
      vertex 64.35732848254213 -58.6 1.6
    endloop
  endfacet
  facet normal 0 0 1
    outer loop
      vertex 63.527811535945084 -60.33761989170414 1.6
      vertex 64.35732848254213 -58.6 1.6
      vertex 63.33421249469979 -60.221581091998786 1.6
    endloop
  endfacet
  facet normal 0 0 1
    outer loop
      vertex 64.35732848254213 -65.9 1.6
      vertex 64.27841890800121 -63.33421249469979 1.6
      vertex 64.16238010829585 -63.527811535945084 1.6
    endloop
  endfacet
  facet normal 0 0 1
    outer loop
      vertex 64.35732848254213 -65.9 1.6
      vertex 66.46465696508427 -62.25 1.6
      vertex 64.27841890800121 -63.33421249469979 1.6
    endloop
  endfacet
  facet normal 0 0 1
    outer loop
      vertex 64.27841890800121 -63.33421249469979 1.6
      vertex 66.46465696508427 -62.25 1.6
      vertex 64.37492292477596 -63.130171894439705 1.6
    endloop
  endfacet
  facet normal 0 0 1
    outer loop
      vertex 64.37492292477596 -63.130171894439705 1.6
      vertex 66.46465696508427 -62.25 1.6
      vertex 64.45096277218408 -62.91765475768526 1.6
    endloop
  endfacet
  facet normal 0 0 1
    outer loop
      vertex 64.45096277218408 -62.91765475768526 1.6
      vertex 66.46465696508427 -62.25 1.6
      vertex 64.50580614492743 -62.6987077406371 1.6
    endloop
  endfacet
  facet normal 0 0 1
    outer loop
      vertex 64.50580614492743 -62.6987077406371 1.6
      vertex 66.46465696508427 -62.25 1.6
      vertex 64.53892487134605 -62.47543942275799 1.6
    endloop
  endfacet
  facet normal 0 0 1
    outer loop
      vertex 64.45096277218408 -61.58234524231474 1.6
      vertex 66.46465696508427 -62.25 1.6
      vertex 64.37492292477596 -61.369828105560295 1.6
    endloop
  endfacet
  facet normal 0 0 1
    outer loop
      vertex 64.53892487134605 -62.47543942275799 1.6
      vertex 66.46465696508427 -62.25 1.6
      vertex 64.55 -62.25 1.6
    endloop
  endfacet
  facet normal 0 0 1
    outer loop
      vertex 64.55 -62.25 1.6
      vertex 66.46465696508427 -62.25 1.6
      vertex 64.53892487134605 -62.02456057724201 1.6
    endloop
  endfacet
  facet normal 0 0 1
    outer loop
      vertex 64.53892487134605 -62.02456057724201 1.6
      vertex 66.46465696508427 -62.25 1.6
      vertex 64.50580614492743 -61.8012922593629 1.6
    endloop
  endfacet
  facet normal 0 0 1
    outer loop
      vertex 64.45096277218408 -61.58234524231474 1.6
      vertex 64.50580614492743 -61.8012922593629 1.6
      vertex 66.46465696508427 -62.25 1.6
    endloop
  endfacet
  facet normal 0 0 1
    outer loop
      vertex 64.37492292477596 -61.369828105560295 1.6
      vertex 66.46465696508427 -62.25 1.6
      vertex 64.35732848254213 -58.6 1.6
    endloop
  endfacet
  facet normal 0 0 1
    outer loop
      vertex 64.37492292477596 -61.369828105560295 1.6
      vertex 64.35732848254213 -58.6 1.6
      vertex 64.27841890800121 -61.16578750530021 1.6
    endloop
  endfacet
  facet normal 0 0 1
    outer loop
      vertex 64.16238010829585 -60.972188464054916 1.6
      vertex 64.27841890800121 -61.16578750530021 1.6
      vertex 64.35732848254213 -58.6 1.6
    endloop
  endfacet
  facet normal 0 0 1
    outer loop
      vertex 60.14267151745786 -58.6 1.6
      vertex 62.02456057724201 -59.961075128653945 1.6
      vertex 64.35732848254213 -58.6 1.6
    endloop
  endfacet
  facet normal 0.8660254037844395 0.4999999999999986 0
    outer loop
      vertex 58.03534303491573 -62.25 1.6
      vertex 58.03534303491573 -62.25 5
      vertex 60.14267151745786 -65.9 1.6
    endloop
  endfacet
  facet normal 0 1 0
    outer loop
      vertex 60.14267151745786 -65.9 1.6
      vertex 60.14267151745786 -65.9 5
      vertex 64.35732848254213 -65.9 1.6
    endloop
  endfacet
  facet normal 0.8660254037844389 -0.4999999999999994 0
    outer loop
      vertex 58.03534303491573 -62.25 1.6
      vertex 60.14267151745786 -58.6 1.6
      vertex 60.14267151745786 -58.6 5
    endloop
  endfacet
  facet normal -0.866025403784438 0.5000000000000012 0
    outer loop
      vertex 64.35732848254213 -65.9 1.6
      vertex 64.35732848254213 -65.9 5
      vertex 66.46465696508427 -62.25 1.6
    endloop
  endfacet
  facet normal -0.8660254037844376 -0.5000000000000019 0
    outer loop
      vertex 64.35732848254213 -58.6 1.6
      vertex 66.46465696508427 -62.25 1.6
      vertex 66.46465696508427 -62.25 5
    endloop
  endfacet
  facet normal 0 -1 0
    outer loop
      vertex 60.14267151745786 -58.6 1.6
      vertex 64.35732848254213 -58.6 1.6
      vertex 64.35732848254213 -58.6 5
    endloop
  endfacet
  facet normal 0.8660254037844389 -0.4999999999999994 0
    outer loop
      vertex 58.03534303491573 -62.25 1.6
      vertex 60.14267151745786 -58.6 5
      vertex 58.03534303491573 -62.25 5
    endloop
  endfacet
  facet normal 0.8660254037844395 0.4999999999999986 0
    outer loop
      vertex 60.14267151745786 -65.9 1.6
      vertex 58.03534303491573 -62.25 5
      vertex 60.14267151745786 -65.9 5
    endloop
  endfacet
  facet normal 0 1 0
    outer loop
      vertex 64.35732848254213 -65.9 1.6
      vertex 60.14267151745786 -65.9 5
      vertex 64.35732848254213 -65.9 5
    endloop
  endfacet
  facet normal -0.866025403784438 0.5000000000000012 0
    outer loop
      vertex 66.46465696508427 -62.25 1.6
      vertex 64.35732848254213 -65.9 5
      vertex 66.46465696508427 -62.25 5
    endloop
  endfacet
  facet normal -0.8660254037844376 -0.5000000000000019 0
    outer loop
      vertex 64.35732848254213 -58.6 1.6
      vertex 66.46465696508427 -62.25 5
      vertex 64.35732848254213 -58.6 5
    endloop
  endfacet
  facet normal 0 -1 0
    outer loop
      vertex 60.14267151745786 -58.6 1.6
      vertex 64.35732848254213 -58.6 5
      vertex 60.14267151745786 -58.6 5
    endloop
  endfacet
  facet normal 0.8577286100002838 0.5141027441932019 0
    outer loop
      vertex 60.221581091998786 61.16578750530021 1.6
      vertex 60.33761989170414 60.972188464054916 0
      vertex 60.221581091998786 61.16578750530021 0
    endloop
  endfacet
  facet normal 0.8032075314806436 0.595699304492435 0
    outer loop
      vertex 60.33761989170414 60.972188464054916 1.6
      vertex 60.4720759572657 60.79089544642362 0
      vertex 60.33761989170414 60.972188464054916 0
    endloop
  endfacet
  facet normal 0.9039892931234388 0.4275550934302915 0
    outer loop
      vertex 60.12507707522404 61.369828105560295 1.6
      vertex 60.221581091998786 61.16578750530021 0
      vertex 60.12507707522404 61.369828105560295 0
    endloop
  endfacet
  facet normal 0.9415440651830238 0.3368898533922117 0
    outer loop
      vertex 60.04903722781592 61.58234524231474 1.6
      vertex 60.12507707522404 61.369828105560295 0
      vertex 60.04903722781592 61.58234524231474 0
    endloop
  endfacet
  facet normal 0.595699304492435 0.8032075314806436 0
    outer loop
      vertex 60.79089544642362 60.4720759572657 1.6
      vertex 60.972188464054916 60.33761989170414 0
      vertex 60.79089544642362 60.4720759572657 0
    endloop
  endfacet
  facet normal 0.5141027441932019 0.8577286100002838 0
    outer loop
      vertex 60.972188464054916 60.33761989170414 1.6
      vertex 61.16578750530021 60.221581091998786 0
      vertex 60.972188464054916 60.33761989170414 0
    endloop
  endfacet
  facet normal 0.4275550934302915 0.9039892931234388 0
    outer loop
      vertex 61.16578750530021 60.221581091998786 1.6
      vertex 61.369828105560295 60.12507707522404 0
      vertex 61.16578750530021 60.221581091998786 0
    endloop
  endfacet
  facet normal 0.3368898533922117 0.9415440651830238 0
    outer loop
      vertex 61.369828105560295 60.12507707522404 1.6
      vertex 61.58234524231474 60.04903722781592 0
      vertex 61.369828105560295 60.12507707522404 0
    endloop
  endfacet
  facet normal 0.24298017990329404 0.9700312531945364 0
    outer loop
      vertex 61.58234524231474 60.04903722781592 1.6
      vertex 61.8012922593629 59.99419385507257 0
      vertex 61.58234524231474 60.04903722781592 0
    endloop
  endfacet
  facet normal 0.74095112535496 0.6715589548470171 0
    outer loop
      vertex 60.4720759572657 60.79089544642362 1.6
      vertex 60.62365440327094 60.62365440327094 0
      vertex 60.4720759572657 60.79089544642362 0
    endloop
  endfacet
  facet normal 0.6715589548470171 0.74095112535496 0
    outer loop
      vertex 60.62365440327094 60.62365440327094 1.6
      vertex 60.79089544642362 60.4720759572657 0
      vertex 60.62365440327094 60.62365440327094 0
    endloop
  endfacet
  facet normal 0.9700312531945364 0.24298017990329404 0
    outer loop
      vertex 59.99419385507257 61.8012922593629 1.6
      vertex 60.04903722781592 61.58234524231474 0
      vertex 59.99419385507257 61.8012922593629 0
    endloop
  endfacet
  facet normal 0.9891765099647825 0.14673047445535176 0
    outer loop
      vertex 59.961075128653945 62.02456057724201 1.6
      vertex 59.99419385507257 61.8012922593629 0
      vertex 59.961075128653945 62.02456057724201 0
    endloop
  endfacet
  facet normal 0.9987954562051733 0.04906767432739827 0
    outer loop
      vertex 59.95 62.25 1.6
      vertex 59.961075128653945 62.02456057724201 0
      vertex 59.95 62.25 0
    endloop
  endfacet
  facet normal 0.9987954562051733 -0.04906767432739827 0
    outer loop
      vertex 59.961075128653945 62.47543942275799 1.6
      vertex 59.95 62.25 0
      vertex 59.961075128653945 62.47543942275799 0
    endloop
  endfacet
  facet normal 0.9891765099647825 -0.14673047445535176 0
    outer loop
      vertex 59.99419385507257 62.6987077406371 1.6
      vertex 59.961075128653945 62.47543942275799 0
      vertex 59.99419385507257 62.6987077406371 0
    endloop
  endfacet
  facet normal 0.9700312531945364 -0.24298017990329404 0
    outer loop
      vertex 60.04903722781592 62.91765475768526 1.6
      vertex 59.99419385507257 62.6987077406371 0
      vertex 60.04903722781592 62.91765475768526 0
    endloop
  endfacet
  facet normal 0.9415440651830238 -0.3368898533922117 0
    outer loop
      vertex 60.12507707522404 63.130171894439705 1.6
      vertex 60.04903722781592 62.91765475768526 0
      vertex 60.12507707522404 63.130171894439705 0
    endloop
  endfacet
  facet normal 0.9039892931234388 -0.4275550934302915 0
    outer loop
      vertex 60.221581091998786 63.33421249469979 1.6
      vertex 60.12507707522404 63.130171894439705 0
      vertex 60.221581091998786 63.33421249469979 0
    endloop
  endfacet
  facet normal 0.8577286100002838 -0.5141027441932019 0
    outer loop
      vertex 60.33761989170414 63.527811535945084 1.6
      vertex 60.221581091998786 63.33421249469979 0
      vertex 60.33761989170414 63.527811535945084 0
    endloop
  endfacet
  facet normal 0.8032075314806436 -0.595699304492435 0
    outer loop
      vertex 60.4720759572657 63.70910455357638 1.6
      vertex 60.33761989170414 63.527811535945084 0
      vertex 60.4720759572657 63.70910455357638 0
    endloop
  endfacet
  facet normal 0.74095112535496 -0.6715589548470171 0
    outer loop
      vertex 60.62365440327094 63.87634559672906 1.6
      vertex 60.4720759572657 63.70910455357638 0
      vertex 60.62365440327094 63.87634559672906 0
    endloop
  endfacet
  facet normal 0.6715589548470171 -0.74095112535496 0
    outer loop
      vertex 60.79089544642362 64.0279240427343 1.6
      vertex 60.62365440327094 63.87634559672906 0
      vertex 60.79089544642362 64.0279240427343 0
    endloop
  endfacet
  facet normal 0.5956993044924147 -0.8032075314806587 0
    outer loop
      vertex 60.972188464054916 64.16238010829585 1.6
      vertex 60.79089544642362 64.0279240427343 0
      vertex 60.972188464054916 64.16238010829585 0
    endloop
  endfacet
  facet normal 0.14673047445535176 0.9891765099647825 0
    outer loop
      vertex 61.8012922593629 59.99419385507257 1.6
      vertex 62.02456057724201 59.961075128653945 0
      vertex 61.8012922593629 59.99419385507257 0
    endloop
  endfacet
  facet normal 0.04906767432739827 0.9987954562051733 0
    outer loop
      vertex 62.02456057724201 59.961075128653945 1.6
      vertex 62.25 59.95 0
      vertex 62.02456057724201 59.961075128653945 0
    endloop
  endfacet
  facet normal -0.04906767432739827 0.9987954562051733 0
    outer loop
      vertex 62.25 59.95 1.6
      vertex 62.47543942275799 59.961075128653945 0
      vertex 62.25 59.95 0
    endloop
  endfacet
  facet normal -0.14673047445535176 0.9891765099647825 0
    outer loop
      vertex 62.47543942275799 59.961075128653945 1.6
      vertex 62.6987077406371 59.99419385507257 0
      vertex 62.47543942275799 59.961075128653945 0
    endloop
  endfacet
  facet normal -0.24298017990329404 0.9700312531945364 0
    outer loop
      vertex 62.6987077406371 59.99419385507257 1.6
      vertex 62.91765475768526 60.04903722781592 0
      vertex 62.6987077406371 59.99419385507257 0
    endloop
  endfacet
  facet normal -0.3368898533922117 0.9415440651830238 0
    outer loop
      vertex 62.91765475768526 60.04903722781592 1.6
      vertex 63.130171894439705 60.12507707522404 0
      vertex 62.91765475768526 60.04903722781592 0
    endloop
  endfacet
  facet normal -0.4275550934302915 0.9039892931234388 0
    outer loop
      vertex 63.130171894439705 60.12507707522404 1.6
      vertex 63.33421249469979 60.221581091998786 0
      vertex 63.130171894439705 60.12507707522404 0
    endloop
  endfacet
  facet normal -0.5141027441932019 0.8577286100002838 0
    outer loop
      vertex 63.33421249469979 60.221581091998786 1.6
      vertex 63.527811535945084 60.33761989170414 0
      vertex 63.33421249469979 60.221581091998786 0
    endloop
  endfacet
  facet normal -0.595699304492435 0.8032075314806436 0
    outer loop
      vertex 63.527811535945084 60.33761989170414 1.6
      vertex 63.70910455357638 60.4720759572657 0
      vertex 63.527811535945084 60.33761989170414 0
    endloop
  endfacet
  facet normal -0.6715589548470171 0.74095112535496 0
    outer loop
      vertex 63.70910455357638 60.4720759572657 1.6
      vertex 63.87634559672906 60.62365440327094 0
      vertex 63.70910455357638 60.4720759572657 0
    endloop
  endfacet
  facet normal -0.74095112535496 0.6715589548470171 0
    outer loop
      vertex 63.87634559672906 60.62365440327094 1.6
      vertex 64.0279240427343 60.79089544642362 0
      vertex 63.87634559672906 60.62365440327094 0
    endloop
  endfacet
  facet normal -0.8032075314806587 0.5956993044924147 0
    outer loop
      vertex 64.0279240427343 60.79089544642362 1.6
      vertex 64.16238010829585 60.972188464054916 0
      vertex 64.0279240427343 60.79089544642362 0
    endloop
  endfacet
  facet normal -0.5956993044924147 -0.8032075314806587 0
    outer loop
      vertex 63.70910455357638 64.0279240427343 1.6
      vertex 63.527811535945084 64.16238010829585 0
      vertex 63.70910455357638 64.0279240427343 0
    endloop
  endfacet
  facet normal -0.6715589548470171 -0.74095112535496 0
    outer loop
      vertex 63.87634559672906 63.87634559672906 1.6
      vertex 63.70910455357638 64.0279240427343 0
      vertex 63.87634559672906 63.87634559672906 0
    endloop
  endfacet
  facet normal -0.74095112535496 -0.6715589548470171 0
    outer loop
      vertex 64.0279240427343 63.70910455357638 1.6
      vertex 63.87634559672906 63.87634559672906 0
      vertex 64.0279240427343 63.70910455357638 0
    endloop
  endfacet
  facet normal -0.8032075314806587 -0.5956993044924147 0
    outer loop
      vertex 64.16238010829585 63.527811535945084 1.6
      vertex 64.0279240427343 63.70910455357638 0
      vertex 64.16238010829585 63.527811535945084 0
    endloop
  endfacet
  facet normal 0.5141027441932251 -0.85772861000027 0
    outer loop
      vertex 61.16578750530021 64.27841890800121 1.6
      vertex 60.972188464054916 64.16238010829585 0
      vertex 61.16578750530021 64.27841890800121 0
    endloop
  endfacet
  facet normal 0.4275550934302915 -0.9039892931234388 0
    outer loop
      vertex 61.369828105560295 64.37492292477596 1.6
      vertex 61.16578750530021 64.27841890800121 0
      vertex 61.369828105560295 64.37492292477596 0
    endloop
  endfacet
  facet normal 0.3368898533922396 -0.9415440651830138 0
    outer loop
      vertex 61.58234524231474 64.45096277218408 1.6
      vertex 61.369828105560295 64.37492292477596 0
      vertex 61.58234524231474 64.45096277218408 0
    endloop
  endfacet
  facet normal 0.24298017990326443 -0.9700312531945439 0
    outer loop
      vertex 61.8012922593629 64.50580614492743 1.6
      vertex 61.58234524231474 64.45096277218408 0
      vertex 61.8012922593629 64.50580614492743 0
    endloop
  endfacet
  facet normal 0.14673047445535176 -0.9891765099647825 0
    outer loop
      vertex 62.02456057724201 64.53892487134605 1.6
      vertex 61.8012922593629 64.50580614492743 0
      vertex 62.02456057724201 64.53892487134605 0
    endloop
  endfacet
  facet normal 0.04906767432739827 -0.9987954562051733 0
    outer loop
      vertex 62.25 64.55 1.6
      vertex 62.02456057724201 64.53892487134605 0
      vertex 62.25 64.55 0
    endloop
  endfacet
  facet normal -0.04906767432739827 -0.9987954562051733 0
    outer loop
      vertex 62.47543942275799 64.53892487134605 1.6
      vertex 62.25 64.55 0
      vertex 62.47543942275799 64.53892487134605 0
    endloop
  endfacet
  facet normal -0.14673047445535176 -0.9891765099647825 0
    outer loop
      vertex 62.6987077406371 64.50580614492743 1.6
      vertex 62.47543942275799 64.53892487134605 0
      vertex 62.6987077406371 64.50580614492743 0
    endloop
  endfacet
  facet normal -0.24298017990326443 -0.9700312531945439 0
    outer loop
      vertex 62.91765475768526 64.45096277218408 1.6
      vertex 62.6987077406371 64.50580614492743 0
      vertex 62.91765475768526 64.45096277218408 0
    endloop
  endfacet
  facet normal -0.3368898533922396 -0.9415440651830138 0
    outer loop
      vertex 63.130171894439705 64.37492292477596 1.6
      vertex 62.91765475768526 64.45096277218408 0
      vertex 63.130171894439705 64.37492292477596 0
    endloop
  endfacet
  facet normal -0.4275550934302915 -0.9039892931234388 0
    outer loop
      vertex 63.33421249469979 64.27841890800121 1.6
      vertex 63.130171894439705 64.37492292477596 0
      vertex 63.33421249469979 64.27841890800121 0
    endloop
  endfacet
  facet normal -0.5141027441932251 -0.85772861000027 0
    outer loop
      vertex 63.527811535945084 64.16238010829585 1.6
      vertex 63.33421249469979 64.27841890800121 0
      vertex 63.527811535945084 64.16238010829585 0
    endloop
  endfacet
  facet normal -0.85772861000027 0.5141027441932251 0
    outer loop
      vertex 64.16238010829585 60.972188464054916 1.6
      vertex 64.27841890800121 61.16578750530021 0
      vertex 64.16238010829585 60.972188464054916 0
    endloop
  endfacet
  facet normal -0.9039892931234388 0.4275550934302915 0
    outer loop
      vertex 64.27841890800121 61.16578750530021 1.6
      vertex 64.37492292477596 61.369828105560295 0
      vertex 64.27841890800121 61.16578750530021 0
    endloop
  endfacet
  facet normal -0.9415440651830138 0.3368898533922396 0
    outer loop
      vertex 64.37492292477596 61.369828105560295 1.6
      vertex 64.45096277218408 61.58234524231474 0
      vertex 64.37492292477596 61.369828105560295 0
    endloop
  endfacet
  facet normal -0.9700312531945439 0.24298017990326443 0
    outer loop
      vertex 64.45096277218408 61.58234524231474 1.6
      vertex 64.50580614492743 61.8012922593629 0
      vertex 64.45096277218408 61.58234524231474 0
    endloop
  endfacet
  facet normal -0.9891765099647825 0.14673047445535176 0
    outer loop
      vertex 64.50580614492743 61.8012922593629 1.6
      vertex 64.53892487134605 62.02456057724201 0
      vertex 64.50580614492743 61.8012922593629 0
    endloop
  endfacet
  facet normal -0.9987954562051733 0.04906767432739827 0
    outer loop
      vertex 64.53892487134605 62.02456057724201 1.6
      vertex 64.55 62.25 0
      vertex 64.53892487134605 62.02456057724201 0
    endloop
  endfacet
  facet normal -0.9987954562051733 -0.04906767432739827 0
    outer loop
      vertex 64.55 62.25 1.6
      vertex 64.53892487134605 62.47543942275799 0
      vertex 64.55 62.25 0
    endloop
  endfacet
  facet normal -0.9700312531945439 -0.24298017990326443 0
    outer loop
      vertex 64.50580614492743 62.6987077406371 1.6
      vertex 64.45096277218408 62.91765475768526 0
      vertex 64.50580614492743 62.6987077406371 0
    endloop
  endfacet
  facet normal -0.9891765099647825 -0.14673047445535176 0
    outer loop
      vertex 64.53892487134605 62.47543942275799 1.6
      vertex 64.50580614492743 62.6987077406371 0
      vertex 64.53892487134605 62.47543942275799 0
    endloop
  endfacet
  facet normal -0.9415440651830138 -0.3368898533922396 0
    outer loop
      vertex 64.45096277218408 62.91765475768526 1.6
      vertex 64.37492292477596 63.130171894439705 0
      vertex 64.45096277218408 62.91765475768526 0
    endloop
  endfacet
  facet normal -0.9039892931234388 -0.4275550934302915 0
    outer loop
      vertex 64.37492292477596 63.130171894439705 1.6
      vertex 64.27841890800121 63.33421249469979 0
      vertex 64.37492292477596 63.130171894439705 0
    endloop
  endfacet
  facet normal -0.85772861000027 -0.5141027441932251 0
    outer loop
      vertex 64.27841890800121 63.33421249469979 1.6
      vertex 64.16238010829585 63.527811535945084 0
      vertex 64.27841890800121 63.33421249469979 0
    endloop
  endfacet
  facet normal 0.8577286100002838 0.5141027441932019 0
    outer loop
      vertex 60.221581091998786 61.16578750530021 1.6
      vertex 60.33761989170414 60.972188464054916 1.6
      vertex 60.33761989170414 60.972188464054916 0
    endloop
  endfacet
  facet normal 0.8032075314806436 0.595699304492435 0
    outer loop
      vertex 60.4720759572657 60.79089544642362 1.6
      vertex 60.4720759572657 60.79089544642362 0
      vertex 60.33761989170414 60.972188464054916 1.6
    endloop
  endfacet
  facet normal 0.9415440651830238 0.3368898533922117 0
    outer loop
      vertex 60.12507707522404 61.369828105560295 1.6
      vertex 60.12507707522404 61.369828105560295 0
      vertex 60.04903722781592 61.58234524231474 1.6
    endloop
  endfacet
  facet normal 0.9700312531945364 0.24298017990329404 0
    outer loop
      vertex 59.99419385507257 61.8012922593629 1.6
      vertex 60.04903722781592 61.58234524231474 1.6
      vertex 60.04903722781592 61.58234524231474 0
    endloop
  endfacet
  facet normal 0.9039892931234388 0.4275550934302915 0
    outer loop
      vertex 60.221581091998786 61.16578750530021 1.6
      vertex 60.221581091998786 61.16578750530021 0
      vertex 60.12507707522404 61.369828105560295 1.6
    endloop
  endfacet
  facet normal 0.595699304492435 0.8032075314806436 0
    outer loop
      vertex 60.79089544642362 60.4720759572657 1.6
      vertex 60.972188464054916 60.33761989170414 1.6
      vertex 60.972188464054916 60.33761989170414 0
    endloop
  endfacet
  facet normal 0.5141027441932019 0.8577286100002838 0
    outer loop
      vertex 61.16578750530021 60.221581091998786 1.6
      vertex 61.16578750530021 60.221581091998786 0
      vertex 60.972188464054916 60.33761989170414 1.6
    endloop
  endfacet
  facet normal 0.4275550934302915 0.9039892931234388 0
    outer loop
      vertex 61.16578750530021 60.221581091998786 1.6
      vertex 61.369828105560295 60.12507707522404 1.6
      vertex 61.369828105560295 60.12507707522404 0
    endloop
  endfacet
  facet normal 0.3368898533922117 0.9415440651830238 0
    outer loop
      vertex 61.369828105560295 60.12507707522404 1.6
      vertex 61.58234524231474 60.04903722781592 1.6
      vertex 61.58234524231474 60.04903722781592 0
    endloop
  endfacet
  facet normal 0.74095112535496 0.6715589548470171 0
    outer loop
      vertex 60.4720759572657 60.79089544642362 1.6
      vertex 60.62365440327094 60.62365440327094 1.6
      vertex 60.62365440327094 60.62365440327094 0
    endloop
  endfacet
  facet normal 0.6715589548470171 0.74095112535496 0
    outer loop
      vertex 60.79089544642362 60.4720759572657 1.6
      vertex 60.79089544642362 60.4720759572657 0
      vertex 60.62365440327094 60.62365440327094 1.6
    endloop
  endfacet
  facet normal 0.9891765099647825 0.14673047445535176 0
    outer loop
      vertex 59.99419385507257 61.8012922593629 1.6
      vertex 59.99419385507257 61.8012922593629 0
      vertex 59.961075128653945 62.02456057724201 1.6
    endloop
  endfacet
  facet normal 0.9987954562051733 0.04906767432739827 0
    outer loop
      vertex 59.961075128653945 62.02456057724201 1.6
      vertex 59.961075128653945 62.02456057724201 0
      vertex 59.95 62.25 1.6
    endloop
  endfacet
  facet normal 0.9987954562051733 -0.04906767432739827 0
    outer loop
      vertex 59.95 62.25 1.6
      vertex 59.95 62.25 0
      vertex 59.961075128653945 62.47543942275799 1.6
    endloop
  endfacet
  facet normal 0.9891765099647825 -0.14673047445535176 0
    outer loop
      vertex 59.961075128653945 62.47543942275799 1.6
      vertex 59.961075128653945 62.47543942275799 0
      vertex 59.99419385507257 62.6987077406371 1.6
    endloop
  endfacet
  facet normal 0.9700312531945364 -0.24298017990329404 0
    outer loop
      vertex 59.99419385507257 62.6987077406371 1.6
      vertex 59.99419385507257 62.6987077406371 0
      vertex 60.04903722781592 62.91765475768526 1.6
    endloop
  endfacet
  facet normal 0.9415440651830238 -0.3368898533922117 0
    outer loop
      vertex 60.04903722781592 62.91765475768526 1.6
      vertex 60.04903722781592 62.91765475768526 0
      vertex 60.12507707522404 63.130171894439705 1.6
    endloop
  endfacet
  facet normal 0.9039892931234388 -0.4275550934302915 0
    outer loop
      vertex 60.12507707522404 63.130171894439705 1.6
      vertex 60.12507707522404 63.130171894439705 0
      vertex 60.221581091998786 63.33421249469979 1.6
    endloop
  endfacet
  facet normal 0.8577286100002838 -0.5141027441932019 0
    outer loop
      vertex 60.221581091998786 63.33421249469979 1.6
      vertex 60.221581091998786 63.33421249469979 0
      vertex 60.33761989170414 63.527811535945084 1.6
    endloop
  endfacet
  facet normal 0.8032075314806436 -0.595699304492435 0
    outer loop
      vertex 60.33761989170414 63.527811535945084 1.6
      vertex 60.33761989170414 63.527811535945084 0
      vertex 60.4720759572657 63.70910455357638 1.6
    endloop
  endfacet
  facet normal 0.74095112535496 -0.6715589548470171 0
    outer loop
      vertex 60.4720759572657 63.70910455357638 1.6
      vertex 60.4720759572657 63.70910455357638 0
      vertex 60.62365440327094 63.87634559672906 1.6
    endloop
  endfacet
  facet normal 0.6715589548470171 -0.74095112535496 0
    outer loop
      vertex 60.62365440327094 63.87634559672906 1.6
      vertex 60.62365440327094 63.87634559672906 0
      vertex 60.79089544642362 64.0279240427343 1.6
    endloop
  endfacet
  facet normal 0.5956993044924147 -0.8032075314806587 0
    outer loop
      vertex 60.79089544642362 64.0279240427343 1.6
      vertex 60.79089544642362 64.0279240427343 0
      vertex 60.972188464054916 64.16238010829585 1.6
    endloop
  endfacet
  facet normal 0.24298017990329404 0.9700312531945364 0
    outer loop
      vertex 61.8012922593629 59.99419385507257 1.6
      vertex 61.8012922593629 59.99419385507257 0
      vertex 61.58234524231474 60.04903722781592 1.6
    endloop
  endfacet
  facet normal 0.14673047445535176 0.9891765099647825 0
    outer loop
      vertex 61.8012922593629 59.99419385507257 1.6
      vertex 62.02456057724201 59.961075128653945 1.6
      vertex 62.02456057724201 59.961075128653945 0
    endloop
  endfacet
  facet normal 0.04906767432739827 0.9987954562051733 0
    outer loop
      vertex 62.02456057724201 59.961075128653945 1.6
      vertex 62.25 59.95 1.6
      vertex 62.25 59.95 0
    endloop
  endfacet
  facet normal -0.04906767432739827 0.9987954562051733 0
    outer loop
      vertex 62.25 59.95 1.6
      vertex 62.47543942275799 59.961075128653945 1.6
      vertex 62.47543942275799 59.961075128653945 0
    endloop
  endfacet
  facet normal -0.14673047445535176 0.9891765099647825 0
    outer loop
      vertex 62.47543942275799 59.961075128653945 1.6
      vertex 62.6987077406371 59.99419385507257 1.6
      vertex 62.6987077406371 59.99419385507257 0
    endloop
  endfacet
  facet normal -0.24298017990329404 0.9700312531945364 0
    outer loop
      vertex 62.6987077406371 59.99419385507257 1.6
      vertex 62.91765475768526 60.04903722781592 1.6
      vertex 62.91765475768526 60.04903722781592 0
    endloop
  endfacet
  facet normal -0.3368898533922117 0.9415440651830238 0
    outer loop
      vertex 62.91765475768526 60.04903722781592 1.6
      vertex 63.130171894439705 60.12507707522404 1.6
      vertex 63.130171894439705 60.12507707522404 0
    endloop
  endfacet
  facet normal -0.4275550934302915 0.9039892931234388 0
    outer loop
      vertex 63.130171894439705 60.12507707522404 1.6
      vertex 63.33421249469979 60.221581091998786 1.6
      vertex 63.33421249469979 60.221581091998786 0
    endloop
  endfacet
  facet normal -0.5141027441932019 0.8577286100002838 0
    outer loop
      vertex 63.33421249469979 60.221581091998786 1.6
      vertex 63.527811535945084 60.33761989170414 1.6
      vertex 63.527811535945084 60.33761989170414 0
    endloop
  endfacet
  facet normal -0.595699304492435 0.8032075314806436 0
    outer loop
      vertex 63.527811535945084 60.33761989170414 1.6
      vertex 63.70910455357638 60.4720759572657 1.6
      vertex 63.70910455357638 60.4720759572657 0
    endloop
  endfacet
  facet normal -0.6715589548470171 0.74095112535496 0
    outer loop
      vertex 63.70910455357638 60.4720759572657 1.6
      vertex 63.87634559672906 60.62365440327094 1.6
      vertex 63.87634559672906 60.62365440327094 0
    endloop
  endfacet
  facet normal -0.74095112535496 0.6715589548470171 0
    outer loop
      vertex 63.87634559672906 60.62365440327094 1.6
      vertex 64.0279240427343 60.79089544642362 1.6
      vertex 64.0279240427343 60.79089544642362 0
    endloop
  endfacet
  facet normal -0.8032075314806587 0.5956993044924147 0
    outer loop
      vertex 64.0279240427343 60.79089544642362 1.6
      vertex 64.16238010829585 60.972188464054916 1.6
      vertex 64.16238010829585 60.972188464054916 0
    endloop
  endfacet
  facet normal -0.5956993044924147 -0.8032075314806587 0
    outer loop
      vertex 63.527811535945084 64.16238010829585 1.6
      vertex 63.527811535945084 64.16238010829585 0
      vertex 63.70910455357638 64.0279240427343 1.6
    endloop
  endfacet
  facet normal -0.6715589548470171 -0.74095112535496 0
    outer loop
      vertex 63.70910455357638 64.0279240427343 1.6
      vertex 63.70910455357638 64.0279240427343 0
      vertex 63.87634559672906 63.87634559672906 1.6
    endloop
  endfacet
  facet normal -0.74095112535496 -0.6715589548470171 0
    outer loop
      vertex 64.0279240427343 63.70910455357638 1.6
      vertex 63.87634559672906 63.87634559672906 1.6
      vertex 63.87634559672906 63.87634559672906 0
    endloop
  endfacet
  facet normal -0.8032075314806587 -0.5956993044924147 0
    outer loop
      vertex 64.16238010829585 63.527811535945084 1.6
      vertex 64.0279240427343 63.70910455357638 1.6
      vertex 64.0279240427343 63.70910455357638 0
    endloop
  endfacet
  facet normal 0.5141027441932251 -0.85772861000027 0
    outer loop
      vertex 60.972188464054916 64.16238010829585 1.6
      vertex 60.972188464054916 64.16238010829585 0
      vertex 61.16578750530021 64.27841890800121 1.6
    endloop
  endfacet
  facet normal 0.4275550934302915 -0.9039892931234388 0
    outer loop
      vertex 61.16578750530021 64.27841890800121 1.6
      vertex 61.16578750530021 64.27841890800121 0
      vertex 61.369828105560295 64.37492292477596 1.6
    endloop
  endfacet
  facet normal 0.3368898533922396 -0.9415440651830138 0
    outer loop
      vertex 61.369828105560295 64.37492292477596 1.6
      vertex 61.369828105560295 64.37492292477596 0
      vertex 61.58234524231474 64.45096277218408 1.6
    endloop
  endfacet
  facet normal 0.24298017990326443 -0.9700312531945439 0
    outer loop
      vertex 61.58234524231474 64.45096277218408 1.6
      vertex 61.58234524231474 64.45096277218408 0
      vertex 61.8012922593629 64.50580614492743 1.6
    endloop
  endfacet
  facet normal 0.14673047445535176 -0.9891765099647825 0
    outer loop
      vertex 61.8012922593629 64.50580614492743 1.6
      vertex 61.8012922593629 64.50580614492743 0
      vertex 62.02456057724201 64.53892487134605 1.6
    endloop
  endfacet
  facet normal 0.04906767432739827 -0.9987954562051733 0
    outer loop
      vertex 62.02456057724201 64.53892487134605 1.6
      vertex 62.02456057724201 64.53892487134605 0
      vertex 62.25 64.55 1.6
    endloop
  endfacet
  facet normal -0.04906767432739827 -0.9987954562051733 0
    outer loop
      vertex 62.25 64.55 1.6
      vertex 62.25 64.55 0
      vertex 62.47543942275799 64.53892487134605 1.6
    endloop
  endfacet
  facet normal -0.14673047445535176 -0.9891765099647825 0
    outer loop
      vertex 62.47543942275799 64.53892487134605 1.6
      vertex 62.47543942275799 64.53892487134605 0
      vertex 62.6987077406371 64.50580614492743 1.6
    endloop
  endfacet
  facet normal -0.24298017990326443 -0.9700312531945439 0
    outer loop
      vertex 62.91765475768526 64.45096277218408 1.6
      vertex 62.6987077406371 64.50580614492743 1.6
      vertex 62.6987077406371 64.50580614492743 0
    endloop
  endfacet
  facet normal -0.3368898533922396 -0.9415440651830138 0
    outer loop
      vertex 62.91765475768526 64.45096277218408 1.6
      vertex 62.91765475768526 64.45096277218408 0
      vertex 63.130171894439705 64.37492292477596 1.6
    endloop
  endfacet
  facet normal -0.4275550934302915 -0.9039892931234388 0
    outer loop
      vertex 63.130171894439705 64.37492292477596 1.6
      vertex 63.130171894439705 64.37492292477596 0
      vertex 63.33421249469979 64.27841890800121 1.6
    endloop
  endfacet
  facet normal -0.5141027441932251 -0.85772861000027 0
    outer loop
      vertex 63.527811535945084 64.16238010829585 1.6
      vertex 63.33421249469979 64.27841890800121 1.6
      vertex 63.33421249469979 64.27841890800121 0
    endloop
  endfacet
  facet normal -0.85772861000027 0.5141027441932251 0
    outer loop
      vertex 64.16238010829585 60.972188464054916 1.6
      vertex 64.27841890800121 61.16578750530021 1.6
      vertex 64.27841890800121 61.16578750530021 0
    endloop
  endfacet
  facet normal -0.9039892931234388 0.4275550934302915 0
    outer loop
      vertex 64.27841890800121 61.16578750530021 1.6
      vertex 64.37492292477596 61.369828105560295 1.6
      vertex 64.37492292477596 61.369828105560295 0
    endloop
  endfacet
  facet normal -0.9415440651830138 0.3368898533922396 0
    outer loop
      vertex 64.37492292477596 61.369828105560295 1.6
      vertex 64.45096277218408 61.58234524231474 1.6
      vertex 64.45096277218408 61.58234524231474 0
    endloop
  endfacet
  facet normal -0.9700312531945439 0.24298017990326443 0
    outer loop
      vertex 64.45096277218408 61.58234524231474 1.6
      vertex 64.50580614492743 61.8012922593629 1.6
      vertex 64.50580614492743 61.8012922593629 0
    endloop
  endfacet
  facet normal -0.9891765099647825 0.14673047445535176 0
    outer loop
      vertex 64.50580614492743 61.8012922593629 1.6
      vertex 64.53892487134605 62.02456057724201 1.6
      vertex 64.53892487134605 62.02456057724201 0
    endloop
  endfacet
  facet normal -0.9987954562051733 0.04906767432739827 0
    outer loop
      vertex 64.53892487134605 62.02456057724201 1.6
      vertex 64.55 62.25 1.6
      vertex 64.55 62.25 0
    endloop
  endfacet
  facet normal -0.9700312531945439 -0.24298017990326443 0
    outer loop
      vertex 64.45096277218408 62.91765475768526 1.6
      vertex 64.45096277218408 62.91765475768526 0
      vertex 64.50580614492743 62.6987077406371 1.6
    endloop
  endfacet
  facet normal -0.9987954562051733 -0.04906767432739827 0
    outer loop
      vertex 64.55 62.25 1.6
      vertex 64.53892487134605 62.47543942275799 1.6
      vertex 64.53892487134605 62.47543942275799 0
    endloop
  endfacet
  facet normal -0.9891765099647825 -0.14673047445535176 0
    outer loop
      vertex 64.53892487134605 62.47543942275799 1.6
      vertex 64.50580614492743 62.6987077406371 1.6
      vertex 64.50580614492743 62.6987077406371 0
    endloop
  endfacet
  facet normal -0.9415440651830138 -0.3368898533922396 0
    outer loop
      vertex 64.45096277218408 62.91765475768526 1.6
      vertex 64.37492292477596 63.130171894439705 1.6
      vertex 64.37492292477596 63.130171894439705 0
    endloop
  endfacet
  facet normal -0.9039892931234388 -0.4275550934302915 0
    outer loop
      vertex 64.37492292477596 63.130171894439705 1.6
      vertex 64.27841890800121 63.33421249469979 1.6
      vertex 64.27841890800121 63.33421249469979 0
    endloop
  endfacet
  facet normal -0.85772861000027 -0.5141027441932251 0
    outer loop
      vertex 64.16238010829585 63.527811535945084 1.6
      vertex 64.16238010829585 63.527811535945084 0
      vertex 64.27841890800121 63.33421249469979 1.6
    endloop
  endfacet
  facet normal 0 0 1
    outer loop
      vertex 60.14267151745786 58.6 1.6
      vertex 64.35732848254213 58.6 1.6
      vertex 62.47543942275799 59.961075128653945 1.6
    endloop
  endfacet
  facet normal 0 0 1
    outer loop
      vertex 60.14267151745786 58.6 1.6
      vertex 60.221581091998786 61.16578750530021 1.6
      vertex 60.12507707522404 61.369828105560295 1.6
    endloop
  endfacet
  facet normal 0 0 1
    outer loop
      vertex 60.14267151745786 58.6 1.6
      vertex 60.4720759572657 60.79089544642362 1.6
      vertex 60.33761989170414 60.972188464054916 1.6
    endloop
  endfacet
  facet normal 0 0 1
    outer loop
      vertex 60.14267151745786 58.6 1.6
      vertex 60.62365440327094 60.62365440327094 1.6
      vertex 60.4720759572657 60.79089544642362 1.6
    endloop
  endfacet
  facet normal 0 0 1
    outer loop
      vertex 60.14267151745786 58.6 1.6
      vertex 60.33761989170414 60.972188464054916 1.6
      vertex 60.221581091998786 61.16578750530021 1.6
    endloop
  endfacet
  facet normal 0 0 1
    outer loop
      vertex 60.14267151745786 58.6 1.6
      vertex 60.12507707522404 61.369828105560295 1.6
      vertex 58.03534303491573 62.25 1.6
    endloop
  endfacet
  facet normal 0 0 1
    outer loop
      vertex 60.14267151745786 58.6 1.6
      vertex 60.972188464054916 60.33761989170414 1.6
      vertex 60.79089544642362 60.4720759572657 1.6
    endloop
  endfacet
  facet normal 0 0 1
    outer loop
      vertex 60.14267151745786 58.6 1.6
      vertex 61.16578750530021 60.221581091998786 1.6
      vertex 60.972188464054916 60.33761989170414 1.6
    endloop
  endfacet
  facet normal 0 0 1
    outer loop
      vertex 60.14267151745786 58.6 1.6
      vertex 61.369828105560295 60.12507707522404 1.6
      vertex 61.16578750530021 60.221581091998786 1.6
    endloop
  endfacet
  facet normal 0 0 1
    outer loop
      vertex 60.14267151745786 58.6 1.6
      vertex 61.58234524231474 60.04903722781592 1.6
      vertex 61.369828105560295 60.12507707522404 1.6
    endloop
  endfacet
  facet normal 0 0 1
    outer loop
      vertex 60.14267151745786 58.6 1.6
      vertex 60.79089544642362 60.4720759572657 1.6
      vertex 60.62365440327094 60.62365440327094 1.6
    endloop
  endfacet
  facet normal 0 0 1
    outer loop
      vertex 60.14267151745786 58.6 1.6
      vertex 61.8012922593629 59.99419385507257 1.6
      vertex 61.58234524231474 60.04903722781592 1.6
    endloop
  endfacet
  facet normal 0 0 1
    outer loop
      vertex 60.14267151745786 58.6 1.6
      vertex 62.02456057724201 59.961075128653945 1.6
      vertex 61.8012922593629 59.99419385507257 1.6
    endloop
  endfacet
  facet normal 0 0 1
    outer loop
      vertex 60.14267151745786 58.6 1.6
      vertex 62.25 59.95 1.6
      vertex 62.02456057724201 59.961075128653945 1.6
    endloop
  endfacet
  facet normal 0 0 1
    outer loop
      vertex 60.14267151745786 58.6 1.6
      vertex 62.47543942275799 59.961075128653945 1.6
      vertex 62.25 59.95 1.6
    endloop
  endfacet
  facet normal 0 0 1
    outer loop
      vertex 60.12507707522404 61.369828105560295 1.6
      vertex 60.04903722781592 61.58234524231474 1.6
      vertex 58.03534303491573 62.25 1.6
    endloop
  endfacet
  facet normal 0 0 1
    outer loop
      vertex 58.03534303491573 62.25 1.6
      vertex 60.04903722781592 61.58234524231474 1.6
      vertex 59.99419385507257 61.8012922593629 1.6
    endloop
  endfacet
  facet normal 0 0 1
    outer loop
      vertex 58.03534303491573 62.25 1.6
      vertex 59.99419385507257 61.8012922593629 1.6
      vertex 59.961075128653945 62.02456057724201 1.6
    endloop
  endfacet
  facet normal 0 0 1
    outer loop
      vertex 58.03534303491573 62.25 1.6
      vertex 59.961075128653945 62.02456057724201 1.6
      vertex 59.95 62.25 1.6
    endloop
  endfacet
  facet normal 0 0 1
    outer loop
      vertex 58.03534303491573 62.25 1.6
      vertex 59.95 62.25 1.6
      vertex 59.961075128653945 62.47543942275799 1.6
    endloop
  endfacet
  facet normal 0 0 1
    outer loop
      vertex 58.03534303491573 62.25 1.6
      vertex 59.961075128653945 62.47543942275799 1.6
      vertex 59.99419385507257 62.6987077406371 1.6
    endloop
  endfacet
  facet normal 0 0 1
    outer loop
      vertex 58.03534303491573 62.25 1.6
      vertex 59.99419385507257 62.6987077406371 1.6
      vertex 60.04903722781592 62.91765475768526 1.6
    endloop
  endfacet
  facet normal 0 0 1
    outer loop
      vertex 58.03534303491573 62.25 1.6
      vertex 60.04903722781592 62.91765475768526 1.6
      vertex 60.12507707522404 63.130171894439705 1.6
    endloop
  endfacet
  facet normal 0 0 1
    outer loop
      vertex 58.03534303491573 62.25 1.6
      vertex 60.12507707522404 63.130171894439705 1.6
      vertex 60.221581091998786 63.33421249469979 1.6
    endloop
  endfacet
  facet normal 0 0 1
    outer loop
      vertex 58.03534303491573 62.25 1.6
      vertex 60.221581091998786 63.33421249469979 1.6
      vertex 60.14267151745786 65.9 1.6
    endloop
  endfacet
  facet normal 0 0 1
    outer loop
      vertex 62.47543942275799 59.961075128653945 1.6
      vertex 64.35732848254213 58.6 1.6
      vertex 62.6987077406371 59.99419385507257 1.6
    endloop
  endfacet
  facet normal 0 0 1
    outer loop
      vertex 62.6987077406371 59.99419385507257 1.6
      vertex 64.35732848254213 58.6 1.6
      vertex 62.91765475768526 60.04903722781592 1.6
    endloop
  endfacet
  facet normal 0 0 1
    outer loop
      vertex 62.91765475768526 60.04903722781592 1.6
      vertex 64.35732848254213 58.6 1.6
      vertex 63.130171894439705 60.12507707522404 1.6
    endloop
  endfacet
  facet normal 0 0 1
    outer loop
      vertex 63.130171894439705 60.12507707522404 1.6
      vertex 64.35732848254213 58.6 1.6
      vertex 63.33421249469979 60.221581091998786 1.6
    endloop
  endfacet
  facet normal 0 0 1
    outer loop
      vertex 63.33421249469979 60.221581091998786 1.6
      vertex 64.35732848254213 58.6 1.6
      vertex 63.527811535945084 60.33761989170414 1.6
    endloop
  endfacet
  facet normal 0 0 1
    outer loop
      vertex 63.527811535945084 60.33761989170414 1.6
      vertex 64.35732848254213 58.6 1.6
      vertex 63.70910455357638 60.4720759572657 1.6
    endloop
  endfacet
  facet normal 0 0 1
    outer loop
      vertex 63.70910455357638 60.4720759572657 1.6
      vertex 64.35732848254213 58.6 1.6
      vertex 63.87634559672906 60.62365440327094 1.6
    endloop
  endfacet
  facet normal 0 0 1
    outer loop
      vertex 64.35732848254213 58.6 1.6
      vertex 64.0279240427343 60.79089544642362 1.6
      vertex 63.87634559672906 60.62365440327094 1.6
    endloop
  endfacet
  facet normal 0 0 1
    outer loop
      vertex 64.35732848254213 58.6 1.6
      vertex 64.16238010829585 60.972188464054916 1.6
      vertex 64.0279240427343 60.79089544642362 1.6
    endloop
  endfacet
  facet normal 0 0 1
    outer loop
      vertex 60.221581091998786 63.33421249469979 1.6
      vertex 60.33761989170414 63.527811535945084 1.6
      vertex 60.14267151745786 65.9 1.6
    endloop
  endfacet
  facet normal 0 0 1
    outer loop
      vertex 60.33761989170414 63.527811535945084 1.6
      vertex 60.4720759572657 63.70910455357638 1.6
      vertex 60.14267151745786 65.9 1.6
    endloop
  endfacet
  facet normal 0 0 1
    outer loop
      vertex 60.4720759572657 63.70910455357638 1.6
      vertex 60.62365440327094 63.87634559672906 1.6
      vertex 60.14267151745786 65.9 1.6
    endloop
  endfacet
  facet normal 0 0 1
    outer loop
      vertex 60.14267151745786 65.9 1.6
      vertex 60.62365440327094 63.87634559672906 1.6
      vertex 60.79089544642362 64.0279240427343 1.6
    endloop
  endfacet
  facet normal 0 0 1
    outer loop
      vertex 60.14267151745786 65.9 1.6
      vertex 60.79089544642362 64.0279240427343 1.6
      vertex 60.972188464054916 64.16238010829585 1.6
    endloop
  endfacet
  facet normal 0 0 1
    outer loop
      vertex 60.14267151745786 65.9 1.6
      vertex 60.972188464054916 64.16238010829585 1.6
      vertex 61.16578750530021 64.27841890800121 1.6
    endloop
  endfacet
  facet normal 0 0 1
    outer loop
      vertex 60.14267151745786 65.9 1.6
      vertex 61.16578750530021 64.27841890800121 1.6
      vertex 61.369828105560295 64.37492292477596 1.6
    endloop
  endfacet
  facet normal 0 0 1
    outer loop
      vertex 60.14267151745786 65.9 1.6
      vertex 61.369828105560295 64.37492292477596 1.6
      vertex 61.58234524231474 64.45096277218408 1.6
    endloop
  endfacet
  facet normal 0 0 1
    outer loop
      vertex 60.14267151745786 65.9 1.6
      vertex 61.58234524231474 64.45096277218408 1.6
      vertex 61.8012922593629 64.50580614492743 1.6
    endloop
  endfacet
  facet normal 0 0 1
    outer loop
      vertex 60.14267151745786 65.9 1.6
      vertex 61.8012922593629 64.50580614492743 1.6
      vertex 62.02456057724201 64.53892487134605 1.6
    endloop
  endfacet
  facet normal 0 0 1
    outer loop
      vertex 62.02456057724201 64.53892487134605 1.6
      vertex 62.25 64.55 1.6
      vertex 64.35732848254213 65.9 1.6
    endloop
  endfacet
  facet normal 0 0 1
    outer loop
      vertex 60.14267151745786 65.9 1.6
      vertex 62.02456057724201 64.53892487134605 1.6
      vertex 64.35732848254213 65.9 1.6
    endloop
  endfacet
  facet normal 0 0 1
    outer loop
      vertex 62.25 64.55 1.6
      vertex 62.47543942275799 64.53892487134605 1.6
      vertex 64.35732848254213 65.9 1.6
    endloop
  endfacet
  facet normal 0 0 1
    outer loop
      vertex 62.47543942275799 64.53892487134605 1.6
      vertex 62.6987077406371 64.50580614492743 1.6
      vertex 64.35732848254213 65.9 1.6
    endloop
  endfacet
  facet normal 0 0 1
    outer loop
      vertex 62.91765475768526 64.45096277218408 1.6
      vertex 64.35732848254213 65.9 1.6
      vertex 62.6987077406371 64.50580614492743 1.6
    endloop
  endfacet
  facet normal 0 0 1
    outer loop
      vertex 62.91765475768526 64.45096277218408 1.6
      vertex 63.130171894439705 64.37492292477596 1.6
      vertex 64.35732848254213 65.9 1.6
    endloop
  endfacet
  facet normal 0 0 1
    outer loop
      vertex 63.527811535945084 64.16238010829585 1.6
      vertex 63.70910455357638 64.0279240427343 1.6
      vertex 64.35732848254213 65.9 1.6
    endloop
  endfacet
  facet normal 0 0 1
    outer loop
      vertex 63.527811535945084 64.16238010829585 1.6
      vertex 64.35732848254213 65.9 1.6
      vertex 63.33421249469979 64.27841890800121 1.6
    endloop
  endfacet
  facet normal 0 0 1
    outer loop
      vertex 64.16238010829585 63.527811535945084 1.6
      vertex 64.35732848254213 65.9 1.6
      vertex 64.0279240427343 63.70910455357638 1.6
    endloop
  endfacet
  facet normal 0 0 1
    outer loop
      vertex 64.0279240427343 63.70910455357638 1.6
      vertex 64.35732848254213 65.9 1.6
      vertex 63.87634559672906 63.87634559672906 1.6
    endloop
  endfacet
  facet normal 0 0 1
    outer loop
      vertex 63.70910455357638 64.0279240427343 1.6
      vertex 63.87634559672906 63.87634559672906 1.6
      vertex 64.35732848254213 65.9 1.6
    endloop
  endfacet
  facet normal 0 0 1
    outer loop
      vertex 63.130171894439705 64.37492292477596 1.6
      vertex 63.33421249469979 64.27841890800121 1.6
      vertex 64.35732848254213 65.9 1.6
    endloop
  endfacet
  facet normal 0 0 1
    outer loop
      vertex 64.35732848254213 58.6 1.6
      vertex 64.27841890800121 61.16578750530021 1.6
      vertex 64.16238010829585 60.972188464054916 1.6
    endloop
  endfacet
  facet normal 0 0 1
    outer loop
      vertex 64.35732848254213 58.6 1.6
      vertex 66.46465696508427 62.25 1.6
      vertex 64.27841890800121 61.16578750530021 1.6
    endloop
  endfacet
  facet normal 0 0 1
    outer loop
      vertex 64.27841890800121 61.16578750530021 1.6
      vertex 66.46465696508427 62.25 1.6
      vertex 64.37492292477596 61.369828105560295 1.6
    endloop
  endfacet
  facet normal 0 0 1
    outer loop
      vertex 64.37492292477596 61.369828105560295 1.6
      vertex 66.46465696508427 62.25 1.6
      vertex 64.45096277218408 61.58234524231474 1.6
    endloop
  endfacet
  facet normal 0 0 1
    outer loop
      vertex 64.45096277218408 61.58234524231474 1.6
      vertex 66.46465696508427 62.25 1.6
      vertex 64.50580614492743 61.8012922593629 1.6
    endloop
  endfacet
  facet normal 0 0 1
    outer loop
      vertex 64.50580614492743 61.8012922593629 1.6
      vertex 66.46465696508427 62.25 1.6
      vertex 64.53892487134605 62.02456057724201 1.6
    endloop
  endfacet
  facet normal 0 0 1
    outer loop
      vertex 64.53892487134605 62.02456057724201 1.6
      vertex 66.46465696508427 62.25 1.6
      vertex 64.55 62.25 1.6
    endloop
  endfacet
  facet normal 0 0 1
    outer loop
      vertex 64.55 62.25 1.6
      vertex 66.46465696508427 62.25 1.6
      vertex 64.53892487134605 62.47543942275799 1.6
    endloop
  endfacet
  facet normal 0 0 1
    outer loop
      vertex 64.45096277218408 62.91765475768526 1.6
      vertex 66.46465696508427 62.25 1.6
      vertex 64.37492292477596 63.130171894439705 1.6
    endloop
  endfacet
  facet normal 0 0 1
    outer loop
      vertex 64.53892487134605 62.47543942275799 1.6
      vertex 66.46465696508427 62.25 1.6
      vertex 64.50580614492743 62.6987077406371 1.6
    endloop
  endfacet
  facet normal 0 0 1
    outer loop
      vertex 64.45096277218408 62.91765475768526 1.6
      vertex 64.50580614492743 62.6987077406371 1.6
      vertex 66.46465696508427 62.25 1.6
    endloop
  endfacet
  facet normal 0 0 1
    outer loop
      vertex 64.37492292477596 63.130171894439705 1.6
      vertex 64.35732848254213 65.9 1.6
      vertex 64.27841890800121 63.33421249469979 1.6
    endloop
  endfacet
  facet normal 0 0 1
    outer loop
      vertex 64.37492292477596 63.130171894439705 1.6
      vertex 66.46465696508427 62.25 1.6
      vertex 64.35732848254213 65.9 1.6
    endloop
  endfacet
  facet normal 0 0 1
    outer loop
      vertex 64.16238010829585 63.527811535945084 1.6
      vertex 64.27841890800121 63.33421249469979 1.6
      vertex 64.35732848254213 65.9 1.6
    endloop
  endfacet
  facet normal 0.8660254037844389 0.4999999999999994 0
    outer loop
      vertex 60.14267151745786 58.6 1.6
      vertex 58.03534303491573 62.25 1.6
      vertex 58.03534303491573 62.25 5
    endloop
  endfacet
  facet normal 0 1 0
    outer loop
      vertex 60.14267151745786 58.6 1.6
      vertex 60.14267151745786 58.6 5
      vertex 64.35732848254213 58.6 1.6
    endloop
  endfacet
  facet normal 0.8660254037844395 -0.4999999999999986 0
    outer loop
      vertex 58.03534303491573 62.25 1.6
      vertex 60.14267151745786 65.9 1.6
      vertex 60.14267151745786 65.9 5
    endloop
  endfacet
  facet normal 0 -1 0
    outer loop
      vertex 60.14267151745786 65.9 1.6
      vertex 64.35732848254213 65.9 1.6
      vertex 64.35732848254213 65.9 5
    endloop
  endfacet
  facet normal -0.8660254037844376 0.5000000000000019 0
    outer loop
      vertex 64.35732848254213 58.6 1.6
      vertex 64.35732848254213 58.6 5
      vertex 66.46465696508427 62.25 1.6
    endloop
  endfacet
  facet normal -0.866025403784438 -0.5000000000000012 0
    outer loop
      vertex 64.35732848254213 65.9 1.6
      vertex 66.46465696508427 62.25 1.6
      vertex 66.46465696508427 62.25 5
    endloop
  endfacet
  facet normal 0.8660254037844395 -0.4999999999999986 0
    outer loop
      vertex 58.03534303491573 62.25 1.6
      vertex 60.14267151745786 65.9 5
      vertex 58.03534303491573 62.25 5
    endloop
  endfacet
  facet normal 0 1 0
    outer loop
      vertex 64.35732848254213 58.6 1.6
      vertex 60.14267151745786 58.6 5
      vertex 64.35732848254213 58.6 5
    endloop
  endfacet
  facet normal 0.8660254037844389 0.4999999999999994 0
    outer loop
      vertex 60.14267151745786 58.6 1.6
      vertex 58.03534303491573 62.25 5
      vertex 60.14267151745786 58.6 5
    endloop
  endfacet
  facet normal 0 -1 0
    outer loop
      vertex 60.14267151745786 65.9 1.6
      vertex 64.35732848254213 65.9 5
      vertex 60.14267151745786 65.9 5
    endloop
  endfacet
  facet normal -0.8660254037844376 0.5000000000000019 0
    outer loop
      vertex 66.46465696508427 62.25 1.6
      vertex 64.35732848254213 58.6 5
      vertex 66.46465696508427 62.25 5
    endloop
  endfacet
  facet normal -0.866025403784438 -0.5000000000000012 0
    outer loop
      vertex 64.35732848254213 65.9 1.6
      vertex 66.46465696508427 62.25 5
      vertex 64.35732848254213 65.9 5
    endloop
  endfacet
  facet normal 0 0 1
    outer loop
      vertex -59.865812085783254 -40.00105677741136 3.8
      vertex -55.65675264211706 -45.67631645978248 3.8
      vertex -52.564710828666115 -43.13874332312789 3.8
    endloop
  endfacet
  facet normal 0 0 1
    outer loop
      vertex -59.865812085783254 -40.00105677741136 3.8
      vertex -52.564710828666115 -43.13874332312789 3.8
      vertex -56.539933636573075 -37.778775845332945 3.8
    endloop
  endfacet
  facet normal 0 0 1
    outer loop
      vertex -48.083261120685236 -48.083261120685236 3.8
      vertex -52.564710828666115 -43.13874332312789 3.8
      vertex -55.65675264211706 -45.67631645978248 3.8
    endloop
  endfacet
  facet normal 0 0 1
    outer loop
      vertex -50.91168824543143 -50.91168824543143 3.8
      vertex -48.083261120685236 -48.083261120685236 3.8
      vertex -55.65675264211706 -45.67631645978248 3.8
    endloop
  endfacet
  facet normal 0.8032075314806455 0.5956993044924327 0
    outer loop
      vertex -59.865812085783254 -40.00105677741136 3.8
      vertex -59.865812085783254 -40.00105677741136 5
      vertex -55.65675264211706 -45.67631645978248 3.8
    endloop
  endfacet
  facet normal 0.7409511253549598 0.6715589548470178 0
    outer loop
      vertex -50.91168824543143 -50.91168824543143 3.8
      vertex -55.65675264211706 -45.67631645978248 3.8
      vertex -55.65675264211706 -45.67631645978248 5
    endloop
  endfacet
  facet normal 0 0 1
    outer loop
      vertex -50.91168824543143 -50.91168824543143 3.8
      vertex -43.13874332312789 -52.564710828666115 3.8
      vertex -48.083261120685236 -48.083261120685236 3.8
    endloop
  endfacet
  facet normal 0 0 1
    outer loop
      vertex -50.91168824543143 -50.91168824543143 3.8
      vertex -45.67631645978248 -55.65675264211706 3.8
      vertex -43.13874332312789 -52.564710828666115 3.8
    endloop
  endfacet
  facet normal 0 0 1
    outer loop
      vertex -45.67631645978248 -55.65675264211706 3.8
      vertex -37.778775845332945 -56.539933636573075 3.8
      vertex -43.13874332312789 -52.564710828666115 3.8
    endloop
  endfacet
  facet normal 0 0 1
    outer loop
      vertex -40.00105677741136 -59.865812085783254 3.8
      vertex -37.778775845332945 -56.539933636573075 3.8
      vertex -45.67631645978248 -55.65675264211706 3.8
    endloop
  endfacet
  facet normal 0.6715589548470178 0.7409511253549598 0
    outer loop
      vertex -50.91168824543143 -50.91168824543143 3.8
      vertex -50.91168824543143 -50.91168824543143 5
      vertex -45.67631645978248 -55.65675264211706 3.8
    endloop
  endfacet
  facet normal 0.5956993044924327 0.8032075314806455 0
    outer loop
      vertex -40.00105677741136 -59.865812085783254 3.8
      vertex -45.67631645978248 -55.65675264211706 3.8
      vertex -45.67631645978248 -55.65675264211706 5
    endloop
  endfacet
  facet normal 0.8032075314806455 0.5956993044924327 0
    outer loop
      vertex -55.65675264211706 -45.67631645978248 3.8
      vertex -59.865812085783254 -40.00105677741136 5
      vertex -55.65675264211706 -45.67631645978248 5
    endloop
  endfacet
  facet normal 0.7409511253549598 0.6715589548470178 0
    outer loop
      vertex -50.91168824543143 -50.91168824543143 3.8
      vertex -55.65675264211706 -45.67631645978248 5
      vertex -50.91168824543143 -50.91168824543143 5
    endloop
  endfacet
  facet normal 0.6715589548470178 0.7409511253549598 0
    outer loop
      vertex -45.67631645978248 -55.65675264211706 3.8
      vertex -50.91168824543143 -50.91168824543143 5
      vertex -45.67631645978248 -55.65675264211706 5
    endloop
  endfacet
  facet normal 0.5956993044924327 0.8032075314806455 0
    outer loop
      vertex -40.00105677741136 -59.865812085783254 3.8
      vertex -45.67631645978248 -55.65675264211706 5
      vertex -40.00105677741136 -59.865812085783254 5
    endloop
  endfacet
  facet normal 0 0 1
    outer loop
      vertex -59.865812085783254 -40.00105677741136 3.8
      vertex -56.539933636573075 -37.778775845332945 3.8
      vertex -63.49833103308156 -33.94056505147183 3.8
    endloop
  endfacet
  facet normal 0 0 1
    outer loop
      vertex -63.49833103308156 -33.94056505147183 3.8
      vertex -56.539933636573075 -37.778775845332945 3.8
      vertex -59.97064597568814 -32.05497810416784 3.8
    endloop
  endfacet
  facet normal 0 0 1
    outer loop
      vertex -63.49833103308156 -33.94056505147183 3.8
      vertex -59.97064597568814 -32.05497810416784 3.8
      vertex -62.823808210767496 -26.022473400826104 3.8
    endloop
  endfacet
  facet normal 0.9039892931234437 0.42755509343028136 0
    outer loop
      vertex -66.51932634081264 -27.553207130286463 3.8
      vertex -66.51932634081264 -27.553207130286463 5
      vertex -63.49833103308156 -33.94056505147183 3.8
    endloop
  endfacet
  facet normal 0.8577286100002718 0.5141027441932221 0
    outer loop
      vertex -59.865812085783254 -40.00105677741136 3.8
      vertex -63.49833103308156 -33.94056505147183 3.8
      vertex -63.49833103308156 -33.94056505147183 5
    endloop
  endfacet
  facet normal 0 0 1
    outer loop
      vertex -66.51932634081264 -27.553207130286463 3.8
      vertex -63.49833103308156 -33.94056505147183 3.8
      vertex -62.823808210767496 -26.022473400826104 3.8
    endloop
  endfacet
  facet normal 0 0 1
    outer loop
      vertex -66.51932634081264 -27.553207130286463 3.8
      vertex -65.0719428297902 -19.739358053303437 3.8
      vertex -68.89970417271904 -20.90049676232129 3.8
    endloop
  endfacet
  facet normal 0 0 1
    outer loop
      vertex -66.51932634081264 -27.553207130286463 3.8
      vertex -62.823808210767496 -26.022473400826104 3.8
      vertex -65.0719428297902 -19.739358053303437 3.8
    endloop
  endfacet
  facet normal 0.9415440651830205 0.3368898533922212 0
    outer loop
      vertex -66.51932634081264 -27.553207130286463 3.8
      vertex -68.89970417271904 -20.90049676232129 3.8
      vertex -68.89970417271904 -20.90049676232129 5
    endloop
  endfacet
  facet normal 0.9039892931234437 0.42755509343028136 0
    outer loop
      vertex -63.49833103308156 -33.94056505147183 3.8
      vertex -66.51932634081264 -27.553207130286463 5
      vertex -63.49833103308156 -33.94056505147183 5
    endloop
  endfacet
  facet normal 0.8577286100002718 0.5141027441932221 0
    outer loop
      vertex -59.865812085783254 -40.00105677741136 3.8
      vertex -63.49833103308156 -33.94056505147183 5
      vertex -59.865812085783254 -40.00105677741136 5
    endloop
  endfacet
  facet normal 0.9415440651830205 0.3368898533922212 0
    outer loop
      vertex -66.51932634081264 -27.553207130286463 3.8
      vertex -68.89970417271904 -20.90049676232129 5
      vertex -66.51932634081264 -27.553207130286463 5
    endloop
  endfacet
  facet normal 0.9700312531945441 0.24298017990326334 0
    outer loop
      vertex -68.89970417271904 -20.90049676232129 3.8
      vertex -70.61654018903259 -14.046503185161233 3.8
      vertex -70.61654018903259 -14.046503185161233 5
    endloop
  endfacet
  facet normal 0 0 1
    outer loop
      vertex -68.89970417271904 -20.90049676232129 3.8
      vertex -68.89970417271904 20.90049676232129 3.8
      vertex -70.61654018903259 -14.046503185161233 3.8
    endloop
  endfacet
  facet normal 0 0 1
    outer loop
      vertex -70.61654018903259 -14.046503185161233 3.8
      vertex -70.61654018903259 14.046503185161233 3.8
      vertex -71.65330032039817 -7.057234103728364 3.8
    endloop
  endfacet
  facet normal 0.989176509964781 0.1467304744553617 0
    outer loop
      vertex -70.61654018903259 -14.046503185161233 3.8
      vertex -71.65330032039817 -7.057234103728364 3.8
      vertex -71.65330032039817 -7.057234103728364 5
    endloop
  endfacet
  facet normal 0.9987954562051724 0.049067674327418334 0
    outer loop
      vertex -71.65330032039817 -7.057234103728364 3.8
      vertex -72 0 3.8
      vertex -72 0 5
    endloop
  endfacet
  facet normal 0 0 1
    outer loop
      vertex -68.89970417271904 -20.90049676232129 3.8
      vertex -65.0719428297902 -19.739358053303437 3.8
      vertex -66.69339906741968 -13.266141897096722 3.8
    endloop
  endfacet
  facet normal 0 0 1
    outer loop
      vertex -68.89970417271904 -20.90049676232129 3.8
      vertex -66.69339906741968 -13.266141897096722 3.8
      vertex -67.67256141370939 -6.665165542410121 3.8
    endloop
  endfacet
  facet normal 0 0 1
    outer loop
      vertex -68.89970417271904 -20.90049676232129 3.8
      vertex -67.67256141370939 -6.665165542410121 3.8
      vertex -68 0 3.8
    endloop
  endfacet
  facet normal 0.9700312531945441 0.24298017990326334 0
    outer loop
      vertex -68.89970417271904 -20.90049676232129 3.8
      vertex -70.61654018903259 -14.046503185161233 5
      vertex -68.89970417271904 -20.90049676232129 5
    endloop
  endfacet
  facet normal 0.989176509964781 0.1467304744553617 0
    outer loop
      vertex -70.61654018903259 -14.046503185161233 3.8
      vertex -71.65330032039817 -7.057234103728364 5
      vertex -70.61654018903259 -14.046503185161233 5
    endloop
  endfacet
  facet normal 0.9987954562051724 0.049067674327418334 0
    outer loop
      vertex -71.65330032039817 -7.057234103728364 3.8
      vertex -72 0 5
      vertex -71.65330032039817 -7.057234103728364 5
    endloop
  endfacet
  facet normal 0 0 1
    outer loop
      vertex -40.00105677741136 -59.865812085783254 3.8
      vertex -33.94056505147183 -63.49833103308156 3.8
      vertex -32.05497810416784 -59.97064597568814 3.8
    endloop
  endfacet
  facet normal 0 0 1
    outer loop
      vertex -33.94056505147183 -63.49833103308156 3.8
      vertex -26.022473400826104 -62.823808210767496 3.8
      vertex -32.05497810416784 -59.97064597568814 3.8
    endloop
  endfacet
  facet normal 0.5141027441932221 0.8577286100002718 0
    outer loop
      vertex -40.00105677741136 -59.865812085783254 3.8
      vertex -40.00105677741136 -59.865812085783254 5
      vertex -33.94056505147183 -63.49833103308156 3.8
    endloop
  endfacet
  facet normal 0.42755509343028136 0.9039892931234437 0
    outer loop
      vertex -33.94056505147183 -63.49833103308156 3.8
      vertex -33.94056505147183 -63.49833103308156 5
      vertex -27.553207130286463 -66.51932634081264 3.8
    endloop
  endfacet
  facet normal 0 0 1
    outer loop
      vertex -33.94056505147183 -63.49833103308156 3.8
      vertex -27.553207130286463 -66.51932634081264 3.8
      vertex -26.022473400826104 -62.823808210767496 3.8
    endloop
  endfacet
  facet normal 0 0 1
    outer loop
      vertex -27.553207130286463 -66.51932634081264 3.8
      vertex -20.90049676232129 -68.89970417271904 3.8
      vertex -19.739358053303437 -65.0719428297902 3.8
    endloop
  endfacet
  facet normal 0 0 1
    outer loop
      vertex -27.553207130286463 -66.51932634081264 3.8
      vertex -19.739358053303437 -65.0719428297902 3.8
      vertex -26.022473400826104 -62.823808210767496 3.8
    endloop
  endfacet
  facet normal 0.3368898533922212 0.9415440651830205 0
    outer loop
      vertex -27.553207130286463 -66.51932634081264 3.8
      vertex -27.553207130286463 -66.51932634081264 5
      vertex -20.90049676232129 -68.89970417271904 3.8
    endloop
  endfacet
  facet normal 0.5141027441932221 0.8577286100002718 0
    outer loop
      vertex -33.94056505147183 -63.49833103308156 3.8
      vertex -40.00105677741136 -59.865812085783254 5
      vertex -33.94056505147183 -63.49833103308156 5
    endloop
  endfacet
  facet normal 0.42755509343028136 0.9039892931234437 0
    outer loop
      vertex -27.553207130286463 -66.51932634081264 3.8
      vertex -33.94056505147183 -63.49833103308156 5
      vertex -27.553207130286463 -66.51932634081264 5
    endloop
  endfacet
  facet normal 0.3368898533922212 0.9415440651830205 0
    outer loop
      vertex -20.90049676232129 -68.89970417271904 3.8
      vertex -27.553207130286463 -66.51932634081264 5
      vertex -20.90049676232129 -68.89970417271904 5
    endloop
  endfacet
  facet normal 0 0 1
    outer loop
      vertex -40.00105677741136 -59.865812085783254 3.8
      vertex -32.05497810416784 -59.97064597568814 3.8
      vertex -37.778775845332945 -56.539933636573075 3.8
    endloop
  endfacet
  facet normal 0.24298017990326334 0.9700312531945441 0
    outer loop
      vertex -20.90049676232129 -68.89970417271904 3.8
      vertex -20.90049676232129 -68.89970417271904 5
      vertex -14.046503185161233 -70.61654018903259 3.8
    endloop
  endfacet
  facet normal 0.1467304744553617 0.989176509964781 0
    outer loop
      vertex -14.046503185161233 -70.61654018903259 3.8
      vertex -14.046503185161233 -70.61654018903259 5
      vertex -7.057234103728364 -71.65330032039817 3.8
    endloop
  endfacet
  facet normal 0 0 1
    outer loop
      vertex -20.90049676232129 -68.89970417271904 3.8
      vertex -13.266141897096722 -66.69339906741968 3.8
      vertex -19.739358053303437 -65.0719428297902 3.8
    endloop
  endfacet
  facet normal 0 0 1
    outer loop
      vertex -20.90049676232129 -68.89970417271904 3.8
      vertex -14.046503185161233 -70.61654018903259 3.8
      vertex -13.266141897096722 -66.69339906741968 3.8
    endloop
  endfacet
  facet normal 0 0 1
    outer loop
      vertex -14.046503185161233 -70.61654018903259 3.8
      vertex -6.665165542410121 -67.67256141370939 3.8
      vertex -13.266141897096722 -66.69339906741968 3.8
    endloop
  endfacet
  facet normal 0 0 1
    outer loop
      vertex -14.046503185161233 -70.61654018903259 3.8
      vertex -7.057234103728364 -71.65330032039817 3.8
      vertex -6.665165542410121 -67.67256141370939 3.8
    endloop
  endfacet
  facet normal 0 0 1
    outer loop
      vertex -7.057234103728364 -71.65330032039817 3.8
      vertex 0 -72 3.8
      vertex 0 -68 3.8
    endloop
  endfacet
  facet normal 0.049067674327418334 0.9987954562051724 0
    outer loop
      vertex -7.057234103728364 -71.65330032039817 3.8
      vertex -7.057234103728364 -71.65330032039817 5
      vertex 0 -72 3.8
    endloop
  endfacet
  facet normal 0 0 1
    outer loop
      vertex -7.057234103728364 -71.65330032039817 3.8
      vertex 0 -68 3.8
      vertex -6.665165542410121 -67.67256141370939 3.8
    endloop
  endfacet
  facet normal 0.24298017990326334 0.9700312531945441 0
    outer loop
      vertex -14.046503185161233 -70.61654018903259 3.8
      vertex -20.90049676232129 -68.89970417271904 5
      vertex -14.046503185161233 -70.61654018903259 5
    endloop
  endfacet
  facet normal 0.1467304744553617 0.989176509964781 0
    outer loop
      vertex -7.057234103728364 -71.65330032039817 3.8
      vertex -14.046503185161233 -70.61654018903259 5
      vertex -7.057234103728364 -71.65330032039817 5
    endloop
  endfacet
  facet normal 0.049067674327418334 0.9987954562051724 0
    outer loop
      vertex 0 -72 3.8
      vertex -7.057234103728364 -71.65330032039817 5
      vertex 0 -72 5
    endloop
  endfacet
  facet normal 0 0 1
    outer loop
      vertex -71.65330032039817 -7.057234103728364 3.8
      vertex -71.65330032039817 7.057234103728364 3.8
      vertex -72 0 3.8
    endloop
  endfacet
  facet normal 0 0 1
    outer loop
      vertex -71.65330032039817 -7.057234103728364 3.8
      vertex -70.61654018903259 14.046503185161233 3.8
      vertex -71.65330032039817 7.057234103728364 3.8
    endloop
  endfacet
  facet normal 0 0 1
    outer loop
      vertex -70.61654018903259 -14.046503185161233 3.8
      vertex -68.89970417271904 20.90049676232129 3.8
      vertex -70.61654018903259 14.046503185161233 3.8
    endloop
  endfacet
  facet normal 0.9987954562051724 -0.049067674327418334 0
    outer loop
      vertex -72 0 3.8
      vertex -71.65330032039817 7.057234103728364 3.8
      vertex -71.65330032039817 7.057234103728364 5
    endloop
  endfacet
  facet normal 0.989176509964781 -0.1467304744553617 0
    outer loop
      vertex -71.65330032039817 7.057234103728364 3.8
      vertex -70.61654018903259 14.046503185161233 3.8
      vertex -70.61654018903259 14.046503185161233 5
    endloop
  endfacet
  facet normal 0.9700312531945441 -0.24298017990326334 0
    outer loop
      vertex -70.61654018903259 14.046503185161233 3.8
      vertex -68.89970417271904 20.90049676232129 3.8
      vertex -68.89970417271904 20.90049676232129 5
    endloop
  endfacet
  facet normal 0 0 1
    outer loop
      vertex -68.89970417271904 -20.90049676232129 3.8
      vertex -68 0 3.8
      vertex -68.89970417271904 20.90049676232129 3.8
    endloop
  endfacet
  facet normal 0 0 1
    outer loop
      vertex -68 0 3.8
      vertex -67.67256141370939 6.665165542410121 3.8
      vertex -68.89970417271904 20.90049676232129 3.8
    endloop
  endfacet
  facet normal 0 0 1
    outer loop
      vertex -67.67256141370939 6.665165542410121 3.8
      vertex -66.69339906741968 13.266141897096722 3.8
      vertex -66.51932634081264 27.553207130286463 3.8
    endloop
  endfacet
  facet normal 0 0 1
    outer loop
      vertex -67.67256141370939 6.665165542410121 3.8
      vertex -66.51932634081264 27.553207130286463 3.8
      vertex -68.89970417271904 20.90049676232129 3.8
    endloop
  endfacet
  facet normal 0.9987954562051724 -0.049067674327418334 0
    outer loop
      vertex -72 0 3.8
      vertex -71.65330032039817 7.057234103728364 5
      vertex -72 0 5
    endloop
  endfacet
  facet normal 0.989176509964781 -0.1467304744553617 0
    outer loop
      vertex -71.65330032039817 7.057234103728364 3.8
      vertex -70.61654018903259 14.046503185161233 5
      vertex -71.65330032039817 7.057234103728364 5
    endloop
  endfacet
  facet normal 0.9700312531945441 -0.24298017990326334 0
    outer loop
      vertex -70.61654018903259 14.046503185161233 3.8
      vertex -68.89970417271904 20.90049676232129 5
      vertex -70.61654018903259 14.046503185161233 5
    endloop
  endfacet
  facet normal 0 0 1
    outer loop
      vertex -66.69339906741968 13.266141897096722 3.8
      vertex -65.0719428297902 19.739358053303437 3.8
      vertex -66.51932634081264 27.553207130286463 3.8
    endloop
  endfacet
  facet normal 0 0 1
    outer loop
      vertex -66.51932634081264 27.553207130286463 3.8
      vertex -65.0719428297902 19.739358053303437 3.8
      vertex -63.49833103308156 33.94056505147183 3.8
    endloop
  endfacet
  facet normal 0 0 1
    outer loop
      vertex -65.0719428297902 19.739358053303437 3.8
      vertex -62.823808210767496 26.022473400826104 3.8
      vertex -63.49833103308156 33.94056505147183 3.8
    endloop
  endfacet
  facet normal 0.9415440651830205 -0.3368898533922212 0
    outer loop
      vertex -68.89970417271904 20.90049676232129 3.8
      vertex -66.51932634081264 27.553207130286463 3.8
      vertex -66.51932634081264 27.553207130286463 5
    endloop
  endfacet
  facet normal 0 0 1
    outer loop
      vertex -62.823808210767496 26.022473400826104 3.8
      vertex -59.865812085783254 40.00105677741136 3.8
      vertex -63.49833103308156 33.94056505147183 3.8
    endloop
  endfacet
  facet normal 0 0 1
    outer loop
      vertex -62.823808210767496 26.022473400826104 3.8
      vertex -59.97064597568814 32.05497810416784 3.8
      vertex -59.865812085783254 40.00105677741136 3.8
    endloop
  endfacet
  facet normal 0.9039892931234437 -0.42755509343028136 0
    outer loop
      vertex -66.51932634081264 27.553207130286463 3.8
      vertex -63.49833103308156 33.94056505147183 3.8
      vertex -63.49833103308156 33.94056505147183 5
    endloop
  endfacet
  facet normal 0.8577286100002718 -0.5141027441932221 0
    outer loop
      vertex -63.49833103308156 33.94056505147183 3.8
      vertex -59.865812085783254 40.00105677741136 3.8
      vertex -59.865812085783254 40.00105677741136 5
    endloop
  endfacet
  facet normal 0.9415440651830205 -0.3368898533922212 0
    outer loop
      vertex -68.89970417271904 20.90049676232129 3.8
      vertex -66.51932634081264 27.553207130286463 5
      vertex -68.89970417271904 20.90049676232129 5
    endloop
  endfacet
  facet normal 0.9039892931234437 -0.42755509343028136 0
    outer loop
      vertex -66.51932634081264 27.553207130286463 3.8
      vertex -63.49833103308156 33.94056505147183 5
      vertex -66.51932634081264 27.553207130286463 5
    endloop
  endfacet
  facet normal 0.8577286100002718 -0.5141027441932221 0
    outer loop
      vertex -63.49833103308156 33.94056505147183 3.8
      vertex -59.865812085783254 40.00105677741136 5
      vertex -63.49833103308156 33.94056505147183 5
    endloop
  endfacet
  facet normal 0 0 1
    outer loop
      vertex -59.97064597568814 32.05497810416784 3.8
      vertex -56.539933636573075 37.778775845332945 3.8
      vertex -59.865812085783254 40.00105677741136 3.8
    endloop
  endfacet
  facet normal 0 0 1
    outer loop
      vertex -56.539933636573075 37.778775845332945 3.8
      vertex -55.65675264211706 45.67631645978248 3.8
      vertex -59.865812085783254 40.00105677741136 3.8
    endloop
  endfacet
  facet normal 0 0 1
    outer loop
      vertex -56.539933636573075 37.778775845332945 3.8
      vertex -52.564710828666115 43.13874332312789 3.8
      vertex -55.65675264211706 45.67631645978248 3.8
    endloop
  endfacet
  facet normal 0 0 1
    outer loop
      vertex -55.65675264211706 45.67631645978248 3.8
      vertex -52.564710828666115 43.13874332312789 3.8
      vertex -50.91168824543143 50.91168824543143 3.8
    endloop
  endfacet
  facet normal 0 0 1
    outer loop
      vertex -52.564710828666115 43.13874332312789 3.8
      vertex -48.083261120685236 48.083261120685236 3.8
      vertex -50.91168824543143 50.91168824543143 3.8
    endloop
  endfacet
  facet normal 0.8032075314806455 -0.5956993044924327 0
    outer loop
      vertex -59.865812085783254 40.00105677741136 3.8
      vertex -55.65675264211706 45.67631645978248 3.8
      vertex -55.65675264211706 45.67631645978248 5
    endloop
  endfacet
  facet normal 0.7409511253549598 -0.6715589548470178 0
    outer loop
      vertex -55.65675264211706 45.67631645978248 3.8
      vertex -50.91168824543143 50.91168824543143 3.8
      vertex -50.91168824543143 50.91168824543143 5
    endloop
  endfacet
  facet normal 0 0 1
    outer loop
      vertex -50.91168824543143 50.91168824543143 3.8
      vertex -48.083261120685236 48.083261120685236 3.8
      vertex -45.67631645978248 55.65675264211706 3.8
    endloop
  endfacet
  facet normal 0 0 1
    outer loop
      vertex -48.083261120685236 48.083261120685236 3.8
      vertex -43.13874332312789 52.564710828666115 3.8
      vertex -45.67631645978248 55.65675264211706 3.8
    endloop
  endfacet
  facet normal 0 0 1
    outer loop
      vertex -45.67631645978248 55.65675264211706 3.8
      vertex -43.13874332312789 52.564710828666115 3.8
      vertex -40.00105677741136 59.865812085783254 3.8
    endloop
  endfacet
  facet normal 0 0 1
    outer loop
      vertex -43.13874332312789 52.564710828666115 3.8
      vertex -37.778775845332945 56.539933636573075 3.8
      vertex -40.00105677741136 59.865812085783254 3.8
    endloop
  endfacet
  facet normal 0.6715589548470178 -0.7409511253549598 0
    outer loop
      vertex -50.91168824543143 50.91168824543143 3.8
      vertex -45.67631645978248 55.65675264211706 3.8
      vertex -45.67631645978248 55.65675264211706 5
    endloop
  endfacet
  facet normal 0.5956993044924327 -0.8032075314806455 0
    outer loop
      vertex -45.67631645978248 55.65675264211706 3.8
      vertex -40.00105677741136 59.865812085783254 3.8
      vertex -40.00105677741136 59.865812085783254 5
    endloop
  endfacet
  facet normal 0.8032075314806455 -0.5956993044924327 0
    outer loop
      vertex -59.865812085783254 40.00105677741136 3.8
      vertex -55.65675264211706 45.67631645978248 5
      vertex -59.865812085783254 40.00105677741136 5
    endloop
  endfacet
  facet normal 0.7409511253549598 -0.6715589548470178 0
    outer loop
      vertex -55.65675264211706 45.67631645978248 3.8
      vertex -50.91168824543143 50.91168824543143 5
      vertex -55.65675264211706 45.67631645978248 5
    endloop
  endfacet
  facet normal 0.6715589548470178 -0.7409511253549598 0
    outer loop
      vertex -50.91168824543143 50.91168824543143 3.8
      vertex -45.67631645978248 55.65675264211706 5
      vertex -50.91168824543143 50.91168824543143 5
    endloop
  endfacet
  facet normal 0.5956993044924327 -0.8032075314806455 0
    outer loop
      vertex -45.67631645978248 55.65675264211706 3.8
      vertex -40.00105677741136 59.865812085783254 5
      vertex -45.67631645978248 55.65675264211706 5
    endloop
  endfacet
  facet normal 0 0 1
    outer loop
      vertex -40.00105677741136 59.865812085783254 3.8
      vertex -37.778775845332945 56.539933636573075 3.8
      vertex -33.94056505147183 63.49833103308156 3.8
    endloop
  endfacet
  facet normal 0 0 1
    outer loop
      vertex -37.778775845332945 56.539933636573075 3.8
      vertex -32.05497810416784 59.97064597568814 3.8
      vertex -33.94056505147183 63.49833103308156 3.8
    endloop
  endfacet
  facet normal 0 0 1
    outer loop
      vertex -33.94056505147183 63.49833103308156 3.8
      vertex -32.05497810416784 59.97064597568814 3.8
      vertex -27.553207130286463 66.51932634081264 3.8
    endloop
  endfacet
  facet normal 0.5141027441932221 -0.8577286100002718 0
    outer loop
      vertex -40.00105677741136 59.865812085783254 3.8
      vertex -33.94056505147183 63.49833103308156 3.8
      vertex -33.94056505147183 63.49833103308156 5
    endloop
  endfacet
  facet normal 0.42755509343028136 -0.9039892931234437 0
    outer loop
      vertex -33.94056505147183 63.49833103308156 3.8
      vertex -27.553207130286463 66.51932634081264 3.8
      vertex -27.553207130286463 66.51932634081264 5
    endloop
  endfacet
  facet normal 0 0 1
    outer loop
      vertex -32.05497810416784 59.97064597568814 3.8
      vertex -26.022473400826104 62.823808210767496 3.8
      vertex -27.553207130286463 66.51932634081264 3.8
    endloop
  endfacet
  facet normal 0 0 1
    outer loop
      vertex -26.022473400826104 62.823808210767496 3.8
      vertex -20.90049676232129 68.89970417271904 3.8
      vertex -27.553207130286463 66.51932634081264 3.8
    endloop
  endfacet
  facet normal 0 0 1
    outer loop
      vertex -26.022473400826104 62.823808210767496 3.8
      vertex -19.739358053303437 65.0719428297902 3.8
      vertex -20.90049676232129 68.89970417271904 3.8
    endloop
  endfacet
  facet normal 0.3368898533922212 -0.9415440651830205 0
    outer loop
      vertex -27.553207130286463 66.51932634081264 3.8
      vertex -20.90049676232129 68.89970417271904 3.8
      vertex -20.90049676232129 68.89970417271904 5
    endloop
  endfacet
  facet normal 0.5141027441932221 -0.8577286100002718 0
    outer loop
      vertex -40.00105677741136 59.865812085783254 3.8
      vertex -33.94056505147183 63.49833103308156 5
      vertex -40.00105677741136 59.865812085783254 5
    endloop
  endfacet
  facet normal 0.42755509343028136 -0.9039892931234437 0
    outer loop
      vertex -33.94056505147183 63.49833103308156 3.8
      vertex -27.553207130286463 66.51932634081264 5
      vertex -33.94056505147183 63.49833103308156 5
    endloop
  endfacet
  facet normal 0.3368898533922212 -0.9415440651830205 0
    outer loop
      vertex -27.553207130286463 66.51932634081264 3.8
      vertex -20.90049676232129 68.89970417271904 5
      vertex -27.553207130286463 66.51932634081264 5
    endloop
  endfacet
  facet normal 0 0 1
    outer loop
      vertex -19.739358053303437 65.0719428297902 3.8
      vertex -14.046503185161233 70.61654018903259 3.8
      vertex -20.90049676232129 68.89970417271904 3.8
    endloop
  endfacet
  facet normal 0 0 1
    outer loop
      vertex -19.739358053303437 65.0719428297902 3.8
      vertex -13.266141897096722 66.69339906741968 3.8
      vertex -14.046503185161233 70.61654018903259 3.8
    endloop
  endfacet
  facet normal 0 0 1
    outer loop
      vertex -13.266141897096722 66.69339906741968 3.8
      vertex -7.057234103728364 71.65330032039817 3.8
      vertex -14.046503185161233 70.61654018903259 3.8
    endloop
  endfacet
  facet normal 0.24298017990326334 -0.9700312531945441 0
    outer loop
      vertex -20.90049676232129 68.89970417271904 3.8
      vertex -14.046503185161233 70.61654018903259 3.8
      vertex -14.046503185161233 70.61654018903259 5
    endloop
  endfacet
  facet normal 0 0 1
    outer loop
      vertex -13.266141897096722 66.69339906741968 3.8
      vertex -6.665165542410121 67.67256141370939 3.8
      vertex -7.057234103728364 71.65330032039817 3.8
    endloop
  endfacet
  facet normal 0 0 1
    outer loop
      vertex -6.665165542410121 67.67256141370939 3.8
      vertex 0 72 3.8
      vertex -7.057234103728364 71.65330032039817 3.8
    endloop
  endfacet
  facet normal 0 0 1
    outer loop
      vertex -6.665165542410121 67.67256141370939 3.8
      vertex 0 68 3.8
      vertex 0 72 3.8
    endloop
  endfacet
  facet normal 0.1467304744553617 -0.989176509964781 0
    outer loop
      vertex -14.046503185161233 70.61654018903259 3.8
      vertex -7.057234103728364 71.65330032039817 3.8
      vertex -7.057234103728364 71.65330032039817 5
    endloop
  endfacet
  facet normal 0.049067674327418334 -0.9987954562051724 0
    outer loop
      vertex -7.057234103728364 71.65330032039817 3.8
      vertex 0 72 3.8
      vertex 0 72 5
    endloop
  endfacet
  facet normal 0.24298017990326334 -0.9700312531945441 0
    outer loop
      vertex -20.90049676232129 68.89970417271904 3.8
      vertex -14.046503185161233 70.61654018903259 5
      vertex -20.90049676232129 68.89970417271904 5
    endloop
  endfacet
  facet normal 0.1467304744553617 -0.989176509964781 0
    outer loop
      vertex -14.046503185161233 70.61654018903259 3.8
      vertex -7.057234103728364 71.65330032039817 5
      vertex -14.046503185161233 70.61654018903259 5
    endloop
  endfacet
  facet normal 0.049067674327418334 -0.9987954562051724 0
    outer loop
      vertex -7.057234103728364 71.65330032039817 3.8
      vertex 0 72 5
      vertex -7.057234103728364 71.65330032039817 5
    endloop
  endfacet
  facet normal 0 0 1
    outer loop
      vertex 0 -72 3.8
      vertex 6.665165542410121 -67.67256141370939 3.8
      vertex 0 -68 3.8
    endloop
  endfacet
  facet normal 0 0 1
    outer loop
      vertex 0 -72 3.8
      vertex 7.057234103728364 -71.65330032039817 3.8
      vertex 6.665165542410121 -67.67256141370939 3.8
    endloop
  endfacet
  facet normal -0.049067674327418334 0.9987954562051724 0
    outer loop
      vertex 0 -72 3.8
      vertex 0 -72 5
      vertex 7.057234103728364 -71.65330032039817 3.8
    endloop
  endfacet
  facet normal -0.1467304744553617 0.989176509964781 0
    outer loop
      vertex 7.057234103728364 -71.65330032039817 3.8
      vertex 7.057234103728364 -71.65330032039817 5
      vertex 14.046503185161233 -70.61654018903259 3.8
    endloop
  endfacet
  facet normal 0 0 1
    outer loop
      vertex 7.057234103728364 -71.65330032039817 3.8
      vertex 13.266141897096722 -66.69339906741968 3.8
      vertex 6.665165542410121 -67.67256141370939 3.8
    endloop
  endfacet
  facet normal 0 0 1
    outer loop
      vertex 7.057234103728364 -71.65330032039817 3.8
      vertex 14.046503185161233 -70.61654018903259 3.8
      vertex 13.266141897096722 -66.69339906741968 3.8
    endloop
  endfacet
  facet normal -0.24298017990326334 0.9700312531945441 0
    outer loop
      vertex 14.046503185161233 -70.61654018903259 3.8
      vertex 14.046503185161233 -70.61654018903259 5
      vertex 20.90049676232129 -68.89970417271904 3.8
    endloop
  endfacet
  facet normal 0 0 1
    outer loop
      vertex 14.046503185161233 -70.61654018903259 3.8
      vertex 19.739358053303437 -65.0719428297902 3.8
      vertex 13.266141897096722 -66.69339906741968 3.8
    endloop
  endfacet
  facet normal 0 0 1
    outer loop
      vertex 14.046503185161233 -70.61654018903259 3.8
      vertex 20.90049676232129 -68.89970417271904 3.8
      vertex 19.739358053303437 -65.0719428297902 3.8
    endloop
  endfacet
  facet normal -0.049067674327418334 0.9987954562051724 0
    outer loop
      vertex 7.057234103728364 -71.65330032039817 3.8
      vertex 0 -72 5
      vertex 7.057234103728364 -71.65330032039817 5
    endloop
  endfacet
  facet normal -0.1467304744553617 0.989176509964781 0
    outer loop
      vertex 14.046503185161233 -70.61654018903259 3.8
      vertex 7.057234103728364 -71.65330032039817 5
      vertex 14.046503185161233 -70.61654018903259 5
    endloop
  endfacet
  facet normal -0.24298017990326334 0.9700312531945441 0
    outer loop
      vertex 20.90049676232129 -68.89970417271904 3.8
      vertex 14.046503185161233 -70.61654018903259 5
      vertex 20.90049676232129 -68.89970417271904 5
    endloop
  endfacet
  facet normal 0 0 1
    outer loop
      vertex 20.90049676232129 -68.89970417271904 3.8
      vertex 26.022473400826104 -62.823808210767496 3.8
      vertex 19.739358053303437 -65.0719428297902 3.8
    endloop
  endfacet
  facet normal 0 0 1
    outer loop
      vertex 20.90049676232129 -68.89970417271904 3.8
      vertex 27.553207130286463 -66.51932634081264 3.8
      vertex 26.022473400826104 -62.823808210767496 3.8
    endloop
  endfacet
  facet normal 0 0 1
    outer loop
      vertex 27.553207130286463 -66.51932634081264 3.8
      vertex 32.05497810416784 -59.97064597568814 3.8
      vertex 26.022473400826104 -62.823808210767496 3.8
    endloop
  endfacet
  facet normal -0.3368898533922212 0.9415440651830205 0
    outer loop
      vertex 20.90049676232129 -68.89970417271904 3.8
      vertex 20.90049676232129 -68.89970417271904 5
      vertex 27.553207130286463 -66.51932634081264 3.8
    endloop
  endfacet
  facet normal 0 0 1
    outer loop
      vertex 27.553207130286463 -66.51932634081264 3.8
      vertex 33.94056505147183 -63.49833103308156 3.8
      vertex 32.05497810416784 -59.97064597568814 3.8
    endloop
  endfacet
  facet normal 0 0 1
    outer loop
      vertex 32.05497810416784 -59.97064597568814 3.8
      vertex 33.94056505147183 -63.49833103308156 3.8
      vertex 37.778775845332945 -56.539933636573075 3.8
    endloop
  endfacet
  facet normal 0 0 1
    outer loop
      vertex 33.94056505147183 -63.49833103308156 3.8
      vertex 40.00105677741136 -59.865812085783254 3.8
      vertex 37.778775845332945 -56.539933636573075 3.8
    endloop
  endfacet
  facet normal -0.42755509343028136 0.9039892931234437 0
    outer loop
      vertex 27.553207130286463 -66.51932634081264 3.8
      vertex 27.553207130286463 -66.51932634081264 5
      vertex 33.94056505147183 -63.49833103308156 3.8
    endloop
  endfacet
  facet normal -0.5141027441932221 0.8577286100002718 0
    outer loop
      vertex 33.94056505147183 -63.49833103308156 3.8
      vertex 33.94056505147183 -63.49833103308156 5
      vertex 40.00105677741136 -59.865812085783254 3.8
    endloop
  endfacet
  facet normal -0.3368898533922212 0.9415440651830205 0
    outer loop
      vertex 27.553207130286463 -66.51932634081264 3.8
      vertex 20.90049676232129 -68.89970417271904 5
      vertex 27.553207130286463 -66.51932634081264 5
    endloop
  endfacet
  facet normal -0.42755509343028136 0.9039892931234437 0
    outer loop
      vertex 33.94056505147183 -63.49833103308156 3.8
      vertex 27.553207130286463 -66.51932634081264 5
      vertex 33.94056505147183 -63.49833103308156 5
    endloop
  endfacet
  facet normal -0.5141027441932221 0.8577286100002718 0
    outer loop
      vertex 40.00105677741136 -59.865812085783254 3.8
      vertex 33.94056505147183 -63.49833103308156 5
      vertex 40.00105677741136 -59.865812085783254 5
    endloop
  endfacet
  facet normal 0 0 1
    outer loop
      vertex 37.778775845332945 -56.539933636573075 3.8
      vertex 40.00105677741136 -59.865812085783254 3.8
      vertex 43.13874332312789 -52.564710828666115 3.8
    endloop
  endfacet
  facet normal 0 0 1
    outer loop
      vertex 40.00105677741136 -59.865812085783254 3.8
      vertex 45.67631645978248 -55.65675264211706 3.8
      vertex 43.13874332312789 -52.564710828666115 3.8
    endloop
  endfacet
  facet normal 0 0 1
    outer loop
      vertex 43.13874332312789 -52.564710828666115 3.8
      vertex 45.67631645978248 -55.65675264211706 3.8
      vertex 48.083261120685236 -48.083261120685236 3.8
    endloop
  endfacet
  facet normal 0 0 1
    outer loop
      vertex 45.67631645978248 -55.65675264211706 3.8
      vertex 50.91168824543143 -50.91168824543143 3.8
      vertex 48.083261120685236 -48.083261120685236 3.8
    endloop
  endfacet
  facet normal -0.5956993044924327 0.8032075314806455 0
    outer loop
      vertex 40.00105677741136 -59.865812085783254 3.8
      vertex 40.00105677741136 -59.865812085783254 5
      vertex 45.67631645978248 -55.65675264211706 3.8
    endloop
  endfacet
  facet normal -0.6715589548470178 0.7409511253549598 0
    outer loop
      vertex 45.67631645978248 -55.65675264211706 3.8
      vertex 45.67631645978248 -55.65675264211706 5
      vertex 50.91168824543143 -50.91168824543143 3.8
    endloop
  endfacet
  facet normal 0 0 1
    outer loop
      vertex 48.083261120685236 -48.083261120685236 3.8
      vertex 50.91168824543143 -50.91168824543143 3.8
      vertex 52.564710828666115 -43.13874332312789 3.8
    endloop
  endfacet
  facet normal 0 0 1
    outer loop
      vertex 50.91168824543143 -50.91168824543143 3.8
      vertex 55.65675264211706 -45.67631645978248 3.8
      vertex 52.564710828666115 -43.13874332312789 3.8
    endloop
  endfacet
  facet normal 0 0 1
    outer loop
      vertex 52.564710828666115 -43.13874332312789 3.8
      vertex 55.65675264211706 -45.67631645978248 3.8
      vertex 56.539933636573075 -37.778775845332945 3.8
    endloop
  endfacet
  facet normal 0 0 1
    outer loop
      vertex 55.65675264211706 -45.67631645978248 3.8
      vertex 59.865812085783254 -40.00105677741136 3.8
      vertex 56.539933636573075 -37.778775845332945 3.8
    endloop
  endfacet
  facet normal -0.7409511253549598 0.6715589548470178 0
    outer loop
      vertex 50.91168824543143 -50.91168824543143 3.8
      vertex 50.91168824543143 -50.91168824543143 5
      vertex 55.65675264211706 -45.67631645978248 3.8
    endloop
  endfacet
  facet normal -0.8032075314806455 0.5956993044924327 0
    outer loop
      vertex 55.65675264211706 -45.67631645978248 3.8
      vertex 55.65675264211706 -45.67631645978248 5
      vertex 59.865812085783254 -40.00105677741136 3.8
    endloop
  endfacet
  facet normal -0.5956993044924327 0.8032075314806455 0
    outer loop
      vertex 45.67631645978248 -55.65675264211706 3.8
      vertex 40.00105677741136 -59.865812085783254 5
      vertex 45.67631645978248 -55.65675264211706 5
    endloop
  endfacet
  facet normal -0.6715589548470178 0.7409511253549598 0
    outer loop
      vertex 50.91168824543143 -50.91168824543143 3.8
      vertex 45.67631645978248 -55.65675264211706 5
      vertex 50.91168824543143 -50.91168824543143 5
    endloop
  endfacet
  facet normal -0.7409511253549598 0.6715589548470178 0
    outer loop
      vertex 55.65675264211706 -45.67631645978248 3.8
      vertex 50.91168824543143 -50.91168824543143 5
      vertex 55.65675264211706 -45.67631645978248 5
    endloop
  endfacet
  facet normal -0.8032075314806455 0.5956993044924327 0
    outer loop
      vertex 59.865812085783254 -40.00105677741136 3.8
      vertex 55.65675264211706 -45.67631645978248 5
      vertex 59.865812085783254 -40.00105677741136 5
    endloop
  endfacet
  facet normal 0 0 1
    outer loop
      vertex 59.865812085783254 -40.00105677741136 3.8
      vertex 59.97064597568814 -32.05497810416784 3.8
      vertex 56.539933636573075 -37.778775845332945 3.8
    endloop
  endfacet
  facet normal 0 0 1
    outer loop
      vertex 59.865812085783254 -40.00105677741136 3.8
      vertex 62.823808210767496 -26.022473400826104 3.8
      vertex 59.97064597568814 -32.05497810416784 3.8
    endloop
  endfacet
  facet normal 0 0 1
    outer loop
      vertex 59.865812085783254 -40.00105677741136 3.8
      vertex 63.49833103308156 -33.94056505147183 3.8
      vertex 62.823808210767496 -26.022473400826104 3.8
    endloop
  endfacet
  facet normal -0.8577286100002718 0.5141027441932221 0
    outer loop
      vertex 59.865812085783254 -40.00105677741136 3.8
      vertex 59.865812085783254 -40.00105677741136 5
      vertex 63.49833103308156 -33.94056505147183 3.8
    endloop
  endfacet
  facet normal -0.9039892931234437 0.42755509343028136 0
    outer loop
      vertex 63.49833103308156 -33.94056505147183 3.8
      vertex 63.49833103308156 -33.94056505147183 5
      vertex 66.51932634081264 -27.553207130286463 3.8
    endloop
  endfacet
  facet normal 0 0 1
    outer loop
      vertex 63.49833103308156 -33.94056505147183 3.8
      vertex 65.0719428297902 -19.739358053303437 3.8
      vertex 62.823808210767496 -26.022473400826104 3.8
    endloop
  endfacet
  facet normal 0 0 1
    outer loop
      vertex 63.49833103308156 -33.94056505147183 3.8
      vertex 66.51932634081264 -27.553207130286463 3.8
      vertex 65.0719428297902 -19.739358053303437 3.8
    endloop
  endfacet
  facet normal 0 0 1
    outer loop
      vertex 65.0719428297902 -19.739358053303437 3.8
      vertex 66.51932634081264 -27.553207130286463 3.8
      vertex 66.69339906741968 -13.266141897096722 3.8
    endloop
  endfacet
  facet normal -0.9415440651830205 0.3368898533922212 0
    outer loop
      vertex 66.51932634081264 -27.553207130286463 3.8
      vertex 66.51932634081264 -27.553207130286463 5
      vertex 68.89970417271904 -20.90049676232129 3.8
    endloop
  endfacet
  facet normal -0.8577286100002718 0.5141027441932221 0
    outer loop
      vertex 63.49833103308156 -33.94056505147183 3.8
      vertex 59.865812085783254 -40.00105677741136 5
      vertex 63.49833103308156 -33.94056505147183 5
    endloop
  endfacet
  facet normal -0.9039892931234437 0.42755509343028136 0
    outer loop
      vertex 66.51932634081264 -27.553207130286463 3.8
      vertex 63.49833103308156 -33.94056505147183 5
      vertex 66.51932634081264 -27.553207130286463 5
    endloop
  endfacet
  facet normal -0.9415440651830205 0.3368898533922212 0
    outer loop
      vertex 68.89970417271904 -20.90049676232129 3.8
      vertex 66.51932634081264 -27.553207130286463 5
      vertex 68.89970417271904 -20.90049676232129 5
    endloop
  endfacet
  facet normal 0 0 1
    outer loop
      vertex 66.51932634081264 -27.553207130286463 3.8
      vertex 68.89970417271904 -20.90049676232129 3.8
      vertex 67.67256141370939 -6.665165542410121 3.8
    endloop
  endfacet
  facet normal 0 0 1
    outer loop
      vertex 66.51932634081264 -27.553207130286463 3.8
      vertex 67.67256141370939 -6.665165542410121 3.8
      vertex 66.69339906741968 -13.266141897096722 3.8
    endloop
  endfacet
  facet normal 0 0 1
    outer loop
      vertex 68.89970417271904 -20.90049676232129 3.8
      vertex 68 0 3.8
      vertex 67.67256141370939 -6.665165542410121 3.8
    endloop
  endfacet
  facet normal -0.9700312531945441 0.24298017990326334 0
    outer loop
      vertex 68.89970417271904 -20.90049676232129 3.8
      vertex 68.89970417271904 -20.90049676232129 5
      vertex 70.61654018903259 -14.046503185161233 3.8
    endloop
  endfacet
  facet normal -0.989176509964781 0.1467304744553617 0
    outer loop
      vertex 70.61654018903259 -14.046503185161233 3.8
      vertex 70.61654018903259 -14.046503185161233 5
      vertex 71.65330032039817 -7.057234103728364 3.8
    endloop
  endfacet
  facet normal 0 0 1
    outer loop
      vertex 68.89970417271904 -20.90049676232129 3.8
      vertex 70.61654018903259 -14.046503185161233 3.8
      vertex 70.61654018903259 14.046503185161233 3.8
    endloop
  endfacet
  facet normal 0 0 1
    outer loop
      vertex 70.61654018903259 -14.046503185161233 3.8
      vertex 71.65330032039817 -7.057234103728364 3.8
      vertex 71.65330032039817 7.057234103728364 3.8
    endloop
  endfacet
  facet normal -0.9987954562051724 0.049067674327418334 0
    outer loop
      vertex 71.65330032039817 -7.057234103728364 3.8
      vertex 71.65330032039817 -7.057234103728364 5
      vertex 72 0 3.8
    endloop
  endfacet
  facet normal -0.9700312531945441 0.24298017990326334 0
    outer loop
      vertex 70.61654018903259 -14.046503185161233 3.8
      vertex 68.89970417271904 -20.90049676232129 5
      vertex 70.61654018903259 -14.046503185161233 5
    endloop
  endfacet
  facet normal -0.989176509964781 0.1467304744553617 0
    outer loop
      vertex 71.65330032039817 -7.057234103728364 3.8
      vertex 70.61654018903259 -14.046503185161233 5
      vertex 71.65330032039817 -7.057234103728364 5
    endloop
  endfacet
  facet normal -0.9987954562051724 0.049067674327418334 0
    outer loop
      vertex 72 0 3.8
      vertex 71.65330032039817 -7.057234103728364 5
      vertex 72 0 5
    endloop
  endfacet
  facet normal 0 0 1
    outer loop
      vertex 0 68 3.8
      vertex 6.665165542410121 67.67256141370939 3.8
      vertex 7.057234103728364 71.65330032039817 3.8
    endloop
  endfacet
  facet normal 0 0 1
    outer loop
      vertex 0 68 3.8
      vertex 7.057234103728364 71.65330032039817 3.8
      vertex 0 72 3.8
    endloop
  endfacet
  facet normal 0 0 1
    outer loop
      vertex 6.665165542410121 67.67256141370939 3.8
      vertex 14.046503185161233 70.61654018903259 3.8
      vertex 7.057234103728364 71.65330032039817 3.8
    endloop
  endfacet
  facet normal -0.049067674327418334 -0.9987954562051724 0
    outer loop
      vertex 0 72 3.8
      vertex 7.057234103728364 71.65330032039817 3.8
      vertex 7.057234103728364 71.65330032039817 5
    endloop
  endfacet
  facet normal 0 0 1
    outer loop
      vertex 6.665165542410121 67.67256141370939 3.8
      vertex 13.266141897096722 66.69339906741968 3.8
      vertex 14.046503185161233 70.61654018903259 3.8
    endloop
  endfacet
  facet normal 0 0 1
    outer loop
      vertex 13.266141897096722 66.69339906741968 3.8
      vertex 20.90049676232129 68.89970417271904 3.8
      vertex 14.046503185161233 70.61654018903259 3.8
    endloop
  endfacet
  facet normal 0 0 1
    outer loop
      vertex 13.266141897096722 66.69339906741968 3.8
      vertex 19.739358053303437 65.0719428297902 3.8
      vertex 20.90049676232129 68.89970417271904 3.8
    endloop
  endfacet
  facet normal -0.1467304744553617 -0.989176509964781 0
    outer loop
      vertex 7.057234103728364 71.65330032039817 3.8
      vertex 14.046503185161233 70.61654018903259 3.8
      vertex 14.046503185161233 70.61654018903259 5
    endloop
  endfacet
  facet normal -0.24298017990326334 -0.9700312531945441 0
    outer loop
      vertex 14.046503185161233 70.61654018903259 3.8
      vertex 20.90049676232129 68.89970417271904 3.8
      vertex 20.90049676232129 68.89970417271904 5
    endloop
  endfacet
  facet normal -0.049067674327418334 -0.9987954562051724 0
    outer loop
      vertex 0 72 3.8
      vertex 7.057234103728364 71.65330032039817 5
      vertex 0 72 5
    endloop
  endfacet
  facet normal -0.1467304744553617 -0.989176509964781 0
    outer loop
      vertex 7.057234103728364 71.65330032039817 3.8
      vertex 14.046503185161233 70.61654018903259 5
      vertex 7.057234103728364 71.65330032039817 5
    endloop
  endfacet
  facet normal -0.24298017990326334 -0.9700312531945441 0
    outer loop
      vertex 14.046503185161233 70.61654018903259 3.8
      vertex 20.90049676232129 68.89970417271904 5
      vertex 14.046503185161233 70.61654018903259 5
    endloop
  endfacet
  facet normal 0 0 1
    outer loop
      vertex 37.778775845332945 56.539933636573075 3.8
      vertex 40.00105677741136 59.865812085783254 3.8
      vertex 32.05497810416784 59.97064597568814 3.8
    endloop
  endfacet
  facet normal 0 0 1
    outer loop
      vertex 19.739358053303437 65.0719428297902 3.8
      vertex 26.022473400826104 62.823808210767496 3.8
      vertex 27.553207130286463 66.51932634081264 3.8
    endloop
  endfacet
  facet normal 0 0 1
    outer loop
      vertex 19.739358053303437 65.0719428297902 3.8
      vertex 27.553207130286463 66.51932634081264 3.8
      vertex 20.90049676232129 68.89970417271904 3.8
    endloop
  endfacet
  facet normal 0 0 1
    outer loop
      vertex 26.022473400826104 62.823808210767496 3.8
      vertex 33.94056505147183 63.49833103308156 3.8
      vertex 27.553207130286463 66.51932634081264 3.8
    endloop
  endfacet
  facet normal -0.3368898533922212 -0.9415440651830205 0
    outer loop
      vertex 20.90049676232129 68.89970417271904 3.8
      vertex 27.553207130286463 66.51932634081264 3.8
      vertex 27.553207130286463 66.51932634081264 5
    endloop
  endfacet
  facet normal 0 0 1
    outer loop
      vertex 26.022473400826104 62.823808210767496 3.8
      vertex 32.05497810416784 59.97064597568814 3.8
      vertex 33.94056505147183 63.49833103308156 3.8
    endloop
  endfacet
  facet normal 0 0 1
    outer loop
      vertex 32.05497810416784 59.97064597568814 3.8
      vertex 40.00105677741136 59.865812085783254 3.8
      vertex 33.94056505147183 63.49833103308156 3.8
    endloop
  endfacet
  facet normal -0.42755509343028136 -0.9039892931234437 0
    outer loop
      vertex 27.553207130286463 66.51932634081264 3.8
      vertex 33.94056505147183 63.49833103308156 3.8
      vertex 33.94056505147183 63.49833103308156 5
    endloop
  endfacet
  facet normal -0.5141027441932221 -0.8577286100002718 0
    outer loop
      vertex 33.94056505147183 63.49833103308156 3.8
      vertex 40.00105677741136 59.865812085783254 3.8
      vertex 40.00105677741136 59.865812085783254 5
    endloop
  endfacet
  facet normal -0.3368898533922212 -0.9415440651830205 0
    outer loop
      vertex 20.90049676232129 68.89970417271904 3.8
      vertex 27.553207130286463 66.51932634081264 5
      vertex 20.90049676232129 68.89970417271904 5
    endloop
  endfacet
  facet normal -0.42755509343028136 -0.9039892931234437 0
    outer loop
      vertex 27.553207130286463 66.51932634081264 3.8
      vertex 33.94056505147183 63.49833103308156 5
      vertex 27.553207130286463 66.51932634081264 5
    endloop
  endfacet
  facet normal -0.5141027441932221 -0.8577286100002718 0
    outer loop
      vertex 33.94056505147183 63.49833103308156 3.8
      vertex 40.00105677741136 59.865812085783254 5
      vertex 33.94056505147183 63.49833103308156 5
    endloop
  endfacet
  facet normal 0 0 1
    outer loop
      vertex 68.89970417271904 -20.90049676232129 3.8
      vertex 68.89970417271904 20.90049676232129 3.8
      vertex 68 0 3.8
    endloop
  endfacet
  facet normal 0 0 1
    outer loop
      vertex 68 0 3.8
      vertex 68.89970417271904 20.90049676232129 3.8
      vertex 67.67256141370939 6.665165542410121 3.8
    endloop
  endfacet
  facet normal 0 0 1
    outer loop
      vertex 67.67256141370939 6.665165542410121 3.8
      vertex 68.89970417271904 20.90049676232129 3.8
      vertex 66.69339906741968 13.266141897096722 3.8
    endloop
  endfacet
  facet normal 0 0 1
    outer loop
      vertex 66.69339906741968 13.266141897096722 3.8
      vertex 68.89970417271904 20.90049676232129 3.8
      vertex 65.0719428297902 19.739358053303437 3.8
    endloop
  endfacet
  facet normal 0 0 1
    outer loop
      vertex 70.61654018903259 -14.046503185161233 3.8
      vertex 71.65330032039817 7.057234103728364 3.8
      vertex 70.61654018903259 14.046503185161233 3.8
    endloop
  endfacet
  facet normal 0 0 1
    outer loop
      vertex 68.89970417271904 -20.90049676232129 3.8
      vertex 70.61654018903259 14.046503185161233 3.8
      vertex 68.89970417271904 20.90049676232129 3.8
    endloop
  endfacet
  facet normal 0 0 1
    outer loop
      vertex 71.65330032039817 -7.057234103728364 3.8
      vertex 72 0 3.8
      vertex 71.65330032039817 7.057234103728364 3.8
    endloop
  endfacet
  facet normal -0.9987954562051724 -0.049067674327418334 0
    outer loop
      vertex 72 0 3.8
      vertex 72 0 5
      vertex 71.65330032039817 7.057234103728364 3.8
    endloop
  endfacet
  facet normal -0.989176509964781 -0.1467304744553617 0
    outer loop
      vertex 71.65330032039817 7.057234103728364 3.8
      vertex 71.65330032039817 7.057234103728364 5
      vertex 70.61654018903259 14.046503185161233 3.8
    endloop
  endfacet
  facet normal -0.9700312531945441 -0.24298017990326334 0
    outer loop
      vertex 70.61654018903259 14.046503185161233 3.8
      vertex 70.61654018903259 14.046503185161233 5
      vertex 68.89970417271904 20.90049676232129 3.8
    endloop
  endfacet
  facet normal -0.9987954562051724 -0.049067674327418334 0
    outer loop
      vertex 71.65330032039817 7.057234103728364 3.8
      vertex 72 0 5
      vertex 71.65330032039817 7.057234103728364 5
    endloop
  endfacet
  facet normal -0.989176509964781 -0.1467304744553617 0
    outer loop
      vertex 70.61654018903259 14.046503185161233 3.8
      vertex 71.65330032039817 7.057234103728364 5
      vertex 70.61654018903259 14.046503185161233 5
    endloop
  endfacet
  facet normal -0.9700312531945441 -0.24298017990326334 0
    outer loop
      vertex 68.89970417271904 20.90049676232129 3.8
      vertex 70.61654018903259 14.046503185161233 5
      vertex 68.89970417271904 20.90049676232129 5
    endloop
  endfacet
  facet normal 0 0 1
    outer loop
      vertex 65.0719428297902 19.739358053303437 3.8
      vertex 66.51932634081264 27.553207130286463 3.8
      vertex 62.823808210767496 26.022473400826104 3.8
    endloop
  endfacet
  facet normal 0 0 1
    outer loop
      vertex 65.0719428297902 19.739358053303437 3.8
      vertex 68.89970417271904 20.90049676232129 3.8
      vertex 66.51932634081264 27.553207130286463 3.8
    endloop
  endfacet
  facet normal 0 0 1
    outer loop
      vertex 62.823808210767496 26.022473400826104 3.8
      vertex 66.51932634081264 27.553207130286463 3.8
      vertex 63.49833103308156 33.94056505147183 3.8
    endloop
  endfacet
  facet normal -0.9415440651830205 -0.3368898533922212 0
    outer loop
      vertex 68.89970417271904 20.90049676232129 3.8
      vertex 68.89970417271904 20.90049676232129 5
      vertex 66.51932634081264 27.553207130286463 3.8
    endloop
  endfacet
  facet normal 0 0 1
    outer loop
      vertex 62.823808210767496 26.022473400826104 3.8
      vertex 63.49833103308156 33.94056505147183 3.8
      vertex 59.97064597568814 32.05497810416784 3.8
    endloop
  endfacet
  facet normal 0 0 1
    outer loop
      vertex 56.539933636573075 37.778775845332945 3.8
      vertex 59.97064597568814 32.05497810416784 3.8
      vertex 63.49833103308156 33.94056505147183 3.8
    endloop
  endfacet
  facet normal 0 0 1
    outer loop
      vertex 56.539933636573075 37.778775845332945 3.8
      vertex 63.49833103308156 33.94056505147183 3.8
      vertex 59.865812085783254 40.00105677741136 3.8
    endloop
  endfacet
  facet normal -0.8577286100002718 -0.5141027441932221 0
    outer loop
      vertex 63.49833103308156 33.94056505147183 3.8
      vertex 63.49833103308156 33.94056505147183 5
      vertex 59.865812085783254 40.00105677741136 3.8
    endloop
  endfacet
  facet normal -0.9039892931234437 -0.42755509343028136 0
    outer loop
      vertex 63.49833103308156 33.94056505147183 3.8
      vertex 66.51932634081264 27.553207130286463 3.8
      vertex 66.51932634081264 27.553207130286463 5
    endloop
  endfacet
  facet normal -0.9415440651830205 -0.3368898533922212 0
    outer loop
      vertex 66.51932634081264 27.553207130286463 3.8
      vertex 68.89970417271904 20.90049676232129 5
      vertex 66.51932634081264 27.553207130286463 5
    endloop
  endfacet
  facet normal -0.8577286100002718 -0.5141027441932221 0
    outer loop
      vertex 59.865812085783254 40.00105677741136 3.8
      vertex 63.49833103308156 33.94056505147183 5
      vertex 59.865812085783254 40.00105677741136 5
    endloop
  endfacet
  facet normal -0.9039892931234437 -0.42755509343028136 0
    outer loop
      vertex 63.49833103308156 33.94056505147183 3.8
      vertex 66.51932634081264 27.553207130286463 5
      vertex 63.49833103308156 33.94056505147183 5
    endloop
  endfacet
  facet normal 0 0 1
    outer loop
      vertex 37.778775845332945 56.539933636573075 3.8
      vertex 45.67631645978248 55.65675264211706 3.8
      vertex 40.00105677741136 59.865812085783254 3.8
    endloop
  endfacet
  facet normal 0 0 1
    outer loop
      vertex 37.778775845332945 56.539933636573075 3.8
      vertex 43.13874332312789 52.564710828666115 3.8
      vertex 45.67631645978248 55.65675264211706 3.8
    endloop
  endfacet
  facet normal 0 0 1
    outer loop
      vertex 43.13874332312789 52.564710828666115 3.8
      vertex 50.91168824543143 50.91168824543143 3.8
      vertex 45.67631645978248 55.65675264211706 3.8
    endloop
  endfacet
  facet normal 0 0 1
    outer loop
      vertex 43.13874332312789 52.564710828666115 3.8
      vertex 48.083261120685236 48.083261120685236 3.8
      vertex 50.91168824543143 50.91168824543143 3.8
    endloop
  endfacet
  facet normal -0.5956993044924327 -0.8032075314806455 0
    outer loop
      vertex 45.67631645978248 55.65675264211706 3.8
      vertex 45.67631645978248 55.65675264211706 5
      vertex 40.00105677741136 59.865812085783254 3.8
    endloop
  endfacet
  facet normal -0.6715589548470178 -0.7409511253549598 0
    outer loop
      vertex 45.67631645978248 55.65675264211706 3.8
      vertex 50.91168824543143 50.91168824543143 3.8
      vertex 50.91168824543143 50.91168824543143 5
    endloop
  endfacet
  facet normal 0 0 1
    outer loop
      vertex 55.65675264211706 45.67631645978248 3.8
      vertex 50.91168824543143 50.91168824543143 3.8
      vertex 48.083261120685236 48.083261120685236 3.8
    endloop
  endfacet
  facet normal 0 0 1
    outer loop
      vertex 52.564710828666115 43.13874332312789 3.8
      vertex 55.65675264211706 45.67631645978248 3.8
      vertex 48.083261120685236 48.083261120685236 3.8
    endloop
  endfacet
  facet normal 0 0 1
    outer loop
      vertex 56.539933636573075 37.778775845332945 3.8
      vertex 59.865812085783254 40.00105677741136 3.8
      vertex 52.564710828666115 43.13874332312789 3.8
    endloop
  endfacet
  facet normal 0 0 1
    outer loop
      vertex 52.564710828666115 43.13874332312789 3.8
      vertex 59.865812085783254 40.00105677741136 3.8
      vertex 55.65675264211706 45.67631645978248 3.8
    endloop
  endfacet
  facet normal -0.7409511253549598 -0.6715589548470178 0
    outer loop
      vertex 55.65675264211706 45.67631645978248 3.8
      vertex 55.65675264211706 45.67631645978248 5
      vertex 50.91168824543143 50.91168824543143 3.8
    endloop
  endfacet
  facet normal -0.8032075314806455 -0.5956993044924327 0
    outer loop
      vertex 55.65675264211706 45.67631645978248 3.8
      vertex 59.865812085783254 40.00105677741136 3.8
      vertex 59.865812085783254 40.00105677741136 5
    endloop
  endfacet
  facet normal -0.5956993044924327 -0.8032075314806455 0
    outer loop
      vertex 40.00105677741136 59.865812085783254 3.8
      vertex 45.67631645978248 55.65675264211706 5
      vertex 40.00105677741136 59.865812085783254 5
    endloop
  endfacet
  facet normal -0.6715589548470178 -0.7409511253549598 0
    outer loop
      vertex 45.67631645978248 55.65675264211706 3.8
      vertex 50.91168824543143 50.91168824543143 5
      vertex 45.67631645978248 55.65675264211706 5
    endloop
  endfacet
  facet normal -0.7409511253549598 -0.6715589548470178 0
    outer loop
      vertex 50.91168824543143 50.91168824543143 3.8
      vertex 55.65675264211706 45.67631645978248 5
      vertex 50.91168824543143 50.91168824543143 5
    endloop
  endfacet
  facet normal -0.8032075314806455 -0.5956993044924327 0
    outer loop
      vertex 55.65675264211706 45.67631645978248 3.8
      vertex 59.865812085783254 40.00105677741136 5
      vertex 55.65675264211706 45.67631645978248 5
    endloop
  endfacet
  facet normal -0.9987954562051724 -0.04906767432741798 4.491998592305468e-15
    outer loop
      vertex -67.67256141370939 -6.665165542410121 3.8
      vertex -67.9946321543231 -0.10926500889196843 5
      vertex -68 0 3.8
    endloop
  endfacet
  facet normal -0.99879545620517 -0.049067674327467864 -6.232803536462958e-17
    outer loop
      vertex -68 0 3.8
      vertex -67.9946321543231 -0.10926500889196843 5
      vertex -68 -1.52429564805533e-15 5
    endloop
  endfacet
  facet normal 0.9987954562051724 0.04906767432741798 4.491132080231335e-15
    outer loop
      vertex 68 0 3.8
      vertex 67.67256141370939 6.665165542410121 3.8
      vertex 67.9946321543231 0.10926500889196843 5
    endloop
  endfacet
  facet normal 0.99879545620517 0.049067674327467864 -6.232803536462958e-17
    outer loop
      vertex 68 0 3.8
      vertex 67.9946321543231 0.10926500889196843 5
      vertex 68 1.52429564805533e-15 5
    endloop
  endfacet
  facet normal 0 0 -1
    outer loop
      vertex -78.9039264023304 -74.97545161098242 0
      vertex -78.97592363506556 -74.49008569866419 0
      vertex -64.37492292477596 -61.369828105560295 0
    endloop
  endfacet
  facet normal 0 0 -1
    outer loop
      vertex -78.9039264023304 -74.97545161098242 0
      vertex -64.37492292477596 -63.130171894439705 0
      vertex -64.27841890800121 -63.33421249469979 0
    endloop
  endfacet
  facet normal 0 0 -1
    outer loop
      vertex -78.9039264023304 -74.97545161098242 0
      vertex -64.45096277218408 -62.91765475768526 0
      vertex -64.37492292477596 -63.130171894439705 0
    endloop
  endfacet
  facet normal 0 0 -1
    outer loop
      vertex -78.9039264023304 -74.97545161098242 0
      vertex -64.50580614492743 -62.6987077406371 0
      vertex -64.45096277218408 -62.91765475768526 0
    endloop
  endfacet
  facet normal 0 0 -1
    outer loop
      vertex -78.9039264023304 -74.97545161098242 0
      vertex -64.53892487134605 -62.47543942275799 0
      vertex -64.50580614492743 -62.6987077406371 0
    endloop
  endfacet
  facet normal 0 0 -1
    outer loop
      vertex -78.9039264023304 -74.97545161098242 0
      vertex -64.55 -62.25 0
      vertex -64.53892487134605 -62.47543942275799 0
    endloop
  endfacet
  facet normal 0 0 -1
    outer loop
      vertex -78.9039264023304 -74.97545161098242 0
      vertex -64.53892487134605 -62.02456057724201 0
      vertex -64.55 -62.25 0
    endloop
  endfacet
  facet normal 0 0 -1
    outer loop
      vertex -78.9039264023304 -74.97545161098242 0
      vertex -64.50580614492743 -61.8012922593629 0
      vertex -64.53892487134605 -62.02456057724201 0
    endloop
  endfacet
  facet normal 0 0 -1
    outer loop
      vertex -78.9039264023304 -74.97545161098242 0
      vertex -64.45096277218408 -61.58234524231474 0
      vertex -64.50580614492743 -61.8012922593629 0
    endloop
  endfacet
  facet normal 0 0 -1
    outer loop
      vertex -78.9039264023304 -74.97545161098242 0
      vertex -64.37492292477596 -61.369828105560295 0
      vertex -64.45096277218408 -61.58234524231474 0
    endloop
  endfacet
  facet normal 0 0 -1
    outer loop
      vertex -78.97592363506556 -74.49008569866419 0
      vertex -64.27841890800121 -61.16578750530021 0
      vertex -64.37492292477596 -61.369828105560295 0
    endloop
  endfacet
  facet normal 0 0 -1
    outer loop
      vertex -78.97592363506556 -74.49008569866419 0
      vertex -64.16238010829585 -60.972188464054916 0
      vertex -64.27841890800121 -61.16578750530021 0
    endloop
  endfacet
  facet normal 0 0 -1
    outer loop
      vertex -78.97592363506556 -74.49008569866419 0
      vertex -79 -74 0
      vertex -52.564710828666115 -43.13874332312789 0
    endloop
  endfacet
  facet normal 0 0 -1
    outer loop
      vertex -78.9039264023304 -74.97545161098242 0
      vertex -63.130171894439705 -64.37492292477596 0
      vertex -62.91765475768526 -64.45096277218408 0
    endloop
  endfacet
  facet normal 0 0 -1
    outer loop
      vertex -78.9039264023304 -74.97545161098242 0
      vertex -62.91765475768526 -64.45096277218408 0
      vertex -62.6987077406371 -64.50580614492743 0
    endloop
  endfacet
  facet normal 0 0 -1
    outer loop
      vertex -78.9039264023304 -74.97545161098242 0
      vertex -62.6987077406371 -64.50580614492743 0
      vertex -62.47543942275799 -64.53892487134605 0
    endloop
  endfacet
  facet normal 0 0 -1
    outer loop
      vertex -78.9039264023304 -74.97545161098242 0
      vertex -63.87634559672906 -63.87634559672906 0
      vertex -63.70910455357638 -64.0279240427343 0
    endloop
  endfacet
  facet normal 0 0 -1
    outer loop
      vertex -78.9039264023304 -74.97545161098242 0
      vertex -64.27841890800121 -63.33421249469979 0
      vertex -64.16238010829585 -63.527811535945084 0
    endloop
  endfacet
  facet normal 0 0 -1
    outer loop
      vertex -78.9039264023304 -74.97545161098242 0
      vertex -64.16238010829585 -63.527811535945084 0
      vertex -64.0279240427343 -63.70910455357638 0
    endloop
  endfacet
  facet normal 0 0 -1
    outer loop
      vertex -78.9039264023304 -74.97545161098242 0
      vertex -64.0279240427343 -63.70910455357638 0
      vertex -63.87634559672906 -63.87634559672906 0
    endloop
  endfacet
  facet normal 0 0 -1
    outer loop
      vertex -78.9039264023304 -74.97545161098242 0
      vertex -63.70910455357638 -64.0279240427343 0
      vertex -63.527811535945084 -64.16238010829585 0
    endloop
  endfacet
  facet normal 0 0 -1
    outer loop
      vertex -78.9039264023304 -74.97545161098242 0
      vertex -63.527811535945084 -64.16238010829585 0
      vertex -63.33421249469979 -64.27841890800121 0
    endloop
  endfacet
  facet normal 0 0 -1
    outer loop
      vertex -78.9039264023304 -74.97545161098242 0
      vertex -63.33421249469979 -64.27841890800121 0
      vertex -63.130171894439705 -64.37492292477596 0
    endloop
  endfacet
  facet normal 0 0 -1
    outer loop
      vertex -78.9039264023304 -74.97545161098242 0
      vertex -62.47543942275799 -64.53892487134605 0
      vertex -62.25 -64.55 0
    endloop
  endfacet
  facet normal 0 0 -1
    outer loop
      vertex -78.9039264023304 -74.97545161098242 0
      vertex -62.25 -64.55 0
      vertex -62.02456057724201 -64.53892487134605 0
    endloop
  endfacet
  facet normal 0 0 -1
    outer loop
      vertex -78.9039264023304 -74.97545161098242 0
      vertex -62.02456057724201 -64.53892487134605 0
      vertex -61.8012922593629 -64.50580614492743 0
    endloop
  endfacet
  facet normal 0 0 -1
    outer loop
      vertex -78.97592363506556 -74.49008569866419 0
      vertex -64.0279240427343 -60.79089544642362 0
      vertex -64.16238010829585 -60.972188464054916 0
    endloop
  endfacet
  facet normal 0 0 -1
    outer loop
      vertex -78.97592363506556 -74.49008569866419 0
      vertex -63.87634559672906 -60.62365440327094 0
      vertex -64.0279240427343 -60.79089544642362 0
    endloop
  endfacet
  facet normal 0 0 -1
    outer loop
      vertex -78.97592363506556 -74.49008569866419 0
      vertex -52.564710828666115 -43.13874332312789 0
      vertex -63.87634559672906 -60.62365440327094 0
    endloop
  endfacet
  facet normal 0 0 -1
    outer loop
      vertex -52.564710828666115 -43.13874332312789 0
      vertex -63.70910455357638 -60.4720759572657 0
      vertex -63.87634559672906 -60.62365440327094 0
    endloop
  endfacet
  facet normal 0 0 -1
    outer loop
      vertex -52.564710828666115 -43.13874332312789 0
      vertex -63.527811535945084 -60.33761989170414 0
      vertex -63.70910455357638 -60.4720759572657 0
    endloop
  endfacet
  facet normal 0 0 -1
    outer loop
      vertex -52.564710828666115 -43.13874332312789 0
      vertex -63.33421249469979 -60.221581091998786 0
      vertex -63.527811535945084 -60.33761989170414 0
    endloop
  endfacet
  facet normal 0 0 -1
    outer loop
      vertex -63.33421249469979 -60.221581091998786 0
      vertex -52.564710828666115 -43.13874332312789 0
      vertex -63.130171894439705 -60.12507707522404 0
    endloop
  endfacet
  facet normal 0 0 -1
    outer loop
      vertex -52.564710828666115 -43.13874332312789 0
      vertex -62.91765475768526 -60.04903722781592 0
      vertex -63.130171894439705 -60.12507707522404 0
    endloop
  endfacet
  facet normal 0 0 -1
    outer loop
      vertex -52.564710828666115 -43.13874332312789 0
      vertex -62.6987077406371 -59.99419385507257 0
      vertex -62.91765475768526 -60.04903722781592 0
    endloop
  endfacet
  facet normal 0 0 -1
    outer loop
      vertex -79 -74 0
      vertex -56.539933636573075 -37.778775845332945 0
      vertex -52.564710828666115 -43.13874332312789 0
    endloop
  endfacet
  facet normal 0 0 -1
    outer loop
      vertex -79 -74 0
      vertex -59.97064597568814 -32.05497810416784 0
      vertex -56.539933636573075 -37.778775845332945 0
    endloop
  endfacet
  facet normal 0 0 -1
    outer loop
      vertex -79 -74 0
      vertex -62.823808210767496 -26.022473400826104 0
      vertex -59.97064597568814 -32.05497810416784 0
    endloop
  endfacet
  facet normal 0 0 -1
    outer loop
      vertex -79 -74 0
      vertex -65.0719428297902 -19.739358053303437 0
      vertex -62.823808210767496 -26.022473400826104 0
    endloop
  endfacet
  facet normal 0 0 -1
    outer loop
      vertex -78.78470167517662 -75.45142338424921 0
      vertex -78.9039264023304 -74.97545161098242 0
      vertex -1.5705952052691874 -74.65056183502065 0
    endloop
  endfacet
  facet normal 0 0 -1
    outer loop
      vertex -78.40960632264614 -76.35698368400335 0
      vertex -78.61939766258001 -75.91341716051102 0
      vertex -0.8013744526041959 -75.4992661493922 0
    endloop
  endfacet
  facet normal 0 0 -1
    outer loop
      vertex -78.78470167517662 -75.45142338424921 0
      vertex -1.314117770716653 -75.07846858307819 0
      vertex -78.61939766258001 -75.91341716051102 0
    endloop
  endfacet
  facet normal 0 0 -1
    outer loop
      vertex -60.12507707522404 -63.130171894439705 0
      vertex -37.778775845332945 -56.539933636573075 0
      vertex -60.221581091998786 -63.33421249469979 0
    endloop
  endfacet
  facet normal 0 0 -1
    outer loop
      vertex -60.04903722781592 -62.91765475768526 0
      vertex -37.778775845332945 -56.539933636573075 0
      vertex -60.12507707522404 -63.130171894439705 0
    endloop
  endfacet
  facet normal 0 0 -1
    outer loop
      vertex -59.99419385507257 -62.6987077406371 0
      vertex -37.778775845332945 -56.539933636573075 0
      vertex -60.04903722781592 -62.91765475768526 0
    endloop
  endfacet
  facet normal 0 0 -1
    outer loop
      vertex -59.961075128653945 -62.47543942275799 0
      vertex -37.778775845332945 -56.539933636573075 0
      vertex -59.99419385507257 -62.6987077406371 0
    endloop
  endfacet
  facet normal 0 0 -1
    outer loop
      vertex -59.95 -62.25 0
      vertex -37.778775845332945 -56.539933636573075 0
      vertex -59.961075128653945 -62.47543942275799 0
    endloop
  endfacet
  facet normal 0 0 -1
    outer loop
      vertex -59.961075128653945 -62.02456057724201 0
      vertex -37.778775845332945 -56.539933636573075 0
      vertex -59.95 -62.25 0
    endloop
  endfacet
  facet normal 0 0 -1
    outer loop
      vertex -60.62365440327094 -63.87634559672906 0
      vertex -32.05497810416784 -59.97064597568814 0
      vertex -60.79089544642362 -64.0279240427343 0
    endloop
  endfacet
  facet normal 0 0 -1
    outer loop
      vertex -60.4720759572657 -63.70910455357638 0
      vertex -32.05497810416784 -59.97064597568814 0
      vertex -60.62365440327094 -63.87634559672906 0
    endloop
  endfacet
  facet normal 0 0 -1
    outer loop
      vertex -60.33761989170414 -63.527811535945084 0
      vertex -32.05497810416784 -59.97064597568814 0
      vertex -60.4720759572657 -63.70910455357638 0
    endloop
  endfacet
  facet normal 0 0 -1
    outer loop
      vertex -60.221581091998786 -63.33421249469979 0
      vertex -32.05497810416784 -59.97064597568814 0
      vertex -60.33761989170414 -63.527811535945084 0
    endloop
  endfacet
  facet normal 0 0 -1
    outer loop
      vertex -60.972188464054916 -64.16238010829585 0
      vertex -26.022473400826104 -62.823808210767496 0
      vertex -61.16578750530021 -64.27841890800121 0
    endloop
  endfacet
  facet normal 0 0 -1
    outer loop
      vertex -61.16578750530021 -64.27841890800121 0
      vertex -26.022473400826104 -62.823808210767496 0
      vertex -61.369828105560295 -64.37492292477596 0
    endloop
  endfacet
  facet normal 0 0 -1
    outer loop
      vertex -78.9039264023304 -74.97545161098242 0
      vertex -61.8012922593629 -64.50580614492743 0
      vertex -0.6505618350206526 -72.42940479473081 0
    endloop
  endfacet
  facet normal 0 0 -1
    outer loop
      vertex -61.369828105560295 -64.37492292477596 0
      vertex -19.739358053303437 -65.0719428297902 0
      vertex -61.58234524231474 -64.45096277218408 0
    endloop
  endfacet
  facet normal 0 0 -1
    outer loop
      vertex -60.79089544642362 -64.0279240427343 0
      vertex -26.022473400826104 -62.823808210767496 0
      vertex -60.972188464054916 -64.16238010829585 0
    endloop
  endfacet
  facet normal 0 0 -1
    outer loop
      vertex -61.58234524231474 -64.45096277218408 0
      vertex -0.6505618350206526 -72.42940479473081 0
      vertex -61.8012922593629 -64.50580614492743 0
    endloop
  endfacet
  facet normal 0 0 -1
    outer loop
      vertex -60.221581091998786 -63.33421249469979 0
      vertex -37.778775845332945 -56.539933636573075 0
      vertex -32.05497810416784 -59.97064597568814 0
    endloop
  endfacet
  facet normal 0 0 -1
    outer loop
      vertex -60.79089544642362 -64.0279240427343 0
      vertex -32.05497810416784 -59.97064597568814 0
      vertex -26.022473400826104 -62.823808210767496 0
    endloop
  endfacet
  facet normal 0 0 -1
    outer loop
      vertex -52.564710828666115 -43.13874332312789 0
      vertex -62.47543942275799 -59.961075128653945 0
      vertex -62.6987077406371 -59.99419385507257 0
    endloop
  endfacet
  facet normal 0 0 -1
    outer loop
      vertex -52.564710828666115 -43.13874332312789 0
      vertex -62.25 -59.95 0
      vertex -62.47543942275799 -59.961075128653945 0
    endloop
  endfacet
  facet normal 0 0 -1
    outer loop
      vertex -52.564710828666115 -43.13874332312789 0
      vertex -62.02456057724201 -59.961075128653945 0
      vertex -62.25 -59.95 0
    endloop
  endfacet
  facet normal 0 0 -1
    outer loop
      vertex -52.564710828666115 -43.13874332312789 0
      vertex -61.8012922593629 -59.99419385507257 0
      vertex -62.02456057724201 -59.961075128653945 0
    endloop
  endfacet
  facet normal 0 0 -1
    outer loop
      vertex -52.564710828666115 -43.13874332312789 0
      vertex -61.58234524231474 -60.04903722781592 0
      vertex -61.8012922593629 -59.99419385507257 0
    endloop
  endfacet
  facet normal 0 0 -1
    outer loop
      vertex -52.564710828666115 -43.13874332312789 0
      vertex -61.369828105560295 -60.12507707522404 0
      vertex -61.58234524231474 -60.04903722781592 0
    endloop
  endfacet
  facet normal 0 0 -1
    outer loop
      vertex -52.564710828666115 -43.13874332312789 0
      vertex -61.16578750530021 -60.221581091998786 0
      vertex -61.369828105560295 -60.12507707522404 0
    endloop
  endfacet
  facet normal 0 0 -1
    outer loop
      vertex -52.564710828666115 -43.13874332312789 0
      vertex -60.972188464054916 -60.33761989170414 0
      vertex -61.16578750530021 -60.221581091998786 0
    endloop
  endfacet
  facet normal 0 0 -1
    outer loop
      vertex -59.99419385507257 -61.8012922593629 0
      vertex -43.13874332312789 -52.564710828666115 0
      vertex -59.961075128653945 -62.02456057724201 0
    endloop
  endfacet
  facet normal 0 0 -1
    outer loop
      vertex -60.04903722781592 -61.58234524231474 0
      vertex -43.13874332312789 -52.564710828666115 0
      vertex -59.99419385507257 -61.8012922593629 0
    endloop
  endfacet
  facet normal 0 0 -1
    outer loop
      vertex -60.4720759572657 -60.79089544642362 0
      vertex -43.13874332312789 -52.564710828666115 0
      vertex -60.33761989170414 -60.972188464054916 0
    endloop
  endfacet
  facet normal 0 0 -1
    outer loop
      vertex -60.221581091998786 -61.16578750530021 0
      vertex -43.13874332312789 -52.564710828666115 0
      vertex -60.12507707522404 -61.369828105560295 0
    endloop
  endfacet
  facet normal 0 0 -1
    outer loop
      vertex -60.12507707522404 -61.369828105560295 0
      vertex -43.13874332312789 -52.564710828666115 0
      vertex -60.04903722781592 -61.58234524231474 0
    endloop
  endfacet
  facet normal 0 0 -1
    outer loop
      vertex -60.33761989170414 -60.972188464054916 0
      vertex -43.13874332312789 -52.564710828666115 0
      vertex -60.221581091998786 -61.16578750530021 0
    endloop
  endfacet
  facet normal 0 0 -1
    outer loop
      vertex -60.62365440327094 -60.62365440327094 0
      vertex -43.13874332312789 -52.564710828666115 0
      vertex -60.4720759572657 -60.79089544642362 0
    endloop
  endfacet
  facet normal 0 0 -1
    outer loop
      vertex -60.79089544642362 -60.4720759572657 0
      vertex -48.083261120685236 -48.083261120685236 0
      vertex -60.62365440327094 -60.62365440327094 0
    endloop
  endfacet
  facet normal 0 0 -1
    outer loop
      vertex -60.972188464054916 -60.33761989170414 0
      vertex -48.083261120685236 -48.083261120685236 0
      vertex -60.79089544642362 -60.4720759572657 0
    endloop
  endfacet
  facet normal 0 0 -1
    outer loop
      vertex -52.564710828666115 -43.13874332312789 0
      vertex -48.083261120685236 -48.083261120685236 0
      vertex -60.972188464054916 -60.33761989170414 0
    endloop
  endfacet
  facet normal 0 0 -1
    outer loop
      vertex -60.62365440327094 -60.62365440327094 0
      vertex -48.083261120685236 -48.083261120685236 0
      vertex -43.13874332312789 -52.564710828666115 0
    endloop
  endfacet
  facet normal 0 0 -1
    outer loop
      vertex -59.961075128653945 -62.02456057724201 0
      vertex -43.13874332312789 -52.564710828666115 0
      vertex -37.778775845332945 -56.539933636573075 0
    endloop
  endfacet
  facet normal -0.8032075338446834 -0.5956993013048966 0
    outer loop
      vertex -77.86505226790905 -77.17196641862392 0
      vertex -78.1573480591178 -76.77785116434097 5
      vertex -78.1573480591178 -76.77785116434097 0
    endloop
  endfacet
  facet normal -0.5956993013048966 -0.8032075338446834 0
    outer loop
      vertex -77.17196641862392 -77.86505226790905 0
      vertex -76.77785116434097 -78.1573480591178 0
      vertex -77.17196641862392 -77.86505226790905 5
    endloop
  endfacet
  facet normal -0.5141027497065687 -0.8577286066956991 0
    outer loop
      vertex -76.77785116434097 -78.1573480591178 0
      vertex -76.35698368400335 -78.40960632264614 0
      vertex -76.77785116434097 -78.1573480591178 5
    endloop
  endfacet
  facet normal -0.7409511245144411 -0.6715589557743872 0
    outer loop
      vertex -77.86505226790905 -77.17196641862392 0
      vertex -77.5355339050293 -77.5355339050293 0
      vertex -77.86505226790905 -77.17196641862392 5
    endloop
  endfacet
  facet normal -0.6715589557743872 -0.7409511245144411 0
    outer loop
      vertex -77.17196641862392 -77.86505226790905 0
      vertex -77.5355339050293 -77.5355339050293 5
      vertex -77.5355339050293 -77.5355339050293 0
    endloop
  endfacet
  facet normal -0.9039892942597552 -0.42755509102775247 0
    outer loop
      vertex -78.40960632264614 -76.35698368400335 0
      vertex -78.61939766258001 -75.91341716051102 5
      vertex -78.61939766258001 -75.91341716051102 0
    endloop
  endfacet
  facet normal -0.941544067614677 -0.33688984659619614 0
    outer loop
      vertex -78.78470167517662 -75.45142338424921 0
      vertex -78.61939766258001 -75.91341716051102 0
      vertex -78.78470167517662 -75.45142338424921 5
    endloop
  endfacet
  facet normal -0.8577286066956991 -0.5141027497065687 0
    outer loop
      vertex -78.1573480591178 -76.77785116434097 0
      vertex -78.40960632264614 -76.35698368400335 5
      vertex -78.40960632264614 -76.35698368400335 0
    endloop
  endfacet
  facet normal -0.9700312510179108 -0.242980188592871 0
    outer loop
      vertex -78.78470167517662 -75.45142338424921 0
      vertex -78.9039264023304 -74.97545161098242 5
      vertex -78.9039264023304 -74.97545161098242 0
    endloop
  endfacet
  facet normal -0.989176509724005 -0.14673047607854153 0
    outer loop
      vertex -78.9039264023304 -74.97545161098242 0
      vertex -78.97592363506556 -74.49008569866419 5
      vertex -78.97592363506556 -74.49008569866419 0
    endloop
  endfacet
  facet normal -0.9987954563607843 -0.049067671159865246 0
    outer loop
      vertex -78.97592363506556 -74.49008569866419 0
      vertex -79 -74 5
      vertex -79 -74 0
    endloop
  endfacet
  facet normal -0.42755509102775247 -0.9039892942597552 0
    outer loop
      vertex -76.35698368400335 -78.40960632264614 0
      vertex -75.91341716051102 -78.61939766258001 0
      vertex -76.35698368400335 -78.40960632264614 5
    endloop
  endfacet
  facet normal -0.33688984659619614 -0.941544067614677 0
    outer loop
      vertex -75.91341716051102 -78.61939766258001 0
      vertex -75.45142338424921 -78.78470167517662 0
      vertex -75.91341716051102 -78.61939766258001 5
    endloop
  endfacet
  facet normal -0.242980188592871 -0.9700312510179108 0
    outer loop
      vertex -75.45142338424921 -78.78470167517662 0
      vertex -74.97545161098242 -78.9039264023304 0
      vertex -75.45142338424921 -78.78470167517662 5
    endloop
  endfacet
  facet normal -0.14673047607854153 -0.989176509724005 0
    outer loop
      vertex -74.97545161098242 -78.9039264023304 0
      vertex -74.49008569866419 -78.97592363506556 0
      vertex -74.97545161098242 -78.9039264023304 5
    endloop
  endfacet
  facet normal -0.049067671159865246 -0.9987954563607843 0
    outer loop
      vertex -74.49008569866419 -78.97592363506556 0
      vertex -74 -79 0
      vertex -74.49008569866419 -78.97592363506556 5
    endloop
  endfacet
  facet normal 0 0 -1
    outer loop
      vertex -79 -74 0
      vertex -72.58650165908567 -0.9444693961333237 0
      vertex -65.0719428297902 -19.739358053303437 0
    endloop
  endfacet
  facet normal 0 0 -1
    outer loop
      vertex -79 -74 0
      vertex -75.41349834091433 -0.9444693961333237 0
      vertex -75.31411777071665 -1.0784685830781973 0
    endloop
  endfacet
  facet normal 0 0 -1
    outer loop
      vertex -79 -74 0
      vertex -75.57059520526919 -0.6505618350206526 0
      vertex -75.4992661493922 -0.8013744526041959 0
    endloop
  endfacet
  facet normal 0 0 -1
    outer loop
      vertex -79 -74 0
      vertex -75.62679857074475 -0.49348395133258594 0
      vertex -75.57059520526919 -0.6505618350206526 0
    endloop
  endfacet
  facet normal 0 0 -1
    outer loop
      vertex -79 -74 0
      vertex -75.4992661493922 -0.8013744526041959 0
      vertex -75.41349834091433 -0.9444693961333237 0
    endloop
  endfacet
  facet normal 0 0 -1
    outer loop
      vertex -79 -74 0
      vertex -75.6673349766855 -0.33165354742741804 0
      vertex -75.62679857074475 -0.49348395133258594 0
    endloop
  endfacet
  facet normal 0 0 -1
    outer loop
      vertex -79 -74 0
      vertex -75.7 0 0
      vertex -75.69181403534273 -0.16662913856025302 0
    endloop
  endfacet
  facet normal 0 0 -1
    outer loop
      vertex -79 -74 0
      vertex -75.69181403534273 -0.16662913856025302 0
      vertex -75.6673349766855 -0.33165354742741804 0
    endloop
  endfacet
  facet normal 0 0 -1
    outer loop
      vertex -79 -74 0
      vertex -74.94446939613333 -1.413498340914327 0
      vertex -74.8013744526042 -1.4992661493922035 0
    endloop
  endfacet
  facet normal 0 0 -1
    outer loop
      vertex -79 -74 0
      vertex -75.20208152801713 -1.2020815280171309 0
      vertex -75.07846858307819 -1.314117770716653 0
    endloop
  endfacet
  facet normal 0 0 -1
    outer loop
      vertex -79 -74 0
      vertex -75.31411777071665 -1.0784685830781973 0
      vertex -75.20208152801713 -1.2020815280171309 0
    endloop
  endfacet
  facet normal 0 0 -1
    outer loop
      vertex -79 -74 0
      vertex -75.07846858307819 -1.314117770716653 0
      vertex -74.94446939613333 -1.413498340914327 0
    endloop
  endfacet
  facet normal 0 0 -1
    outer loop
      vertex -79 -74 0
      vertex -74.8013744526042 -1.4992661493922035 0
      vertex -74.65056183502065 -1.5705952052691874 0
    endloop
  endfacet
  facet normal 0 0 -1
    outer loop
      vertex -79 -74 0
      vertex -74.65056183502065 -1.5705952052691874 0
      vertex -74.49348395133259 -1.626798570744755 0
    endloop
  endfacet
  facet normal 0 0 -1
    outer loop
      vertex -79 -74 0
      vertex -74.49348395133259 -1.626798570744755 0
      vertex -74.33165354742742 -1.6673349766854917 0
    endloop
  endfacet
  facet normal 0 0 -1
    outer loop
      vertex -79 -74 0
      vertex -74.33165354742742 -1.6673349766854917 0
      vertex -74.16662913856025 -1.6918140353427347 0
    endloop
  endfacet
  facet normal 0 0 -1
    outer loop
      vertex -79 -74 0
      vertex -74.16662913856025 -1.6918140353427347 0
      vertex -74 -1.7 0
    endloop
  endfacet
  facet normal 0 0 -1
    outer loop
      vertex -79 -74 0
      vertex -74 -1.7 0
      vertex -73.83337086143975 -1.6918140353427347 0
    endloop
  endfacet
  facet normal 0 0 -1
    outer loop
      vertex -79 -74 0
      vertex -73.83337086143975 -1.6918140353427347 0
      vertex -73.66834645257258 -1.6673349766854917 0
    endloop
  endfacet
  facet normal 0 0 -1
    outer loop
      vertex -79 -74 0
      vertex -73.66834645257258 -1.6673349766854917 0
      vertex -73.50651604866741 -1.626798570744755 0
    endloop
  endfacet
  facet normal 0 0 -1
    outer loop
      vertex -79 -74 0
      vertex -73.50651604866741 -1.626798570744755 0
      vertex -73.34943816497935 -1.5705952052691874 0
    endloop
  endfacet
  facet normal 0 0 -1
    outer loop
      vertex -79 -74 0
      vertex -73.34943816497935 -1.5705952052691874 0
      vertex -73.1986255473958 -1.4992661493922035 0
    endloop
  endfacet
  facet normal 0 0 -1
    outer loop
      vertex -79 -74 0
      vertex -73.1986255473958 -1.4992661493922035 0
      vertex -73.05553060386667 -1.413498340914327 0
    endloop
  endfacet
  facet normal 0 0 -1
    outer loop
      vertex -79 -74 0
      vertex -73.05553060386667 -1.413498340914327 0
      vertex -72.92153141692181 -1.314117770716653 0
    endloop
  endfacet
  facet normal 0 0 -1
    outer loop
      vertex -79 -74 0
      vertex -72.92153141692181 -1.314117770716653 0
      vertex -72.79791847198287 -1.2020815280171309 0
    endloop
  endfacet
  facet normal 0 0 -1
    outer loop
      vertex -79 -74 0
      vertex -72.79791847198287 -1.2020815280171309 0
      vertex -72.68588222928335 -1.0784685830781973 0
    endloop
  endfacet
  facet normal 0 0 -1
    outer loop
      vertex -79 -74 0
      vertex -72.68588222928335 -1.0784685830781973 0
      vertex -72.58650165908567 -0.9444693961333237 0
    endloop
  endfacet
  facet normal 0 0 -1
    outer loop
      vertex -72.5007338506078 -0.8013744526041959 0
      vertex -65.0719428297902 -19.739358053303437 0
      vertex -72.58650165908567 -0.9444693961333237 0
    endloop
  endfacet
  facet normal 0 0 -1
    outer loop
      vertex -72.42940479473081 -0.6505618350206526 0
      vertex -65.0719428297902 -19.739358053303437 0
      vertex -72.5007338506078 -0.8013744526041959 0
    endloop
  endfacet
  facet normal 0 0 -1
    outer loop
      vertex -72.37320142925525 -0.49348395133258594 0
      vertex -65.0719428297902 -19.739358053303437 0
      vertex -72.42940479473081 -0.6505618350206526 0
    endloop
  endfacet
  facet normal 0 0 -1
    outer loop
      vertex -72.3326650233145 -0.33165354742741804 0
      vertex -65.0719428297902 -19.739358053303437 0
      vertex -72.37320142925525 -0.49348395133258594 0
    endloop
  endfacet
  facet normal 0 0 -1
    outer loop
      vertex -72.30818596465727 -0.16662913856025302 0
      vertex -65.0719428297902 -19.739358053303437 0
      vertex -72.3326650233145 -0.33165354742741804 0
    endloop
  endfacet
  facet normal 0 0 -1
    outer loop
      vertex -65.0719428297902 -19.739358053303437 0
      vertex -72.30818596465727 -0.16662913856025302 0
      vertex -72.3 0 0
    endloop
  endfacet
  facet normal 0 0 -1
    outer loop
      vertex -67.67256141370939 -6.665165542410121 0
      vertex -72.3 0 0
      vertex -68 0 0
    endloop
  endfacet
  facet normal 0 0 -1
    outer loop
      vertex -66.69339906741968 -13.266141897096722 0
      vertex -65.0719428297902 -19.739358053303437 0
      vertex -72.3 0 0
    endloop
  endfacet
  facet normal 0 0 -1
    outer loop
      vertex -66.69339906741968 -13.266141897096722 0
      vertex -72.3 0 0
      vertex -67.67256141370939 -6.665165542410121 0
    endloop
  endfacet
  facet normal 0 0 -1
    outer loop
      vertex -61.369828105560295 -64.37492292477596 0
      vertex -26.022473400826104 -62.823808210767496 0
      vertex -19.739358053303437 -65.0719428297902 0
    endloop
  endfacet
  facet normal 0 0 -1
    outer loop
      vertex -78.78470167517662 -75.45142338424921 0
      vertex -1.413498340914327 -74.94446939613333 0
      vertex -1.314117770716653 -75.07846858307819 0
    endloop
  endfacet
  facet normal 0 0 -1
    outer loop
      vertex -78.78470167517662 -75.45142338424921 0
      vertex -1.4992661493922035 -74.8013744526042 0
      vertex -1.413498340914327 -74.94446939613333 0
    endloop
  endfacet
  facet normal 0 0 -1
    outer loop
      vertex -78.9039264023304 -74.97545161098242 0
      vertex -1.626798570744755 -74.49348395133259 0
      vertex -1.5705952052691874 -74.65056183502065 0
    endloop
  endfacet
  facet normal 0 0 -1
    outer loop
      vertex -78.78470167517662 -75.45142338424921 0
      vertex -1.5705952052691874 -74.65056183502065 0
      vertex -1.4992661493922035 -74.8013744526042 0
    endloop
  endfacet
  facet normal 0 0 -1
    outer loop
      vertex -78.9039264023304 -74.97545161098242 0
      vertex -1.6673349766854917 -74.33165354742742 0
      vertex -1.626798570744755 -74.49348395133259 0
    endloop
  endfacet
  facet normal 0 0 -1
    outer loop
      vertex -78.9039264023304 -74.97545161098242 0
      vertex -1.6918140353427347 -74.16662913856025 0
      vertex -1.6673349766854917 -74.33165354742742 0
    endloop
  endfacet
  facet normal 0 0 -1
    outer loop
      vertex -78.9039264023304 -74.97545161098242 0
      vertex -1.7 -74 0
      vertex -1.6918140353427347 -74.16662913856025 0
    endloop
  endfacet
  facet normal 0 0 -1
    outer loop
      vertex -78.9039264023304 -74.97545161098242 0
      vertex -1.6918140353427347 -73.83337086143975 0
      vertex -1.7 -74 0
    endloop
  endfacet
  facet normal 0 0 -1
    outer loop
      vertex -78.9039264023304 -74.97545161098242 0
      vertex -1.6673349766854917 -73.66834645257258 0
      vertex -1.6918140353427347 -73.83337086143975 0
    endloop
  endfacet
  facet normal 0 0 -1
    outer loop
      vertex -75.45142338424921 -78.78470167517662 0
      vertex 76.35698368400335 -78.40960632264614 0
      vertex -74.97545161098242 -78.9039264023304 0
    endloop
  endfacet
  facet normal 0 0 -1
    outer loop
      vertex -75.91341716051102 -78.61939766258001 0
      vertex 76.77785116434097 -78.1573480591178 0
      vertex -75.45142338424921 -78.78470167517662 0
    endloop
  endfacet
  facet normal 0 0 -1
    outer loop
      vertex -76.35698368400335 -78.40960632264614 0
      vertex 77.17196641862392 -77.86505226790905 0
      vertex -75.91341716051102 -78.61939766258001 0
    endloop
  endfacet
  facet normal 0 0 -1
    outer loop
      vertex -76.77785116434097 -78.1573480591178 0
      vertex 77.5355339050293 -77.5355339050293 0
      vertex -76.35698368400335 -78.40960632264614 0
    endloop
  endfacet
  facet normal 0 0 -1
    outer loop
      vertex -77.17196641862392 -77.86505226790905 0
      vertex 77.86505226790905 -77.17196641862392 0
      vertex -76.77785116434097 -78.1573480591178 0
    endloop
  endfacet
  facet normal 0 0 -1
    outer loop
      vertex -77.17196641862392 -77.86505226790905 0
      vertex -77.5355339050293 -77.5355339050293 0
      vertex 78.1573480591178 -76.77785116434097 0
    endloop
  endfacet
  facet normal 0 0 -1
    outer loop
      vertex -77.86505226790905 -77.17196641862392 0
      vertex 78.40960632264614 -76.35698368400335 0
      vertex -77.5355339050293 -77.5355339050293 0
    endloop
  endfacet
  facet normal 0 0 -1
    outer loop
      vertex -77.86505226790905 -77.17196641862392 0
      vertex -78.1573480591178 -76.77785116434097 0
      vertex 78.61939766258001 -75.91341716051102 0
    endloop
  endfacet
  facet normal 0 0 -1
    outer loop
      vertex -78.61939766258001 -75.91341716051102 0
      vertex -1.314117770716653 -75.07846858307819 0
      vertex -1.2020815280171309 -75.20208152801713 0
    endloop
  endfacet
  facet normal 0 0 -1
    outer loop
      vertex -78.61939766258001 -75.91341716051102 0
      vertex -1.2020815280171309 -75.20208152801713 0
      vertex -1.0784685830781973 -75.31411777071665 0
    endloop
  endfacet
  facet normal 0 0 -1
    outer loop
      vertex -78.61939766258001 -75.91341716051102 0
      vertex -1.0784685830781973 -75.31411777071665 0
      vertex -0.9444693961333237 -75.41349834091433 0
    endloop
  endfacet
  facet normal 0 0 -1
    outer loop
      vertex -78.61939766258001 -75.91341716051102 0
      vertex -0.9444693961333237 -75.41349834091433 0
      vertex -0.8013744526041959 -75.4992661493922 0
    endloop
  endfacet
  facet normal 0 0 -1
    outer loop
      vertex -78.40960632264614 -76.35698368400335 0
      vertex -0.8013744526041959 -75.4992661493922 0
      vertex -0.6505618350206526 -75.57059520526919 0
    endloop
  endfacet
  facet normal 0 0 -1
    outer loop
      vertex -78.40960632264614 -76.35698368400335 0
      vertex -0.16662913856025302 -75.69181403534273 0
      vertex 0 -75.7 0
    endloop
  endfacet
  facet normal 0 0 -1
    outer loop
      vertex -78.1573480591178 -76.77785116434097 0
      vertex -78.40960632264614 -76.35698368400335 0
      vertex 78.78470167517662 -75.45142338424921 0
    endloop
  endfacet
  facet normal 0 0 -1
    outer loop
      vertex -78.40960632264614 -76.35698368400335 0
      vertex -0.49348395133258594 -75.62679857074475 0
      vertex -0.33165354742741804 -75.6673349766855 0
    endloop
  endfacet
  facet normal 0 0 -1
    outer loop
      vertex -78.40960632264614 -76.35698368400335 0
      vertex -0.6505618350206526 -75.57059520526919 0
      vertex -0.49348395133258594 -75.62679857074475 0
    endloop
  endfacet
  facet normal 0 0 -1
    outer loop
      vertex -78.40960632264614 -76.35698368400335 0
      vertex -0.33165354742741804 -75.6673349766855 0
      vertex -0.16662913856025302 -75.69181403534273 0
    endloop
  endfacet
  facet normal 0 0 -1
    outer loop
      vertex -78.9039264023304 -74.97545161098242 0
      vertex -1.626798570744755 -73.50651604866741 0
      vertex -1.6673349766854917 -73.66834645257258 0
    endloop
  endfacet
  facet normal 0 0 -1
    outer loop
      vertex -78.9039264023304 -74.97545161098242 0
      vertex -1.5705952052691874 -73.34943816497935 0
      vertex -1.626798570744755 -73.50651604866741 0
    endloop
  endfacet
  facet normal 0 0 -1
    outer loop
      vertex -78.9039264023304 -74.97545161098242 0
      vertex -1.4992661493922035 -73.1986255473958 0
      vertex -1.5705952052691874 -73.34943816497935 0
    endloop
  endfacet
  facet normal 0 0 -1
    outer loop
      vertex -78.9039264023304 -74.97545161098242 0
      vertex -1.413498340914327 -73.05553060386667 0
      vertex -1.4992661493922035 -73.1986255473958 0
    endloop
  endfacet
  facet normal 0 0 -1
    outer loop
      vertex -78.9039264023304 -74.97545161098242 0
      vertex -1.314117770716653 -72.92153141692181 0
      vertex -1.413498340914327 -73.05553060386667 0
    endloop
  endfacet
  facet normal 0 0 -1
    outer loop
      vertex -78.9039264023304 -74.97545161098242 0
      vertex -1.2020815280171309 -72.79791847198287 0
      vertex -1.314117770716653 -72.92153141692181 0
    endloop
  endfacet
  facet normal 0 0 -1
    outer loop
      vertex -78.9039264023304 -74.97545161098242 0
      vertex -1.0784685830781973 -72.68588222928335 0
      vertex -1.2020815280171309 -72.79791847198287 0
    endloop
  endfacet
  facet normal 0 0 -1
    outer loop
      vertex -78.9039264023304 -74.97545161098242 0
      vertex -0.9444693961333237 -72.58650165908567 0
      vertex -1.0784685830781973 -72.68588222928335 0
    endloop
  endfacet
  facet normal 0 0 -1
    outer loop
      vertex -78.9039264023304 -74.97545161098242 0
      vertex -0.8013744526041959 -72.5007338506078 0
      vertex -0.9444693961333237 -72.58650165908567 0
    endloop
  endfacet
  facet normal 0 0 -1
    outer loop
      vertex -78.9039264023304 -74.97545161098242 0
      vertex -0.6505618350206526 -72.42940479473081 0
      vertex -0.8013744526041959 -72.5007338506078 0
    endloop
  endfacet
  facet normal 0 0 -1
    outer loop
      vertex -74.97545161098242 -78.9039264023304 0
      vertex 75.91341716051102 -78.61939766258001 0
      vertex -74.49008569866419 -78.97592363506556 0
    endloop
  endfacet
  facet normal 0 0 -1
    outer loop
      vertex -74.49008569866419 -78.97592363506556 0
      vertex 75.45142338424921 -78.78470167517662 0
      vertex -74 -79 0
    endloop
  endfacet
  facet normal 0 0 -1
    outer loop
      vertex -61.58234524231474 -64.45096277218408 0
      vertex -19.739358053303437 -65.0719428297902 0
      vertex -0.6505618350206526 -72.42940479473081 0
    endloop
  endfacet
  facet normal 0 0 -1
    outer loop
      vertex -19.739358053303437 -65.0719428297902 0
      vertex -13.266141897096722 -66.69339906741968 0
      vertex -0.6505618350206526 -72.42940479473081 0
    endloop
  endfacet
  facet normal 0 0 -1
    outer loop
      vertex -0.49348395133258594 -72.37320142925525 0
      vertex -0.6505618350206526 -72.42940479473081 0
      vertex -13.266141897096722 -66.69339906741968 0
    endloop
  endfacet
  facet normal 0 0 -1
    outer loop
      vertex -0.33165354742741804 -72.3326650233145 0
      vertex -0.49348395133258594 -72.37320142925525 0
      vertex -13.266141897096722 -66.69339906741968 0
    endloop
  endfacet
  facet normal 0 0 -1
    outer loop
      vertex -0.16662913856025302 -72.30818596465727 0
      vertex -0.33165354742741804 -72.3326650233145 0
      vertex -13.266141897096722 -66.69339906741968 0
    endloop
  endfacet
  facet normal 0 0 -1
    outer loop
      vertex -0.16662913856025302 -72.30818596465727 0
      vertex -13.266141897096722 -66.69339906741968 0
      vertex 0 -72.3 0
    endloop
  endfacet
  facet normal 0 0 -1
    outer loop
      vertex -6.665165542410121 -67.67256141370939 0
      vertex 0 -68 0
      vertex 0 -72.3 0
    endloop
  endfacet
  facet normal 0 0 -1
    outer loop
      vertex -13.266141897096722 -66.69339906741968 0
      vertex -6.665165542410121 -67.67256141370939 0
      vertex 0 -72.3 0
    endloop
  endfacet
  facet normal 0 -1 0
    outer loop
      vertex -74 -79 0
      vertex 74 -79 0
      vertex -74 -79 5
    endloop
  endfacet
  facet normal -0.8577286066956991 -0.5141027497065687 0
    outer loop
      vertex -78.1573480591178 -76.77785116434097 0
      vertex -78.1573480591178 -76.77785116434097 5
      vertex -78.40960632264614 -76.35698368400335 5
    endloop
  endfacet
  facet normal -0.8032075338446834 -0.5956993013048966 0
    outer loop
      vertex -77.86505226790905 -77.17196641862392 0
      vertex -77.86505226790905 -77.17196641862392 5
      vertex -78.1573480591178 -76.77785116434097 5
    endloop
  endfacet
  facet normal -0.5956993013048966 -0.8032075338446834 0
    outer loop
      vertex -76.77785116434097 -78.1573480591178 0
      vertex -76.77785116434097 -78.1573480591178 5
      vertex -77.17196641862392 -77.86505226790905 5
    endloop
  endfacet
  facet normal -0.7409511245144411 -0.6715589557743872 0
    outer loop
      vertex -77.5355339050293 -77.5355339050293 0
      vertex -77.5355339050293 -77.5355339050293 5
      vertex -77.86505226790905 -77.17196641862392 5
    endloop
  endfacet
  facet normal -0.6715589557743872 -0.7409511245144411 0
    outer loop
      vertex -77.17196641862392 -77.86505226790905 0
      vertex -77.17196641862392 -77.86505226790905 5
      vertex -77.5355339050293 -77.5355339050293 5
    endloop
  endfacet
  facet normal -0.9039892942597552 -0.42755509102775247 0
    outer loop
      vertex -78.40960632264614 -76.35698368400335 0
      vertex -78.40960632264614 -76.35698368400335 5
      vertex -78.61939766258001 -75.91341716051102 5
    endloop
  endfacet
  facet normal -0.941544067614677 -0.33688984659619614 0
    outer loop
      vertex -78.61939766258001 -75.91341716051102 0
      vertex -78.61939766258001 -75.91341716051102 5
      vertex -78.78470167517662 -75.45142338424921 5
    endloop
  endfacet
  facet normal -0.9700312510179108 -0.242980188592871 0
    outer loop
      vertex -78.78470167517662 -75.45142338424921 0
      vertex -78.78470167517662 -75.45142338424921 5
      vertex -78.9039264023304 -74.97545161098242 5
    endloop
  endfacet
  facet normal -0.989176509724005 -0.14673047607854153 0
    outer loop
      vertex -78.9039264023304 -74.97545161098242 0
      vertex -78.9039264023304 -74.97545161098242 5
      vertex -78.97592363506556 -74.49008569866419 5
    endloop
  endfacet
  facet normal -0.9987954563607843 -0.049067671159865246 0
    outer loop
      vertex -78.97592363506556 -74.49008569866419 0
      vertex -78.97592363506556 -74.49008569866419 5
      vertex -79 -74 5
    endloop
  endfacet
  facet normal -0.42755509102775247 -0.9039892942597552 0
    outer loop
      vertex -75.91341716051102 -78.61939766258001 0
      vertex -75.91341716051102 -78.61939766258001 5
      vertex -76.35698368400335 -78.40960632264614 5
    endloop
  endfacet
  facet normal -0.5141027497065687 -0.8577286066956991 0
    outer loop
      vertex -76.35698368400335 -78.40960632264614 0
      vertex -76.35698368400335 -78.40960632264614 5
      vertex -76.77785116434097 -78.1573480591178 5
    endloop
  endfacet
  facet normal -0.33688984659619614 -0.941544067614677 0
    outer loop
      vertex -75.45142338424921 -78.78470167517662 0
      vertex -75.45142338424921 -78.78470167517662 5
      vertex -75.91341716051102 -78.61939766258001 5
    endloop
  endfacet
  facet normal -0.242980188592871 -0.9700312510179108 0
    outer loop
      vertex -74.97545161098242 -78.9039264023304 0
      vertex -74.97545161098242 -78.9039264023304 5
      vertex -75.45142338424921 -78.78470167517662 5
    endloop
  endfacet
  facet normal -0.14673047607854153 -0.989176509724005 0
    outer loop
      vertex -74.49008569866419 -78.97592363506556 0
      vertex -74.49008569866419 -78.97592363506556 5
      vertex -74.97545161098242 -78.9039264023304 5
    endloop
  endfacet
  facet normal -0.049067671159865246 -0.9987954563607843 0
    outer loop
      vertex -74 -79 0
      vertex -74 -79 5
      vertex -74.49008569866419 -78.97592363506556 5
    endloop
  endfacet
  facet normal 0 0 1
    outer loop
      vertex -78.9039264023304 -74.97545161098242 5
      vertex -66.46465696508427 -62.25 5
      vertex -78.97592363506556 -74.49008569866419 5
    endloop
  endfacet
  facet normal 0 0 1
    outer loop
      vertex -78.97592363506556 -74.49008569866419 5
      vertex -66.46465696508427 -62.25 5
      vertex -79 -74 5
    endloop
  endfacet
  facet normal 0 0 1
    outer loop
      vertex -78.9039264023304 -74.97545161098242 5
      vertex -64.35732848254213 -65.9 5
      vertex -66.46465696508427 -62.25 5
    endloop
  endfacet
  facet normal 0 0 1
    outer loop
      vertex -79 -74 5
      vertex -66.46465696508427 -62.25 5
      vertex -64.35732848254213 -58.6 5
    endloop
  endfacet
  facet normal 0 0 1
    outer loop
      vertex -78.9039264023304 -74.97545161098242 5
      vertex -60.14267151745786 -65.9 5
      vertex -64.35732848254213 -65.9 5
    endloop
  endfacet
  facet normal 0 0 1
    outer loop
      vertex -79 -74 5
      vertex -63.49833103308156 -33.94056505147183 5
      vertex -66.51932634081264 -27.553207130286463 5
    endloop
  endfacet
  facet normal 0 0 1
    outer loop
      vertex -79 -74 5
      vertex -66.51932634081264 -27.553207130286463 5
      vertex -68.89970417271904 -20.90049676232129 5
    endloop
  endfacet
  facet normal 0 0 1
    outer loop
      vertex -79 -74 5
      vertex -64.35732848254213 -58.6 5
      vertex -63.49833103308156 -33.94056505147183 5
    endloop
  endfacet
  facet normal 0 0 1
    outer loop
      vertex -64.35732848254213 -58.6 5
      vertex -60.14267151745786 -58.6 5
      vertex -59.865812085783254 -40.00105677741136 5
    endloop
  endfacet
  facet normal 0 0 1
    outer loop
      vertex -64.35732848254213 -58.6 5
      vertex -59.865812085783254 -40.00105677741136 5
      vertex -63.49833103308156 -33.94056505147183 5
    endloop
  endfacet
  facet normal 0 0 1
    outer loop
      vertex -78.78470167517662 -75.45142338424921 5
      vertex -1.626798570744755 -74.49348395133259 5
      vertex -78.9039264023304 -74.97545161098242 5
    endloop
  endfacet
  facet normal 0 0 1
    outer loop
      vertex -78.78470167517662 -75.45142338424921 5
      vertex -78.61939766258001 -75.91341716051102 5
      vertex -1.413498340914327 -74.94446939613333 5
    endloop
  endfacet
  facet normal 0 0 1
    outer loop
      vertex -78.40960632264614 -76.35698368400335 5
      vertex -0.9444693961333237 -75.41349834091433 5
      vertex -78.61939766258001 -75.91341716051102 5
    endloop
  endfacet
  facet normal 0 0 1
    outer loop
      vertex -78.9039264023304 -74.97545161098242 5
      vertex -33.94056505147183 -63.49833103308156 5
      vertex -60.14267151745786 -65.9 5
    endloop
  endfacet
  facet normal 0 0 1
    outer loop
      vertex -60.14267151745786 -65.9 5
      vertex -45.67631645978248 -55.65675264211706 5
      vertex -58.03534303491573 -62.25 5
    endloop
  endfacet
  facet normal 0 0 1
    outer loop
      vertex -78.9039264023304 -74.97545161098242 5
      vertex -20.90049676232129 -68.89970417271904 5
      vertex -27.553207130286463 -66.51932634081264 5
    endloop
  endfacet
  facet normal 0 0 1
    outer loop
      vertex -78.9039264023304 -74.97545161098242 5
      vertex -27.553207130286463 -66.51932634081264 5
      vertex -33.94056505147183 -63.49833103308156 5
    endloop
  endfacet
  facet normal 0 0 1
    outer loop
      vertex -60.14267151745786 -65.9 5
      vertex -40.00105677741136 -59.865812085783254 5
      vertex -45.67631645978248 -55.65675264211706 5
    endloop
  endfacet
  facet normal 0 0 1
    outer loop
      vertex -60.14267151745786 -65.9 5
      vertex -33.94056505147183 -63.49833103308156 5
      vertex -40.00105677741136 -59.865812085783254 5
    endloop
  endfacet
  facet normal 0 0 1
    outer loop
      vertex -58.03534303491573 -62.25 5
      vertex -50.91168824543143 -50.91168824543143 5
      vertex -60.14267151745786 -58.6 5
    endloop
  endfacet
  facet normal 0 0 1
    outer loop
      vertex -55.65675264211706 -45.67631645978248 5
      vertex -60.14267151745786 -58.6 5
      vertex -50.91168824543143 -50.91168824543143 5
    endloop
  endfacet
  facet normal 0 0 1
    outer loop
      vertex -58.03534303491573 -62.25 5
      vertex -45.67631645978248 -55.65675264211706 5
      vertex -50.91168824543143 -50.91168824543143 5
    endloop
  endfacet
  facet normal 0 0 1
    outer loop
      vertex -60.14267151745786 -58.6 5
      vertex -55.65675264211706 -45.67631645978248 5
      vertex -59.865812085783254 -40.00105677741136 5
    endloop
  endfacet
  facet normal -1 0 0
    outer loop
      vertex -79 -74 0
      vertex -79 -74 5
      vertex -79 74 5
    endloop
  endfacet
  facet normal 0 0 1
    outer loop
      vertex -79 -74 5
      vertex -70.61654018903259 -14.046503185161233 5
      vertex -75.20208152801713 -1.2020815280171309 5
    endloop
  endfacet
  facet normal 0 0 1
    outer loop
      vertex -79 -74 5
      vertex -68.89970417271904 -20.90049676232129 5
      vertex -70.61654018903259 -14.046503185161233 5
    endloop
  endfacet
  facet normal 0 0 1
    outer loop
      vertex -79 -74 5
      vertex -75.31411777071665 -1.0784685830781973 5
      vertex -75.41349834091433 -0.9444693961333237 5
    endloop
  endfacet
  facet normal 0 0 1
    outer loop
      vertex -79 -74 5
      vertex -75.4992661493922 -0.8013744526041959 5
      vertex -75.57059520526919 -0.6505618350206526 5
    endloop
  endfacet
  facet normal 0 0 1
    outer loop
      vertex -79 -74 5
      vertex -75.57059520526919 -0.6505618350206526 5
      vertex -75.62679857074475 -0.49348395133258594 5
    endloop
  endfacet
  facet normal 0 0 1
    outer loop
      vertex -79 -74 5
      vertex -75.41349834091433 -0.9444693961333237 5
      vertex -75.4992661493922 -0.8013744526041959 5
    endloop
  endfacet
  facet normal 0 0 1
    outer loop
      vertex -79 -74 5
      vertex -75.62679857074475 -0.49348395133258594 5
      vertex -75.6673349766855 -0.33165354742741804 5
    endloop
  endfacet
  facet normal 0 0 1
    outer loop
      vertex -79 -74 5
      vertex -75.6673349766855 -0.33165354742741804 5
      vertex -75.69181403534273 -0.16662913856025302 5
    endloop
  endfacet
  facet normal 0 0 1
    outer loop
      vertex -79 -74 5
      vertex -75.69181403534273 -0.16662913856025302 5
      vertex -75.7 0 5
    endloop
  endfacet
  facet normal 0 0 1
    outer loop
      vertex -79 -74 5
      vertex -75.20208152801713 -1.2020815280171309 5
      vertex -75.31411777071665 -1.0784685830781973 5
    endloop
  endfacet
  facet normal 0 0 1
    outer loop
      vertex -75.07846858307819 -1.314117770716653 5
      vertex -70.61654018903259 -14.046503185161233 5
      vertex -71.65330032039817 -7.057234103728364 5
    endloop
  endfacet
  facet normal 0 0 1
    outer loop
      vertex -75.07846858307819 -1.314117770716653 5
      vertex -75.20208152801713 -1.2020815280171309 5
      vertex -70.61654018903259 -14.046503185161233 5
    endloop
  endfacet
  facet normal 0 0 1
    outer loop
      vertex -74.8013744526042 -1.4992661493922035 5
      vertex -74.94446939613333 -1.413498340914327 5
      vertex -71.65330032039817 -7.057234103728364 5
    endloop
  endfacet
  facet normal 0 0 1
    outer loop
      vertex -74.94446939613333 -1.413498340914327 5
      vertex -75.07846858307819 -1.314117770716653 5
      vertex -71.65330032039817 -7.057234103728364 5
    endloop
  endfacet
  facet normal 0 0 1
    outer loop
      vertex -74.33165354742742 -1.6673349766854917 5
      vertex -74.49348395133259 -1.626798570744755 5
      vertex -71.65330032039817 -7.057234103728364 5
    endloop
  endfacet
  facet normal 0 0 1
    outer loop
      vertex -74.49348395133259 -1.626798570744755 5
      vertex -74.65056183502065 -1.5705952052691874 5
      vertex -71.65330032039817 -7.057234103728364 5
    endloop
  endfacet
  facet normal 0 0 1
    outer loop
      vertex -74.65056183502065 -1.5705952052691874 5
      vertex -74.8013744526042 -1.4992661493922035 5
      vertex -71.65330032039817 -7.057234103728364 5
    endloop
  endfacet
  facet normal 0 0 1
    outer loop
      vertex -74.16662913856025 -1.6918140353427347 5
      vertex -74.33165354742742 -1.6673349766854917 5
      vertex -71.65330032039817 -7.057234103728364 5
    endloop
  endfacet
  facet normal 0 0 1
    outer loop
      vertex -73.83337086143975 -1.6918140353427347 5
      vertex -74 -1.7 5
      vertex -71.65330032039817 -7.057234103728364 5
    endloop
  endfacet
  facet normal 0 0 1
    outer loop
      vertex -74 -1.7 5
      vertex -74.16662913856025 -1.6918140353427347 5
      vertex -71.65330032039817 -7.057234103728364 5
    endloop
  endfacet
  facet normal 0 0 1
    outer loop
      vertex -73.66834645257258 -1.6673349766854917 5
      vertex -73.83337086143975 -1.6918140353427347 5
      vertex -71.65330032039817 -7.057234103728364 5
    endloop
  endfacet
  facet normal 0 0 1
    outer loop
      vertex -73.34943816497935 -1.5705952052691874 5
      vertex -73.50651604866741 -1.626798570744755 5
      vertex -71.65330032039817 -7.057234103728364 5
    endloop
  endfacet
  facet normal 0 0 1
    outer loop
      vertex -73.50651604866741 -1.626798570744755 5
      vertex -73.66834645257258 -1.6673349766854917 5
      vertex -71.65330032039817 -7.057234103728364 5
    endloop
  endfacet
  facet normal 0 0 1
    outer loop
      vertex -73.1986255473958 -1.4992661493922035 5
      vertex -73.34943816497935 -1.5705952052691874 5
      vertex -71.65330032039817 -7.057234103728364 5
    endloop
  endfacet
  facet normal 0 0 1
    outer loop
      vertex -72.92153141692181 -1.314117770716653 5
      vertex -73.05553060386667 -1.413498340914327 5
      vertex -71.65330032039817 -7.057234103728364 5
    endloop
  endfacet
  facet normal 0 0 1
    outer loop
      vertex -73.05553060386667 -1.413498340914327 5
      vertex -73.1986255473958 -1.4992661493922035 5
      vertex -71.65330032039817 -7.057234103728364 5
    endloop
  endfacet
  facet normal 0 0 1
    outer loop
      vertex -72.79791847198287 -1.2020815280171309 5
      vertex -71.65330032039817 -7.057234103728364 5
      vertex -72.68588222928335 -1.0784685830781973 5
    endloop
  endfacet
  facet normal 0 0 1
    outer loop
      vertex -72.79791847198287 -1.2020815280171309 5
      vertex -72.92153141692181 -1.314117770716653 5
      vertex -71.65330032039817 -7.057234103728364 5
    endloop
  endfacet
  facet normal 0 0 1
    outer loop
      vertex -72.58650165908567 -0.9444693961333237 5
      vertex -71.65330032039817 -7.057234103728364 5
      vertex -72.5007338506078 -0.8013744526041959 5
    endloop
  endfacet
  facet normal 0 0 1
    outer loop
      vertex -72.68588222928335 -1.0784685830781973 5
      vertex -71.65330032039817 -7.057234103728364 5
      vertex -72.58650165908567 -0.9444693961333237 5
    endloop
  endfacet
  facet normal 0 0 1
    outer loop
      vertex -72.5007338506078 -0.8013744526041959 5
      vertex -71.65330032039817 -7.057234103728364 5
      vertex -72.42940479473081 -0.6505618350206526 5
    endloop
  endfacet
  facet normal 0 0 1
    outer loop
      vertex -72.37320142925525 -0.49348395133258594 5
      vertex -71.65330032039817 -7.057234103728364 5
      vertex -72.3326650233145 -0.33165354742741804 5
    endloop
  endfacet
  facet normal 0 0 1
    outer loop
      vertex -72.42940479473081 -0.6505618350206526 5
      vertex -71.65330032039817 -7.057234103728364 5
      vertex -72.37320142925525 -0.49348395133258594 5
    endloop
  endfacet
  facet normal 0 0 1
    outer loop
      vertex -72.3326650233145 -0.33165354742741804 5
      vertex -71.65330032039817 -7.057234103728364 5
      vertex -72 0 5
    endloop
  endfacet
  facet normal 0 0 1
    outer loop
      vertex -72.3326650233145 -0.33165354742741804 5
      vertex -72 0 5
      vertex -72.30818596465727 -0.16662913856025302 5
    endloop
  endfacet
  facet normal 0 0 1
    outer loop
      vertex -72.30818596465727 -0.16662913856025302 5
      vertex -72 0 5
      vertex -72.3 0 5
    endloop
  endfacet
  facet normal 0 0 1
    outer loop
      vertex -78.9039264023304 -74.97545161098242 5
      vertex -14.046503185161233 -70.61654018903259 5
      vertex -20.90049676232129 -68.89970417271904 5
    endloop
  endfacet
  facet normal 0 0 1
    outer loop
      vertex -78.9039264023304 -74.97545161098242 5
      vertex -7.057234103728364 -71.65330032039817 5
      vertex -14.046503185161233 -70.61654018903259 5
    endloop
  endfacet
  facet normal 0 0 1
    outer loop
      vertex -78.78470167517662 -75.45142338424921 5
      vertex -1.413498340914327 -74.94446939613333 5
      vertex -1.4992661493922035 -74.8013744526042 5
    endloop
  endfacet
  facet normal 0 0 1
    outer loop
      vertex -78.78470167517662 -75.45142338424921 5
      vertex -1.5705952052691874 -74.65056183502065 5
      vertex -1.626798570744755 -74.49348395133259 5
    endloop
  endfacet
  facet normal 0 0 1
    outer loop
      vertex -78.78470167517662 -75.45142338424921 5
      vertex -1.4992661493922035 -74.8013744526042 5
      vertex -1.5705952052691874 -74.65056183502065 5
    endloop
  endfacet
  facet normal 0 0 1
    outer loop
      vertex -78.9039264023304 -74.97545161098242 5
      vertex -1.626798570744755 -74.49348395133259 5
      vertex -1.6673349766854917 -74.33165354742742 5
    endloop
  endfacet
  facet normal 0 0 1
    outer loop
      vertex -78.9039264023304 -74.97545161098242 5
      vertex -1.6673349766854917 -74.33165354742742 5
      vertex -1.6918140353427347 -74.16662913856025 5
    endloop
  endfacet
  facet normal 0 0 1
    outer loop
      vertex -78.9039264023304 -74.97545161098242 5
      vertex -1.6918140353427347 -74.16662913856025 5
      vertex -1.7 -74 5
    endloop
  endfacet
  facet normal 0 0 1
    outer loop
      vertex -78.9039264023304 -74.97545161098242 5
      vertex -1.7 -74 5
      vertex -1.6918140353427347 -73.83337086143975 5
    endloop
  endfacet
  facet normal 0 0 1
    outer loop
      vertex -78.9039264023304 -74.97545161098242 5
      vertex -1.6918140353427347 -73.83337086143975 5
      vertex -1.6673349766854917 -73.66834645257258 5
    endloop
  endfacet
  facet normal 0 0 1
    outer loop
      vertex -75.45142338424921 -78.78470167517662 5
      vertex -74.97545161098242 -78.9039264023304 5
      vertex 76.35698368400335 -78.40960632264614 5
    endloop
  endfacet
  facet normal 0 0 1
    outer loop
      vertex -75.91341716051102 -78.61939766258001 5
      vertex -75.45142338424921 -78.78470167517662 5
      vertex 76.77785116434097 -78.1573480591178 5
    endloop
  endfacet
  facet normal 0 0 1
    outer loop
      vertex -76.35698368400335 -78.40960632264614 5
      vertex -75.91341716051102 -78.61939766258001 5
      vertex 77.17196641862392 -77.86505226790905 5
    endloop
  endfacet
  facet normal 0 0 1
    outer loop
      vertex -76.77785116434097 -78.1573480591178 5
      vertex -76.35698368400335 -78.40960632264614 5
      vertex 77.5355339050293 -77.5355339050293 5
    endloop
  endfacet
  facet normal 0 0 1
    outer loop
      vertex -77.17196641862392 -77.86505226790905 5
      vertex -76.77785116434097 -78.1573480591178 5
      vertex 77.86505226790905 -77.17196641862392 5
    endloop
  endfacet
  facet normal 0 0 1
    outer loop
      vertex -77.17196641862392 -77.86505226790905 5
      vertex 78.1573480591178 -76.77785116434097 5
      vertex -77.5355339050293 -77.5355339050293 5
    endloop
  endfacet
  facet normal 0 0 1
    outer loop
      vertex -77.86505226790905 -77.17196641862392 5
      vertex -77.5355339050293 -77.5355339050293 5
      vertex 78.40960632264614 -76.35698368400335 5
    endloop
  endfacet
  facet normal 0 0 1
    outer loop
      vertex -77.86505226790905 -77.17196641862392 5
      vertex 78.61939766258001 -75.91341716051102 5
      vertex -78.1573480591178 -76.77785116434097 5
    endloop
  endfacet
  facet normal 0 0 1
    outer loop
      vertex -78.61939766258001 -75.91341716051102 5
      vertex -1.2020815280171309 -75.20208152801713 5
      vertex -1.314117770716653 -75.07846858307819 5
    endloop
  endfacet
  facet normal 0 0 1
    outer loop
      vertex -78.61939766258001 -75.91341716051102 5
      vertex -1.314117770716653 -75.07846858307819 5
      vertex -1.413498340914327 -74.94446939613333 5
    endloop
  endfacet
  facet normal 0 0 1
    outer loop
      vertex -78.61939766258001 -75.91341716051102 5
      vertex -0.9444693961333237 -75.41349834091433 5
      vertex -1.0784685830781973 -75.31411777071665 5
    endloop
  endfacet
  facet normal 0 0 1
    outer loop
      vertex -78.61939766258001 -75.91341716051102 5
      vertex -1.0784685830781973 -75.31411777071665 5
      vertex -1.2020815280171309 -75.20208152801713 5
    endloop
  endfacet
  facet normal 0 0 1
    outer loop
      vertex -78.40960632264614 -76.35698368400335 5
      vertex -0.8013744526041959 -75.4992661493922 5
      vertex -0.9444693961333237 -75.41349834091433 5
    endloop
  endfacet
  facet normal 0 0 1
    outer loop
      vertex -78.40960632264614 -76.35698368400335 5
      vertex -0.6505618350206526 -75.57059520526919 5
      vertex -0.8013744526041959 -75.4992661493922 5
    endloop
  endfacet
  facet normal 0 0 1
    outer loop
      vertex -78.40960632264614 -76.35698368400335 5
      vertex 0 -75.7 5
      vertex -0.16662913856025302 -75.69181403534273 5
    endloop
  endfacet
  facet normal 0 0 1
    outer loop
      vertex -78.1573480591178 -76.77785116434097 5
      vertex 78.78470167517662 -75.45142338424921 5
      vertex -78.40960632264614 -76.35698368400335 5
    endloop
  endfacet
  facet normal 0 0 1
    outer loop
      vertex -78.40960632264614 -76.35698368400335 5
      vertex -0.33165354742741804 -75.6673349766855 5
      vertex -0.49348395133258594 -75.62679857074475 5
    endloop
  endfacet
  facet normal 0 0 1
    outer loop
      vertex -78.40960632264614 -76.35698368400335 5
      vertex -0.49348395133258594 -75.62679857074475 5
      vertex -0.6505618350206526 -75.57059520526919 5
    endloop
  endfacet
  facet normal 0 0 1
    outer loop
      vertex -78.40960632264614 -76.35698368400335 5
      vertex -0.16662913856025302 -75.69181403534273 5
      vertex -0.33165354742741804 -75.6673349766855 5
    endloop
  endfacet
  facet normal 0 0 1
    outer loop
      vertex -78.9039264023304 -74.97545161098242 5
      vertex -0.33165354742741804 -72.3326650233145 5
      vertex -7.057234103728364 -71.65330032039817 5
    endloop
  endfacet
  facet normal 0 0 1
    outer loop
      vertex -78.9039264023304 -74.97545161098242 5
      vertex -1.6673349766854917 -73.66834645257258 5
      vertex -1.626798570744755 -73.50651604866741 5
    endloop
  endfacet
  facet normal 0 0 1
    outer loop
      vertex -78.9039264023304 -74.97545161098242 5
      vertex -1.626798570744755 -73.50651604866741 5
      vertex -1.5705952052691874 -73.34943816497935 5
    endloop
  endfacet
  facet normal 0 0 1
    outer loop
      vertex -78.9039264023304 -74.97545161098242 5
      vertex -1.5705952052691874 -73.34943816497935 5
      vertex -1.4992661493922035 -73.1986255473958 5
    endloop
  endfacet
  facet normal 0 0 1
    outer loop
      vertex -78.9039264023304 -74.97545161098242 5
      vertex -1.4992661493922035 -73.1986255473958 5
      vertex -1.413498340914327 -73.05553060386667 5
    endloop
  endfacet
  facet normal 0 0 1
    outer loop
      vertex -78.9039264023304 -74.97545161098242 5
      vertex -1.413498340914327 -73.05553060386667 5
      vertex -1.314117770716653 -72.92153141692181 5
    endloop
  endfacet
  facet normal 0 0 1
    outer loop
      vertex -78.9039264023304 -74.97545161098242 5
      vertex -1.314117770716653 -72.92153141692181 5
      vertex -1.2020815280171309 -72.79791847198287 5
    endloop
  endfacet
  facet normal 0 0 1
    outer loop
      vertex -78.9039264023304 -74.97545161098242 5
      vertex -1.2020815280171309 -72.79791847198287 5
      vertex -1.0784685830781973 -72.68588222928335 5
    endloop
  endfacet
  facet normal 0 0 1
    outer loop
      vertex -78.9039264023304 -74.97545161098242 5
      vertex -1.0784685830781973 -72.68588222928335 5
      vertex -0.9444693961333237 -72.58650165908567 5
    endloop
  endfacet
  facet normal 0 0 1
    outer loop
      vertex -78.9039264023304 -74.97545161098242 5
      vertex -0.9444693961333237 -72.58650165908567 5
      vertex -0.8013744526041959 -72.5007338506078 5
    endloop
  endfacet
  facet normal 0 0 1
    outer loop
      vertex -78.9039264023304 -74.97545161098242 5
      vertex -0.8013744526041959 -72.5007338506078 5
      vertex -0.6505618350206526 -72.42940479473081 5
    endloop
  endfacet
  facet normal 0 0 1
    outer loop
      vertex -78.9039264023304 -74.97545161098242 5
      vertex -0.6505618350206526 -72.42940479473081 5
      vertex -0.49348395133258594 -72.37320142925525 5
    endloop
  endfacet
  facet normal 0 0 1
    outer loop
      vertex -78.9039264023304 -74.97545161098242 5
      vertex -0.49348395133258594 -72.37320142925525 5
      vertex -0.33165354742741804 -72.3326650233145 5
    endloop
  endfacet
  facet normal 0 0 1
    outer loop
      vertex -74.97545161098242 -78.9039264023304 5
      vertex -74.49008569866419 -78.97592363506556 5
      vertex 75.91341716051102 -78.61939766258001 5
    endloop
  endfacet
  facet normal 0 0 1
    outer loop
      vertex -74.49008569866419 -78.97592363506556 5
      vertex -74 -79 5
      vertex 75.45142338424921 -78.78470167517662 5
    endloop
  endfacet
  facet normal 0 0 1
    outer loop
      vertex -0.33165354742741804 -72.3326650233145 5
      vertex -0.16662913856025302 -72.30818596465727 5
      vertex -7.057234103728364 -71.65330032039817 5
    endloop
  endfacet
  facet normal 0 0 1
    outer loop
      vertex -0.16662913856025302 -72.30818596465727 5
      vertex 0 -72.3 5
      vertex -7.057234103728364 -71.65330032039817 5
    endloop
  endfacet
  facet normal 0 0 1
    outer loop
      vertex 0 -72 5
      vertex -7.057234103728364 -71.65330032039817 5
      vertex 0 -72.3 5
    endloop
  endfacet
  facet normal 0 0 -1
    outer loop
      vertex -79 -74 0
      vertex -79 74 0
      vertex -75.7 0 0
    endloop
  endfacet
  facet normal 0 0 -1
    outer loop
      vertex -72.5007338506078 0.8013744526041959 0
      vertex -68 0 0
      vertex -72.42940479473081 0.6505618350206526 0
    endloop
  endfacet
  facet normal 0 0 -1
    outer loop
      vertex -72.3 0 0
      vertex -72.30818596465727 0.16662913856025302 0
      vertex -68 0 0
    endloop
  endfacet
  facet normal 0 0 -1
    outer loop
      vertex -72.3326650233145 0.33165354742741804 0
      vertex -68 0 0
      vertex -72.30818596465727 0.16662913856025302 0
    endloop
  endfacet
  facet normal 0 0 -1
    outer loop
      vertex -72.37320142925525 0.49348395133258594 0
      vertex -68 0 0
      vertex -72.3326650233145 0.33165354742741804 0
    endloop
  endfacet
  facet normal 0 0 -1
    outer loop
      vertex -72.42940479473081 0.6505618350206526 0
      vertex -68 0 0
      vertex -72.37320142925525 0.49348395133258594 0
    endloop
  endfacet
  facet normal 0 0 -1
    outer loop
      vertex -79 74 0
      vertex -75.69181403534273 0.16662913856025302 0
      vertex -75.7 0 0
    endloop
  endfacet
  facet normal 0 0 -1
    outer loop
      vertex -79 74 0
      vertex -75.6673349766855 0.33165354742741804 0
      vertex -75.69181403534273 0.16662913856025302 0
    endloop
  endfacet
  facet normal 0 0 -1
    outer loop
      vertex -79 74 0
      vertex -75.62679857074475 0.49348395133258594 0
      vertex -75.6673349766855 0.33165354742741804 0
    endloop
  endfacet
  facet normal 0 0 -1
    outer loop
      vertex -79 74 0
      vertex -75.57059520526919 0.6505618350206526 0
      vertex -75.62679857074475 0.49348395133258594 0
    endloop
  endfacet
  facet normal 0 0 -1
    outer loop
      vertex -79 74 0
      vertex -75.4992661493922 0.8013744526041959 0
      vertex -75.57059520526919 0.6505618350206526 0
    endloop
  endfacet
  facet normal 0 0 -1
    outer loop
      vertex -79 74 0
      vertex -75.41349834091433 0.9444693961333237 0
      vertex -75.4992661493922 0.8013744526041959 0
    endloop
  endfacet
  facet normal 0 0 -1
    outer loop
      vertex -79 74 0
      vertex -75.31411777071665 1.0784685830781973 0
      vertex -75.41349834091433 0.9444693961333237 0
    endloop
  endfacet
  facet normal 0 0 -1
    outer loop
      vertex -79 74 0
      vertex -75.20208152801713 1.2020815280171309 0
      vertex -75.31411777071665 1.0784685830781973 0
    endloop
  endfacet
  facet normal 0 0 -1
    outer loop
      vertex -79 74 0
      vertex -75.07846858307819 1.314117770716653 0
      vertex -75.20208152801713 1.2020815280171309 0
    endloop
  endfacet
  facet normal 0 0 -1
    outer loop
      vertex -79 74 0
      vertex -74.94446939613333 1.413498340914327 0
      vertex -75.07846858307819 1.314117770716653 0
    endloop
  endfacet
  facet normal 0 0 -1
    outer loop
      vertex -79 74 0
      vertex -74.8013744526042 1.4992661493922035 0
      vertex -74.94446939613333 1.413498340914327 0
    endloop
  endfacet
  facet normal 0 0 -1
    outer loop
      vertex -79 74 0
      vertex -74.65056183502065 1.5705952052691874 0
      vertex -74.8013744526042 1.4992661493922035 0
    endloop
  endfacet
  facet normal 0 0 -1
    outer loop
      vertex -79 74 0
      vertex -74.49348395133259 1.626798570744755 0
      vertex -74.65056183502065 1.5705952052691874 0
    endloop
  endfacet
  facet normal 0 0 -1
    outer loop
      vertex -79 74 0
      vertex -74.33165354742742 1.6673349766854917 0
      vertex -74.49348395133259 1.626798570744755 0
    endloop
  endfacet
  facet normal 0 0 -1
    outer loop
      vertex -79 74 0
      vertex -74.16662913856025 1.6918140353427347 0
      vertex -74.33165354742742 1.6673349766854917 0
    endloop
  endfacet
  facet normal 0 0 -1
    outer loop
      vertex -79 74 0
      vertex -74 1.7 0
      vertex -74.16662913856025 1.6918140353427347 0
    endloop
  endfacet
  facet normal 0 0 -1
    outer loop
      vertex -79 74 0
      vertex -73.83337086143975 1.6918140353427347 0
      vertex -74 1.7 0
    endloop
  endfacet
  facet normal 0 0 -1
    outer loop
      vertex -79 74 0
      vertex -73.66834645257258 1.6673349766854917 0
      vertex -73.83337086143975 1.6918140353427347 0
    endloop
  endfacet
  facet normal 0 0 -1
    outer loop
      vertex -79 74 0
      vertex -73.50651604866741 1.626798570744755 0
      vertex -73.66834645257258 1.6673349766854917 0
    endloop
  endfacet
  facet normal 0 0 -1
    outer loop
      vertex -79 74 0
      vertex -72.5007338506078 0.8013744526041959 0
      vertex -72.58650165908567 0.9444693961333237 0
    endloop
  endfacet
  facet normal 0 0 -1
    outer loop
      vertex -79 74 0
      vertex -72.92153141692181 1.314117770716653 0
      vertex -73.05553060386667 1.413498340914327 0
    endloop
  endfacet
  facet normal 0 0 -1
    outer loop
      vertex -79 74 0
      vertex -73.34943816497935 1.5705952052691874 0
      vertex -73.50651604866741 1.626798570744755 0
    endloop
  endfacet
  facet normal 0 0 -1
    outer loop
      vertex -79 74 0
      vertex -73.1986255473958 1.4992661493922035 0
      vertex -73.34943816497935 1.5705952052691874 0
    endloop
  endfacet
  facet normal 0 0 -1
    outer loop
      vertex -79 74 0
      vertex -73.05553060386667 1.413498340914327 0
      vertex -73.1986255473958 1.4992661493922035 0
    endloop
  endfacet
  facet normal 0 0 -1
    outer loop
      vertex -79 74 0
      vertex -72.79791847198287 1.2020815280171309 0
      vertex -72.92153141692181 1.314117770716653 0
    endloop
  endfacet
  facet normal 0 0 -1
    outer loop
      vertex -79 74 0
      vertex -72.68588222928335 1.0784685830781973 0
      vertex -72.79791847198287 1.2020815280171309 0
    endloop
  endfacet
  facet normal 0 0 -1
    outer loop
      vertex -79 74 0
      vertex -72.58650165908567 0.9444693961333237 0
      vertex -72.68588222928335 1.0784685830781973 0
    endloop
  endfacet
  facet normal 0 0 -1
    outer loop
      vertex -79 74 0
      vertex -68 0 0
      vertex -72.5007338506078 0.8013744526041959 0
    endloop
  endfacet
  facet normal 0 0 -1
    outer loop
      vertex -79 74 0
      vertex -67.67256141370939 6.665165542410121 0
      vertex -68 0 0
    endloop
  endfacet
  facet normal 0 0 -1
    outer loop
      vertex -79 74 0
      vertex -66.69339906741968 13.266141897096722 0
      vertex -67.67256141370939 6.665165542410121 0
    endloop
  endfacet
  facet normal 0 0 -1
    outer loop
      vertex -79 74 0
      vertex -65.0719428297902 19.739358053303437 0
      vertex -66.69339906741968 13.266141897096722 0
    endloop
  endfacet
  facet normal 0 0 -1
    outer loop
      vertex -62.823808210767496 26.022473400826104 0
      vertex -65.0719428297902 19.739358053303437 0
      vertex -64.27841890800121 61.16578750530021 0
    endloop
  endfacet
  facet normal -1 0 0
    outer loop
      vertex -79 -74 0
      vertex -79 74 5
      vertex -79 74 0
    endloop
  endfacet
  facet normal 0 0 -1
    outer loop
      vertex -79 74 0
      vertex -64.27841890800121 61.16578750530021 0
      vertex -65.0719428297902 19.739358053303437 0
    endloop
  endfacet
  facet normal 0 0 -1
    outer loop
      vertex -59.97064597568814 32.05497810416784 0
      vertex -62.823808210767496 26.022473400826104 0
      vertex -64.27841890800121 61.16578750530021 0
    endloop
  endfacet
  facet normal 0 0 -1
    outer loop
      vertex -64.27841890800121 61.16578750530021 0
      vertex -56.539933636573075 37.778775845332945 0
      vertex -59.97064597568814 32.05497810416784 0
    endloop
  endfacet
  facet normal 0 0 -1
    outer loop
      vertex -63.87634559672906 60.62365440327094 0
      vertex -56.539933636573075 37.778775845332945 0
      vertex -64.0279240427343 60.79089544642362 0
    endloop
  endfacet
  facet normal 0 0 -1
    outer loop
      vertex -63.527811535945084 60.33761989170414 0
      vertex -56.539933636573075 37.778775845332945 0
      vertex -63.70910455357638 60.4720759572657 0
    endloop
  endfacet
  facet normal 0 0 -1
    outer loop
      vertex -63.70910455357638 60.4720759572657 0
      vertex -56.539933636573075 37.778775845332945 0
      vertex -63.87634559672906 60.62365440327094 0
    endloop
  endfacet
  facet normal 0 0 -1
    outer loop
      vertex -63.33421249469979 60.221581091998786 0
      vertex -56.539933636573075 37.778775845332945 0
      vertex -63.527811535945084 60.33761989170414 0
    endloop
  endfacet
  facet normal 0 0 -1
    outer loop
      vertex -63.130171894439705 60.12507707522404 0
      vertex -56.539933636573075 37.778775845332945 0
      vertex -63.33421249469979 60.221581091998786 0
    endloop
  endfacet
  facet normal 0 0 -1
    outer loop
      vertex -62.91765475768526 60.04903722781592 0
      vertex -56.539933636573075 37.778775845332945 0
      vertex -63.130171894439705 60.12507707522404 0
    endloop
  endfacet
  facet normal 0 0 -1
    outer loop
      vertex -62.6987077406371 59.99419385507257 0
      vertex -56.539933636573075 37.778775845332945 0
      vertex -62.91765475768526 60.04903722781592 0
    endloop
  endfacet
  facet normal 0 0 -1
    outer loop
      vertex -62.47543942275799 59.961075128653945 0
      vertex -56.539933636573075 37.778775845332945 0
      vertex -62.6987077406371 59.99419385507257 0
    endloop
  endfacet
  facet normal 0 0 -1
    outer loop
      vertex -64.0279240427343 60.79089544642362 0
      vertex -56.539933636573075 37.778775845332945 0
      vertex -64.16238010829585 60.972188464054916 0
    endloop
  endfacet
  facet normal 0 0 -1
    outer loop
      vertex -64.16238010829585 60.972188464054916 0
      vertex -56.539933636573075 37.778775845332945 0
      vertex -64.27841890800121 61.16578750530021 0
    endloop
  endfacet
  facet normal 0 0 -1
    outer loop
      vertex -62.25 59.95 0
      vertex -56.539933636573075 37.778775845332945 0
      vertex -62.47543942275799 59.961075128653945 0
    endloop
  endfacet
  facet normal 0 0 -1
    outer loop
      vertex -62.02456057724201 59.961075128653945 0
      vertex -56.539933636573075 37.778775845332945 0
      vertex -62.25 59.95 0
    endloop
  endfacet
  facet normal 0 0 -1
    outer loop
      vertex -61.8012922593629 59.99419385507257 0
      vertex -56.539933636573075 37.778775845332945 0
      vertex -62.02456057724201 59.961075128653945 0
    endloop
  endfacet
  facet normal 0 0 -1
    outer loop
      vertex -61.58234524231474 60.04903722781592 0
      vertex -56.539933636573075 37.778775845332945 0
      vertex -61.8012922593629 59.99419385507257 0
    endloop
  endfacet
  facet normal 0 0 -1
    outer loop
      vertex -61.369828105560295 60.12507707522404 0
      vertex -56.539933636573075 37.778775845332945 0
      vertex -61.58234524231474 60.04903722781592 0
    endloop
  endfacet
  facet normal 0 0 -1
    outer loop
      vertex -79 74 0
      vertex -64.37492292477596 61.369828105560295 0
      vertex -64.27841890800121 61.16578750530021 0
    endloop
  endfacet
  facet normal 0 0 -1
    outer loop
      vertex -79 74 0
      vertex -64.45096277218408 61.58234524231474 0
      vertex -64.37492292477596 61.369828105560295 0
    endloop
  endfacet
  facet normal 0 0 -1
    outer loop
      vertex -79 74 0
      vertex -64.50580614492743 61.8012922593629 0
      vertex -64.45096277218408 61.58234524231474 0
    endloop
  endfacet
  facet normal 0 0 -1
    outer loop
      vertex -79 74 0
      vertex -64.53892487134605 62.02456057724201 0
      vertex -64.50580614492743 61.8012922593629 0
    endloop
  endfacet
  facet normal 0 0 -1
    outer loop
      vertex -79 74 0
      vertex -64.55 62.25 0
      vertex -64.53892487134605 62.02456057724201 0
    endloop
  endfacet
  facet normal 0 0 -1
    outer loop
      vertex -79 74 0
      vertex -64.53892487134605 62.47543942275799 0
      vertex -64.55 62.25 0
    endloop
  endfacet
  facet normal 0 0 -1
    outer loop
      vertex -79 74 0
      vertex -64.50580614492743 62.6987077406371 0
      vertex -64.53892487134605 62.47543942275799 0
    endloop
  endfacet
  facet normal 0 0 -1
    outer loop
      vertex -79 74 0
      vertex -64.45096277218408 62.91765475768526 0
      vertex -64.50580614492743 62.6987077406371 0
    endloop
  endfacet
  facet normal 0 0 -1
    outer loop
      vertex -79 74 0
      vertex -64.37492292477596 63.130171894439705 0
      vertex -64.45096277218408 62.91765475768526 0
    endloop
  endfacet
  facet normal 0 0 -1
    outer loop
      vertex -79 74 0
      vertex -64.27841890800121 63.33421249469979 0
      vertex -64.37492292477596 63.130171894439705 0
    endloop
  endfacet
  facet normal 0 0 -1
    outer loop
      vertex -79 74 0
      vertex -64.16238010829585 63.527811535945084 0
      vertex -64.27841890800121 63.33421249469979 0
    endloop
  endfacet
  facet normal 0 0 -1
    outer loop
      vertex -74.97545161098242 78.9039264023304 0
      vertex -74.49008569866419 78.97592363506556 0
      vertex -74 79 0
    endloop
  endfacet
  facet normal 0 0 -1
    outer loop
      vertex -79 74 0
      vertex -64.0279240427343 63.70910455357638 0
      vertex -64.16238010829585 63.527811535945084 0
    endloop
  endfacet
  facet normal 0 0 -1
    outer loop
      vertex -79 74 0
      vertex -63.87634559672906 63.87634559672906 0
      vertex -64.0279240427343 63.70910455357638 0
    endloop
  endfacet
  facet normal 0 0 -1
    outer loop
      vertex -79 74 0
      vertex -63.70910455357638 64.0279240427343 0
      vertex -63.87634559672906 63.87634559672906 0
    endloop
  endfacet
  facet normal 0 0 -1
    outer loop
      vertex -79 74 0
      vertex -63.527811535945084 64.16238010829585 0
      vertex -63.70910455357638 64.0279240427343 0
    endloop
  endfacet
  facet normal 0 0 -1
    outer loop
      vertex -79 74 0
      vertex -63.33421249469979 64.27841890800121 0
      vertex -63.527811535945084 64.16238010829585 0
    endloop
  endfacet
  facet normal 0 0 -1
    outer loop
      vertex -79 74 0
      vertex -63.130171894439705 64.37492292477596 0
      vertex -63.33421249469979 64.27841890800121 0
    endloop
  endfacet
  facet normal 0 0 -1
    outer loop
      vertex -79 74 0
      vertex -62.91765475768526 64.45096277218408 0
      vertex -63.130171894439705 64.37492292477596 0
    endloop
  endfacet
  facet normal 0 0 -1
    outer loop
      vertex -79 74 0
      vertex -62.6987077406371 64.50580614492743 0
      vertex -62.91765475768526 64.45096277218408 0
    endloop
  endfacet
  facet normal 0 0 -1
    outer loop
      vertex -79 74 0
      vertex -62.47543942275799 64.53892487134605 0
      vertex -62.6987077406371 64.50580614492743 0
    endloop
  endfacet
  facet normal 0 0 -1
    outer loop
      vertex -79 74 0
      vertex -62.25 64.55 0
      vertex -62.47543942275799 64.53892487134605 0
    endloop
  endfacet
  facet normal 0 0 -1
    outer loop
      vertex -79 74 0
      vertex -62.02456057724201 64.53892487134605 0
      vertex -62.25 64.55 0
    endloop
  endfacet
  facet normal 0 0 -1
    outer loop
      vertex -79 74 0
      vertex -61.8012922593629 64.50580614492743 0
      vertex -62.02456057724201 64.53892487134605 0
    endloop
  endfacet
  facet normal 0 0 -1
    outer loop
      vertex -61.369828105560295 60.12507707522404 0
      vertex -52.564710828666115 43.13874332312789 0
      vertex -56.539933636573075 37.778775845332945 0
    endloop
  endfacet
  facet normal 0 0 -1
    outer loop
      vertex -61.16578750530021 60.221581091998786 0
      vertex -52.564710828666115 43.13874332312789 0
      vertex -61.369828105560295 60.12507707522404 0
    endloop
  endfacet
  facet normal 0 0 -1
    outer loop
      vertex -60.972188464054916 60.33761989170414 0
      vertex -52.564710828666115 43.13874332312789 0
      vertex -61.16578750530021 60.221581091998786 0
    endloop
  endfacet
  facet normal 0 0 -1
    outer loop
      vertex -60.79089544642362 60.4720759572657 0
      vertex -52.564710828666115 43.13874332312789 0
      vertex -60.972188464054916 60.33761989170414 0
    endloop
  endfacet
  facet normal 0 0 -1
    outer loop
      vertex -60.62365440327094 60.62365440327094 0
      vertex -52.564710828666115 43.13874332312789 0
      vertex -60.79089544642362 60.4720759572657 0
    endloop
  endfacet
  facet normal 0 0 -1
    outer loop
      vertex -60.4720759572657 60.79089544642362 0
      vertex -48.083261120685236 48.083261120685236 0
      vertex -60.62365440327094 60.62365440327094 0
    endloop
  endfacet
  facet normal 0 0 -1
    outer loop
      vertex -60.33761989170414 60.972188464054916 0
      vertex -48.083261120685236 48.083261120685236 0
      vertex -60.4720759572657 60.79089544642362 0
    endloop
  endfacet
  facet normal 0 0 -1
    outer loop
      vertex -60.221581091998786 61.16578750530021 0
      vertex -48.083261120685236 48.083261120685236 0
      vertex -60.33761989170414 60.972188464054916 0
    endloop
  endfacet
  facet normal 0 0 -1
    outer loop
      vertex -60.12507707522404 61.369828105560295 0
      vertex -48.083261120685236 48.083261120685236 0
      vertex -60.221581091998786 61.16578750530021 0
    endloop
  endfacet
  facet normal 0 0 -1
    outer loop
      vertex -60.04903722781592 61.58234524231474 0
      vertex -48.083261120685236 48.083261120685236 0
      vertex -60.12507707522404 61.369828105560295 0
    endloop
  endfacet
  facet normal 0 0 -1
    outer loop
      vertex -59.99419385507257 61.8012922593629 0
      vertex -48.083261120685236 48.083261120685236 0
      vertex -60.04903722781592 61.58234524231474 0
    endloop
  endfacet
  facet normal 0 0 -1
    outer loop
      vertex -59.961075128653945 62.02456057724201 0
      vertex -43.13874332312789 52.564710828666115 0
      vertex -59.99419385507257 61.8012922593629 0
    endloop
  endfacet
  facet normal 0 0 -1
    outer loop
      vertex -59.95 62.25 0
      vertex -43.13874332312789 52.564710828666115 0
      vertex -59.961075128653945 62.02456057724201 0
    endloop
  endfacet
  facet normal 0 0 -1
    outer loop
      vertex -59.961075128653945 62.47543942275799 0
      vertex -43.13874332312789 52.564710828666115 0
      vertex -59.95 62.25 0
    endloop
  endfacet
  facet normal 0 0 -1
    outer loop
      vertex -59.99419385507257 62.6987077406371 0
      vertex -43.13874332312789 52.564710828666115 0
      vertex -59.961075128653945 62.47543942275799 0
    endloop
  endfacet
  facet normal 0 0 -1
    outer loop
      vertex -60.62365440327094 60.62365440327094 0
      vertex -48.083261120685236 48.083261120685236 0
      vertex -52.564710828666115 43.13874332312789 0
    endloop
  endfacet
  facet normal 0 0 -1
    outer loop
      vertex -59.99419385507257 61.8012922593629 0
      vertex -43.13874332312789 52.564710828666115 0
      vertex -48.083261120685236 48.083261120685236 0
    endloop
  endfacet
  facet normal 0 0 -1
    outer loop
      vertex -60.12507707522404 63.130171894439705 0
      vertex -37.778775845332945 56.539933636573075 0
      vertex -43.13874332312789 52.564710828666115 0
    endloop
  endfacet
  facet normal 0 0 -1
    outer loop
      vertex -60.04903722781592 62.91765475768526 0
      vertex -43.13874332312789 52.564710828666115 0
      vertex -59.99419385507257 62.6987077406371 0
    endloop
  endfacet
  facet normal 0 0 -1
    outer loop
      vertex -60.12507707522404 63.130171894439705 0
      vertex -43.13874332312789 52.564710828666115 0
      vertex -60.04903722781592 62.91765475768526 0
    endloop
  endfacet
  facet normal 0 0 -1
    outer loop
      vertex -60.221581091998786 63.33421249469979 0
      vertex -37.778775845332945 56.539933636573075 0
      vertex -60.12507707522404 63.130171894439705 0
    endloop
  endfacet
  facet normal 0 0 -1
    outer loop
      vertex -60.62365440327094 63.87634559672906 0
      vertex -37.778775845332945 56.539933636573075 0
      vertex -60.4720759572657 63.70910455357638 0
    endloop
  endfacet
  facet normal 0 0 -1
    outer loop
      vertex -60.33761989170414 63.527811535945084 0
      vertex -37.778775845332945 56.539933636573075 0
      vertex -60.221581091998786 63.33421249469979 0
    endloop
  endfacet
  facet normal 0 0 -1
    outer loop
      vertex -60.4720759572657 63.70910455357638 0
      vertex -37.778775845332945 56.539933636573075 0
      vertex -60.33761989170414 63.527811535945084 0
    endloop
  endfacet
  facet normal 0 0 -1
    outer loop
      vertex -61.16578750530021 64.27841890800121 0
      vertex -32.05497810416784 59.97064597568814 0
      vertex -60.972188464054916 64.16238010829585 0
    endloop
  endfacet
  facet normal 0 0 -1
    outer loop
      vertex -60.972188464054916 64.16238010829585 0
      vertex -32.05497810416784 59.97064597568814 0
      vertex -60.79089544642362 64.0279240427343 0
    endloop
  endfacet
  facet normal 0 0 -1
    outer loop
      vertex -60.79089544642362 64.0279240427343 0
      vertex -32.05497810416784 59.97064597568814 0
      vertex -60.62365440327094 63.87634559672906 0
    endloop
  endfacet
  facet normal 0 0 -1
    outer loop
      vertex -61.369828105560295 64.37492292477596 0
      vertex -26.022473400826104 62.823808210767496 0
      vertex -61.16578750530021 64.27841890800121 0
    endloop
  endfacet
  facet normal 0 0 -1
    outer loop
      vertex -61.58234524231474 64.45096277218408 0
      vertex -26.022473400826104 62.823808210767496 0
      vertex -61.369828105560295 64.37492292477596 0
    endloop
  endfacet
  facet normal 0 0 -1
    outer loop
      vertex -79 74 0
      vertex -13.266141897096722 66.69339906741968 0
      vertex -61.8012922593629 64.50580614492743 0
    endloop
  endfacet
  facet normal 0 0 -1
    outer loop
      vertex -79 74 0
      vertex -78.97592363506556 74.49008569866419 0
      vertex -1.5705952052691874 74.65056183502065 0
    endloop
  endfacet
  facet normal 0 0 -1
    outer loop
      vertex -78.97592363506556 74.49008569866419 0
      vertex -78.9039264023304 74.97545161098242 0
      vertex -1.314117770716653 75.07846858307819 0
    endloop
  endfacet
  facet normal 0 0 -1
    outer loop
      vertex -78.9039264023304 74.97545161098242 0
      vertex -78.78470167517662 75.45142338424921 0
      vertex -0.49348395133258594 75.62679857074475 0
    endloop
  endfacet
  facet normal 0 0 -1
    outer loop
      vertex -61.8012922593629 64.50580614492743 0
      vertex -19.739358053303437 65.0719428297902 0
      vertex -61.58234524231474 64.45096277218408 0
    endloop
  endfacet
  facet normal 0 0 -1
    outer loop
      vertex -60.62365440327094 63.87634559672906 0
      vertex -32.05497810416784 59.97064597568814 0
      vertex -37.778775845332945 56.539933636573075 0
    endloop
  endfacet
  facet normal 0 0 -1
    outer loop
      vertex -61.16578750530021 64.27841890800121 0
      vertex -26.022473400826104 62.823808210767496 0
      vertex -32.05497810416784 59.97064597568814 0
    endloop
  endfacet
  facet normal -0.9987954563607843 0.049067671159865246 0
    outer loop
      vertex -79 74 0
      vertex -78.97592363506556 74.49008569866419 5
      vertex -78.97592363506556 74.49008569866419 0
    endloop
  endfacet
  facet normal -0.989176509724005 0.14673047607854153 0
    outer loop
      vertex -78.97592363506556 74.49008569866419 0
      vertex -78.9039264023304 74.97545161098242 5
      vertex -78.9039264023304 74.97545161098242 0
    endloop
  endfacet
  facet normal -0.9700312510179108 0.242980188592871 0
    outer loop
      vertex -78.9039264023304 74.97545161098242 0
      vertex -78.78470167517662 75.45142338424921 5
      vertex -78.78470167517662 75.45142338424921 0
    endloop
  endfacet
  facet normal -0.941544067614677 0.33688984659619614 0
    outer loop
      vertex -78.78470167517662 75.45142338424921 0
      vertex -78.61939766258001 75.91341716051102 5
      vertex -78.61939766258001 75.91341716051102 0
    endloop
  endfacet
  facet normal -0.9039892942597552 0.42755509102775247 0
    outer loop
      vertex -78.61939766258001 75.91341716051102 0
      vertex -78.40960632264614 76.35698368400335 5
      vertex -78.40960632264614 76.35698368400335 0
    endloop
  endfacet
  facet normal -0.8577286066956991 0.5141027497065687 0
    outer loop
      vertex -78.40960632264614 76.35698368400335 0
      vertex -78.1573480591178 76.77785116434097 5
      vertex -78.1573480591178 76.77785116434097 0
    endloop
  endfacet
  facet normal -0.8032075338446834 0.5956993013048966 0
    outer loop
      vertex -78.1573480591178 76.77785116434097 0
      vertex -77.86505226790905 77.17196641862392 5
      vertex -77.86505226790905 77.17196641862392 0
    endloop
  endfacet
  facet normal -0.7409511245144411 0.6715589557743872 0
    outer loop
      vertex -77.86505226790905 77.17196641862392 0
      vertex -77.5355339050293 77.5355339050293 5
      vertex -77.5355339050293 77.5355339050293 0
    endloop
  endfacet
  facet normal -0.6715589557743872 0.7409511245144411 0
    outer loop
      vertex -77.5355339050293 77.5355339050293 0
      vertex -77.17196641862392 77.86505226790905 5
      vertex -77.17196641862392 77.86505226790905 0
    endloop
  endfacet
  facet normal -0.5956993013048966 0.8032075338446834 0
    outer loop
      vertex -77.17196641862392 77.86505226790905 0
      vertex -76.77785116434097 78.1573480591178 5
      vertex -76.77785116434097 78.1573480591178 0
    endloop
  endfacet
  facet normal -0.5141027497065687 0.8577286066956991 0
    outer loop
      vertex -76.77785116434097 78.1573480591178 0
      vertex -76.35698368400335 78.40960632264614 5
      vertex -76.35698368400335 78.40960632264614 0
    endloop
  endfacet
  facet normal -0.42755509102775247 0.9039892942597552 0
    outer loop
      vertex -76.35698368400335 78.40960632264614 0
      vertex -75.91341716051102 78.61939766258001 5
      vertex -75.91341716051102 78.61939766258001 0
    endloop
  endfacet
  facet normal -0.33688984659619614 0.941544067614677 0
    outer loop
      vertex -75.91341716051102 78.61939766258001 0
      vertex -75.45142338424921 78.78470167517662 5
      vertex -75.45142338424921 78.78470167517662 0
    endloop
  endfacet
  facet normal -0.242980188592871 0.9700312510179108 0
    outer loop
      vertex -75.45142338424921 78.78470167517662 0
      vertex -74.97545161098242 78.9039264023304 5
      vertex -74.97545161098242 78.9039264023304 0
    endloop
  endfacet
  facet normal -0.14673047607854153 0.989176509724005 0
    outer loop
      vertex -74.97545161098242 78.9039264023304 0
      vertex -74.49008569866419 78.97592363506556 5
      vertex -74.49008569866419 78.97592363506556 0
    endloop
  endfacet
  facet normal -0.049067671159865246 0.9987954563607843 0
    outer loop
      vertex -74.49008569866419 78.97592363506556 0
      vertex -74 79 5
      vertex -74 79 0
    endloop
  endfacet
  facet normal 0 0 -1
    outer loop
      vertex -61.58234524231474 64.45096277218408 0
      vertex -19.739358053303437 65.0719428297902 0
      vertex -26.022473400826104 62.823808210767496 0
    endloop
  endfacet
  facet normal 0 0 -1
    outer loop
      vertex -61.8012922593629 64.50580614492743 0
      vertex -13.266141897096722 66.69339906741968 0
      vertex -19.739358053303437 65.0719428297902 0
    endloop
  endfacet
  facet normal 0 0 -1
    outer loop
      vertex -79 74 0
      vertex -6.665165542410121 67.67256141370939 0
      vertex -13.266141897096722 66.69339906741968 0
    endloop
  endfacet
  facet normal 0 0 -1
    outer loop
      vertex -79 74 0
      vertex -0.6505618350206526 72.42940479473081 0
      vertex -6.665165542410121 67.67256141370939 0
    endloop
  endfacet
  facet normal 0 0 -1
    outer loop
      vertex -79 74 0
      vertex -1.314117770716653 72.92153141692181 0
      vertex -1.2020815280171309 72.79791847198287 0
    endloop
  endfacet
  facet normal 0 0 -1
    outer loop
      vertex -79 74 0
      vertex -1.4992661493922035 73.1986255473958 0
      vertex -1.413498340914327 73.05553060386667 0
    endloop
  endfacet
  facet normal 0 0 -1
    outer loop
      vertex -79 74 0
      vertex -1.413498340914327 73.05553060386667 0
      vertex -1.314117770716653 72.92153141692181 0
    endloop
  endfacet
  facet normal 0 0 -1
    outer loop
      vertex -79 74 0
      vertex -1.5705952052691874 73.34943816497935 0
      vertex -1.4992661493922035 73.1986255473958 0
    endloop
  endfacet
  facet normal 0 0 -1
    outer loop
      vertex -79 74 0
      vertex -1.6673349766854917 73.66834645257258 0
      vertex -1.626798570744755 73.50651604866741 0
    endloop
  endfacet
  facet normal 0 0 -1
    outer loop
      vertex -79 74 0
      vertex -1.626798570744755 73.50651604866741 0
      vertex -1.5705952052691874 73.34943816497935 0
    endloop
  endfacet
  facet normal 0 0 -1
    outer loop
      vertex -79 74 0
      vertex -1.6918140353427347 73.83337086143975 0
      vertex -1.6673349766854917 73.66834645257258 0
    endloop
  endfacet
  facet normal 0 0 -1
    outer loop
      vertex -79 74 0
      vertex -1.6918140353427347 74.16662913856025 0
      vertex -1.7 74 0
    endloop
  endfacet
  facet normal 0 0 -1
    outer loop
      vertex -79 74 0
      vertex -1.7 74 0
      vertex -1.6918140353427347 73.83337086143975 0
    endloop
  endfacet
  facet normal 0 0 -1
    outer loop
      vertex -79 74 0
      vertex -1.0784685830781973 72.68588222928335 0
      vertex -0.9444693961333237 72.58650165908567 0
    endloop
  endfacet
  facet normal 0 0 -1
    outer loop
      vertex -79 74 0
      vertex -0.9444693961333237 72.58650165908567 0
      vertex -0.8013744526041959 72.5007338506078 0
    endloop
  endfacet
  facet normal 0 0 -1
    outer loop
      vertex -79 74 0
      vertex -1.2020815280171309 72.79791847198287 0
      vertex -1.0784685830781973 72.68588222928335 0
    endloop
  endfacet
  facet normal 0 0 -1
    outer loop
      vertex -79 74 0
      vertex -0.8013744526041959 72.5007338506078 0
      vertex -0.6505618350206526 72.42940479473081 0
    endloop
  endfacet
  facet normal 0 0 -1
    outer loop
      vertex -79 74 0
      vertex -1.6673349766854917 74.33165354742742 0
      vertex -1.6918140353427347 74.16662913856025 0
    endloop
  endfacet
  facet normal 0 0 -1
    outer loop
      vertex -79 74 0
      vertex -1.626798570744755 74.49348395133259 0
      vertex -1.6673349766854917 74.33165354742742 0
    endloop
  endfacet
  facet normal 0 0 -1
    outer loop
      vertex -79 74 0
      vertex -1.5705952052691874 74.65056183502065 0
      vertex -1.626798570744755 74.49348395133259 0
    endloop
  endfacet
  facet normal 0 0 -1
    outer loop
      vertex -78.97592363506556 74.49008569866419 0
      vertex -1.4992661493922035 74.8013744526042 0
      vertex -1.5705952052691874 74.65056183502065 0
    endloop
  endfacet
  facet normal 0 0 -1
    outer loop
      vertex -78.97592363506556 74.49008569866419 0
      vertex -1.413498340914327 74.94446939613333 0
      vertex -1.4992661493922035 74.8013744526042 0
    endloop
  endfacet
  facet normal 0 0 -1
    outer loop
      vertex -78.97592363506556 74.49008569866419 0
      vertex -1.314117770716653 75.07846858307819 0
      vertex -1.413498340914327 74.94446939613333 0
    endloop
  endfacet
  facet normal 0 0 -1
    outer loop
      vertex -78.9039264023304 74.97545161098242 0
      vertex -1.2020815280171309 75.20208152801713 0
      vertex -1.314117770716653 75.07846858307819 0
    endloop
  endfacet
  facet normal 0 0 -1
    outer loop
      vertex -78.9039264023304 74.97545161098242 0
      vertex -1.0784685830781973 75.31411777071665 0
      vertex -1.2020815280171309 75.20208152801713 0
    endloop
  endfacet
  facet normal 0 0 -1
    outer loop
      vertex -78.9039264023304 74.97545161098242 0
      vertex -0.9444693961333237 75.41349834091433 0
      vertex -1.0784685830781973 75.31411777071665 0
    endloop
  endfacet
  facet normal 0 0 -1
    outer loop
      vertex -78.9039264023304 74.97545161098242 0
      vertex -0.8013744526041959 75.4992661493922 0
      vertex -0.9444693961333237 75.41349834091433 0
    endloop
  endfacet
  facet normal 0 0 -1
    outer loop
      vertex -78.9039264023304 74.97545161098242 0
      vertex -0.6505618350206526 75.57059520526919 0
      vertex -0.8013744526041959 75.4992661493922 0
    endloop
  endfacet
  facet normal 0 0 -1
    outer loop
      vertex -78.9039264023304 74.97545161098242 0
      vertex -0.49348395133258594 75.62679857074475 0
      vertex -0.6505618350206526 75.57059520526919 0
    endloop
  endfacet
  facet normal 0 0 -1
    outer loop
      vertex -78.78470167517662 75.45142338424921 0
      vertex -0.33165354742741804 75.6673349766855 0
      vertex -0.49348395133258594 75.62679857074475 0
    endloop
  endfacet
  facet normal 0 0 -1
    outer loop
      vertex -78.78470167517662 75.45142338424921 0
      vertex -0.16662913856025302 75.69181403534273 0
      vertex -0.33165354742741804 75.6673349766855 0
    endloop
  endfacet
  facet normal 0 0 -1
    outer loop
      vertex -78.78470167517662 75.45142338424921 0
      vertex 0 75.7 0
      vertex -0.16662913856025302 75.69181403534273 0
    endloop
  endfacet
  facet normal 0 0 -1
    outer loop
      vertex -78.78470167517662 75.45142338424921 0
      vertex -78.61939766258001 75.91341716051102 0
      vertex 78.1573480591178 76.77785116434097 0
    endloop
  endfacet
  facet normal 0 0 -1
    outer loop
      vertex -78.61939766258001 75.91341716051102 0
      vertex -78.40960632264614 76.35698368400335 0
      vertex 77.86505226790905 77.17196641862392 0
    endloop
  endfacet
  facet normal 0 0 -1
    outer loop
      vertex -78.40960632264614 76.35698368400335 0
      vertex -78.1573480591178 76.77785116434097 0
      vertex 77.5355339050293 77.5355339050293 0
    endloop
  endfacet
  facet normal 0 0 -1
    outer loop
      vertex -78.1573480591178 76.77785116434097 0
      vertex -77.86505226790905 77.17196641862392 0
      vertex 77.17196641862392 77.86505226790905 0
    endloop
  endfacet
  facet normal 0 0 -1
    outer loop
      vertex -77.86505226790905 77.17196641862392 0
      vertex -77.5355339050293 77.5355339050293 0
      vertex 76.77785116434097 78.1573480591178 0
    endloop
  endfacet
  facet normal 0 0 -1
    outer loop
      vertex -77.5355339050293 77.5355339050293 0
      vertex -77.17196641862392 77.86505226790905 0
      vertex 76.35698368400335 78.40960632264614 0
    endloop
  endfacet
  facet normal 0 0 -1
    outer loop
      vertex -77.17196641862392 77.86505226790905 0
      vertex -76.77785116434097 78.1573480591178 0
      vertex 75.91341716051102 78.61939766258001 0
    endloop
  endfacet
  facet normal 0 0 -1
    outer loop
      vertex -76.77785116434097 78.1573480591178 0
      vertex -76.35698368400335 78.40960632264614 0
      vertex 75.45142338424921 78.78470167517662 0
    endloop
  endfacet
  facet normal 0 0 -1
    outer loop
      vertex -76.35698368400335 78.40960632264614 0
      vertex -75.91341716051102 78.61939766258001 0
      vertex 74.97545161098242 78.9039264023304 0
    endloop
  endfacet
  facet normal 0 0 -1
    outer loop
      vertex -75.91341716051102 78.61939766258001 0
      vertex -75.45142338424921 78.78470167517662 0
      vertex 74.49008569866419 78.97592363506556 0
    endloop
  endfacet
  facet normal 0 0 -1
    outer loop
      vertex -75.45142338424921 78.78470167517662 0
      vertex -74.97545161098242 78.9039264023304 0
      vertex 74 79 0
    endloop
  endfacet
  facet normal 0 0 -1
    outer loop
      vertex -74.97545161098242 78.9039264023304 0
      vertex -74 79 0
      vertex 74 79 0
    endloop
  endfacet
  facet normal 0 0 -1
    outer loop
      vertex -6.665165542410121 67.67256141370939 0
      vertex -0.49348395133258594 72.37320142925525 0
      vertex -0.33165354742741804 72.3326650233145 0
    endloop
  endfacet
  facet normal 0 0 -1
    outer loop
      vertex -6.665165542410121 67.67256141370939 0
      vertex -0.6505618350206526 72.42940479473081 0
      vertex -0.49348395133258594 72.37320142925525 0
    endloop
  endfacet
  facet normal 0 0 -1
    outer loop
      vertex -6.665165542410121 67.67256141370939 0
      vertex 0 72.3 0
      vertex 0 68 0
    endloop
  endfacet
  facet normal 0 0 -1
    outer loop
      vertex -6.665165542410121 67.67256141370939 0
      vertex -0.33165354742741804 72.3326650233145 0
      vertex -0.16662913856025302 72.30818596465727 0
    endloop
  endfacet
  facet normal 0 0 -1
    outer loop
      vertex -6.665165542410121 67.67256141370939 0
      vertex -0.16662913856025302 72.30818596465727 0
      vertex 0 72.3 0
    endloop
  endfacet
  facet normal 0 0 -1
    outer loop
      vertex -78.78470167517662 75.45142338424921 0
      vertex 78.40960632264614 76.35698368400335 0
      vertex 0 75.7 0
    endloop
  endfacet
  facet normal 0 0 1
    outer loop
      vertex -79 -74 5
      vertex -75.7 0 5
      vertex -79 74 5
    endloop
  endfacet
  facet normal 0 0 1
    outer loop
      vertex -72.3 0 5
      vertex -72 0 5
      vertex -72.30818596465727 0.16662913856025302 5
    endloop
  endfacet
  facet normal 0 0 1
    outer loop
      vertex -72.30818596465727 0.16662913856025302 5
      vertex -72 0 5
      vertex -71.65330032039817 7.057234103728364 5
    endloop
  endfacet
  facet normal 0 0 1
    outer loop
      vertex -74.94446939613333 1.413498340914327 5
      vertex -74.8013744526042 1.4992661493922035 5
      vertex -71.65330032039817 7.057234103728364 5
    endloop
  endfacet
  facet normal 0 0 1
    outer loop
      vertex -75.07846858307819 1.314117770716653 5
      vertex -74.94446939613333 1.413498340914327 5
      vertex -71.65330032039817 7.057234103728364 5
    endloop
  endfacet
  facet normal 0 0 1
    outer loop
      vertex -74.8013744526042 1.4992661493922035 5
      vertex -74.65056183502065 1.5705952052691874 5
      vertex -71.65330032039817 7.057234103728364 5
    endloop
  endfacet
  facet normal 0 0 1
    outer loop
      vertex -74.49348395133259 1.626798570744755 5
      vertex -74.33165354742742 1.6673349766854917 5
      vertex -71.65330032039817 7.057234103728364 5
    endloop
  endfacet
  facet normal 0 0 1
    outer loop
      vertex -74.65056183502065 1.5705952052691874 5
      vertex -74.49348395133259 1.626798570744755 5
      vertex -71.65330032039817 7.057234103728364 5
    endloop
  endfacet
  facet normal 0 0 1
    outer loop
      vertex -74.33165354742742 1.6673349766854917 5
      vertex -74.16662913856025 1.6918140353427347 5
      vertex -71.65330032039817 7.057234103728364 5
    endloop
  endfacet
  facet normal 0 0 1
    outer loop
      vertex -74 1.7 5
      vertex -73.83337086143975 1.6918140353427347 5
      vertex -71.65330032039817 7.057234103728364 5
    endloop
  endfacet
  facet normal 0 0 1
    outer loop
      vertex -74.16662913856025 1.6918140353427347 5
      vertex -74 1.7 5
      vertex -71.65330032039817 7.057234103728364 5
    endloop
  endfacet
  facet normal 0 0 1
    outer loop
      vertex -73.83337086143975 1.6918140353427347 5
      vertex -73.66834645257258 1.6673349766854917 5
      vertex -71.65330032039817 7.057234103728364 5
    endloop
  endfacet
  facet normal 0 0 1
    outer loop
      vertex -73.50651604866741 1.626798570744755 5
      vertex -73.34943816497935 1.5705952052691874 5
      vertex -71.65330032039817 7.057234103728364 5
    endloop
  endfacet
  facet normal 0 0 1
    outer loop
      vertex -73.66834645257258 1.6673349766854917 5
      vertex -73.50651604866741 1.626798570744755 5
      vertex -71.65330032039817 7.057234103728364 5
    endloop
  endfacet
  facet normal 0 0 1
    outer loop
      vertex -72.5007338506078 0.8013744526041959 5
      vertex -71.65330032039817 7.057234103728364 5
      vertex -72.58650165908567 0.9444693961333237 5
    endloop
  endfacet
  facet normal 0 0 1
    outer loop
      vertex -72.58650165908567 0.9444693961333237 5
      vertex -71.65330032039817 7.057234103728364 5
      vertex -72.68588222928335 1.0784685830781973 5
    endloop
  endfacet
  facet normal 0 0 1
    outer loop
      vertex -73.34943816497935 1.5705952052691874 5
      vertex -73.1986255473958 1.4992661493922035 5
      vertex -71.65330032039817 7.057234103728364 5
    endloop
  endfacet
  facet normal 0 0 1
    outer loop
      vertex -73.05553060386667 1.413498340914327 5
      vertex -72.92153141692181 1.314117770716653 5
      vertex -71.65330032039817 7.057234103728364 5
    endloop
  endfacet
  facet normal 0 0 1
    outer loop
      vertex -73.1986255473958 1.4992661493922035 5
      vertex -73.05553060386667 1.413498340914327 5
      vertex -71.65330032039817 7.057234103728364 5
    endloop
  endfacet
  facet normal 0 0 1
    outer loop
      vertex -72.68588222928335 1.0784685830781973 5
      vertex -71.65330032039817 7.057234103728364 5
      vertex -72.79791847198287 1.2020815280171309 5
    endloop
  endfacet
  facet normal 0 0 1
    outer loop
      vertex -72.92153141692181 1.314117770716653 5
      vertex -72.79791847198287 1.2020815280171309 5
      vertex -71.65330032039817 7.057234103728364 5
    endloop
  endfacet
  facet normal 0 0 1
    outer loop
      vertex -72.30818596465727 0.16662913856025302 5
      vertex -71.65330032039817 7.057234103728364 5
      vertex -72.3326650233145 0.33165354742741804 5
    endloop
  endfacet
  facet normal 0 0 1
    outer loop
      vertex -72.3326650233145 0.33165354742741804 5
      vertex -71.65330032039817 7.057234103728364 5
      vertex -72.37320142925525 0.49348395133258594 5
    endloop
  endfacet
  facet normal 0 0 1
    outer loop
      vertex -72.37320142925525 0.49348395133258594 5
      vertex -71.65330032039817 7.057234103728364 5
      vertex -72.42940479473081 0.6505618350206526 5
    endloop
  endfacet
  facet normal 0 0 1
    outer loop
      vertex -72.42940479473081 0.6505618350206526 5
      vertex -71.65330032039817 7.057234103728364 5
      vertex -72.5007338506078 0.8013744526041959 5
    endloop
  endfacet
  facet normal 0 0 1
    outer loop
      vertex -75.31411777071665 1.0784685830781973 5
      vertex -70.61654018903259 14.046503185161233 5
      vertex -75.41349834091433 0.9444693961333237 5
    endloop
  endfacet
  facet normal 0 0 1
    outer loop
      vertex -75.20208152801713 1.2020815280171309 5
      vertex -75.07846858307819 1.314117770716653 5
      vertex -70.61654018903259 14.046503185161233 5
    endloop
  endfacet
  facet normal 0 0 1
    outer loop
      vertex -75.20208152801713 1.2020815280171309 5
      vertex -70.61654018903259 14.046503185161233 5
      vertex -75.31411777071665 1.0784685830781973 5
    endloop
  endfacet
  facet normal 0 0 1
    outer loop
      vertex -75.07846858307819 1.314117770716653 5
      vertex -71.65330032039817 7.057234103728364 5
      vertex -70.61654018903259 14.046503185161233 5
    endloop
  endfacet
  facet normal 0 0 1
    outer loop
      vertex -79 74 5
      vertex -75.69181403534273 0.16662913856025302 5
      vertex -75.6673349766855 0.33165354742741804 5
    endloop
  endfacet
  facet normal 0 0 1
    outer loop
      vertex -79 74 5
      vertex -75.7 0 5
      vertex -75.69181403534273 0.16662913856025302 5
    endloop
  endfacet
  facet normal 0 0 1
    outer loop
      vertex -79 74 5
      vertex -75.6673349766855 0.33165354742741804 5
      vertex -75.62679857074475 0.49348395133258594 5
    endloop
  endfacet
  facet normal 0 0 1
    outer loop
      vertex -79 74 5
      vertex -75.62679857074475 0.49348395133258594 5
      vertex -75.57059520526919 0.6505618350206526 5
    endloop
  endfacet
  facet normal 0 0 1
    outer loop
      vertex -79 74 5
      vertex -75.57059520526919 0.6505618350206526 5
      vertex -75.4992661493922 0.8013744526041959 5
    endloop
  endfacet
  facet normal 0 0 1
    outer loop
      vertex -79 74 5
      vertex -75.4992661493922 0.8013744526041959 5
      vertex -75.41349834091433 0.9444693961333237 5
    endloop
  endfacet
  facet normal 0 0 1
    outer loop
      vertex -79 74 5
      vertex -75.41349834091433 0.9444693961333237 5
      vertex -70.61654018903259 14.046503185161233 5
    endloop
  endfacet
  facet normal 0 0 1
    outer loop
      vertex -79 74 5
      vertex -70.61654018903259 14.046503185161233 5
      vertex -68.89970417271904 20.90049676232129 5
    endloop
  endfacet
  facet normal 0 0 1
    outer loop
      vertex -66.51932634081264 27.553207130286463 5
      vertex -66.46465696508427 62.25 5
      vertex -68.89970417271904 20.90049676232129 5
    endloop
  endfacet
  facet normal -0.9987954563607843 0.049067671159865246 0
    outer loop
      vertex -79 74 0
      vertex -79 74 5
      vertex -78.97592363506556 74.49008569866419 5
    endloop
  endfacet
  facet normal -0.989176509724005 0.14673047607854153 0
    outer loop
      vertex -78.97592363506556 74.49008569866419 0
      vertex -78.97592363506556 74.49008569866419 5
      vertex -78.9039264023304 74.97545161098242 5
    endloop
  endfacet
  facet normal -0.9700312510179108 0.242980188592871 0
    outer loop
      vertex -78.9039264023304 74.97545161098242 0
      vertex -78.9039264023304 74.97545161098242 5
      vertex -78.78470167517662 75.45142338424921 5
    endloop
  endfacet
  facet normal -0.941544067614677 0.33688984659619614 0
    outer loop
      vertex -78.78470167517662 75.45142338424921 0
      vertex -78.78470167517662 75.45142338424921 5
      vertex -78.61939766258001 75.91341716051102 5
    endloop
  endfacet
  facet normal -0.9039892942597552 0.42755509102775247 0
    outer loop
      vertex -78.61939766258001 75.91341716051102 0
      vertex -78.61939766258001 75.91341716051102 5
      vertex -78.40960632264614 76.35698368400335 5
    endloop
  endfacet
  facet normal -0.8577286066956991 0.5141027497065687 0
    outer loop
      vertex -78.40960632264614 76.35698368400335 0
      vertex -78.40960632264614 76.35698368400335 5
      vertex -78.1573480591178 76.77785116434097 5
    endloop
  endfacet
  facet normal -0.8032075338446834 0.5956993013048966 0
    outer loop
      vertex -78.1573480591178 76.77785116434097 0
      vertex -78.1573480591178 76.77785116434097 5
      vertex -77.86505226790905 77.17196641862392 5
    endloop
  endfacet
  facet normal -0.7409511245144411 0.6715589557743872 0
    outer loop
      vertex -77.86505226790905 77.17196641862392 0
      vertex -77.86505226790905 77.17196641862392 5
      vertex -77.5355339050293 77.5355339050293 5
    endloop
  endfacet
  facet normal -0.6715589557743872 0.7409511245144411 0
    outer loop
      vertex -77.5355339050293 77.5355339050293 0
      vertex -77.5355339050293 77.5355339050293 5
      vertex -77.17196641862392 77.86505226790905 5
    endloop
  endfacet
  facet normal -0.5956993013048966 0.8032075338446834 0
    outer loop
      vertex -77.17196641862392 77.86505226790905 0
      vertex -77.17196641862392 77.86505226790905 5
      vertex -76.77785116434097 78.1573480591178 5
    endloop
  endfacet
  facet normal -0.5141027497065687 0.8577286066956991 0
    outer loop
      vertex -76.77785116434097 78.1573480591178 0
      vertex -76.77785116434097 78.1573480591178 5
      vertex -76.35698368400335 78.40960632264614 5
    endloop
  endfacet
  facet normal -0.42755509102775247 0.9039892942597552 0
    outer loop
      vertex -76.35698368400335 78.40960632264614 0
      vertex -76.35698368400335 78.40960632264614 5
      vertex -75.91341716051102 78.61939766258001 5
    endloop
  endfacet
  facet normal -0.33688984659619614 0.941544067614677 0
    outer loop
      vertex -75.91341716051102 78.61939766258001 0
      vertex -75.91341716051102 78.61939766258001 5
      vertex -75.45142338424921 78.78470167517662 5
    endloop
  endfacet
  facet normal -0.242980188592871 0.9700312510179108 0
    outer loop
      vertex -75.45142338424921 78.78470167517662 0
      vertex -75.45142338424921 78.78470167517662 5
      vertex -74.97545161098242 78.9039264023304 5
    endloop
  endfacet
  facet normal -0.14673047607854153 0.989176509724005 0
    outer loop
      vertex -74.97545161098242 78.9039264023304 0
      vertex -74.97545161098242 78.9039264023304 5
      vertex -74.49008569866419 78.97592363506556 5
    endloop
  endfacet
  facet normal -0.049067671159865246 0.9987954563607843 0
    outer loop
      vertex -74.49008569866419 78.97592363506556 0
      vertex -74.49008569866419 78.97592363506556 5
      vertex -74 79 5
    endloop
  endfacet
  facet normal 0 0 1
    outer loop
      vertex -79 74 5
      vertex -68.89970417271904 20.90049676232129 5
      vertex -66.46465696508427 62.25 5
    endloop
  endfacet
  facet normal 0 0 1
    outer loop
      vertex -63.49833103308156 33.94056505147183 5
      vertex -66.46465696508427 62.25 5
      vertex -66.51932634081264 27.553207130286463 5
    endloop
  endfacet
  facet normal 0 0 1
    outer loop
      vertex -63.49833103308156 33.94056505147183 5
      vertex -59.865812085783254 40.00105677741136 5
      vertex -64.35732848254213 58.6 5
    endloop
  endfacet
  facet normal 0 0 1
    outer loop
      vertex -55.65675264211706 45.67631645978248 5
      vertex -64.35732848254213 58.6 5
      vertex -59.865812085783254 40.00105677741136 5
    endloop
  endfacet
  facet normal 0 0 1
    outer loop
      vertex -63.49833103308156 33.94056505147183 5
      vertex -64.35732848254213 58.6 5
      vertex -66.46465696508427 62.25 5
    endloop
  endfacet
  facet normal 0 0 1
    outer loop
      vertex -60.14267151745786 58.6 5
      vertex -64.35732848254213 58.6 5
      vertex -55.65675264211706 45.67631645978248 5
    endloop
  endfacet
  facet normal 0 0 1
    outer loop
      vertex -79 74 5
      vertex -66.46465696508427 62.25 5
      vertex -64.35732848254213 65.9 5
    endloop
  endfacet
  facet normal 0 0 1
    outer loop
      vertex -74.97545161098242 78.9039264023304 5
      vertex -74 79 5
      vertex -74.49008569866419 78.97592363506556 5
    endloop
  endfacet
  facet normal 0 0 1
    outer loop
      vertex -79 74 5
      vertex -64.35732848254213 65.9 5
      vertex -60.14267151745786 65.9 5
    endloop
  endfacet
  facet normal 0 0 1
    outer loop
      vertex -60.14267151745786 58.6 5
      vertex -55.65675264211706 45.67631645978248 5
      vertex -50.91168824543143 50.91168824543143 5
    endloop
  endfacet
  facet normal 0 0 1
    outer loop
      vertex -60.14267151745786 58.6 5
      vertex -45.67631645978248 55.65675264211706 5
      vertex -58.03534303491573 62.25 5
    endloop
  endfacet
  facet normal 0 0 1
    outer loop
      vertex -60.14267151745786 58.6 5
      vertex -50.91168824543143 50.91168824543143 5
      vertex -45.67631645978248 55.65675264211706 5
    endloop
  endfacet
  facet normal 0 0 1
    outer loop
      vertex -58.03534303491573 62.25 5
      vertex -33.94056505147183 63.49833103308156 5
      vertex -60.14267151745786 65.9 5
    endloop
  endfacet
  facet normal 0 0 1
    outer loop
      vertex -79 74 5
      vertex -60.14267151745786 65.9 5
      vertex -20.90049676232129 68.89970417271904 5
    endloop
  endfacet
  facet normal 0 0 1
    outer loop
      vertex -79 74 5
      vertex -1.4992661493922035 74.8013744526042 5
      vertex -78.97592363506556 74.49008569866419 5
    endloop
  endfacet
  facet normal 0 0 1
    outer loop
      vertex -78.97592363506556 74.49008569866419 5
      vertex -1.2020815280171309 75.20208152801713 5
      vertex -78.9039264023304 74.97545161098242 5
    endloop
  endfacet
  facet normal 0 0 1
    outer loop
      vertex -78.9039264023304 74.97545161098242 5
      vertex -0.33165354742741804 75.6673349766855 5
      vertex -78.78470167517662 75.45142338424921 5
    endloop
  endfacet
  facet normal 0 0 1
    outer loop
      vertex -58.03534303491573 62.25 5
      vertex -45.67631645978248 55.65675264211706 5
      vertex -40.00105677741136 59.865812085783254 5
    endloop
  endfacet
  facet normal 0 0 1
    outer loop
      vertex -58.03534303491573 62.25 5
      vertex -40.00105677741136 59.865812085783254 5
      vertex -33.94056505147183 63.49833103308156 5
    endloop
  endfacet
  facet normal 0 0 1
    outer loop
      vertex -60.14267151745786 65.9 5
      vertex -33.94056505147183 63.49833103308156 5
      vertex -27.553207130286463 66.51932634081264 5
    endloop
  endfacet
  facet normal 0 1 0
    outer loop
      vertex -74 79 0
      vertex -74 79 5
      vertex 74 79 5
    endloop
  endfacet
  facet normal 0 0 1
    outer loop
      vertex -60.14267151745786 65.9 5
      vertex -27.553207130286463 66.51932634081264 5
      vertex -20.90049676232129 68.89970417271904 5
    endloop
  endfacet
  facet normal 0 0 1
    outer loop
      vertex -79 74 5
      vertex -20.90049676232129 68.89970417271904 5
      vertex -14.046503185161233 70.61654018903259 5
    endloop
  endfacet
  facet normal 0 0 1
    outer loop
      vertex -79 74 5
      vertex -14.046503185161233 70.61654018903259 5
      vertex -7.057234103728364 71.65330032039817 5
    endloop
  endfacet
  facet normal 0 0 1
    outer loop
      vertex -79 74 5
      vertex -7.057234103728364 71.65330032039817 5
      vertex 0 72 5
    endloop
  endfacet
  facet normal 0 0 1
    outer loop
      vertex -79 74 5
      vertex -1.2020815280171309 72.79791847198287 5
      vertex -1.314117770716653 72.92153141692181 5
    endloop
  endfacet
  facet normal 0 0 1
    outer loop
      vertex -79 74 5
      vertex -1.413498340914327 73.05553060386667 5
      vertex -1.4992661493922035 73.1986255473958 5
    endloop
  endfacet
  facet normal 0 0 1
    outer loop
      vertex -79 74 5
      vertex -1.314117770716653 72.92153141692181 5
      vertex -1.413498340914327 73.05553060386667 5
    endloop
  endfacet
  facet normal 0 0 1
    outer loop
      vertex -79 74 5
      vertex -1.4992661493922035 73.1986255473958 5
      vertex -1.5705952052691874 73.34943816497935 5
    endloop
  endfacet
  facet normal 0 0 1
    outer loop
      vertex -79 74 5
      vertex -1.626798570744755 73.50651604866741 5
      vertex -1.6673349766854917 73.66834645257258 5
    endloop
  endfacet
  facet normal 0 0 1
    outer loop
      vertex -79 74 5
      vertex -1.5705952052691874 73.34943816497935 5
      vertex -1.626798570744755 73.50651604866741 5
    endloop
  endfacet
  facet normal 0 0 1
    outer loop
      vertex -79 74 5
      vertex -1.6673349766854917 73.66834645257258 5
      vertex -1.6918140353427347 73.83337086143975 5
    endloop
  endfacet
  facet normal 0 0 1
    outer loop
      vertex -79 74 5
      vertex -1.7 74 5
      vertex -1.6918140353427347 74.16662913856025 5
    endloop
  endfacet
  facet normal 0 0 1
    outer loop
      vertex -79 74 5
      vertex -1.6918140353427347 73.83337086143975 5
      vertex -1.7 74 5
    endloop
  endfacet
  facet normal 0 0 1
    outer loop
      vertex -79 74 5
      vertex 0 72 5
      vertex -0.33165354742741804 72.3326650233145 5
    endloop
  endfacet
  facet normal 0 0 1
    outer loop
      vertex -79 74 5
      vertex -0.9444693961333237 72.58650165908567 5
      vertex -1.0784685830781973 72.68588222928335 5
    endloop
  endfacet
  facet normal 0 0 1
    outer loop
      vertex -79 74 5
      vertex -0.8013744526041959 72.5007338506078 5
      vertex -0.9444693961333237 72.58650165908567 5
    endloop
  endfacet
  facet normal 0 0 1
    outer loop
      vertex -79 74 5
      vertex -1.0784685830781973 72.68588222928335 5
      vertex -1.2020815280171309 72.79791847198287 5
    endloop
  endfacet
  facet normal 0 0 1
    outer loop
      vertex -79 74 5
      vertex -0.6505618350206526 72.42940479473081 5
      vertex -0.8013744526041959 72.5007338506078 5
    endloop
  endfacet
  facet normal 0 0 1
    outer loop
      vertex -79 74 5
      vertex -0.49348395133258594 72.37320142925525 5
      vertex -0.6505618350206526 72.42940479473081 5
    endloop
  endfacet
  facet normal 0 0 1
    outer loop
      vertex -79 74 5
      vertex -0.33165354742741804 72.3326650233145 5
      vertex -0.49348395133258594 72.37320142925525 5
    endloop
  endfacet
  facet normal 0 0 1
    outer loop
      vertex -79 74 5
      vertex -1.6918140353427347 74.16662913856025 5
      vertex -1.6673349766854917 74.33165354742742 5
    endloop
  endfacet
  facet normal 0 0 1
    outer loop
      vertex -79 74 5
      vertex -1.6673349766854917 74.33165354742742 5
      vertex -1.626798570744755 74.49348395133259 5
    endloop
  endfacet
  facet normal 0 0 1
    outer loop
      vertex -79 74 5
      vertex -1.5705952052691874 74.65056183502065 5
      vertex -1.4992661493922035 74.8013744526042 5
    endloop
  endfacet
  facet normal 0 0 1
    outer loop
      vertex -79 74 5
      vertex -1.626798570744755 74.49348395133259 5
      vertex -1.5705952052691874 74.65056183502065 5
    endloop
  endfacet
  facet normal 0 0 1
    outer loop
      vertex -78.97592363506556 74.49008569866419 5
      vertex -1.4992661493922035 74.8013744526042 5
      vertex -1.413498340914327 74.94446939613333 5
    endloop
  endfacet
  facet normal 0 0 1
    outer loop
      vertex -78.97592363506556 74.49008569866419 5
      vertex -1.413498340914327 74.94446939613333 5
      vertex -1.314117770716653 75.07846858307819 5
    endloop
  endfacet
  facet normal 0 0 1
    outer loop
      vertex -78.97592363506556 74.49008569866419 5
      vertex -1.314117770716653 75.07846858307819 5
      vertex -1.2020815280171309 75.20208152801713 5
    endloop
  endfacet
  facet normal 0 0 1
    outer loop
      vertex -78.9039264023304 74.97545161098242 5
      vertex -1.2020815280171309 75.20208152801713 5
      vertex -1.0784685830781973 75.31411777071665 5
    endloop
  endfacet
  facet normal 0 0 1
    outer loop
      vertex -78.9039264023304 74.97545161098242 5
      vertex -0.9444693961333237 75.41349834091433 5
      vertex -0.8013744526041959 75.4992661493922 5
    endloop
  endfacet
  facet normal 0 0 1
    outer loop
      vertex -78.9039264023304 74.97545161098242 5
      vertex -1.0784685830781973 75.31411777071665 5
      vertex -0.9444693961333237 75.41349834091433 5
    endloop
  endfacet
  facet normal 0 0 1
    outer loop
      vertex -78.9039264023304 74.97545161098242 5
      vertex -0.8013744526041959 75.4992661493922 5
      vertex -0.6505618350206526 75.57059520526919 5
    endloop
  endfacet
  facet normal 0 0 1
    outer loop
      vertex -78.9039264023304 74.97545161098242 5
      vertex -0.49348395133258594 75.62679857074475 5
      vertex -0.33165354742741804 75.6673349766855 5
    endloop
  endfacet
  facet normal 0 0 1
    outer loop
      vertex -78.9039264023304 74.97545161098242 5
      vertex -0.6505618350206526 75.57059520526919 5
      vertex -0.49348395133258594 75.62679857074475 5
    endloop
  endfacet
  facet normal 0 0 1
    outer loop
      vertex -78.78470167517662 75.45142338424921 5
      vertex -0.33165354742741804 75.6673349766855 5
      vertex -0.16662913856025302 75.69181403534273 5
    endloop
  endfacet
  facet normal 0 0 1
    outer loop
      vertex -78.78470167517662 75.45142338424921 5
      vertex -0.16662913856025302 75.69181403534273 5
      vertex 0 75.7 5
    endloop
  endfacet
  facet normal 0 0 1
    outer loop
      vertex -78.78470167517662 75.45142338424921 5
      vertex 78.1573480591178 76.77785116434097 5
      vertex -78.61939766258001 75.91341716051102 5
    endloop
  endfacet
  facet normal 0 0 1
    outer loop
      vertex -78.61939766258001 75.91341716051102 5
      vertex 77.86505226790905 77.17196641862392 5
      vertex -78.40960632264614 76.35698368400335 5
    endloop
  endfacet
  facet normal 0 0 1
    outer loop
      vertex -78.40960632264614 76.35698368400335 5
      vertex 77.5355339050293 77.5355339050293 5
      vertex -78.1573480591178 76.77785116434097 5
    endloop
  endfacet
  facet normal 0 0 1
    outer loop
      vertex -78.1573480591178 76.77785116434097 5
      vertex 77.17196641862392 77.86505226790905 5
      vertex -77.86505226790905 77.17196641862392 5
    endloop
  endfacet
  facet normal 0 0 1
    outer loop
      vertex -77.86505226790905 77.17196641862392 5
      vertex 76.77785116434097 78.1573480591178 5
      vertex -77.5355339050293 77.5355339050293 5
    endloop
  endfacet
  facet normal 0 0 1
    outer loop
      vertex -77.5355339050293 77.5355339050293 5
      vertex 76.35698368400335 78.40960632264614 5
      vertex -77.17196641862392 77.86505226790905 5
    endloop
  endfacet
  facet normal 0 0 1
    outer loop
      vertex -77.17196641862392 77.86505226790905 5
      vertex 75.91341716051102 78.61939766258001 5
      vertex -76.77785116434097 78.1573480591178 5
    endloop
  endfacet
  facet normal 0 0 1
    outer loop
      vertex -76.77785116434097 78.1573480591178 5
      vertex 75.45142338424921 78.78470167517662 5
      vertex -76.35698368400335 78.40960632264614 5
    endloop
  endfacet
  facet normal 0 0 1
    outer loop
      vertex -76.35698368400335 78.40960632264614 5
      vertex 74.97545161098242 78.9039264023304 5
      vertex -75.91341716051102 78.61939766258001 5
    endloop
  endfacet
  facet normal 0 0 1
    outer loop
      vertex -75.91341716051102 78.61939766258001 5
      vertex 74.49008569866419 78.97592363506556 5
      vertex -75.45142338424921 78.78470167517662 5
    endloop
  endfacet
  facet normal 0 0 1
    outer loop
      vertex -75.45142338424921 78.78470167517662 5
      vertex 74 79 5
      vertex -74.97545161098242 78.9039264023304 5
    endloop
  endfacet
  facet normal 0 0 1
    outer loop
      vertex -74.97545161098242 78.9039264023304 5
      vertex 74 79 5
      vertex -74 79 5
    endloop
  endfacet
  facet normal 0 0 1
    outer loop
      vertex 0 72.3 5
      vertex -0.16662913856025302 72.30818596465727 5
      vertex 0 72 5
    endloop
  endfacet
  facet normal 0 0 1
    outer loop
      vertex -0.16662913856025302 72.30818596465727 5
      vertex -0.33165354742741804 72.3326650233145 5
      vertex 0 72 5
    endloop
  endfacet
  facet normal 0 0 1
    outer loop
      vertex -78.78470167517662 75.45142338424921 5
      vertex 0 75.7 5
      vertex 78.40960632264614 76.35698368400335 5
    endloop
  endfacet
  facet normal 0 0 -1
    outer loop
      vertex -78.40960632264614 -76.35698368400335 0
      vertex 0 -75.7 0
      vertex 78.78470167517662 -75.45142338424921 0
    endloop
  endfacet
  facet normal 0 0 -1
    outer loop
      vertex 0.16662913856025302 -72.30818596465727 0
      vertex 0 -72.3 0
      vertex 6.665165542410121 -67.67256141370939 0
    endloop
  endfacet
  facet normal 0 0 -1
    outer loop
      vertex 6.665165542410121 -67.67256141370939 0
      vertex 0.33165354742741804 -72.3326650233145 0
      vertex 0.16662913856025302 -72.30818596465727 0
    endloop
  endfacet
  facet normal 0 0 -1
    outer loop
      vertex 0 -68 0
      vertex 6.665165542410121 -67.67256141370939 0
      vertex 0 -72.3 0
    endloop
  endfacet
  facet normal 0 0 -1
    outer loop
      vertex 6.665165542410121 -67.67256141370939 0
      vertex 0.6505618350206526 -72.42940479473081 0
      vertex 0.49348395133258594 -72.37320142925525 0
    endloop
  endfacet
  facet normal 0 0 -1
    outer loop
      vertex 6.665165542410121 -67.67256141370939 0
      vertex 0.49348395133258594 -72.37320142925525 0
      vertex 0.33165354742741804 -72.3326650233145 0
    endloop
  endfacet
  facet normal 0 0 -1
    outer loop
      vertex -74 -79 0
      vertex 74.97545161098242 -78.9039264023304 0
      vertex 74 -79 0
    endloop
  endfacet
  facet normal 0 0 -1
    outer loop
      vertex -74 -79 0
      vertex 75.45142338424921 -78.78470167517662 0
      vertex 74.97545161098242 -78.9039264023304 0
    endloop
  endfacet
  facet normal 0 0 -1
    outer loop
      vertex -74.49008569866419 -78.97592363506556 0
      vertex 75.91341716051102 -78.61939766258001 0
      vertex 75.45142338424921 -78.78470167517662 0
    endloop
  endfacet
  facet normal 0 0 -1
    outer loop
      vertex -74.97545161098242 -78.9039264023304 0
      vertex 76.35698368400335 -78.40960632264614 0
      vertex 75.91341716051102 -78.61939766258001 0
    endloop
  endfacet
  facet normal 0 0 -1
    outer loop
      vertex -75.45142338424921 -78.78470167517662 0
      vertex 76.77785116434097 -78.1573480591178 0
      vertex 76.35698368400335 -78.40960632264614 0
    endloop
  endfacet
  facet normal 0 0 -1
    outer loop
      vertex -75.91341716051102 -78.61939766258001 0
      vertex 77.17196641862392 -77.86505226790905 0
      vertex 76.77785116434097 -78.1573480591178 0
    endloop
  endfacet
  facet normal 0 0 -1
    outer loop
      vertex -76.35698368400335 -78.40960632264614 0
      vertex 77.5355339050293 -77.5355339050293 0
      vertex 77.17196641862392 -77.86505226790905 0
    endloop
  endfacet
  facet normal 0 0 -1
    outer loop
      vertex -76.77785116434097 -78.1573480591178 0
      vertex 77.86505226790905 -77.17196641862392 0
      vertex 77.5355339050293 -77.5355339050293 0
    endloop
  endfacet
  facet normal 0 0 -1
    outer loop
      vertex -77.17196641862392 -77.86505226790905 0
      vertex 78.1573480591178 -76.77785116434097 0
      vertex 77.86505226790905 -77.17196641862392 0
    endloop
  endfacet
  facet normal 0 0 -1
    outer loop
      vertex -77.5355339050293 -77.5355339050293 0
      vertex 78.40960632264614 -76.35698368400335 0
      vertex 78.1573480591178 -76.77785116434097 0
    endloop
  endfacet
  facet normal 0 0 -1
    outer loop
      vertex -77.86505226790905 -77.17196641862392 0
      vertex 78.61939766258001 -75.91341716051102 0
      vertex 78.40960632264614 -76.35698368400335 0
    endloop
  endfacet
  facet normal 0 0 -1
    outer loop
      vertex -78.1573480591178 -76.77785116434097 0
      vertex 78.78470167517662 -75.45142338424921 0
      vertex 78.61939766258001 -75.91341716051102 0
    endloop
  endfacet
  facet normal 0 0 -1
    outer loop
      vertex 78.78470167517662 -75.45142338424921 0
      vertex 0 -75.7 0
      vertex 0.16662913856025302 -75.69181403534273 0
    endloop
  endfacet
  facet normal 0 0 -1
    outer loop
      vertex 78.78470167517662 -75.45142338424921 0
      vertex 0.33165354742741804 -75.6673349766855 0
      vertex 0.49348395133258594 -75.62679857074475 0
    endloop
  endfacet
  facet normal 0 0 -1
    outer loop
      vertex 78.78470167517662 -75.45142338424921 0
      vertex 0.16662913856025302 -75.69181403534273 0
      vertex 0.33165354742741804 -75.6673349766855 0
    endloop
  endfacet
  facet normal 0 0 -1
    outer loop
      vertex 78.9039264023304 -74.97545161098242 0
      vertex 0.49348395133258594 -75.62679857074475 0
      vertex 0.6505618350206526 -75.57059520526919 0
    endloop
  endfacet
  facet normal 0 0 -1
    outer loop
      vertex 78.9039264023304 -74.97545161098242 0
      vertex 0.6505618350206526 -75.57059520526919 0
      vertex 0.8013744526041959 -75.4992661493922 0
    endloop
  endfacet
  facet normal 0 0 -1
    outer loop
      vertex 78.9039264023304 -74.97545161098242 0
      vertex 0.8013744526041959 -75.4992661493922 0
      vertex 0.9444693961333237 -75.41349834091433 0
    endloop
  endfacet
  facet normal 0 0 -1
    outer loop
      vertex 78.9039264023304 -74.97545161098242 0
      vertex 0.9444693961333237 -75.41349834091433 0
      vertex 1.0784685830781973 -75.31411777071665 0
    endloop
  endfacet
  facet normal 0 0 -1
    outer loop
      vertex 78.9039264023304 -74.97545161098242 0
      vertex 1.0784685830781973 -75.31411777071665 0
      vertex 1.2020815280171309 -75.20208152801713 0
    endloop
  endfacet
  facet normal 0 0 -1
    outer loop
      vertex 78.9039264023304 -74.97545161098242 0
      vertex 1.2020815280171309 -75.20208152801713 0
      vertex 1.314117770716653 -75.07846858307819 0
    endloop
  endfacet
  facet normal 0 0 -1
    outer loop
      vertex 78.97592363506556 -74.49008569866419 0
      vertex 1.314117770716653 -75.07846858307819 0
      vertex 1.413498340914327 -74.94446939613333 0
    endloop
  endfacet
  facet normal 0 0 -1
    outer loop
      vertex 78.97592363506556 -74.49008569866419 0
      vertex 1.413498340914327 -74.94446939613333 0
      vertex 1.4992661493922035 -74.8013744526042 0
    endloop
  endfacet
  facet normal 0 0 -1
    outer loop
      vertex 78.97592363506556 -74.49008569866419 0
      vertex 1.4992661493922035 -74.8013744526042 0
      vertex 1.5705952052691874 -74.65056183502065 0
    endloop
  endfacet
  facet normal 0 0 -1
    outer loop
      vertex 79 -74 0
      vertex 1.5705952052691874 -74.65056183502065 0
      vertex 1.626798570744755 -74.49348395133259 0
    endloop
  endfacet
  facet normal 0 0 -1
    outer loop
      vertex 79 -74 0
      vertex 1.626798570744755 -74.49348395133259 0
      vertex 1.6673349766854917 -74.33165354742742 0
    endloop
  endfacet
  facet normal 0 0 -1
    outer loop
      vertex 79 -74 0
      vertex 1.6673349766854917 -74.33165354742742 0
      vertex 1.6918140353427347 -74.16662913856025 0
    endloop
  endfacet
  facet normal 0 0 -1
    outer loop
      vertex 79 -74 0
      vertex 0.8013744526041959 -72.5007338506078 0
      vertex 0.6505618350206526 -72.42940479473081 0
    endloop
  endfacet
  facet normal 0 0 -1
    outer loop
      vertex 79 -74 0
      vertex 1.2020815280171309 -72.79791847198287 0
      vertex 1.0784685830781973 -72.68588222928335 0
    endloop
  endfacet
  facet normal 0 0 -1
    outer loop
      vertex 79 -74 0
      vertex 0.9444693961333237 -72.58650165908567 0
      vertex 0.8013744526041959 -72.5007338506078 0
    endloop
  endfacet
  facet normal 0 0 -1
    outer loop
      vertex 79 -74 0
      vertex 1.0784685830781973 -72.68588222928335 0
      vertex 0.9444693961333237 -72.58650165908567 0
    endloop
  endfacet
  facet normal 0 0 -1
    outer loop
      vertex 79 -74 0
      vertex 1.6918140353427347 -74.16662913856025 0
      vertex 1.7 -74 0
    endloop
  endfacet
  facet normal 0 0 -1
    outer loop
      vertex 79 -74 0
      vertex 1.7 -74 0
      vertex 1.6918140353427347 -73.83337086143975 0
    endloop
  endfacet
  facet normal 0 0 -1
    outer loop
      vertex 79 -74 0
      vertex 1.6918140353427347 -73.83337086143975 0
      vertex 1.6673349766854917 -73.66834645257258 0
    endloop
  endfacet
  facet normal 0 0 -1
    outer loop
      vertex 79 -74 0
      vertex 1.6673349766854917 -73.66834645257258 0
      vertex 1.626798570744755 -73.50651604866741 0
    endloop
  endfacet
  facet normal 0 0 -1
    outer loop
      vertex 79 -74 0
      vertex 1.626798570744755 -73.50651604866741 0
      vertex 1.5705952052691874 -73.34943816497935 0
    endloop
  endfacet
  facet normal 0 0 -1
    outer loop
      vertex 79 -74 0
      vertex 1.5705952052691874 -73.34943816497935 0
      vertex 1.4992661493922035 -73.1986255473958 0
    endloop
  endfacet
  facet normal 0 0 -1
    outer loop
      vertex 79 -74 0
      vertex 1.4992661493922035 -73.1986255473958 0
      vertex 1.413498340914327 -73.05553060386667 0
    endloop
  endfacet
  facet normal 0 0 -1
    outer loop
      vertex 79 -74 0
      vertex 1.413498340914327 -73.05553060386667 0
      vertex 1.314117770716653 -72.92153141692181 0
    endloop
  endfacet
  facet normal 0 0 -1
    outer loop
      vertex 79 -74 0
      vertex 1.314117770716653 -72.92153141692181 0
      vertex 1.2020815280171309 -72.79791847198287 0
    endloop
  endfacet
  facet normal 0 0 -1
    outer loop
      vertex 79 -74 0
      vertex 0.6505618350206526 -72.42940479473081 0
      vertex 6.665165542410121 -67.67256141370939 0
    endloop
  endfacet
  facet normal 0 0 -1
    outer loop
      vertex 79 -74 0
      vertex 6.665165542410121 -67.67256141370939 0
      vertex 13.266141897096722 -66.69339906741968 0
    endloop
  endfacet
  facet normal 0 0 -1
    outer loop
      vertex 79 -74 0
      vertex 13.266141897096722 -66.69339906741968 0
      vertex 19.739358053303437 -65.0719428297902 0
    endloop
  endfacet
  facet normal 0 0 -1
    outer loop
      vertex 79 -74 0
      vertex 19.739358053303437 -65.0719428297902 0
      vertex 26.022473400826104 -62.823808210767496 0
    endloop
  endfacet
  facet normal 0 0 -1
    outer loop
      vertex 26.022473400826104 -62.823808210767496 0
      vertex 32.05497810416784 -59.97064597568814 0
      vertex 61.16578750530021 -64.27841890800121 0
    endloop
  endfacet
  facet normal 0 0 -1
    outer loop
      vertex 32.05497810416784 -59.97064597568814 0
      vertex 37.778775845332945 -56.539933636573075 0
      vertex 59.95 -62.25 0
    endloop
  endfacet
  facet normal 0 0 -1
    outer loop
      vertex 78.78470167517662 -75.45142338424921 0
      vertex 0.49348395133258594 -75.62679857074475 0
      vertex 78.9039264023304 -74.97545161098242 0
    endloop
  endfacet
  facet normal 0 0 -1
    outer loop
      vertex 78.9039264023304 -74.97545161098242 0
      vertex 1.314117770716653 -75.07846858307819 0
      vertex 78.97592363506556 -74.49008569866419 0
    endloop
  endfacet
  facet normal 0 0 -1
    outer loop
      vertex 78.97592363506556 -74.49008569866419 0
      vertex 1.5705952052691874 -74.65056183502065 0
      vertex 79 -74 0
    endloop
  endfacet
  facet normal 0 0 -1
    outer loop
      vertex 61.58234524231474 -64.45096277218408 0
      vertex 26.022473400826104 -62.823808210767496 0
      vertex 61.369828105560295 -64.37492292477596 0
    endloop
  endfacet
  facet normal 0 0 -1
    outer loop
      vertex 26.022473400826104 -62.823808210767496 0
      vertex 61.16578750530021 -64.27841890800121 0
      vertex 61.369828105560295 -64.37492292477596 0
    endloop
  endfacet
  facet normal 0 0 -1
    outer loop
      vertex 60.62365440327094 -63.87634559672906 0
      vertex 32.05497810416784 -59.97064597568814 0
      vertex 60.4720759572657 -63.70910455357638 0
    endloop
  endfacet
  facet normal 0 0 -1
    outer loop
      vertex 60.4720759572657 -63.70910455357638 0
      vertex 32.05497810416784 -59.97064597568814 0
      vertex 60.33761989170414 -63.527811535945084 0
    endloop
  endfacet
  facet normal 0 0 -1
    outer loop
      vertex 60.79089544642362 -64.0279240427343 0
      vertex 32.05497810416784 -59.97064597568814 0
      vertex 60.62365440327094 -63.87634559672906 0
    endloop
  endfacet
  facet normal 0 0 -1
    outer loop
      vertex 60.33761989170414 -63.527811535945084 0
      vertex 32.05497810416784 -59.97064597568814 0
      vertex 60.221581091998786 -63.33421249469979 0
    endloop
  endfacet
  facet normal 0 0 -1
    outer loop
      vertex 60.221581091998786 -63.33421249469979 0
      vertex 32.05497810416784 -59.97064597568814 0
      vertex 60.12507707522404 -63.130171894439705 0
    endloop
  endfacet
  facet normal 0 0 -1
    outer loop
      vertex 60.12507707522404 -63.130171894439705 0
      vertex 32.05497810416784 -59.97064597568814 0
      vertex 60.04903722781592 -62.91765475768526 0
    endloop
  endfacet
  facet normal 0 0 -1
    outer loop
      vertex 60.04903722781592 -62.91765475768526 0
      vertex 32.05497810416784 -59.97064597568814 0
      vertex 59.99419385507257 -62.6987077406371 0
    endloop
  endfacet
  facet normal 0 0 -1
    outer loop
      vertex 60.972188464054916 -64.16238010829585 0
      vertex 32.05497810416784 -59.97064597568814 0
      vertex 60.79089544642362 -64.0279240427343 0
    endloop
  endfacet
  facet normal 0 0 -1
    outer loop
      vertex 61.16578750530021 -64.27841890800121 0
      vertex 32.05497810416784 -59.97064597568814 0
      vertex 60.972188464054916 -64.16238010829585 0
    endloop
  endfacet
  facet normal 0 0 -1
    outer loop
      vertex 59.961075128653945 -62.47543942275799 0
      vertex 32.05497810416784 -59.97064597568814 0
      vertex 59.95 -62.25 0
    endloop
  endfacet
  facet normal 0 0 -1
    outer loop
      vertex 59.99419385507257 -62.6987077406371 0
      vertex 32.05497810416784 -59.97064597568814 0
      vertex 59.961075128653945 -62.47543942275799 0
    endloop
  endfacet
  facet normal 0 0 -1
    outer loop
      vertex 79 -74 0
      vertex 26.022473400826104 -62.823808210767496 0
      vertex 61.58234524231474 -64.45096277218408 0
    endloop
  endfacet
  facet normal 0 0 -1
    outer loop
      vertex 37.778775845332945 -56.539933636573075 0
      vertex 43.13874332312789 -52.564710828666115 0
      vertex 59.95 -62.25 0
    endloop
  endfacet
  facet normal 0 0 -1
    outer loop
      vertex 60.12507707522404 -61.369828105560295 0
      vertex 43.13874332312789 -52.564710828666115 0
      vertex 48.083261120685236 -48.083261120685236 0
    endloop
  endfacet
  facet normal 0 0 -1
    outer loop
      vertex 60.62365440327094 -60.62365440327094 0
      vertex 48.083261120685236 -48.083261120685236 0
      vertex 52.564710828666115 -43.13874332312789 0
    endloop
  endfacet
  facet normal 0 0 -1
    outer loop
      vertex 59.95 -62.25 0
      vertex 43.13874332312789 -52.564710828666115 0
      vertex 59.961075128653945 -62.02456057724201 0
    endloop
  endfacet
  facet normal 0 0 -1
    outer loop
      vertex 59.961075128653945 -62.02456057724201 0
      vertex 43.13874332312789 -52.564710828666115 0
      vertex 59.99419385507257 -61.8012922593629 0
    endloop
  endfacet
  facet normal 0 0 -1
    outer loop
      vertex 59.99419385507257 -61.8012922593629 0
      vertex 43.13874332312789 -52.564710828666115 0
      vertex 60.04903722781592 -61.58234524231474 0
    endloop
  endfacet
  facet normal 0 0 -1
    outer loop
      vertex 60.04903722781592 -61.58234524231474 0
      vertex 43.13874332312789 -52.564710828666115 0
      vertex 60.12507707522404 -61.369828105560295 0
    endloop
  endfacet
  facet normal 0 0 -1
    outer loop
      vertex 60.12507707522404 -61.369828105560295 0
      vertex 48.083261120685236 -48.083261120685236 0
      vertex 60.221581091998786 -61.16578750530021 0
    endloop
  endfacet
  facet normal 0 0 -1
    outer loop
      vertex 60.221581091998786 -61.16578750530021 0
      vertex 48.083261120685236 -48.083261120685236 0
      vertex 60.33761989170414 -60.972188464054916 0
    endloop
  endfacet
  facet normal 0 0 -1
    outer loop
      vertex 60.33761989170414 -60.972188464054916 0
      vertex 48.083261120685236 -48.083261120685236 0
      vertex 60.4720759572657 -60.79089544642362 0
    endloop
  endfacet
  facet normal 0 0 -1
    outer loop
      vertex 60.4720759572657 -60.79089544642362 0
      vertex 48.083261120685236 -48.083261120685236 0
      vertex 60.62365440327094 -60.62365440327094 0
    endloop
  endfacet
  facet normal 0 0 -1
    outer loop
      vertex 60.62365440327094 -60.62365440327094 0
      vertex 52.564710828666115 -43.13874332312789 0
      vertex 60.79089544642362 -60.4720759572657 0
    endloop
  endfacet
  facet normal 0 0 -1
    outer loop
      vertex 60.79089544642362 -60.4720759572657 0
      vertex 52.564710828666115 -43.13874332312789 0
      vertex 60.972188464054916 -60.33761989170414 0
    endloop
  endfacet
  facet normal 0 0 -1
    outer loop
      vertex 60.972188464054916 -60.33761989170414 0
      vertex 52.564710828666115 -43.13874332312789 0
      vertex 61.16578750530021 -60.221581091998786 0
    endloop
  endfacet
  facet normal 0 0 -1
    outer loop
      vertex 61.16578750530021 -60.221581091998786 0
      vertex 52.564710828666115 -43.13874332312789 0
      vertex 61.369828105560295 -60.12507707522404 0
    endloop
  endfacet
  facet normal 0 0 -1
    outer loop
      vertex 61.369828105560295 -60.12507707522404 0
      vertex 52.564710828666115 -43.13874332312789 0
      vertex 61.58234524231474 -60.04903722781592 0
    endloop
  endfacet
  facet normal 0 0 -1
    outer loop
      vertex 61.58234524231474 -60.04903722781592 0
      vertex 52.564710828666115 -43.13874332312789 0
      vertex 61.8012922593629 -59.99419385507257 0
    endloop
  endfacet
  facet normal 0 0 -1
    outer loop
      vertex 61.8012922593629 -59.99419385507257 0
      vertex 52.564710828666115 -43.13874332312789 0
      vertex 62.02456057724201 -59.961075128653945 0
    endloop
  endfacet
  facet normal 0 0 -1
    outer loop
      vertex 62.02456057724201 -59.961075128653945 0
      vertex 52.564710828666115 -43.13874332312789 0
      vertex 56.539933636573075 -37.778775845332945 0
    endloop
  endfacet
  facet normal 0 0 -1
    outer loop
      vertex 79 -74 0
      vertex 61.58234524231474 -64.45096277218408 0
      vertex 61.8012922593629 -64.50580614492743 0
    endloop
  endfacet
  facet normal 0 0 -1
    outer loop
      vertex 79 -74 0
      vertex 61.8012922593629 -64.50580614492743 0
      vertex 62.02456057724201 -64.53892487134605 0
    endloop
  endfacet
  facet normal 0 0 -1
    outer loop
      vertex 79 -74 0
      vertex 62.02456057724201 -64.53892487134605 0
      vertex 62.25 -64.55 0
    endloop
  endfacet
  facet normal 0 0 -1
    outer loop
      vertex 79 -74 0
      vertex 62.25 -64.55 0
      vertex 62.47543942275799 -64.53892487134605 0
    endloop
  endfacet
  facet normal 0 0 -1
    outer loop
      vertex 79 -74 0
      vertex 62.47543942275799 -64.53892487134605 0
      vertex 62.6987077406371 -64.50580614492743 0
    endloop
  endfacet
  facet normal 0 0 -1
    outer loop
      vertex 79 -74 0
      vertex 62.6987077406371 -64.50580614492743 0
      vertex 62.91765475768526 -64.45096277218408 0
    endloop
  endfacet
  facet normal 0 0 -1
    outer loop
      vertex 79 -74 0
      vertex 62.91765475768526 -64.45096277218408 0
      vertex 63.130171894439705 -64.37492292477596 0
    endloop
  endfacet
  facet normal 0 0 -1
    outer loop
      vertex 79 -74 0
      vertex 63.130171894439705 -64.37492292477596 0
      vertex 63.33421249469979 -64.27841890800121 0
    endloop
  endfacet
  facet normal 0 0 -1
    outer loop
      vertex 79 -74 0
      vertex 63.33421249469979 -64.27841890800121 0
      vertex 63.527811535945084 -64.16238010829585 0
    endloop
  endfacet
  facet normal 0 0 -1
    outer loop
      vertex 79 -74 0
      vertex 63.527811535945084 -64.16238010829585 0
      vertex 63.70910455357638 -64.0279240427343 0
    endloop
  endfacet
  facet normal 0 0 -1
    outer loop
      vertex 79 -74 0
      vertex 63.70910455357638 -64.0279240427343 0
      vertex 63.87634559672906 -63.87634559672906 0
    endloop
  endfacet
  facet normal 0 0 -1
    outer loop
      vertex 79 -74 0
      vertex 63.87634559672906 -63.87634559672906 0
      vertex 64.0279240427343 -63.70910455357638 0
    endloop
  endfacet
  facet normal 0 0 -1
    outer loop
      vertex 79 -74 0
      vertex 64.0279240427343 -63.70910455357638 0
      vertex 64.16238010829585 -63.527811535945084 0
    endloop
  endfacet
  facet normal 0 0 -1
    outer loop
      vertex 74 -79 0
      vertex 74.97545161098242 -78.9039264023304 0
      vertex 74.49008569866419 -78.97592363506556 0
    endloop
  endfacet
  facet normal 0 0 -1
    outer loop
      vertex 79 -74 0
      vertex 64.16238010829585 -63.527811535945084 0
      vertex 64.27841890800121 -63.33421249469979 0
    endloop
  endfacet
  facet normal 0 0 -1
    outer loop
      vertex 79 -74 0
      vertex 64.27841890800121 -63.33421249469979 0
      vertex 64.37492292477596 -63.130171894439705 0
    endloop
  endfacet
  facet normal 0 0 -1
    outer loop
      vertex 79 -74 0
      vertex 64.37492292477596 -63.130171894439705 0
      vertex 64.45096277218408 -62.91765475768526 0
    endloop
  endfacet
  facet normal 0 0 -1
    outer loop
      vertex 79 -74 0
      vertex 64.45096277218408 -62.91765475768526 0
      vertex 64.50580614492743 -62.6987077406371 0
    endloop
  endfacet
  facet normal 0 0 -1
    outer loop
      vertex 79 -74 0
      vertex 64.50580614492743 -62.6987077406371 0
      vertex 64.53892487134605 -62.47543942275799 0
    endloop
  endfacet
  facet normal 0 0 -1
    outer loop
      vertex 79 -74 0
      vertex 64.53892487134605 -62.47543942275799 0
      vertex 64.55 -62.25 0
    endloop
  endfacet
  facet normal 0 0 -1
    outer loop
      vertex 79 -74 0
      vertex 64.55 -62.25 0
      vertex 64.53892487134605 -62.02456057724201 0
    endloop
  endfacet
  facet normal 0 0 -1
    outer loop
      vertex 79 -74 0
      vertex 64.53892487134605 -62.02456057724201 0
      vertex 64.50580614492743 -61.8012922593629 0
    endloop
  endfacet
  facet normal 0 0 -1
    outer loop
      vertex 79 -74 0
      vertex 64.50580614492743 -61.8012922593629 0
      vertex 64.45096277218408 -61.58234524231474 0
    endloop
  endfacet
  facet normal 0 0 -1
    outer loop
      vertex 62.02456057724201 -59.961075128653945 0
      vertex 56.539933636573075 -37.778775845332945 0
      vertex 62.25 -59.95 0
    endloop
  endfacet
  facet normal 0 0 -1
    outer loop
      vertex 62.25 -59.95 0
      vertex 56.539933636573075 -37.778775845332945 0
      vertex 62.47543942275799 -59.961075128653945 0
    endloop
  endfacet
  facet normal 0 0 -1
    outer loop
      vertex 62.47543942275799 -59.961075128653945 0
      vertex 56.539933636573075 -37.778775845332945 0
      vertex 62.6987077406371 -59.99419385507257 0
    endloop
  endfacet
  facet normal 0 0 -1
    outer loop
      vertex 62.6987077406371 -59.99419385507257 0
      vertex 56.539933636573075 -37.778775845332945 0
      vertex 62.91765475768526 -60.04903722781592 0
    endloop
  endfacet
  facet normal 0 0 -1
    outer loop
      vertex 62.91765475768526 -60.04903722781592 0
      vertex 56.539933636573075 -37.778775845332945 0
      vertex 63.130171894439705 -60.12507707522404 0
    endloop
  endfacet
  facet normal 0 0 -1
    outer loop
      vertex 63.130171894439705 -60.12507707522404 0
      vertex 56.539933636573075 -37.778775845332945 0
      vertex 63.33421249469979 -60.221581091998786 0
    endloop
  endfacet
  facet normal 0 0 -1
    outer loop
      vertex 63.33421249469979 -60.221581091998786 0
      vertex 59.97064597568814 -32.05497810416784 0
      vertex 63.527811535945084 -60.33761989170414 0
    endloop
  endfacet
  facet normal 0 0 -1
    outer loop
      vertex 63.527811535945084 -60.33761989170414 0
      vertex 59.97064597568814 -32.05497810416784 0
      vertex 63.70910455357638 -60.4720759572657 0
    endloop
  endfacet
  facet normal 0 0 -1
    outer loop
      vertex 63.87634559672906 -60.62365440327094 0
      vertex 59.97064597568814 -32.05497810416784 0
      vertex 64.0279240427343 -60.79089544642362 0
    endloop
  endfacet
  facet normal 0 0 -1
    outer loop
      vertex 63.70910455357638 -60.4720759572657 0
      vertex 59.97064597568814 -32.05497810416784 0
      vertex 63.87634559672906 -60.62365440327094 0
    endloop
  endfacet
  facet normal 0 0 -1
    outer loop
      vertex 64.16238010829585 -60.972188464054916 0
      vertex 62.823808210767496 -26.022473400826104 0
      vertex 64.27841890800121 -61.16578750530021 0
    endloop
  endfacet
  facet normal 0 0 -1
    outer loop
      vertex 64.27841890800121 -61.16578750530021 0
      vertex 62.823808210767496 -26.022473400826104 0
      vertex 64.37492292477596 -61.369828105560295 0
    endloop
  endfacet
  facet normal 0 0 -1
    outer loop
      vertex 64.0279240427343 -60.79089544642362 0
      vertex 62.823808210767496 -26.022473400826104 0
      vertex 64.16238010829585 -60.972188464054916 0
    endloop
  endfacet
  facet normal 0 0 -1
    outer loop
      vertex 63.33421249469979 -60.221581091998786 0
      vertex 56.539933636573075 -37.778775845332945 0
      vertex 59.97064597568814 -32.05497810416784 0
    endloop
  endfacet
  facet normal 0 0 -1
    outer loop
      vertex 64.0279240427343 -60.79089544642362 0
      vertex 59.97064597568814 -32.05497810416784 0
      vertex 62.823808210767496 -26.022473400826104 0
    endloop
  endfacet
  facet normal 0 0 -1
    outer loop
      vertex 64.37492292477596 -61.369828105560295 0
      vertex 65.0719428297902 -19.739358053303437 0
      vertex 64.45096277218408 -61.58234524231474 0
    endloop
  endfacet
  facet normal 0 0 -1
    outer loop
      vertex 79 -74 0
      vertex 64.45096277218408 -61.58234524231474 0
      vertex 65.0719428297902 -19.739358053303437 0
    endloop
  endfacet
  facet normal 0.049067671159865246 -0.9987954563607843 0
    outer loop
      vertex 74 -79 0
      vertex 74.49008569866419 -78.97592363506556 0
      vertex 74 -79 5
    endloop
  endfacet
  facet normal 0.14673047607854153 -0.989176509724005 0
    outer loop
      vertex 74.49008569866419 -78.97592363506556 0
      vertex 74.97545161098242 -78.9039264023304 0
      vertex 74.49008569866419 -78.97592363506556 5
    endloop
  endfacet
  facet normal 0.242980188592871 -0.9700312510179108 0
    outer loop
      vertex 74.97545161098242 -78.9039264023304 0
      vertex 75.45142338424921 -78.78470167517662 0
      vertex 74.97545161098242 -78.9039264023304 5
    endloop
  endfacet
  facet normal 0.33688984659619614 -0.941544067614677 0
    outer loop
      vertex 75.45142338424921 -78.78470167517662 0
      vertex 75.91341716051102 -78.61939766258001 0
      vertex 75.45142338424921 -78.78470167517662 5
    endloop
  endfacet
  facet normal 0.42755509102775247 -0.9039892942597552 0
    outer loop
      vertex 75.91341716051102 -78.61939766258001 0
      vertex 76.35698368400335 -78.40960632264614 0
      vertex 75.91341716051102 -78.61939766258001 5
    endloop
  endfacet
  facet normal 0.5141027497065687 -0.8577286066956991 0
    outer loop
      vertex 76.35698368400335 -78.40960632264614 0
      vertex 76.77785116434097 -78.1573480591178 0
      vertex 76.35698368400335 -78.40960632264614 5
    endloop
  endfacet
  facet normal 0.5956993013048966 -0.8032075338446834 0
    outer loop
      vertex 76.77785116434097 -78.1573480591178 0
      vertex 77.17196641862392 -77.86505226790905 0
      vertex 76.77785116434097 -78.1573480591178 5
    endloop
  endfacet
  facet normal 0.6715589557743872 -0.7409511245144411 0
    outer loop
      vertex 77.17196641862392 -77.86505226790905 0
      vertex 77.5355339050293 -77.5355339050293 0
      vertex 77.17196641862392 -77.86505226790905 5
    endloop
  endfacet
  facet normal 0.7409511245144411 -0.6715589557743872 0
    outer loop
      vertex 77.5355339050293 -77.5355339050293 0
      vertex 77.86505226790905 -77.17196641862392 0
      vertex 77.5355339050293 -77.5355339050293 5
    endloop
  endfacet
  facet normal 0.8032075338446834 -0.5956993013048966 0
    outer loop
      vertex 77.86505226790905 -77.17196641862392 0
      vertex 78.1573480591178 -76.77785116434097 0
      vertex 77.86505226790905 -77.17196641862392 5
    endloop
  endfacet
  facet normal 0.8577286066956991 -0.5141027497065687 0
    outer loop
      vertex 78.1573480591178 -76.77785116434097 0
      vertex 78.40960632264614 -76.35698368400335 0
      vertex 78.1573480591178 -76.77785116434097 5
    endloop
  endfacet
  facet normal 0.9039892942597552 -0.42755509102775247 0
    outer loop
      vertex 78.40960632264614 -76.35698368400335 0
      vertex 78.61939766258001 -75.91341716051102 0
      vertex 78.40960632264614 -76.35698368400335 5
    endloop
  endfacet
  facet normal 0.941544067614677 -0.33688984659619614 0
    outer loop
      vertex 78.61939766258001 -75.91341716051102 0
      vertex 78.78470167517662 -75.45142338424921 0
      vertex 78.61939766258001 -75.91341716051102 5
    endloop
  endfacet
  facet normal 0.9700312510179108 -0.242980188592871 0
    outer loop
      vertex 78.78470167517662 -75.45142338424921 0
      vertex 78.9039264023304 -74.97545161098242 0
      vertex 78.78470167517662 -75.45142338424921 5
    endloop
  endfacet
  facet normal 0.989176509724005 -0.14673047607854153 0
    outer loop
      vertex 78.9039264023304 -74.97545161098242 0
      vertex 78.97592363506556 -74.49008569866419 0
      vertex 78.9039264023304 -74.97545161098242 5
    endloop
  endfacet
  facet normal 0.9987954563607843 -0.049067671159865246 0
    outer loop
      vertex 78.97592363506556 -74.49008569866419 0
      vertex 79 -74 0
      vertex 78.97592363506556 -74.49008569866419 5
    endloop
  endfacet
  facet normal 0 0 -1
    outer loop
      vertex 64.37492292477596 -61.369828105560295 0
      vertex 62.823808210767496 -26.022473400826104 0
      vertex 65.0719428297902 -19.739358053303437 0
    endloop
  endfacet
  facet normal 0 0 -1
    outer loop
      vertex 79 -74 0
      vertex 65.0719428297902 -19.739358053303437 0
      vertex 66.69339906741968 -13.266141897096722 0
    endloop
  endfacet
  facet normal 0 0 -1
    outer loop
      vertex 79 -74 0
      vertex 66.69339906741968 -13.266141897096722 0
      vertex 75.07846858307819 -1.314117770716653 0
    endloop
  endfacet
  facet normal 0 0 -1
    outer loop
      vertex 79 -74 0
      vertex 75.07846858307819 -1.314117770716653 0
      vertex 75.20208152801713 -1.2020815280171309 0
    endloop
  endfacet
  facet normal 0 0 -1
    outer loop
      vertex 79 -74 0
      vertex 75.20208152801713 -1.2020815280171309 0
      vertex 75.31411777071665 -1.0784685830781973 0
    endloop
  endfacet
  facet normal 0 0 -1
    outer loop
      vertex 79 -74 0
      vertex 75.31411777071665 -1.0784685830781973 0
      vertex 75.41349834091433 -0.9444693961333237 0
    endloop
  endfacet
  facet normal 0 0 -1
    outer loop
      vertex 79 -74 0
      vertex 75.41349834091433 -0.9444693961333237 0
      vertex 75.4992661493922 -0.8013744526041959 0
    endloop
  endfacet
  facet normal 0 0 -1
    outer loop
      vertex 79 -74 0
      vertex 75.4992661493922 -0.8013744526041959 0
      vertex 75.57059520526919 -0.6505618350206526 0
    endloop
  endfacet
  facet normal 0 0 -1
    outer loop
      vertex 79 -74 0
      vertex 75.57059520526919 -0.6505618350206526 0
      vertex 75.62679857074475 -0.49348395133258594 0
    endloop
  endfacet
  facet normal 0 0 -1
    outer loop
      vertex 79 -74 0
      vertex 75.62679857074475 -0.49348395133258594 0
      vertex 75.6673349766855 -0.33165354742741804 0
    endloop
  endfacet
  facet normal 0 0 -1
    outer loop
      vertex 79 -74 0
      vertex 75.6673349766855 -0.33165354742741804 0
      vertex 75.69181403534273 -0.16662913856025302 0
    endloop
  endfacet
  facet normal 0 0 -1
    outer loop
      vertex 79 -74 0
      vertex 75.69181403534273 -0.16662913856025302 0
      vertex 75.7 0 0
    endloop
  endfacet
  facet normal 0 0 -1
    outer loop
      vertex 66.69339906741968 -13.266141897096722 0
      vertex 67.67256141370939 -6.665165542410121 0
      vertex 74.8013744526042 -1.4992661493922035 0
    endloop
  endfacet
  facet normal 0 0 -1
    outer loop
      vertex 66.69339906741968 -13.266141897096722 0
      vertex 74.8013744526042 -1.4992661493922035 0
      vertex 74.94446939613333 -1.413498340914327 0
    endloop
  endfacet
  facet normal 0 0 -1
    outer loop
      vertex 74.94446939613333 -1.413498340914327 0
      vertex 75.07846858307819 -1.314117770716653 0
      vertex 66.69339906741968 -13.266141897096722 0
    endloop
  endfacet
  facet normal 0 0 -1
    outer loop
      vertex 72.58650165908567 -0.9444693961333237 0
      vertex 67.67256141370939 -6.665165542410121 0
      vertex 72.5007338506078 -0.8013744526041959 0
    endloop
  endfacet
  facet normal 0 0 -1
    outer loop
      vertex 72.37320142925525 -0.49348395133258594 0
      vertex 67.67256141370939 -6.665165542410121 0
      vertex 72.3326650233145 -0.33165354742741804 0
    endloop
  endfacet
  facet normal 0 0 -1
    outer loop
      vertex 72.5007338506078 -0.8013744526041959 0
      vertex 67.67256141370939 -6.665165542410121 0
      vertex 72.42940479473081 -0.6505618350206526 0
    endloop
  endfacet
  facet normal 0 0 -1
    outer loop
      vertex 72.42940479473081 -0.6505618350206526 0
      vertex 67.67256141370939 -6.665165542410121 0
      vertex 72.37320142925525 -0.49348395133258594 0
    endloop
  endfacet
  facet normal 0 0 -1
    outer loop
      vertex 72.92153141692181 -1.314117770716653 0
      vertex 73.05553060386667 -1.413498340914327 0
      vertex 67.67256141370939 -6.665165542410121 0
    endloop
  endfacet
  facet normal 0 0 -1
    outer loop
      vertex 73.1986255473958 -1.4992661493922035 0
      vertex 73.34943816497935 -1.5705952052691874 0
      vertex 67.67256141370939 -6.665165542410121 0
    endloop
  endfacet
  facet normal 0 0 -1
    outer loop
      vertex 73.05553060386667 -1.413498340914327 0
      vertex 73.1986255473958 -1.4992661493922035 0
      vertex 67.67256141370939 -6.665165542410121 0
    endloop
  endfacet
  facet normal 0 0 -1
    outer loop
      vertex 73.34943816497935 -1.5705952052691874 0
      vertex 73.50651604866741 -1.626798570744755 0
      vertex 67.67256141370939 -6.665165542410121 0
    endloop
  endfacet
  facet normal 0 0 -1
    outer loop
      vertex 72.79791847198287 -1.2020815280171309 0
      vertex 67.67256141370939 -6.665165542410121 0
      vertex 72.68588222928335 -1.0784685830781973 0
    endloop
  endfacet
  facet normal 0 0 -1
    outer loop
      vertex 67.67256141370939 -6.665165542410121 0
      vertex 72.79791847198287 -1.2020815280171309 0
      vertex 72.92153141692181 -1.314117770716653 0
    endloop
  endfacet
  facet normal 0 0 -1
    outer loop
      vertex 72.68588222928335 -1.0784685830781973 0
      vertex 67.67256141370939 -6.665165542410121 0
      vertex 72.58650165908567 -0.9444693961333237 0
    endloop
  endfacet
  facet normal 0 0 -1
    outer loop
      vertex 68 0 0
      vertex 72.3326650233145 -0.33165354742741804 0
      vertex 67.67256141370939 -6.665165542410121 0
    endloop
  endfacet
  facet normal 0 0 -1
    outer loop
      vertex 68 0 0
      vertex 72.30818596465727 -0.16662913856025302 0
      vertex 72.3326650233145 -0.33165354742741804 0
    endloop
  endfacet
  facet normal 0 0 -1
    outer loop
      vertex 68 0 0
      vertex 72.3 0 0
      vertex 72.30818596465727 -0.16662913856025302 0
    endloop
  endfacet
  facet normal 0 0 -1
    outer loop
      vertex 73.50651604866741 -1.626798570744755 0
      vertex 73.66834645257258 -1.6673349766854917 0
      vertex 67.67256141370939 -6.665165542410121 0
    endloop
  endfacet
  facet normal 0 0 -1
    outer loop
      vertex 73.66834645257258 -1.6673349766854917 0
      vertex 73.83337086143975 -1.6918140353427347 0
      vertex 67.67256141370939 -6.665165542410121 0
    endloop
  endfacet
  facet normal 0 0 -1
    outer loop
      vertex 73.83337086143975 -1.6918140353427347 0
      vertex 74 -1.7 0
      vertex 67.67256141370939 -6.665165542410121 0
    endloop
  endfacet
  facet normal 0 0 -1
    outer loop
      vertex 74 -1.7 0
      vertex 74.16662913856025 -1.6918140353427347 0
      vertex 67.67256141370939 -6.665165542410121 0
    endloop
  endfacet
  facet normal 0 0 -1
    outer loop
      vertex 74.16662913856025 -1.6918140353427347 0
      vertex 74.33165354742742 -1.6673349766854917 0
      vertex 67.67256141370939 -6.665165542410121 0
    endloop
  endfacet
  facet normal 0 0 -1
    outer loop
      vertex 74.33165354742742 -1.6673349766854917 0
      vertex 74.49348395133259 -1.626798570744755 0
      vertex 67.67256141370939 -6.665165542410121 0
    endloop
  endfacet
  facet normal 0 0 -1
    outer loop
      vertex 74.49348395133259 -1.626798570744755 0
      vertex 74.65056183502065 -1.5705952052691874 0
      vertex 67.67256141370939 -6.665165542410121 0
    endloop
  endfacet
  facet normal 0 0 -1
    outer loop
      vertex 74.65056183502065 -1.5705952052691874 0
      vertex 74.8013744526042 -1.4992661493922035 0
      vertex 67.67256141370939 -6.665165542410121 0
    endloop
  endfacet
  facet normal 1 0 0
    outer loop
      vertex 79 -74 0
      vertex 79 74 0
      vertex 79 -74 5
    endloop
  endfacet
  facet normal 0 -1 0
    outer loop
      vertex -74 -79 5
      vertex 74 -79 0
      vertex 74 -79 5
    endloop
  endfacet
  facet normal 0 0 1
    outer loop
      vertex -78.40960632264614 -76.35698368400335 5
      vertex 78.78470167517662 -75.45142338424921 5
      vertex 0 -75.7 5
    endloop
  endfacet
  facet normal 0 0 1
    outer loop
      vertex 0 -72 5
      vertex 0.16662913856025302 -72.30818596465727 5
      vertex 0.33165354742741804 -72.3326650233145 5
    endloop
  endfacet
  facet normal 0 0 1
    outer loop
      vertex 0 -72 5
      vertex 0 -72.3 5
      vertex 0.16662913856025302 -72.30818596465727 5
    endloop
  endfacet
  facet normal 0 0 1
    outer loop
      vertex 0.33165354742741804 -72.3326650233145 5
      vertex 7.057234103728364 -71.65330032039817 5
      vertex 0 -72 5
    endloop
  endfacet
  facet normal 0 0 1
    outer loop
      vertex -74 -79 5
      vertex 74 -79 5
      vertex 74.97545161098242 -78.9039264023304 5
    endloop
  endfacet
  facet normal 0 0 1
    outer loop
      vertex -74 -79 5
      vertex 74.97545161098242 -78.9039264023304 5
      vertex 75.45142338424921 -78.78470167517662 5
    endloop
  endfacet
  facet normal 0 0 1
    outer loop
      vertex -74.49008569866419 -78.97592363506556 5
      vertex 75.45142338424921 -78.78470167517662 5
      vertex 75.91341716051102 -78.61939766258001 5
    endloop
  endfacet
  facet normal 0 0 1
    outer loop
      vertex -74.97545161098242 -78.9039264023304 5
      vertex 75.91341716051102 -78.61939766258001 5
      vertex 76.35698368400335 -78.40960632264614 5
    endloop
  endfacet
  facet normal 0 0 1
    outer loop
      vertex -75.45142338424921 -78.78470167517662 5
      vertex 76.35698368400335 -78.40960632264614 5
      vertex 76.77785116434097 -78.1573480591178 5
    endloop
  endfacet
  facet normal 0 0 1
    outer loop
      vertex -75.91341716051102 -78.61939766258001 5
      vertex 76.77785116434097 -78.1573480591178 5
      vertex 77.17196641862392 -77.86505226790905 5
    endloop
  endfacet
  facet normal 0 0 1
    outer loop
      vertex -76.35698368400335 -78.40960632264614 5
      vertex 77.17196641862392 -77.86505226790905 5
      vertex 77.5355339050293 -77.5355339050293 5
    endloop
  endfacet
  facet normal 0 0 1
    outer loop
      vertex -76.77785116434097 -78.1573480591178 5
      vertex 77.5355339050293 -77.5355339050293 5
      vertex 77.86505226790905 -77.17196641862392 5
    endloop
  endfacet
  facet normal 0 0 1
    outer loop
      vertex -77.17196641862392 -77.86505226790905 5
      vertex 77.86505226790905 -77.17196641862392 5
      vertex 78.1573480591178 -76.77785116434097 5
    endloop
  endfacet
  facet normal 0 0 1
    outer loop
      vertex -77.5355339050293 -77.5355339050293 5
      vertex 78.1573480591178 -76.77785116434097 5
      vertex 78.40960632264614 -76.35698368400335 5
    endloop
  endfacet
  facet normal 0 0 1
    outer loop
      vertex -77.86505226790905 -77.17196641862392 5
      vertex 78.40960632264614 -76.35698368400335 5
      vertex 78.61939766258001 -75.91341716051102 5
    endloop
  endfacet
  facet normal 0 0 1
    outer loop
      vertex -78.1573480591178 -76.77785116434097 5
      vertex 78.61939766258001 -75.91341716051102 5
      vertex 78.78470167517662 -75.45142338424921 5
    endloop
  endfacet
  facet normal 0 0 1
    outer loop
      vertex 78.78470167517662 -75.45142338424921 5
      vertex 0.16662913856025302 -75.69181403534273 5
      vertex 0 -75.7 5
    endloop
  endfacet
  facet normal 0 0 1
    outer loop
      vertex 78.78470167517662 -75.45142338424921 5
      vertex 0.33165354742741804 -75.6673349766855 5
      vertex 0.16662913856025302 -75.69181403534273 5
    endloop
  endfacet
  facet normal 0 0 1
    outer loop
      vertex 78.9039264023304 -74.97545161098242 5
      vertex 0.49348395133258594 -75.62679857074475 5
      vertex 0.33165354742741804 -75.6673349766855 5
    endloop
  endfacet
  facet normal 0 0 1
    outer loop
      vertex 78.9039264023304 -74.97545161098242 5
      vertex 0.6505618350206526 -75.57059520526919 5
      vertex 0.49348395133258594 -75.62679857074475 5
    endloop
  endfacet
  facet normal 0 0 1
    outer loop
      vertex 78.9039264023304 -74.97545161098242 5
      vertex 0.8013744526041959 -75.4992661493922 5
      vertex 0.6505618350206526 -75.57059520526919 5
    endloop
  endfacet
  facet normal 0 0 1
    outer loop
      vertex 78.9039264023304 -74.97545161098242 5
      vertex 0.9444693961333237 -75.41349834091433 5
      vertex 0.8013744526041959 -75.4992661493922 5
    endloop
  endfacet
  facet normal 0 0 1
    outer loop
      vertex 78.9039264023304 -74.97545161098242 5
      vertex 1.0784685830781973 -75.31411777071665 5
      vertex 0.9444693961333237 -75.41349834091433 5
    endloop
  endfacet
  facet normal 0 0 1
    outer loop
      vertex 78.9039264023304 -74.97545161098242 5
      vertex 1.2020815280171309 -75.20208152801713 5
      vertex 1.0784685830781973 -75.31411777071665 5
    endloop
  endfacet
  facet normal 0 0 1
    outer loop
      vertex 78.97592363506556 -74.49008569866419 5
      vertex 1.314117770716653 -75.07846858307819 5
      vertex 1.2020815280171309 -75.20208152801713 5
    endloop
  endfacet
  facet normal 0 0 1
    outer loop
      vertex 78.97592363506556 -74.49008569866419 5
      vertex 1.413498340914327 -74.94446939613333 5
      vertex 1.314117770716653 -75.07846858307819 5
    endloop
  endfacet
  facet normal 0 0 1
    outer loop
      vertex 78.97592363506556 -74.49008569866419 5
      vertex 1.4992661493922035 -74.8013744526042 5
      vertex 1.413498340914327 -74.94446939613333 5
    endloop
  endfacet
  facet normal 0 0 1
    outer loop
      vertex 79 -74 5
      vertex 1.5705952052691874 -74.65056183502065 5
      vertex 1.4992661493922035 -74.8013744526042 5
    endloop
  endfacet
  facet normal 0 0 1
    outer loop
      vertex 79 -74 5
      vertex 1.626798570744755 -74.49348395133259 5
      vertex 1.5705952052691874 -74.65056183502065 5
    endloop
  endfacet
  facet normal 0 0 1
    outer loop
      vertex 79 -74 5
      vertex 1.6673349766854917 -74.33165354742742 5
      vertex 1.626798570744755 -74.49348395133259 5
    endloop
  endfacet
  facet normal 0 0 1
    outer loop
      vertex 79 -74 5
      vertex 1.6918140353427347 -74.16662913856025 5
      vertex 1.6673349766854917 -74.33165354742742 5
    endloop
  endfacet
  facet normal 0 0 1
    outer loop
      vertex 79 -74 5
      vertex 0.33165354742741804 -72.3326650233145 5
      vertex 0.49348395133258594 -72.37320142925525 5
    endloop
  endfacet
  facet normal 0 0 1
    outer loop
      vertex 79 -74 5
      vertex 0.6505618350206526 -72.42940479473081 5
      vertex 0.8013744526041959 -72.5007338506078 5
    endloop
  endfacet
  facet normal 0 0 1
    outer loop
      vertex 79 -74 5
      vertex 0.49348395133258594 -72.37320142925525 5
      vertex 0.6505618350206526 -72.42940479473081 5
    endloop
  endfacet
  facet normal 0 0 1
    outer loop
      vertex 79 -74 5
      vertex 1.0784685830781973 -72.68588222928335 5
      vertex 1.2020815280171309 -72.79791847198287 5
    endloop
  endfacet
  facet normal 0 0 1
    outer loop
      vertex 79 -74 5
      vertex 0.8013744526041959 -72.5007338506078 5
      vertex 0.9444693961333237 -72.58650165908567 5
    endloop
  endfacet
  facet normal 0 0 1
    outer loop
      vertex 79 -74 5
      vertex 0.9444693961333237 -72.58650165908567 5
      vertex 1.0784685830781973 -72.68588222928335 5
    endloop
  endfacet
  facet normal 0 0 1
    outer loop
      vertex 79 -74 5
      vertex 1.7 -74 5
      vertex 1.6918140353427347 -74.16662913856025 5
    endloop
  endfacet
  facet normal 0 0 1
    outer loop
      vertex 79 -74 5
      vertex 1.6918140353427347 -73.83337086143975 5
      vertex 1.7 -74 5
    endloop
  endfacet
  facet normal 0 0 1
    outer loop
      vertex 79 -74 5
      vertex 1.6673349766854917 -73.66834645257258 5
      vertex 1.6918140353427347 -73.83337086143975 5
    endloop
  endfacet
  facet normal 0 0 1
    outer loop
      vertex 79 -74 5
      vertex 1.626798570744755 -73.50651604866741 5
      vertex 1.6673349766854917 -73.66834645257258 5
    endloop
  endfacet
  facet normal 0 0 1
    outer loop
      vertex 79 -74 5
      vertex 1.5705952052691874 -73.34943816497935 5
      vertex 1.626798570744755 -73.50651604866741 5
    endloop
  endfacet
  facet normal 0 0 1
    outer loop
      vertex 79 -74 5
      vertex 1.4992661493922035 -73.1986255473958 5
      vertex 1.5705952052691874 -73.34943816497935 5
    endloop
  endfacet
  facet normal 0 0 1
    outer loop
      vertex 79 -74 5
      vertex 1.413498340914327 -73.05553060386667 5
      vertex 1.4992661493922035 -73.1986255473958 5
    endloop
  endfacet
  facet normal 0 0 1
    outer loop
      vertex 79 -74 5
      vertex 1.314117770716653 -72.92153141692181 5
      vertex 1.413498340914327 -73.05553060386667 5
    endloop
  endfacet
  facet normal 0 0 1
    outer loop
      vertex 79 -74 5
      vertex 1.2020815280171309 -72.79791847198287 5
      vertex 1.314117770716653 -72.92153141692181 5
    endloop
  endfacet
  facet normal 0 0 1
    outer loop
      vertex 79 -74 5
      vertex 7.057234103728364 -71.65330032039817 5
      vertex 0.33165354742741804 -72.3326650233145 5
    endloop
  endfacet
  facet normal 0 0 1
    outer loop
      vertex 79 -74 5
      vertex 14.046503185161233 -70.61654018903259 5
      vertex 7.057234103728364 -71.65330032039817 5
    endloop
  endfacet
  facet normal 0 0 1
    outer loop
      vertex 79 -74 5
      vertex 20.90049676232129 -68.89970417271904 5
      vertex 14.046503185161233 -70.61654018903259 5
    endloop
  endfacet
  facet normal 0.049067671159865246 -0.9987954563607843 0
    outer loop
      vertex 74.49008569866419 -78.97592363506556 0
      vertex 74.49008569866419 -78.97592363506556 5
      vertex 74 -79 5
    endloop
  endfacet
  facet normal 0.14673047607854153 -0.989176509724005 0
    outer loop
      vertex 74.97545161098242 -78.9039264023304 0
      vertex 74.97545161098242 -78.9039264023304 5
      vertex 74.49008569866419 -78.97592363506556 5
    endloop
  endfacet
  facet normal 0.242980188592871 -0.9700312510179108 0
    outer loop
      vertex 75.45142338424921 -78.78470167517662 0
      vertex 75.45142338424921 -78.78470167517662 5
      vertex 74.97545161098242 -78.9039264023304 5
    endloop
  endfacet
  facet normal 0.33688984659619614 -0.941544067614677 0
    outer loop
      vertex 75.91341716051102 -78.61939766258001 0
      vertex 75.91341716051102 -78.61939766258001 5
      vertex 75.45142338424921 -78.78470167517662 5
    endloop
  endfacet
  facet normal 0.42755509102775247 -0.9039892942597552 0
    outer loop
      vertex 76.35698368400335 -78.40960632264614 0
      vertex 76.35698368400335 -78.40960632264614 5
      vertex 75.91341716051102 -78.61939766258001 5
    endloop
  endfacet
  facet normal 0.5141027497065687 -0.8577286066956991 0
    outer loop
      vertex 76.77785116434097 -78.1573480591178 0
      vertex 76.77785116434097 -78.1573480591178 5
      vertex 76.35698368400335 -78.40960632264614 5
    endloop
  endfacet
  facet normal 0.5956993013048966 -0.8032075338446834 0
    outer loop
      vertex 77.17196641862392 -77.86505226790905 0
      vertex 77.17196641862392 -77.86505226790905 5
      vertex 76.77785116434097 -78.1573480591178 5
    endloop
  endfacet
  facet normal 0.6715589557743872 -0.7409511245144411 0
    outer loop
      vertex 77.5355339050293 -77.5355339050293 0
      vertex 77.5355339050293 -77.5355339050293 5
      vertex 77.17196641862392 -77.86505226790905 5
    endloop
  endfacet
  facet normal 0.7409511245144411 -0.6715589557743872 0
    outer loop
      vertex 77.86505226790905 -77.17196641862392 0
      vertex 77.86505226790905 -77.17196641862392 5
      vertex 77.5355339050293 -77.5355339050293 5
    endloop
  endfacet
  facet normal 0.8032075338446834 -0.5956993013048966 0
    outer loop
      vertex 78.1573480591178 -76.77785116434097 0
      vertex 78.1573480591178 -76.77785116434097 5
      vertex 77.86505226790905 -77.17196641862392 5
    endloop
  endfacet
  facet normal 0.8577286066956991 -0.5141027497065687 0
    outer loop
      vertex 78.40960632264614 -76.35698368400335 0
      vertex 78.40960632264614 -76.35698368400335 5
      vertex 78.1573480591178 -76.77785116434097 5
    endloop
  endfacet
  facet normal 0.9039892942597552 -0.42755509102775247 0
    outer loop
      vertex 78.61939766258001 -75.91341716051102 0
      vertex 78.61939766258001 -75.91341716051102 5
      vertex 78.40960632264614 -76.35698368400335 5
    endloop
  endfacet
  facet normal 0.941544067614677 -0.33688984659619614 0
    outer loop
      vertex 78.78470167517662 -75.45142338424921 0
      vertex 78.78470167517662 -75.45142338424921 5
      vertex 78.61939766258001 -75.91341716051102 5
    endloop
  endfacet
  facet normal 0.9700312510179108 -0.242980188592871 0
    outer loop
      vertex 78.9039264023304 -74.97545161098242 0
      vertex 78.9039264023304 -74.97545161098242 5
      vertex 78.78470167517662 -75.45142338424921 5
    endloop
  endfacet
  facet normal 0.989176509724005 -0.14673047607854153 0
    outer loop
      vertex 78.97592363506556 -74.49008569866419 0
      vertex 78.97592363506556 -74.49008569866419 5
      vertex 78.9039264023304 -74.97545161098242 5
    endloop
  endfacet
  facet normal 0.9987954563607843 -0.049067671159865246 0
    outer loop
      vertex 79 -74 0
      vertex 79 -74 5
      vertex 78.97592363506556 -74.49008569866419 5
    endloop
  endfacet
  facet normal 0 0 1
    outer loop
      vertex 79 -74 5
      vertex 27.553207130286463 -66.51932634081264 5
      vertex 20.90049676232129 -68.89970417271904 5
    endloop
  endfacet
  facet normal 0 0 1
    outer loop
      vertex 33.94056505147183 -63.49833103308156 5
      vertex 27.553207130286463 -66.51932634081264 5
      vertex 60.14267151745786 -65.9 5
    endloop
  endfacet
  facet normal 0 0 1
    outer loop
      vertex 33.94056505147183 -63.49833103308156 5
      vertex 60.14267151745786 -65.9 5
      vertex 40.00105677741136 -59.865812085783254 5
    endloop
  endfacet
  facet normal 0 0 1
    outer loop
      vertex 45.67631645978248 -55.65675264211706 5
      vertex 40.00105677741136 -59.865812085783254 5
      vertex 58.03534303491573 -62.25 5
    endloop
  endfacet
  facet normal 0 0 1
    outer loop
      vertex 78.78470167517662 -75.45142338424921 5
      vertex 78.9039264023304 -74.97545161098242 5
      vertex 0.33165354742741804 -75.6673349766855 5
    endloop
  endfacet
  facet normal 0 0 1
    outer loop
      vertex 78.9039264023304 -74.97545161098242 5
      vertex 78.97592363506556 -74.49008569866419 5
      vertex 1.2020815280171309 -75.20208152801713 5
    endloop
  endfacet
  facet normal 0 0 1
    outer loop
      vertex 78.97592363506556 -74.49008569866419 5
      vertex 79 -74 5
      vertex 1.4992661493922035 -74.8013744526042 5
    endloop
  endfacet
  facet normal 0 0 1
    outer loop
      vertex 58.03534303491573 -62.25 5
      vertex 40.00105677741136 -59.865812085783254 5
      vertex 60.14267151745786 -65.9 5
    endloop
  endfacet
  facet normal 0 0 1
    outer loop
      vertex 79 -74 5
      vertex 60.14267151745786 -65.9 5
      vertex 27.553207130286463 -66.51932634081264 5
    endloop
  endfacet
  facet normal 0 0 1
    outer loop
      vertex 60.14267151745786 -58.6 5
      vertex 50.91168824543143 -50.91168824543143 5
      vertex 45.67631645978248 -55.65675264211706 5
    endloop
  endfacet
  facet normal 0 0 1
    outer loop
      vertex 60.14267151745786 -58.6 5
      vertex 45.67631645978248 -55.65675264211706 5
      vertex 58.03534303491573 -62.25 5
    endloop
  endfacet
  facet normal 0 0 1
    outer loop
      vertex 60.14267151745786 -58.6 5
      vertex 55.65675264211706 -45.67631645978248 5
      vertex 50.91168824543143 -50.91168824543143 5
    endloop
  endfacet
  facet normal 0 0 1
    outer loop
      vertex 79 -74 5
      vertex 64.35732848254213 -65.9 5
      vertex 60.14267151745786 -65.9 5
    endloop
  endfacet
  facet normal 0 0 1
    outer loop
      vertex 74 -79 5
      vertex 74.49008569866419 -78.97592363506556 5
      vertex 74.97545161098242 -78.9039264023304 5
    endloop
  endfacet
  facet normal 0 0 1
    outer loop
      vertex 79 -74 5
      vertex 66.46465696508427 -62.25 5
      vertex 64.35732848254213 -65.9 5
    endloop
  endfacet
  facet normal 0 0 1
    outer loop
      vertex 79 -74 5
      vertex 64.35732848254213 -58.6 5
      vertex 66.46465696508427 -62.25 5
    endloop
  endfacet
  facet normal 0 0 1
    outer loop
      vertex 60.14267151745786 -58.6 5
      vertex 64.35732848254213 -58.6 5
      vertex 55.65675264211706 -45.67631645978248 5
    endloop
  endfacet
  facet normal 0 0 1
    outer loop
      vertex 64.35732848254213 -58.6 5
      vertex 59.865812085783254 -40.00105677741136 5
      vertex 55.65675264211706 -45.67631645978248 5
    endloop
  endfacet
  facet normal 0 0 1
    outer loop
      vertex 64.35732848254213 -58.6 5
      vertex 63.49833103308156 -33.94056505147183 5
      vertex 59.865812085783254 -40.00105677741136 5
    endloop
  endfacet
  facet normal 0 0 1
    outer loop
      vertex 64.35732848254213 -58.6 5
      vertex 66.51932634081264 -27.553207130286463 5
      vertex 63.49833103308156 -33.94056505147183 5
    endloop
  endfacet
  facet normal 0 0 1
    outer loop
      vertex 79 -74 5
      vertex 66.51932634081264 -27.553207130286463 5
      vertex 64.35732848254213 -58.6 5
    endloop
  endfacet
  facet normal 0 0 1
    outer loop
      vertex 79 -74 5
      vertex 68.89970417271904 -20.90049676232129 5
      vertex 66.51932634081264 -27.553207130286463 5
    endloop
  endfacet
  facet normal 0 0 1
    outer loop
      vertex 79 -74 5
      vertex 70.61654018903259 -14.046503185161233 5
      vertex 68.89970417271904 -20.90049676232129 5
    endloop
  endfacet
  facet normal 0 0 1
    outer loop
      vertex 79 -74 5
      vertex 71.65330032039817 -7.057234103728364 5
      vertex 70.61654018903259 -14.046503185161233 5
    endloop
  endfacet
  facet normal 0 0 1
    outer loop
      vertex 79 -74 5
      vertex 72.42940479473081 -0.6505618350206526 5
      vertex 71.65330032039817 -7.057234103728364 5
    endloop
  endfacet
  facet normal 0 0 1
    outer loop
      vertex 79 -74 5
      vertex 72.5007338506078 -0.8013744526041959 5
      vertex 72.42940479473081 -0.6505618350206526 5
    endloop
  endfacet
  facet normal 0 0 1
    outer loop
      vertex 79 -74 5
      vertex 72.79791847198287 -1.2020815280171309 5
      vertex 72.68588222928335 -1.0784685830781973 5
    endloop
  endfacet
  facet normal 0 0 1
    outer loop
      vertex 79 -74 5
      vertex 72.68588222928335 -1.0784685830781973 5
      vertex 72.58650165908567 -0.9444693961333237 5
    endloop
  endfacet
  facet normal 0 0 1
    outer loop
      vertex 79 -74 5
      vertex 72.92153141692181 -1.314117770716653 5
      vertex 72.79791847198287 -1.2020815280171309 5
    endloop
  endfacet
  facet normal 0 0 1
    outer loop
      vertex 79 -74 5
      vertex 73.1986255473958 -1.4992661493922035 5
      vertex 73.05553060386667 -1.413498340914327 5
    endloop
  endfacet
  facet normal 0 0 1
    outer loop
      vertex 79 -74 5
      vertex 73.50651604866741 -1.626798570744755 5
      vertex 73.34943816497935 -1.5705952052691874 5
    endloop
  endfacet
  facet normal 0 0 1
    outer loop
      vertex 79 -74 5
      vertex 73.34943816497935 -1.5705952052691874 5
      vertex 73.1986255473958 -1.4992661493922035 5
    endloop
  endfacet
  facet normal 0 0 1
    outer loop
      vertex 79 -74 5
      vertex 73.05553060386667 -1.413498340914327 5
      vertex 72.92153141692181 -1.314117770716653 5
    endloop
  endfacet
  facet normal 0 0 1
    outer loop
      vertex 79 -74 5
      vertex 72.58650165908567 -0.9444693961333237 5
      vertex 72.5007338506078 -0.8013744526041959 5
    endloop
  endfacet
  facet normal 0 0 1
    outer loop
      vertex 79 -74 5
      vertex 73.66834645257258 -1.6673349766854917 5
      vertex 73.50651604866741 -1.626798570744755 5
    endloop
  endfacet
  facet normal 0 0 1
    outer loop
      vertex 79 -74 5
      vertex 73.83337086143975 -1.6918140353427347 5
      vertex 73.66834645257258 -1.6673349766854917 5
    endloop
  endfacet
  facet normal 0 0 1
    outer loop
      vertex 79 -74 5
      vertex 74.16662913856025 -1.6918140353427347 5
      vertex 74 -1.7 5
    endloop
  endfacet
  facet normal 0 0 1
    outer loop
      vertex 79 -74 5
      vertex 74 -1.7 5
      vertex 73.83337086143975 -1.6918140353427347 5
    endloop
  endfacet
  facet normal 0 0 1
    outer loop
      vertex 79 -74 5
      vertex 74.33165354742742 -1.6673349766854917 5
      vertex 74.16662913856025 -1.6918140353427347 5
    endloop
  endfacet
  facet normal 0 0 1
    outer loop
      vertex 79 -74 5
      vertex 74.65056183502065 -1.5705952052691874 5
      vertex 74.49348395133259 -1.626798570744755 5
    endloop
  endfacet
  facet normal 0 0 1
    outer loop
      vertex 79 -74 5
      vertex 74.49348395133259 -1.626798570744755 5
      vertex 74.33165354742742 -1.6673349766854917 5
    endloop
  endfacet
  facet normal 0 0 1
    outer loop
      vertex 79 -74 5
      vertex 74.8013744526042 -1.4992661493922035 5
      vertex 74.65056183502065 -1.5705952052691874 5
    endloop
  endfacet
  facet normal 0 0 1
    outer loop
      vertex 79 -74 5
      vertex 74.94446939613333 -1.413498340914327 5
      vertex 74.8013744526042 -1.4992661493922035 5
    endloop
  endfacet
  facet normal 0 0 1
    outer loop
      vertex 79 -74 5
      vertex 75.07846858307819 -1.314117770716653 5
      vertex 74.94446939613333 -1.413498340914327 5
    endloop
  endfacet
  facet normal 0 0 1
    outer loop
      vertex 79 -74 5
      vertex 75.20208152801713 -1.2020815280171309 5
      vertex 75.07846858307819 -1.314117770716653 5
    endloop
  endfacet
  facet normal 0 0 1
    outer loop
      vertex 79 -74 5
      vertex 75.31411777071665 -1.0784685830781973 5
      vertex 75.20208152801713 -1.2020815280171309 5
    endloop
  endfacet
  facet normal 0 0 1
    outer loop
      vertex 79 -74 5
      vertex 75.41349834091433 -0.9444693961333237 5
      vertex 75.31411777071665 -1.0784685830781973 5
    endloop
  endfacet
  facet normal 0 0 1
    outer loop
      vertex 79 -74 5
      vertex 75.4992661493922 -0.8013744526041959 5
      vertex 75.41349834091433 -0.9444693961333237 5
    endloop
  endfacet
  facet normal 0 0 1
    outer loop
      vertex 79 -74 5
      vertex 75.57059520526919 -0.6505618350206526 5
      vertex 75.4992661493922 -0.8013744526041959 5
    endloop
  endfacet
  facet normal 0 0 1
    outer loop
      vertex 79 -74 5
      vertex 75.62679857074475 -0.49348395133258594 5
      vertex 75.57059520526919 -0.6505618350206526 5
    endloop
  endfacet
  facet normal 0 0 1
    outer loop
      vertex 79 -74 5
      vertex 75.6673349766855 -0.33165354742741804 5
      vertex 75.62679857074475 -0.49348395133258594 5
    endloop
  endfacet
  facet normal 0 0 1
    outer loop
      vertex 79 -74 5
      vertex 75.7 0 5
      vertex 75.69181403534273 -0.16662913856025302 5
    endloop
  endfacet
  facet normal 0 0 1
    outer loop
      vertex 79 -74 5
      vertex 75.69181403534273 -0.16662913856025302 5
      vertex 75.6673349766855 -0.33165354742741804 5
    endloop
  endfacet
  facet normal 0 0 1
    outer loop
      vertex 72.3326650233145 -0.33165354742741804 5
      vertex 71.65330032039817 -7.057234103728364 5
      vertex 72.37320142925525 -0.49348395133258594 5
    endloop
  endfacet
  facet normal 0 0 1
    outer loop
      vertex 72.37320142925525 -0.49348395133258594 5
      vertex 71.65330032039817 -7.057234103728364 5
      vertex 72.42940479473081 -0.6505618350206526 5
    endloop
  endfacet
  facet normal 0 0 1
    outer loop
      vertex 72.30818596465727 -0.16662913856025302 5
      vertex 71.65330032039817 -7.057234103728364 5
      vertex 72.3326650233145 -0.33165354742741804 5
    endloop
  endfacet
  facet normal 0 0 1
    outer loop
      vertex 72.30818596465727 -0.16662913856025302 5
      vertex 72 0 5
      vertex 71.65330032039817 -7.057234103728364 5
    endloop
  endfacet
  facet normal 0 0 1
    outer loop
      vertex 72.3 0 5
      vertex 72 0 5
      vertex 72.30818596465727 -0.16662913856025302 5
    endloop
  endfacet
  facet normal 0 0 -1
    outer loop
      vertex 0 72.3 0
      vertex 13.266141897096722 66.69339906741968 0
      vertex 6.665165542410121 67.67256141370939 0
    endloop
  endfacet
  facet normal 0 0 -1
    outer loop
      vertex 0 72.3 0
      vertex 6.665165542410121 67.67256141370939 0
      vertex 0 68 0
    endloop
  endfacet
  facet normal 0 0 -1
    outer loop
      vertex 0.16662913856025302 72.30818596465727 0
      vertex 0.33165354742741804 72.3326650233145 0
      vertex 13.266141897096722 66.69339906741968 0
    endloop
  endfacet
  facet normal 0 0 -1
    outer loop
      vertex 0 72.3 0
      vertex 0.16662913856025302 72.30818596465727 0
      vertex 13.266141897096722 66.69339906741968 0
    endloop
  endfacet
  facet normal 0 0 -1
    outer loop
      vertex 0.33165354742741804 72.3326650233145 0
      vertex 0.49348395133258594 72.37320142925525 0
      vertex 13.266141897096722 66.69339906741968 0
    endloop
  endfacet
  facet normal 0 0 -1
    outer loop
      vertex 0.49348395133258594 72.37320142925525 0
      vertex 0.6505618350206526 72.42940479473081 0
      vertex 13.266141897096722 66.69339906741968 0
    endloop
  endfacet
  facet normal 0 0 -1
    outer loop
      vertex 0.6505618350206526 72.42940479473081 0
      vertex 19.739358053303437 65.0719428297902 0
      vertex 13.266141897096722 66.69339906741968 0
    endloop
  endfacet
  facet normal 0 0 -1
    outer loop
      vertex 0.6505618350206526 72.42940479473081 0
      vertex 61.58234524231474 64.45096277218408 0
      vertex 19.739358053303437 65.0719428297902 0
    endloop
  endfacet
  facet normal 0 0 -1
    outer loop
      vertex -75.45142338424921 78.78470167517662 0
      vertex 74 79 0
      vertex 74.49008569866419 78.97592363506556 0
    endloop
  endfacet
  facet normal 0 0 -1
    outer loop
      vertex -75.91341716051102 78.61939766258001 0
      vertex 74.49008569866419 78.97592363506556 0
      vertex 74.97545161098242 78.9039264023304 0
    endloop
  endfacet
  facet normal 0 0 -1
    outer loop
      vertex 78.9039264023304 74.97545161098242 0
      vertex 0.6505618350206526 72.42940479473081 0
      vertex 0.8013744526041959 72.5007338506078 0
    endloop
  endfacet
  facet normal 0 0 -1
    outer loop
      vertex 78.9039264023304 74.97545161098242 0
      vertex 0.9444693961333237 72.58650165908567 0
      vertex 1.0784685830781973 72.68588222928335 0
    endloop
  endfacet
  facet normal 0 0 -1
    outer loop
      vertex 78.9039264023304 74.97545161098242 0
      vertex 0.8013744526041959 72.5007338506078 0
      vertex 0.9444693961333237 72.58650165908567 0
    endloop
  endfacet
  facet normal 0 0 -1
    outer loop
      vertex 78.9039264023304 74.97545161098242 0
      vertex 1.2020815280171309 72.79791847198287 0
      vertex 1.314117770716653 72.92153141692181 0
    endloop
  endfacet
  facet normal 0 0 -1
    outer loop
      vertex 78.9039264023304 74.97545161098242 0
      vertex 1.0784685830781973 72.68588222928335 0
      vertex 1.2020815280171309 72.79791847198287 0
    endloop
  endfacet
  facet normal 0 0 -1
    outer loop
      vertex 78.9039264023304 74.97545161098242 0
      vertex 1.413498340914327 73.05553060386667 0
      vertex 1.4992661493922035 73.1986255473958 0
    endloop
  endfacet
  facet normal 0 0 -1
    outer loop
      vertex 78.9039264023304 74.97545161098242 0
      vertex 1.314117770716653 72.92153141692181 0
      vertex 1.413498340914327 73.05553060386667 0
    endloop
  endfacet
  facet normal 0 0 -1
    outer loop
      vertex 78.9039264023304 74.97545161098242 0
      vertex 1.4992661493922035 73.1986255473958 0
      vertex 1.5705952052691874 73.34943816497935 0
    endloop
  endfacet
  facet normal 0 0 -1
    outer loop
      vertex 78.9039264023304 74.97545161098242 0
      vertex 1.626798570744755 73.50651604866741 0
      vertex 1.6673349766854917 73.66834645257258 0
    endloop
  endfacet
  facet normal 0 0 -1
    outer loop
      vertex 78.9039264023304 74.97545161098242 0
      vertex 1.5705952052691874 73.34943816497935 0
      vertex 1.626798570744755 73.50651604866741 0
    endloop
  endfacet
  facet normal 0 0 -1
    outer loop
      vertex 78.40960632264614 76.35698368400335 0
      vertex 0.33165354742741804 75.6673349766855 0
      vertex 0.16662913856025302 75.69181403534273 0
    endloop
  endfacet
  facet normal 0 0 -1
    outer loop
      vertex 78.40960632264614 76.35698368400335 0
      vertex 0.49348395133258594 75.62679857074475 0
      vertex 0.33165354742741804 75.6673349766855 0
    endloop
  endfacet
  facet normal 0 0 -1
    outer loop
      vertex 78.40960632264614 76.35698368400335 0
      vertex 0.6505618350206526 75.57059520526919 0
      vertex 0.49348395133258594 75.62679857074475 0
    endloop
  endfacet
  facet normal 0 0 -1
    outer loop
      vertex -78.78470167517662 75.45142338424921 0
      vertex 78.1573480591178 76.77785116434097 0
      vertex 78.40960632264614 76.35698368400335 0
    endloop
  endfacet
  facet normal 0 0 -1
    outer loop
      vertex 78.40960632264614 76.35698368400335 0
      vertex 0.16662913856025302 75.69181403534273 0
      vertex 0 75.7 0
    endloop
  endfacet
  facet normal 0 0 -1
    outer loop
      vertex 78.40960632264614 76.35698368400335 0
      vertex 0.8013744526041959 75.4992661493922 0
      vertex 0.6505618350206526 75.57059520526919 0
    endloop
  endfacet
  facet normal 0 0 -1
    outer loop
      vertex 78.61939766258001 75.91341716051102 0
      vertex 0.9444693961333237 75.41349834091433 0
      vertex 0.8013744526041959 75.4992661493922 0
    endloop
  endfacet
  facet normal 0 0 -1
    outer loop
      vertex 78.61939766258001 75.91341716051102 0
      vertex 1.0784685830781973 75.31411777071665 0
      vertex 0.9444693961333237 75.41349834091433 0
    endloop
  endfacet
  facet normal 0 0 -1
    outer loop
      vertex 78.61939766258001 75.91341716051102 0
      vertex 1.2020815280171309 75.20208152801713 0
      vertex 1.0784685830781973 75.31411777071665 0
    endloop
  endfacet
  facet normal 0 0 -1
    outer loop
      vertex 78.61939766258001 75.91341716051102 0
      vertex 1.314117770716653 75.07846858307819 0
      vertex 1.2020815280171309 75.20208152801713 0
    endloop
  endfacet
  facet normal 0 0 -1
    outer loop
      vertex -78.61939766258001 75.91341716051102 0
      vertex 77.86505226790905 77.17196641862392 0
      vertex 78.1573480591178 76.77785116434097 0
    endloop
  endfacet
  facet normal 0 0 -1
    outer loop
      vertex -78.40960632264614 76.35698368400335 0
      vertex 77.5355339050293 77.5355339050293 0
      vertex 77.86505226790905 77.17196641862392 0
    endloop
  endfacet
  facet normal 0 0 -1
    outer loop
      vertex -78.1573480591178 76.77785116434097 0
      vertex 77.17196641862392 77.86505226790905 0
      vertex 77.5355339050293 77.5355339050293 0
    endloop
  endfacet
  facet normal 0 0 -1
    outer loop
      vertex -77.86505226790905 77.17196641862392 0
      vertex 76.77785116434097 78.1573480591178 0
      vertex 77.17196641862392 77.86505226790905 0
    endloop
  endfacet
  facet normal 0 0 -1
    outer loop
      vertex -77.5355339050293 77.5355339050293 0
      vertex 76.35698368400335 78.40960632264614 0
      vertex 76.77785116434097 78.1573480591178 0
    endloop
  endfacet
  facet normal 0 0 -1
    outer loop
      vertex -77.17196641862392 77.86505226790905 0
      vertex 75.91341716051102 78.61939766258001 0
      vertex 76.35698368400335 78.40960632264614 0
    endloop
  endfacet
  facet normal 0 0 -1
    outer loop
      vertex -76.77785116434097 78.1573480591178 0
      vertex 75.45142338424921 78.78470167517662 0
      vertex 75.91341716051102 78.61939766258001 0
    endloop
  endfacet
  facet normal 0 0 -1
    outer loop
      vertex -76.35698368400335 78.40960632264614 0
      vertex 74.97545161098242 78.9039264023304 0
      vertex 75.45142338424921 78.78470167517662 0
    endloop
  endfacet
  facet normal 0 0 -1
    outer loop
      vertex 78.9039264023304 74.97545161098242 0
      vertex 1.6673349766854917 73.66834645257258 0
      vertex 1.6918140353427347 73.83337086143975 0
    endloop
  endfacet
  facet normal 0 0 -1
    outer loop
      vertex 78.9039264023304 74.97545161098242 0
      vertex 1.6918140353427347 73.83337086143975 0
      vertex 1.7 74 0
    endloop
  endfacet
  facet normal 0 0 -1
    outer loop
      vertex 78.9039264023304 74.97545161098242 0
      vertex 1.6918140353427347 74.16662913856025 0
      vertex 1.6673349766854917 74.33165354742742 0
    endloop
  endfacet
  facet normal 0 0 -1
    outer loop
      vertex 78.9039264023304 74.97545161098242 0
      vertex 1.7 74 0
      vertex 1.6918140353427347 74.16662913856025 0
    endloop
  endfacet
  facet normal 0 0 -1
    outer loop
      vertex 78.9039264023304 74.97545161098242 0
      vertex 1.6673349766854917 74.33165354742742 0
      vertex 1.626798570744755 74.49348395133259 0
    endloop
  endfacet
  facet normal 0 0 -1
    outer loop
      vertex 78.78470167517662 75.45142338424921 0
      vertex 1.5705952052691874 74.65056183502065 0
      vertex 1.4992661493922035 74.8013744526042 0
    endloop
  endfacet
  facet normal 0 0 -1
    outer loop
      vertex 78.9039264023304 74.97545161098242 0
      vertex 1.626798570744755 74.49348395133259 0
      vertex 1.5705952052691874 74.65056183502065 0
    endloop
  endfacet
  facet normal 0 0 -1
    outer loop
      vertex 78.78470167517662 75.45142338424921 0
      vertex 1.4992661493922035 74.8013744526042 0
      vertex 1.413498340914327 74.94446939613333 0
    endloop
  endfacet
  facet normal 0 0 -1
    outer loop
      vertex 78.78470167517662 75.45142338424921 0
      vertex 1.413498340914327 74.94446939613333 0
      vertex 1.314117770716653 75.07846858307819 0
    endloop
  endfacet
  facet normal 0 0 -1
    outer loop
      vertex 26.022473400826104 62.823808210767496 0
      vertex 19.739358053303437 65.0719428297902 0
      vertex 61.369828105560295 64.37492292477596 0
    endloop
  endfacet
  facet normal 0 1 0
    outer loop
      vertex -74 79 0
      vertex 74 79 5
      vertex 74 79 0
    endloop
  endfacet
  facet normal 0 0 -1
    outer loop
      vertex 68 0 0
      vertex 67.67256141370939 6.665165542410121 0
      vertex 72.3326650233145 0.33165354742741804 0
    endloop
  endfacet
  facet normal 0 0 -1
    outer loop
      vertex 68 0 0
      vertex 72.30818596465727 0.16662913856025302 0
      vertex 72.3 0 0
    endloop
  endfacet
  facet normal 0 0 -1
    outer loop
      vertex 68 0 0
      vertex 72.3326650233145 0.33165354742741804 0
      vertex 72.30818596465727 0.16662913856025302 0
    endloop
  endfacet
  facet normal 0 0 -1
    outer loop
      vertex 67.67256141370939 6.665165542410121 0
      vertex 72.37320142925525 0.49348395133258594 0
      vertex 72.3326650233145 0.33165354742741804 0
    endloop
  endfacet
  facet normal 0 0 -1
    outer loop
      vertex 67.67256141370939 6.665165542410121 0
      vertex 72.42940479473081 0.6505618350206526 0
      vertex 72.37320142925525 0.49348395133258594 0
    endloop
  endfacet
  facet normal 0 0 -1
    outer loop
      vertex 67.67256141370939 6.665165542410121 0
      vertex 72.5007338506078 0.8013744526041959 0
      vertex 72.42940479473081 0.6505618350206526 0
    endloop
  endfacet
  facet normal 0 0 -1
    outer loop
      vertex 67.67256141370939 6.665165542410121 0
      vertex 72.58650165908567 0.9444693961333237 0
      vertex 72.5007338506078 0.8013744526041959 0
    endloop
  endfacet
  facet normal 0 0 -1
    outer loop
      vertex 67.67256141370939 6.665165542410121 0
      vertex 72.68588222928335 1.0784685830781973 0
      vertex 72.58650165908567 0.9444693961333237 0
    endloop
  endfacet
  facet normal 0 0 -1
    outer loop
      vertex 67.67256141370939 6.665165542410121 0
      vertex 72.79791847198287 1.2020815280171309 0
      vertex 72.68588222928335 1.0784685830781973 0
    endloop
  endfacet
  facet normal 0 0 -1
    outer loop
      vertex 67.67256141370939 6.665165542410121 0
      vertex 72.92153141692181 1.314117770716653 0
      vertex 72.79791847198287 1.2020815280171309 0
    endloop
  endfacet
  facet normal 0 0 -1
    outer loop
      vertex 67.67256141370939 6.665165542410121 0
      vertex 73.05553060386667 1.413498340914327 0
      vertex 72.92153141692181 1.314117770716653 0
    endloop
  endfacet
  facet normal 0 0 -1
    outer loop
      vertex 67.67256141370939 6.665165542410121 0
      vertex 73.1986255473958 1.4992661493922035 0
      vertex 73.05553060386667 1.413498340914327 0
    endloop
  endfacet
  facet normal 0 0 -1
    outer loop
      vertex 67.67256141370939 6.665165542410121 0
      vertex 73.34943816497935 1.5705952052691874 0
      vertex 73.1986255473958 1.4992661493922035 0
    endloop
  endfacet
  facet normal 0 0 -1
    outer loop
      vertex 67.67256141370939 6.665165542410121 0
      vertex 73.50651604866741 1.626798570744755 0
      vertex 73.34943816497935 1.5705952052691874 0
    endloop
  endfacet
  facet normal 0 0 -1
    outer loop
      vertex 67.67256141370939 6.665165542410121 0
      vertex 73.66834645257258 1.6673349766854917 0
      vertex 73.50651604866741 1.626798570744755 0
    endloop
  endfacet
  facet normal 0 0 -1
    outer loop
      vertex 73.83337086143975 1.6918140353427347 0
      vertex 73.66834645257258 1.6673349766854917 0
      vertex 67.67256141370939 6.665165542410121 0
    endloop
  endfacet
  facet normal 0 0 -1
    outer loop
      vertex 73.83337086143975 1.6918140353427347 0
      vertex 67.67256141370939 6.665165542410121 0
      vertex 66.69339906741968 13.266141897096722 0
    endloop
  endfacet
  facet normal 0 0 -1
    outer loop
      vertex 74 1.7 0
      vertex 73.83337086143975 1.6918140353427347 0
      vertex 66.69339906741968 13.266141897096722 0
    endloop
  endfacet
  facet normal 0 0 -1
    outer loop
      vertex 74.16662913856025 1.6918140353427347 0
      vertex 74 1.7 0
      vertex 66.69339906741968 13.266141897096722 0
    endloop
  endfacet
  facet normal 0 0 -1
    outer loop
      vertex 74.33165354742742 1.6673349766854917 0
      vertex 74.16662913856025 1.6918140353427347 0
      vertex 66.69339906741968 13.266141897096722 0
    endloop
  endfacet
  facet normal 0 0 -1
    outer loop
      vertex 74.49348395133259 1.626798570744755 0
      vertex 74.33165354742742 1.6673349766854917 0
      vertex 66.69339906741968 13.266141897096722 0
    endloop
  endfacet
  facet normal 0 0 -1
    outer loop
      vertex 74.65056183502065 1.5705952052691874 0
      vertex 74.49348395133259 1.626798570744755 0
      vertex 66.69339906741968 13.266141897096722 0
    endloop
  endfacet
  facet normal 0 0 -1
    outer loop
      vertex 74.8013744526042 1.4992661493922035 0
      vertex 74.65056183502065 1.5705952052691874 0
      vertex 66.69339906741968 13.266141897096722 0
    endloop
  endfacet
  facet normal 0 0 -1
    outer loop
      vertex 79 -74 0
      vertex 75.7 0 0
      vertex 79 74 0
    endloop
  endfacet
  facet normal 0 0 -1
    outer loop
      vertex 79 74 0
      vertex 74.8013744526042 1.4992661493922035 0
      vertex 66.69339906741968 13.266141897096722 0
    endloop
  endfacet
  facet normal 0 0 -1
    outer loop
      vertex 79 74 0
      vertex 75.07846858307819 1.314117770716653 0
      vertex 74.94446939613333 1.413498340914327 0
    endloop
  endfacet
  facet normal 0 0 -1
    outer loop
      vertex 79 74 0
      vertex 75.31411777071665 1.0784685830781973 0
      vertex 75.20208152801713 1.2020815280171309 0
    endloop
  endfacet
  facet normal 0 0 -1
    outer loop
      vertex 79 74 0
      vertex 75.20208152801713 1.2020815280171309 0
      vertex 75.07846858307819 1.314117770716653 0
    endloop
  endfacet
  facet normal 0 0 -1
    outer loop
      vertex 79 74 0
      vertex 74.94446939613333 1.413498340914327 0
      vertex 74.8013744526042 1.4992661493922035 0
    endloop
  endfacet
  facet normal 0 0 -1
    outer loop
      vertex 79 74 0
      vertex 75.69181403534273 0.16662913856025302 0
      vertex 75.6673349766855 0.33165354742741804 0
    endloop
  endfacet
  facet normal 0 0 -1
    outer loop
      vertex 79 74 0
      vertex 75.7 0 0
      vertex 75.69181403534273 0.16662913856025302 0
    endloop
  endfacet
  facet normal 0 0 -1
    outer loop
      vertex 79 74 0
      vertex 75.6673349766855 0.33165354742741804 0
      vertex 75.62679857074475 0.49348395133258594 0
    endloop
  endfacet
  facet normal 0 0 -1
    outer loop
      vertex 79 74 0
      vertex 75.4992661493922 0.8013744526041959 0
      vertex 75.41349834091433 0.9444693961333237 0
    endloop
  endfacet
  facet normal 0 0 -1
    outer loop
      vertex 79 74 0
      vertex 75.62679857074475 0.49348395133258594 0
      vertex 75.57059520526919 0.6505618350206526 0
    endloop
  endfacet
  facet normal 0 0 -1
    outer loop
      vertex 79 74 0
      vertex 75.57059520526919 0.6505618350206526 0
      vertex 75.4992661493922 0.8013744526041959 0
    endloop
  endfacet
  facet normal 0 0 -1
    outer loop
      vertex 79 74 0
      vertex 75.41349834091433 0.9444693961333237 0
      vertex 75.31411777071665 1.0784685830781973 0
    endloop
  endfacet
  facet normal 0 0 -1
    outer loop
      vertex 79 74 0
      vertex 66.69339906741968 13.266141897096722 0
      vertex 65.0719428297902 19.739358053303437 0
    endloop
  endfacet
  facet normal 0 0 -1
    outer loop
      vertex 59.961075128653945 62.02456057724201 0
      vertex 43.13874332312789 52.564710828666115 0
      vertex 37.778775845332945 56.539933636573075 0
    endloop
  endfacet
  facet normal 0 0 -1
    outer loop
      vertex 60.62365440327094 60.62365440327094 0
      vertex 48.083261120685236 48.083261120685236 0
      vertex 43.13874332312789 52.564710828666115 0
    endloop
  endfacet
  facet normal 0 0 -1
    outer loop
      vertex 52.564710828666115 43.13874332312789 0
      vertex 48.083261120685236 48.083261120685236 0
      vertex 63.33421249469979 60.221581091998786 0
    endloop
  endfacet
  facet normal 0 0 -1
    outer loop
      vertex 60.972188464054916 60.33761989170414 0
      vertex 48.083261120685236 48.083261120685236 0
      vertex 60.79089544642362 60.4720759572657 0
    endloop
  endfacet
  facet normal 0 0 -1
    outer loop
      vertex 60.79089544642362 60.4720759572657 0
      vertex 48.083261120685236 48.083261120685236 0
      vertex 60.62365440327094 60.62365440327094 0
    endloop
  endfacet
  facet normal 0 0 -1
    outer loop
      vertex 48.083261120685236 48.083261120685236 0
      vertex 60.972188464054916 60.33761989170414 0
      vertex 61.16578750530021 60.221581091998786 0
    endloop
  endfacet
  facet normal 0 0 -1
    outer loop
      vertex 60.62365440327094 60.62365440327094 0
      vertex 43.13874332312789 52.564710828666115 0
      vertex 60.4720759572657 60.79089544642362 0
    endloop
  endfacet
  facet normal 0 0 -1
    outer loop
      vertex 60.33761989170414 60.972188464054916 0
      vertex 43.13874332312789 52.564710828666115 0
      vertex 60.221581091998786 61.16578750530021 0
    endloop
  endfacet
  facet normal 0 0 -1
    outer loop
      vertex 60.12507707522404 61.369828105560295 0
      vertex 43.13874332312789 52.564710828666115 0
      vertex 60.04903722781592 61.58234524231474 0
    endloop
  endfacet
  facet normal 0 0 -1
    outer loop
      vertex 60.221581091998786 61.16578750530021 0
      vertex 43.13874332312789 52.564710828666115 0
      vertex 60.12507707522404 61.369828105560295 0
    endloop
  endfacet
  facet normal 0 0 -1
    outer loop
      vertex 60.4720759572657 60.79089544642362 0
      vertex 43.13874332312789 52.564710828666115 0
      vertex 60.33761989170414 60.972188464054916 0
    endloop
  endfacet
  facet normal 0 0 -1
    outer loop
      vertex 60.04903722781592 61.58234524231474 0
      vertex 43.13874332312789 52.564710828666115 0
      vertex 59.99419385507257 61.8012922593629 0
    endloop
  endfacet
  facet normal 0 0 -1
    outer loop
      vertex 59.99419385507257 61.8012922593629 0
      vertex 43.13874332312789 52.564710828666115 0
      vertex 59.961075128653945 62.02456057724201 0
    endloop
  endfacet
  facet normal 0 0 -1
    outer loop
      vertex 48.083261120685236 48.083261120685236 0
      vertex 61.16578750530021 60.221581091998786 0
      vertex 61.369828105560295 60.12507707522404 0
    endloop
  endfacet
  facet normal 0 0 -1
    outer loop
      vertex 48.083261120685236 48.083261120685236 0
      vertex 61.369828105560295 60.12507707522404 0
      vertex 61.58234524231474 60.04903722781592 0
    endloop
  endfacet
  facet normal 0 0 -1
    outer loop
      vertex 48.083261120685236 48.083261120685236 0
      vertex 61.58234524231474 60.04903722781592 0
      vertex 61.8012922593629 59.99419385507257 0
    endloop
  endfacet
  facet normal 0 0 -1
    outer loop
      vertex 48.083261120685236 48.083261120685236 0
      vertex 61.8012922593629 59.99419385507257 0
      vertex 62.02456057724201 59.961075128653945 0
    endloop
  endfacet
  facet normal 0 0 -1
    outer loop
      vertex 48.083261120685236 48.083261120685236 0
      vertex 62.02456057724201 59.961075128653945 0
      vertex 62.25 59.95 0
    endloop
  endfacet
  facet normal 0 0 -1
    outer loop
      vertex 48.083261120685236 48.083261120685236 0
      vertex 62.25 59.95 0
      vertex 62.47543942275799 59.961075128653945 0
    endloop
  endfacet
  facet normal 0 0 -1
    outer loop
      vertex 48.083261120685236 48.083261120685236 0
      vertex 62.47543942275799 59.961075128653945 0
      vertex 62.6987077406371 59.99419385507257 0
    endloop
  endfacet
  facet normal 0 0 -1
    outer loop
      vertex 48.083261120685236 48.083261120685236 0
      vertex 62.6987077406371 59.99419385507257 0
      vertex 62.91765475768526 60.04903722781592 0
    endloop
  endfacet
  facet normal 0 0 -1
    outer loop
      vertex 48.083261120685236 48.083261120685236 0
      vertex 62.91765475768526 60.04903722781592 0
      vertex 63.130171894439705 60.12507707522404 0
    endloop
  endfacet
  facet normal 0 0 -1
    outer loop
      vertex 63.33421249469979 60.221581091998786 0
      vertex 48.083261120685236 48.083261120685236 0
      vertex 63.130171894439705 60.12507707522404 0
    endloop
  endfacet
  facet normal 0 0 -1
    outer loop
      vertex 32.05497810416784 59.97064597568814 0
      vertex 26.022473400826104 62.823808210767496 0
      vertex 60.79089544642362 64.0279240427343 0
    endloop
  endfacet
  facet normal 0 0 -1
    outer loop
      vertex 60.221581091998786 63.33421249469979 0
      vertex 37.778775845332945 56.539933636573075 0
      vertex 32.05497810416784 59.97064597568814 0
    endloop
  endfacet
  facet normal 0 0 -1
    outer loop
      vertex 0.6505618350206526 72.42940479473081 0
      vertex 61.8012922593629 64.50580614492743 0
      vertex 61.58234524231474 64.45096277218408 0
    endloop
  endfacet
  facet normal 0 0 -1
    outer loop
      vertex 26.022473400826104 62.823808210767496 0
      vertex 60.972188464054916 64.16238010829585 0
      vertex 60.79089544642362 64.0279240427343 0
    endloop
  endfacet
  facet normal 0 0 -1
    outer loop
      vertex 19.739358053303437 65.0719428297902 0
      vertex 61.58234524231474 64.45096277218408 0
      vertex 61.369828105560295 64.37492292477596 0
    endloop
  endfacet
  facet normal 0 0 -1
    outer loop
      vertex 78.9039264023304 74.97545161098242 0
      vertex 61.8012922593629 64.50580614492743 0
      vertex 0.6505618350206526 72.42940479473081 0
    endloop
  endfacet
  facet normal 0 0 -1
    outer loop
      vertex 26.022473400826104 62.823808210767496 0
      vertex 61.16578750530021 64.27841890800121 0
      vertex 60.972188464054916 64.16238010829585 0
    endloop
  endfacet
  facet normal 0 0 -1
    outer loop
      vertex 26.022473400826104 62.823808210767496 0
      vertex 61.369828105560295 64.37492292477596 0
      vertex 61.16578750530021 64.27841890800121 0
    endloop
  endfacet
  facet normal 0 0 -1
    outer loop
      vertex 32.05497810416784 59.97064597568814 0
      vertex 60.33761989170414 63.527811535945084 0
      vertex 60.221581091998786 63.33421249469979 0
    endloop
  endfacet
  facet normal 0 0 -1
    outer loop
      vertex 32.05497810416784 59.97064597568814 0
      vertex 60.4720759572657 63.70910455357638 0
      vertex 60.33761989170414 63.527811535945084 0
    endloop
  endfacet
  facet normal 0 0 -1
    outer loop
      vertex 32.05497810416784 59.97064597568814 0
      vertex 60.62365440327094 63.87634559672906 0
      vertex 60.4720759572657 63.70910455357638 0
    endloop
  endfacet
  facet normal 0 0 -1
    outer loop
      vertex 32.05497810416784 59.97064597568814 0
      vertex 60.79089544642362 64.0279240427343 0
      vertex 60.62365440327094 63.87634559672906 0
    endloop
  endfacet
  facet normal 0 0 -1
    outer loop
      vertex 59.961075128653945 62.02456057724201 0
      vertex 37.778775845332945 56.539933636573075 0
      vertex 59.95 62.25 0
    endloop
  endfacet
  facet normal 0 0 -1
    outer loop
      vertex 59.95 62.25 0
      vertex 37.778775845332945 56.539933636573075 0
      vertex 59.961075128653945 62.47543942275799 0
    endloop
  endfacet
  facet normal 0 0 -1
    outer loop
      vertex 59.961075128653945 62.47543942275799 0
      vertex 37.778775845332945 56.539933636573075 0
      vertex 59.99419385507257 62.6987077406371 0
    endloop
  endfacet
  facet normal 0 0 -1
    outer loop
      vertex 59.99419385507257 62.6987077406371 0
      vertex 37.778775845332945 56.539933636573075 0
      vertex 60.04903722781592 62.91765475768526 0
    endloop
  endfacet
  facet normal 0 0 -1
    outer loop
      vertex 60.04903722781592 62.91765475768526 0
      vertex 37.778775845332945 56.539933636573075 0
      vertex 60.12507707522404 63.130171894439705 0
    endloop
  endfacet
  facet normal 0 0 -1
    outer loop
      vertex 60.12507707522404 63.130171894439705 0
      vertex 37.778775845332945 56.539933636573075 0
      vertex 60.221581091998786 63.33421249469979 0
    endloop
  endfacet
  facet normal 0 0 -1
    outer loop
      vertex 78.61939766258001 75.91341716051102 0
      vertex 78.78470167517662 75.45142338424921 0
      vertex 1.314117770716653 75.07846858307819 0
    endloop
  endfacet
  facet normal 0 0 -1
    outer loop
      vertex 78.61939766258001 75.91341716051102 0
      vertex 0.8013744526041959 75.4992661493922 0
      vertex 78.40960632264614 76.35698368400335 0
    endloop
  endfacet
  facet normal 0 0 -1
    outer loop
      vertex 78.9039264023304 74.97545161098242 0
      vertex 1.5705952052691874 74.65056183502065 0
      vertex 78.78470167517662 75.45142338424921 0
    endloop
  endfacet
  facet normal 0 0 -1
    outer loop
      vertex 79 74 0
      vertex 65.0719428297902 19.739358053303437 0
      vertex 62.823808210767496 26.022473400826104 0
    endloop
  endfacet
  facet normal 0 0 -1
    outer loop
      vertex 79 74 0
      vertex 62.823808210767496 26.022473400826104 0
      vertex 59.97064597568814 32.05497810416784 0
    endloop
  endfacet
  facet normal 0 0 -1
    outer loop
      vertex 79 74 0
      vertex 59.97064597568814 32.05497810416784 0
      vertex 56.539933636573075 37.778775845332945 0
    endloop
  endfacet
  facet normal 0 0 -1
    outer loop
      vertex 79 74 0
      vertex 56.539933636573075 37.778775845332945 0
      vertex 52.564710828666115 43.13874332312789 0
    endloop
  endfacet
  facet normal 0 0 -1
    outer loop
      vertex 52.564710828666115 43.13874332312789 0
      vertex 63.33421249469979 60.221581091998786 0
      vertex 63.527811535945084 60.33761989170414 0
    endloop
  endfacet
  facet normal 0 0 -1
    outer loop
      vertex 52.564710828666115 43.13874332312789 0
      vertex 63.527811535945084 60.33761989170414 0
      vertex 63.70910455357638 60.4720759572657 0
    endloop
  endfacet
  facet normal 0 0 -1
    outer loop
      vertex 52.564710828666115 43.13874332312789 0
      vertex 63.70910455357638 60.4720759572657 0
      vertex 63.87634559672906 60.62365440327094 0
    endloop
  endfacet
  facet normal 0 0 -1
    outer loop
      vertex 78.97592363506556 74.49008569866419 0
      vertex 52.564710828666115 43.13874332312789 0
      vertex 63.87634559672906 60.62365440327094 0
    endloop
  endfacet
  facet normal 0 0 -1
    outer loop
      vertex 78.97592363506556 74.49008569866419 0
      vertex 63.87634559672906 60.62365440327094 0
      vertex 64.0279240427343 60.79089544642362 0
    endloop
  endfacet
  facet normal 0 0 -1
    outer loop
      vertex 78.97592363506556 74.49008569866419 0
      vertex 64.0279240427343 60.79089544642362 0
      vertex 64.16238010829585 60.972188464054916 0
    endloop
  endfacet
  facet normal 0 0 -1
    outer loop
      vertex 78.9039264023304 74.97545161098242 0
      vertex 62.02456057724201 64.53892487134605 0
      vertex 61.8012922593629 64.50580614492743 0
    endloop
  endfacet
  facet normal 0 0 -1
    outer loop
      vertex 78.9039264023304 74.97545161098242 0
      vertex 62.25 64.55 0
      vertex 62.02456057724201 64.53892487134605 0
    endloop
  endfacet
  facet normal 0 0 -1
    outer loop
      vertex 78.9039264023304 74.97545161098242 0
      vertex 62.47543942275799 64.53892487134605 0
      vertex 62.25 64.55 0
    endloop
  endfacet
  facet normal 0 0 -1
    outer loop
      vertex 78.9039264023304 74.97545161098242 0
      vertex 63.33421249469979 64.27841890800121 0
      vertex 63.130171894439705 64.37492292477596 0
    endloop
  endfacet
  facet normal 0 0 -1
    outer loop
      vertex 78.9039264023304 74.97545161098242 0
      vertex 63.527811535945084 64.16238010829585 0
      vertex 63.33421249469979 64.27841890800121 0
    endloop
  endfacet
  facet normal 0 0 -1
    outer loop
      vertex 78.9039264023304 74.97545161098242 0
      vertex 63.70910455357638 64.0279240427343 0
      vertex 63.527811535945084 64.16238010829585 0
    endloop
  endfacet
  facet normal 0 0 -1
    outer loop
      vertex 78.9039264023304 74.97545161098242 0
      vertex 64.0279240427343 63.70910455357638 0
      vertex 63.87634559672906 63.87634559672906 0
    endloop
  endfacet
  facet normal 0 0 -1
    outer loop
      vertex 78.9039264023304 74.97545161098242 0
      vertex 64.27841890800121 63.33421249469979 0
      vertex 64.16238010829585 63.527811535945084 0
    endloop
  endfacet
  facet normal 0 0 -1
    outer loop
      vertex 78.9039264023304 74.97545161098242 0
      vertex 64.16238010829585 63.527811535945084 0
      vertex 64.0279240427343 63.70910455357638 0
    endloop
  endfacet
  facet normal 0 0 -1
    outer loop
      vertex 78.9039264023304 74.97545161098242 0
      vertex 63.87634559672906 63.87634559672906 0
      vertex 63.70910455357638 64.0279240427343 0
    endloop
  endfacet
  facet normal 0 0 -1
    outer loop
      vertex 78.9039264023304 74.97545161098242 0
      vertex 62.6987077406371 64.50580614492743 0
      vertex 62.47543942275799 64.53892487134605 0
    endloop
  endfacet
  facet normal 0 0 -1
    outer loop
      vertex 78.9039264023304 74.97545161098242 0
      vertex 62.91765475768526 64.45096277218408 0
      vertex 62.6987077406371 64.50580614492743 0
    endloop
  endfacet
  facet normal 0 0 -1
    outer loop
      vertex 78.9039264023304 74.97545161098242 0
      vertex 63.130171894439705 64.37492292477596 0
      vertex 62.91765475768526 64.45096277218408 0
    endloop
  endfacet
  facet normal 0 0 -1
    outer loop
      vertex 79 74 0
      vertex 52.564710828666115 43.13874332312789 0
      vertex 78.97592363506556 74.49008569866419 0
    endloop
  endfacet
  facet normal 0 0 -1
    outer loop
      vertex 78.97592363506556 74.49008569866419 0
      vertex 64.16238010829585 60.972188464054916 0
      vertex 64.27841890800121 61.16578750530021 0
    endloop
  endfacet
  facet normal 0 0 -1
    outer loop
      vertex 78.97592363506556 74.49008569866419 0
      vertex 64.27841890800121 61.16578750530021 0
      vertex 64.37492292477596 61.369828105560295 0
    endloop
  endfacet
  facet normal 0 0 -1
    outer loop
      vertex 78.9039264023304 74.97545161098242 0
      vertex 64.37492292477596 61.369828105560295 0
      vertex 64.45096277218408 61.58234524231474 0
    endloop
  endfacet
  facet normal 0 0 -1
    outer loop
      vertex 78.9039264023304 74.97545161098242 0
      vertex 64.45096277218408 61.58234524231474 0
      vertex 64.50580614492743 61.8012922593629 0
    endloop
  endfacet
  facet normal 0 0 -1
    outer loop
      vertex 78.9039264023304 74.97545161098242 0
      vertex 64.50580614492743 61.8012922593629 0
      vertex 64.53892487134605 62.02456057724201 0
    endloop
  endfacet
  facet normal 0 0 -1
    outer loop
      vertex 78.9039264023304 74.97545161098242 0
      vertex 64.53892487134605 62.02456057724201 0
      vertex 64.55 62.25 0
    endloop
  endfacet
  facet normal 0 0 -1
    outer loop
      vertex 78.9039264023304 74.97545161098242 0
      vertex 64.55 62.25 0
      vertex 64.53892487134605 62.47543942275799 0
    endloop
  endfacet
  facet normal 0 0 -1
    outer loop
      vertex 78.9039264023304 74.97545161098242 0
      vertex 64.53892487134605 62.47543942275799 0
      vertex 64.50580614492743 62.6987077406371 0
    endloop
  endfacet
  facet normal 0 0 -1
    outer loop
      vertex 78.9039264023304 74.97545161098242 0
      vertex 64.50580614492743 62.6987077406371 0
      vertex 64.45096277218408 62.91765475768526 0
    endloop
  endfacet
  facet normal 0 0 -1
    outer loop
      vertex 78.9039264023304 74.97545161098242 0
      vertex 64.45096277218408 62.91765475768526 0
      vertex 64.37492292477596 63.130171894439705 0
    endloop
  endfacet
  facet normal 0 0 -1
    outer loop
      vertex 78.9039264023304 74.97545161098242 0
      vertex 64.37492292477596 63.130171894439705 0
      vertex 64.27841890800121 63.33421249469979 0
    endloop
  endfacet
  facet normal 0 0 -1
    outer loop
      vertex 78.97592363506556 74.49008569866419 0
      vertex 64.37492292477596 61.369828105560295 0
      vertex 78.9039264023304 74.97545161098242 0
    endloop
  endfacet
  facet normal 0.049067671159865246 0.9987954563607843 0
    outer loop
      vertex 74 79 0
      vertex 74.49008569866419 78.97592363506556 5
      vertex 74.49008569866419 78.97592363506556 0
    endloop
  endfacet
  facet normal 0.14673047607854153 0.989176509724005 0
    outer loop
      vertex 74.49008569866419 78.97592363506556 0
      vertex 74.97545161098242 78.9039264023304 5
      vertex 74.97545161098242 78.9039264023304 0
    endloop
  endfacet
  facet normal 0.242980188592871 0.9700312510179108 0
    outer loop
      vertex 74.97545161098242 78.9039264023304 0
      vertex 75.45142338424921 78.78470167517662 5
      vertex 75.45142338424921 78.78470167517662 0
    endloop
  endfacet
  facet normal 0.33688984659619614 0.941544067614677 0
    outer loop
      vertex 75.45142338424921 78.78470167517662 0
      vertex 75.91341716051102 78.61939766258001 5
      vertex 75.91341716051102 78.61939766258001 0
    endloop
  endfacet
  facet normal 0.42755509102775247 0.9039892942597552 0
    outer loop
      vertex 75.91341716051102 78.61939766258001 0
      vertex 76.35698368400335 78.40960632264614 5
      vertex 76.35698368400335 78.40960632264614 0
    endloop
  endfacet
  facet normal 0.9987954563607843 0.049067671159865246 0
    outer loop
      vertex 79 74 0
      vertex 78.97592363506556 74.49008569866419 0
      vertex 79 74 5
    endloop
  endfacet
  facet normal 0.989176509724005 0.14673047607854153 0
    outer loop
      vertex 78.97592363506556 74.49008569866419 0
      vertex 78.9039264023304 74.97545161098242 0
      vertex 78.97592363506556 74.49008569866419 5
    endloop
  endfacet
  facet normal 0.9700312510179108 0.242980188592871 0
    outer loop
      vertex 78.9039264023304 74.97545161098242 0
      vertex 78.78470167517662 75.45142338424921 0
      vertex 78.9039264023304 74.97545161098242 5
    endloop
  endfacet
  facet normal 0.8577286066956991 0.5141027497065687 0
    outer loop
      vertex 78.40960632264614 76.35698368400335 0
      vertex 78.1573480591178 76.77785116434097 0
      vertex 78.40960632264614 76.35698368400335 5
    endloop
  endfacet
  facet normal 0.941544067614677 0.33688984659619614 0
    outer loop
      vertex 78.61939766258001 75.91341716051102 0
      vertex 78.78470167517662 75.45142338424921 5
      vertex 78.78470167517662 75.45142338424921 0
    endloop
  endfacet
  facet normal 0.9039892942597552 0.42755509102775247 0
    outer loop
      vertex 78.61939766258001 75.91341716051102 0
      vertex 78.40960632264614 76.35698368400335 0
      vertex 78.61939766258001 75.91341716051102 5
    endloop
  endfacet
  facet normal 0.6715589557743872 0.7409511245144411 0
    outer loop
      vertex 77.5355339050293 77.5355339050293 0
      vertex 77.17196641862392 77.86505226790905 0
      vertex 77.5355339050293 77.5355339050293 5
    endloop
  endfacet
  facet normal 0.7409511245144411 0.6715589557743872 0
    outer loop
      vertex 77.5355339050293 77.5355339050293 0
      vertex 77.86505226790905 77.17196641862392 5
      vertex 77.86505226790905 77.17196641862392 0
    endloop
  endfacet
  facet normal 0.5141027497065687 0.8577286066956991 0
    outer loop
      vertex 76.35698368400335 78.40960632264614 0
      vertex 76.77785116434097 78.1573480591178 5
      vertex 76.77785116434097 78.1573480591178 0
    endloop
  endfacet
  facet normal 0.5956993013048966 0.8032075338446834 0
    outer loop
      vertex 76.77785116434097 78.1573480591178 0
      vertex 77.17196641862392 77.86505226790905 5
      vertex 77.17196641862392 77.86505226790905 0
    endloop
  endfacet
  facet normal 0.8032075338446834 0.5956993013048966 0
    outer loop
      vertex 78.1573480591178 76.77785116434097 0
      vertex 77.86505226790905 77.17196641862392 0
      vertex 78.1573480591178 76.77785116434097 5
    endloop
  endfacet
  facet normal 0 0 1
    outer loop
      vertex 0 72.3 5
      vertex 0 72 5
      vertex 7.057234103728364 71.65330032039817 5
    endloop
  endfacet
  facet normal 0 0 1
    outer loop
      vertex 0.16662913856025302 72.30818596465727 5
      vertex 0 72.3 5
      vertex 7.057234103728364 71.65330032039817 5
    endloop
  endfacet
  facet normal 0 0 1
    outer loop
      vertex 0.33165354742741804 72.3326650233145 5
      vertex 0.16662913856025302 72.30818596465727 5
      vertex 7.057234103728364 71.65330032039817 5
    endloop
  endfacet
  facet normal 0 0 1
    outer loop
      vertex -75.45142338424921 78.78470167517662 5
      vertex 74.49008569866419 78.97592363506556 5
      vertex 74 79 5
    endloop
  endfacet
  facet normal 0 0 1
    outer loop
      vertex -75.91341716051102 78.61939766258001 5
      vertex 74.97545161098242 78.9039264023304 5
      vertex 74.49008569866419 78.97592363506556 5
    endloop
  endfacet
  facet normal 0 0 1
    outer loop
      vertex 78.9039264023304 74.97545161098242 5
      vertex 0.6505618350206526 72.42940479473081 5
      vertex 0.49348395133258594 72.37320142925525 5
    endloop
  endfacet
  facet normal 0 0 1
    outer loop
      vertex 78.9039264023304 74.97545161098242 5
      vertex 0.49348395133258594 72.37320142925525 5
      vertex 0.33165354742741804 72.3326650233145 5
    endloop
  endfacet
  facet normal 0 0 1
    outer loop
      vertex 78.9039264023304 74.97545161098242 5
      vertex 0.8013744526041959 72.5007338506078 5
      vertex 0.6505618350206526 72.42940479473081 5
    endloop
  endfacet
  facet normal 0 0 1
    outer loop
      vertex 78.9039264023304 74.97545161098242 5
      vertex 1.0784685830781973 72.68588222928335 5
      vertex 0.9444693961333237 72.58650165908567 5
    endloop
  endfacet
  facet normal 0 0 1
    outer loop
      vertex 78.9039264023304 74.97545161098242 5
      vertex 0.9444693961333237 72.58650165908567 5
      vertex 0.8013744526041959 72.5007338506078 5
    endloop
  endfacet
  facet normal 0 0 1
    outer loop
      vertex 78.9039264023304 74.97545161098242 5
      vertex 1.314117770716653 72.92153141692181 5
      vertex 1.2020815280171309 72.79791847198287 5
    endloop
  endfacet
  facet normal 0 0 1
    outer loop
      vertex 78.9039264023304 74.97545161098242 5
      vertex 1.2020815280171309 72.79791847198287 5
      vertex 1.0784685830781973 72.68588222928335 5
    endloop
  endfacet
  facet normal 0 0 1
    outer loop
      vertex 78.9039264023304 74.97545161098242 5
      vertex 1.4992661493922035 73.1986255473958 5
      vertex 1.413498340914327 73.05553060386667 5
    endloop
  endfacet
  facet normal 0 0 1
    outer loop
      vertex 78.9039264023304 74.97545161098242 5
      vertex 1.413498340914327 73.05553060386667 5
      vertex 1.314117770716653 72.92153141692181 5
    endloop
  endfacet
  facet normal 0 0 1
    outer loop
      vertex 78.9039264023304 74.97545161098242 5
      vertex 1.5705952052691874 73.34943816497935 5
      vertex 1.4992661493922035 73.1986255473958 5
    endloop
  endfacet
  facet normal 0 0 1
    outer loop
      vertex 78.9039264023304 74.97545161098242 5
      vertex 1.6673349766854917 73.66834645257258 5
      vertex 1.626798570744755 73.50651604866741 5
    endloop
  endfacet
  facet normal 0 0 1
    outer loop
      vertex 78.9039264023304 74.97545161098242 5
      vertex 1.626798570744755 73.50651604866741 5
      vertex 1.5705952052691874 73.34943816497935 5
    endloop
  endfacet
  facet normal 0 0 1
    outer loop
      vertex 78.9039264023304 74.97545161098242 5
      vertex 0.33165354742741804 72.3326650233145 5
      vertex 7.057234103728364 71.65330032039817 5
    endloop
  endfacet
  facet normal 0 0 1
    outer loop
      vertex 78.40960632264614 76.35698368400335 5
      vertex 0.16662913856025302 75.69181403534273 5
      vertex 0.33165354742741804 75.6673349766855 5
    endloop
  endfacet
  facet normal 0 0 1
    outer loop
      vertex 78.40960632264614 76.35698368400335 5
      vertex 0.33165354742741804 75.6673349766855 5
      vertex 0.49348395133258594 75.62679857074475 5
    endloop
  endfacet
  facet normal 0 0 1
    outer loop
      vertex 78.40960632264614 76.35698368400335 5
      vertex 0.49348395133258594 75.62679857074475 5
      vertex 0.6505618350206526 75.57059520526919 5
    endloop
  endfacet
  facet normal 0 0 1
    outer loop
      vertex -78.78470167517662 75.45142338424921 5
      vertex 78.40960632264614 76.35698368400335 5
      vertex 78.1573480591178 76.77785116434097 5
    endloop
  endfacet
  facet normal 0 0 1
    outer loop
      vertex 78.40960632264614 76.35698368400335 5
      vertex 0 75.7 5
      vertex 0.16662913856025302 75.69181403534273 5
    endloop
  endfacet
  facet normal 0 0 1
    outer loop
      vertex 78.40960632264614 76.35698368400335 5
      vertex 0.6505618350206526 75.57059520526919 5
      vertex 0.8013744526041959 75.4992661493922 5
    endloop
  endfacet
  facet normal 0 0 1
    outer loop
      vertex 78.40960632264614 76.35698368400335 5
      vertex 0.8013744526041959 75.4992661493922 5
      vertex 0.9444693961333237 75.41349834091433 5
    endloop
  endfacet
  facet normal 0 0 1
    outer loop
      vertex 78.61939766258001 75.91341716051102 5
      vertex 0.9444693961333237 75.41349834091433 5
      vertex 1.0784685830781973 75.31411777071665 5
    endloop
  endfacet
  facet normal 0 0 1
    outer loop
      vertex 78.61939766258001 75.91341716051102 5
      vertex 1.0784685830781973 75.31411777071665 5
      vertex 1.2020815280171309 75.20208152801713 5
    endloop
  endfacet
  facet normal 0 0 1
    outer loop
      vertex 78.61939766258001 75.91341716051102 5
      vertex 1.2020815280171309 75.20208152801713 5
      vertex 1.314117770716653 75.07846858307819 5
    endloop
  endfacet
  facet normal 0 0 1
    outer loop
      vertex 78.61939766258001 75.91341716051102 5
      vertex 1.314117770716653 75.07846858307819 5
      vertex 1.413498340914327 74.94446939613333 5
    endloop
  endfacet
  facet normal 0 0 1
    outer loop
      vertex -78.61939766258001 75.91341716051102 5
      vertex 78.1573480591178 76.77785116434097 5
      vertex 77.86505226790905 77.17196641862392 5
    endloop
  endfacet
  facet normal 0 0 1
    outer loop
      vertex -78.40960632264614 76.35698368400335 5
      vertex 77.86505226790905 77.17196641862392 5
      vertex 77.5355339050293 77.5355339050293 5
    endloop
  endfacet
  facet normal 0 0 1
    outer loop
      vertex -78.1573480591178 76.77785116434097 5
      vertex 77.5355339050293 77.5355339050293 5
      vertex 77.17196641862392 77.86505226790905 5
    endloop
  endfacet
  facet normal 0 0 1
    outer loop
      vertex -77.86505226790905 77.17196641862392 5
      vertex 77.17196641862392 77.86505226790905 5
      vertex 76.77785116434097 78.1573480591178 5
    endloop
  endfacet
  facet normal 0 0 1
    outer loop
      vertex -77.5355339050293 77.5355339050293 5
      vertex 76.77785116434097 78.1573480591178 5
      vertex 76.35698368400335 78.40960632264614 5
    endloop
  endfacet
  facet normal 0 0 1
    outer loop
      vertex -77.17196641862392 77.86505226790905 5
      vertex 76.35698368400335 78.40960632264614 5
      vertex 75.91341716051102 78.61939766258001 5
    endloop
  endfacet
  facet normal 0 0 1
    outer loop
      vertex -76.77785116434097 78.1573480591178 5
      vertex 75.91341716051102 78.61939766258001 5
      vertex 75.45142338424921 78.78470167517662 5
    endloop
  endfacet
  facet normal 0 0 1
    outer loop
      vertex -76.35698368400335 78.40960632264614 5
      vertex 75.45142338424921 78.78470167517662 5
      vertex 74.97545161098242 78.9039264023304 5
    endloop
  endfacet
  facet normal 0 0 1
    outer loop
      vertex 78.9039264023304 74.97545161098242 5
      vertex 1.6918140353427347 73.83337086143975 5
      vertex 1.6673349766854917 73.66834645257258 5
    endloop
  endfacet
  facet normal 0 0 1
    outer loop
      vertex 78.9039264023304 74.97545161098242 5
      vertex 1.7 74 5
      vertex 1.6918140353427347 73.83337086143975 5
    endloop
  endfacet
  facet normal 0 0 1
    outer loop
      vertex 78.9039264023304 74.97545161098242 5
      vertex 1.6673349766854917 74.33165354742742 5
      vertex 1.6918140353427347 74.16662913856025 5
    endloop
  endfacet
  facet normal 0 0 1
    outer loop
      vertex 78.9039264023304 74.97545161098242 5
      vertex 1.6918140353427347 74.16662913856025 5
      vertex 1.7 74 5
    endloop
  endfacet
  facet normal 0 0 1
    outer loop
      vertex 78.9039264023304 74.97545161098242 5
      vertex 1.626798570744755 74.49348395133259 5
      vertex 1.6673349766854917 74.33165354742742 5
    endloop
  endfacet
  facet normal 0 0 1
    outer loop
      vertex 78.78470167517662 75.45142338424921 5
      vertex 1.4992661493922035 74.8013744526042 5
      vertex 1.5705952052691874 74.65056183502065 5
    endloop
  endfacet
  facet normal 0 0 1
    outer loop
      vertex 78.78470167517662 75.45142338424921 5
      vertex 1.5705952052691874 74.65056183502065 5
      vertex 1.626798570744755 74.49348395133259 5
    endloop
  endfacet
  facet normal 0 0 1
    outer loop
      vertex 78.78470167517662 75.45142338424921 5
      vertex 1.413498340914327 74.94446939613333 5
      vertex 1.4992661493922035 74.8013744526042 5
    endloop
  endfacet
  facet normal 0 0 1
    outer loop
      vertex 78.9039264023304 74.97545161098242 5
      vertex 7.057234103728364 71.65330032039817 5
      vertex 14.046503185161233 70.61654018903259 5
    endloop
  endfacet
  facet normal 0 0 1
    outer loop
      vertex 78.9039264023304 74.97545161098242 5
      vertex 14.046503185161233 70.61654018903259 5
      vertex 20.90049676232129 68.89970417271904 5
    endloop
  endfacet
  facet normal 1 0 0
    outer loop
      vertex 79 -74 5
      vertex 79 74 0
      vertex 79 74 5
    endloop
  endfacet
  facet normal 0 0 1
    outer loop
      vertex 72.30818596465727 0.16662913856025302 5
      vertex 72 0 5
      vertex 72.3 0 5
    endloop
  endfacet
  facet normal 0 0 1
    outer loop
      vertex 72.37320142925525 0.49348395133258594 5
      vertex 72 0 5
      vertex 72.3326650233145 0.33165354742741804 5
    endloop
  endfacet
  facet normal 0 0 1
    outer loop
      vertex 72.3326650233145 0.33165354742741804 5
      vertex 72 0 5
      vertex 72.30818596465727 0.16662913856025302 5
    endloop
  endfacet
  facet normal 0 0 1
    outer loop
      vertex 72.42940479473081 0.6505618350206526 5
      vertex 72 0 5
      vertex 72.37320142925525 0.49348395133258594 5
    endloop
  endfacet
  facet normal 0 0 1
    outer loop
      vertex 72.42940479473081 0.6505618350206526 5
      vertex 71.65330032039817 7.057234103728364 5
      vertex 72 0 5
    endloop
  endfacet
  facet normal 0 0 1
    outer loop
      vertex 79 -74 5
      vertex 79 74 5
      vertex 75.7 0 5
    endloop
  endfacet
  facet normal 0 0 1
    outer loop
      vertex 79 74 5
      vertex 72.42940479473081 0.6505618350206526 5
      vertex 72.5007338506078 0.8013744526041959 5
    endloop
  endfacet
  facet normal 0 0 1
    outer loop
      vertex 79 74 5
      vertex 72.5007338506078 0.8013744526041959 5
      vertex 72.58650165908567 0.9444693961333237 5
    endloop
  endfacet
  facet normal 0 0 1
    outer loop
      vertex 79 74 5
      vertex 72.68588222928335 1.0784685830781973 5
      vertex 72.79791847198287 1.2020815280171309 5
    endloop
  endfacet
  facet normal 0 0 1
    outer loop
      vertex 79 74 5
      vertex 72.58650165908567 0.9444693961333237 5
      vertex 72.68588222928335 1.0784685830781973 5
    endloop
  endfacet
  facet normal 0 0 1
    outer loop
      vertex 79 74 5
      vertex 72.79791847198287 1.2020815280171309 5
      vertex 72.92153141692181 1.314117770716653 5
    endloop
  endfacet
  facet normal 0 0 1
    outer loop
      vertex 79 74 5
      vertex 72.92153141692181 1.314117770716653 5
      vertex 73.05553060386667 1.413498340914327 5
    endloop
  endfacet
  facet normal 0 0 1
    outer loop
      vertex 79 74 5
      vertex 73.05553060386667 1.413498340914327 5
      vertex 73.1986255473958 1.4992661493922035 5
    endloop
  endfacet
  facet normal 0 0 1
    outer loop
      vertex 79 74 5
      vertex 73.34943816497935 1.5705952052691874 5
      vertex 73.50651604866741 1.626798570744755 5
    endloop
  endfacet
  facet normal 0 0 1
    outer loop
      vertex 79 74 5
      vertex 73.1986255473958 1.4992661493922035 5
      vertex 73.34943816497935 1.5705952052691874 5
    endloop
  endfacet
  facet normal 0 0 1
    outer loop
      vertex 79 74 5
      vertex 73.50651604866741 1.626798570744755 5
      vertex 73.66834645257258 1.6673349766854917 5
    endloop
  endfacet
  facet normal 0 0 1
    outer loop
      vertex 79 74 5
      vertex 73.66834645257258 1.6673349766854917 5
      vertex 73.83337086143975 1.6918140353427347 5
    endloop
  endfacet
  facet normal 0 0 1
    outer loop
      vertex 79 74 5
      vertex 74 1.7 5
      vertex 74.16662913856025 1.6918140353427347 5
    endloop
  endfacet
  facet normal 0 0 1
    outer loop
      vertex 79 74 5
      vertex 73.83337086143975 1.6918140353427347 5
      vertex 74 1.7 5
    endloop
  endfacet
  facet normal 0 0 1
    outer loop
      vertex 79 74 5
      vertex 74.16662913856025 1.6918140353427347 5
      vertex 74.33165354742742 1.6673349766854917 5
    endloop
  endfacet
  facet normal 0 0 1
    outer loop
      vertex 79 74 5
      vertex 74.49348395133259 1.626798570744755 5
      vertex 74.65056183502065 1.5705952052691874 5
    endloop
  endfacet
  facet normal 0 0 1
    outer loop
      vertex 79 74 5
      vertex 74.33165354742742 1.6673349766854917 5
      vertex 74.49348395133259 1.626798570744755 5
    endloop
  endfacet
  facet normal 0 0 1
    outer loop
      vertex 79 74 5
      vertex 74.65056183502065 1.5705952052691874 5
      vertex 74.8013744526042 1.4992661493922035 5
    endloop
  endfacet
  facet normal 0 0 1
    outer loop
      vertex 79 74 5
      vertex 74.94446939613333 1.413498340914327 5
      vertex 75.07846858307819 1.314117770716653 5
    endloop
  endfacet
  facet normal 0 0 1
    outer loop
      vertex 79 74 5
      vertex 75.20208152801713 1.2020815280171309 5
      vertex 75.31411777071665 1.0784685830781973 5
    endloop
  endfacet
  facet normal 0 0 1
    outer loop
      vertex 79 74 5
      vertex 75.07846858307819 1.314117770716653 5
      vertex 75.20208152801713 1.2020815280171309 5
    endloop
  endfacet
  facet normal 0 0 1
    outer loop
      vertex 79 74 5
      vertex 74.8013744526042 1.4992661493922035 5
      vertex 74.94446939613333 1.413498340914327 5
    endloop
  endfacet
  facet normal 0 0 1
    outer loop
      vertex 79 74 5
      vertex 71.65330032039817 7.057234103728364 5
      vertex 72.42940479473081 0.6505618350206526 5
    endloop
  endfacet
  facet normal 0 0 1
    outer loop
      vertex 79 74 5
      vertex 75.69181403534273 0.16662913856025302 5
      vertex 75.7 0 5
    endloop
  endfacet
  facet normal 0 0 1
    outer loop
      vertex 79 74 5
      vertex 75.6673349766855 0.33165354742741804 5
      vertex 75.69181403534273 0.16662913856025302 5
    endloop
  endfacet
  facet normal 0 0 1
    outer loop
      vertex 79 74 5
      vertex 75.62679857074475 0.49348395133258594 5
      vertex 75.6673349766855 0.33165354742741804 5
    endloop
  endfacet
  facet normal 0 0 1
    outer loop
      vertex 79 74 5
      vertex 75.41349834091433 0.9444693961333237 5
      vertex 75.4992661493922 0.8013744526041959 5
    endloop
  endfacet
  facet normal 0 0 1
    outer loop
      vertex 79 74 5
      vertex 75.57059520526919 0.6505618350206526 5
      vertex 75.62679857074475 0.49348395133258594 5
    endloop
  endfacet
  facet normal 0 0 1
    outer loop
      vertex 79 74 5
      vertex 75.4992661493922 0.8013744526041959 5
      vertex 75.57059520526919 0.6505618350206526 5
    endloop
  endfacet
  facet normal 0 0 1
    outer loop
      vertex 79 74 5
      vertex 75.31411777071665 1.0784685830781973 5
      vertex 75.41349834091433 0.9444693961333237 5
    endloop
  endfacet
  facet normal 0 0 1
    outer loop
      vertex 79 74 5
      vertex 70.61654018903259 14.046503185161233 5
      vertex 71.65330032039817 7.057234103728364 5
    endloop
  endfacet
  facet normal 0 0 1
    outer loop
      vertex 79 74 5
      vertex 68.89970417271904 20.90049676232129 5
      vertex 70.61654018903259 14.046503185161233 5
    endloop
  endfacet
  facet normal 0.049067671159865246 0.9987954563607843 0
    outer loop
      vertex 74 79 0
      vertex 74 79 5
      vertex 74.49008569866419 78.97592363506556 5
    endloop
  endfacet
  facet normal 0.14673047607854153 0.989176509724005 0
    outer loop
      vertex 74.49008569866419 78.97592363506556 0
      vertex 74.49008569866419 78.97592363506556 5
      vertex 74.97545161098242 78.9039264023304 5
    endloop
  endfacet
  facet normal 0.242980188592871 0.9700312510179108 0
    outer loop
      vertex 74.97545161098242 78.9039264023304 0
      vertex 74.97545161098242 78.9039264023304 5
      vertex 75.45142338424921 78.78470167517662 5
    endloop
  endfacet
  facet normal 0.33688984659619614 0.941544067614677 0
    outer loop
      vertex 75.45142338424921 78.78470167517662 0
      vertex 75.45142338424921 78.78470167517662 5
      vertex 75.91341716051102 78.61939766258001 5
    endloop
  endfacet
  facet normal 0.5141027497065687 0.8577286066956991 0
    outer loop
      vertex 76.35698368400335 78.40960632264614 0
      vertex 76.35698368400335 78.40960632264614 5
      vertex 76.77785116434097 78.1573480591178 5
    endloop
  endfacet
  facet normal 0.42755509102775247 0.9039892942597552 0
    outer loop
      vertex 75.91341716051102 78.61939766258001 0
      vertex 75.91341716051102 78.61939766258001 5
      vertex 76.35698368400335 78.40960632264614 5
    endloop
  endfacet
  facet normal 0.9987954563607843 0.049067671159865246 0
    outer loop
      vertex 78.97592363506556 74.49008569866419 0
      vertex 78.97592363506556 74.49008569866419 5
      vertex 79 74 5
    endloop
  endfacet
  facet normal 0.989176509724005 0.14673047607854153 0
    outer loop
      vertex 78.9039264023304 74.97545161098242 0
      vertex 78.9039264023304 74.97545161098242 5
      vertex 78.97592363506556 74.49008569866419 5
    endloop
  endfacet
  facet normal 0.9700312510179108 0.242980188592871 0
    outer loop
      vertex 78.78470167517662 75.45142338424921 0
      vertex 78.78470167517662 75.45142338424921 5
      vertex 78.9039264023304 74.97545161098242 5
    endloop
  endfacet
  facet normal 0.941544067614677 0.33688984659619614 0
    outer loop
      vertex 78.61939766258001 75.91341716051102 0
      vertex 78.61939766258001 75.91341716051102 5
      vertex 78.78470167517662 75.45142338424921 5
    endloop
  endfacet
  facet normal 0.9039892942597552 0.42755509102775247 0
    outer loop
      vertex 78.40960632264614 76.35698368400335 0
      vertex 78.40960632264614 76.35698368400335 5
      vertex 78.61939766258001 75.91341716051102 5
    endloop
  endfacet
  facet normal 0.6715589557743872 0.7409511245144411 0
    outer loop
      vertex 77.17196641862392 77.86505226790905 0
      vertex 77.17196641862392 77.86505226790905 5
      vertex 77.5355339050293 77.5355339050293 5
    endloop
  endfacet
  facet normal 0.7409511245144411 0.6715589557743872 0
    outer loop
      vertex 77.5355339050293 77.5355339050293 0
      vertex 77.5355339050293 77.5355339050293 5
      vertex 77.86505226790905 77.17196641862392 5
    endloop
  endfacet
  facet normal 0.5956993013048966 0.8032075338446834 0
    outer loop
      vertex 76.77785116434097 78.1573480591178 0
      vertex 76.77785116434097 78.1573480591178 5
      vertex 77.17196641862392 77.86505226790905 5
    endloop
  endfacet
  facet normal 0.8032075338446834 0.5956993013048966 0
    outer loop
      vertex 77.86505226790905 77.17196641862392 0
      vertex 77.86505226790905 77.17196641862392 5
      vertex 78.1573480591178 76.77785116434097 5
    endloop
  endfacet
  facet normal 0.8577286066956991 0.5141027497065687 0
    outer loop
      vertex 78.1573480591178 76.77785116434097 0
      vertex 78.1573480591178 76.77785116434097 5
      vertex 78.40960632264614 76.35698368400335 5
    endloop
  endfacet
  facet normal 0 0 1
    outer loop
      vertex 60.14267151745786 58.6 5
      vertex 55.65675264211706 45.67631645978248 5
      vertex 59.865812085783254 40.00105677741136 5
    endloop
  endfacet
  facet normal 0 0 1
    outer loop
      vertex 45.67631645978248 55.65675264211706 5
      vertex 50.91168824543143 50.91168824543143 5
      vertex 58.03534303491573 62.25 5
    endloop
  endfacet
  facet normal 0 0 1
    outer loop
      vertex 55.65675264211706 45.67631645978248 5
      vertex 60.14267151745786 58.6 5
      vertex 50.91168824543143 50.91168824543143 5
    endloop
  endfacet
  facet normal 0 0 1
    outer loop
      vertex 58.03534303491573 62.25 5
      vertex 50.91168824543143 50.91168824543143 5
      vertex 60.14267151745786 58.6 5
    endloop
  endfacet
  facet normal 0 0 1
    outer loop
      vertex 33.94056505147183 63.49833103308156 5
      vertex 40.00105677741136 59.865812085783254 5
      vertex 60.14267151745786 65.9 5
    endloop
  endfacet
  facet normal 0 0 1
    outer loop
      vertex 60.14267151745786 65.9 5
      vertex 40.00105677741136 59.865812085783254 5
      vertex 45.67631645978248 55.65675264211706 5
    endloop
  endfacet
  facet normal 0 0 1
    outer loop
      vertex 78.9039264023304 74.97545161098242 5
      vertex 27.553207130286463 66.51932634081264 5
      vertex 33.94056505147183 63.49833103308156 5
    endloop
  endfacet
  facet normal 0 0 1
    outer loop
      vertex 78.9039264023304 74.97545161098242 5
      vertex 20.90049676232129 68.89970417271904 5
      vertex 27.553207130286463 66.51932634081264 5
    endloop
  endfacet
  facet normal 0 0 1
    outer loop
      vertex 60.14267151745786 65.9 5
      vertex 45.67631645978248 55.65675264211706 5
      vertex 58.03534303491573 62.25 5
    endloop
  endfacet
  facet normal 0 0 1
    outer loop
      vertex 78.9039264023304 74.97545161098242 5
      vertex 33.94056505147183 63.49833103308156 5
      vertex 60.14267151745786 65.9 5
    endloop
  endfacet
  facet normal 0 0 1
    outer loop
      vertex 78.61939766258001 75.91341716051102 5
      vertex 78.40960632264614 76.35698368400335 5
      vertex 0.9444693961333237 75.41349834091433 5
    endloop
  endfacet
  facet normal 0 0 1
    outer loop
      vertex 78.61939766258001 75.91341716051102 5
      vertex 1.413498340914327 74.94446939613333 5
      vertex 78.78470167517662 75.45142338424921 5
    endloop
  endfacet
  facet normal 0 0 1
    outer loop
      vertex 78.9039264023304 74.97545161098242 5
      vertex 78.78470167517662 75.45142338424921 5
      vertex 1.626798570744755 74.49348395133259 5
    endloop
  endfacet
  facet normal 0 0 1
    outer loop
      vertex 64.35732848254213 58.6 5
      vertex 59.865812085783254 40.00105677741136 5
      vertex 63.49833103308156 33.94056505147183 5
    endloop
  endfacet
  facet normal 0 0 1
    outer loop
      vertex 64.35732848254213 58.6 5
      vertex 60.14267151745786 58.6 5
      vertex 59.865812085783254 40.00105677741136 5
    endloop
  endfacet
  facet normal 0 0 1
    outer loop
      vertex 79 74 5
      vertex 64.35732848254213 58.6 5
      vertex 63.49833103308156 33.94056505147183 5
    endloop
  endfacet
  facet normal 0 0 1
    outer loop
      vertex 79 74 5
      vertex 66.51932634081264 27.553207130286463 5
      vertex 68.89970417271904 20.90049676232129 5
    endloop
  endfacet
  facet normal 0 0 1
    outer loop
      vertex 79 74 5
      vertex 63.49833103308156 33.94056505147183 5
      vertex 66.51932634081264 27.553207130286463 5
    endloop
  endfacet
  facet normal 0 0 1
    outer loop
      vertex 78.9039264023304 74.97545161098242 5
      vertex 60.14267151745786 65.9 5
      vertex 64.35732848254213 65.9 5
    endloop
  endfacet
  facet normal 0 0 1
    outer loop
      vertex 79 74 5
      vertex 66.46465696508427 62.25 5
      vertex 64.35732848254213 58.6 5
    endloop
  endfacet
  facet normal 0 0 1
    outer loop
      vertex 78.9039264023304 74.97545161098242 5
      vertex 64.35732848254213 65.9 5
      vertex 66.46465696508427 62.25 5
    endloop
  endfacet
  facet normal 0 0 1
    outer loop
      vertex 79 74 5
      vertex 78.97592363506556 74.49008569866419 5
      vertex 66.46465696508427 62.25 5
    endloop
  endfacet
  facet normal 0 0 1
    outer loop
      vertex 78.97592363506556 74.49008569866419 5
      vertex 78.9039264023304 74.97545161098242 5
      vertex 66.46465696508427 62.25 5
    endloop
  endfacet
  facet normal 0.8032075314806453 0.5956993044924328 0
    outer loop
      vertex -56.539933636573075 -37.778775845332945 3.8
      vertex -52.564710828666115 -43.13874332312789 0
      vertex -56.539933636573075 -37.778775845332945 0
    endloop
  endfacet
  facet normal 0.7409511253549599 0.6715589548470177 0
    outer loop
      vertex -48.083261120685236 -48.083261120685236 3.8
      vertex -48.083261120685236 -48.083261120685236 0
      vertex -52.564710828666115 -43.13874332312789 0
    endloop
  endfacet
  facet normal 0.6715589548470177 0.7409511253549599 0
    outer loop
      vertex -48.083261120685236 -48.083261120685236 3.8
      vertex -43.13874332312789 -52.564710828666115 0
      vertex -48.083261120685236 -48.083261120685236 0
    endloop
  endfacet
  facet normal 0.5956993044924328 0.8032075314806453 0
    outer loop
      vertex -43.13874332312789 -52.564710828666115 3.8
      vertex -37.778775845332945 -56.539933636573075 0
      vertex -43.13874332312789 -52.564710828666115 0
    endloop
  endfacet
  facet normal 0.9415440651830207 0.3368898533922204 0
    outer loop
      vertex -65.0719428297902 -19.739358053303437 3.8
      vertex -62.823808210767496 -26.022473400826104 0
      vertex -65.0719428297902 -19.739358053303437 0
    endloop
  endfacet
  facet normal 0.9039892931234434 0.42755509343028164 0
    outer loop
      vertex -62.823808210767496 -26.022473400826104 3.8
      vertex -59.97064597568814 -32.05497810416784 0
      vertex -62.823808210767496 -26.022473400826104 0
    endloop
  endfacet
  facet normal 0.9700312531945438 0.24298017990326481 0
    outer loop
      vertex -66.69339906741968 -13.266141897096722 3.8
      vertex -65.0719428297902 -19.739358053303437 0
      vertex -66.69339906741968 -13.266141897096722 0
    endloop
  endfacet
  facet normal 0.9891765099647811 0.14673047445536097 0
    outer loop
      vertex -67.67256141370939 -6.665165542410121 3.8
      vertex -66.69339906741968 -13.266141897096722 0
      vertex -67.67256141370939 -6.665165542410121 0
    endloop
  endfacet
  facet normal 0.9987954562051724 0.04906767432741798 0
    outer loop
      vertex -68 0 3.8
      vertex -67.67256141370939 -6.665165542410121 0
      vertex -68 0 0
    endloop
  endfacet
  facet normal 0.8577286100002718 0.5141027441932222 0
    outer loop
      vertex -59.97064597568814 -32.05497810416784 3.8
      vertex -56.539933636573075 -37.778775845332945 0
      vertex -59.97064597568814 -32.05497810416784 0
    endloop
  endfacet
  facet normal 0.42755509343028164 0.9039892931234434 0
    outer loop
      vertex -32.05497810416784 -59.97064597568814 3.8
      vertex -26.022473400826104 -62.823808210767496 0
      vertex -32.05497810416784 -59.97064597568814 0
    endloop
  endfacet
  facet normal 0.3368898533922204 0.9415440651830207 0
    outer loop
      vertex -26.022473400826104 -62.823808210767496 3.8
      vertex -19.739358053303437 -65.0719428297902 0
      vertex -26.022473400826104 -62.823808210767496 0
    endloop
  endfacet
  facet normal 0.5141027441932222 0.8577286100002718 0
    outer loop
      vertex -37.778775845332945 -56.539933636573075 3.8
      vertex -32.05497810416784 -59.97064597568814 0
      vertex -37.778775845332945 -56.539933636573075 0
    endloop
  endfacet
  facet normal 0.24298017990326481 0.9700312531945438 0
    outer loop
      vertex -19.739358053303437 -65.0719428297902 3.8
      vertex -13.266141897096722 -66.69339906741968 0
      vertex -19.739358053303437 -65.0719428297902 0
    endloop
  endfacet
  facet normal 0.14673047445536097 0.9891765099647811 0
    outer loop
      vertex -13.266141897096722 -66.69339906741968 3.8
      vertex -6.665165542410121 -67.67256141370939 0
      vertex -13.266141897096722 -66.69339906741968 0
    endloop
  endfacet
  facet normal 0.04906767432741798 0.9987954562051724 0
    outer loop
      vertex -6.665165542410121 -67.67256141370939 3.8
      vertex 0 -68 0
      vertex -6.665165542410121 -67.67256141370939 0
    endloop
  endfacet
  facet normal 0.7409511253549599 0.6715589548470177 0
    outer loop
      vertex -48.083261120685236 -48.083261120685236 3.8
      vertex -52.564710828666115 -43.13874332312789 0
      vertex -52.564710828666115 -43.13874332312789 3.8
    endloop
  endfacet
  facet normal 0.8032075314806453 0.5956993044924328 0
    outer loop
      vertex -52.564710828666115 -43.13874332312789 3.8
      vertex -52.564710828666115 -43.13874332312789 0
      vertex -56.539933636573075 -37.778775845332945 3.8
    endloop
  endfacet
  facet normal 0.6715589548470177 0.7409511253549599 0
    outer loop
      vertex -48.083261120685236 -48.083261120685236 3.8
      vertex -43.13874332312789 -52.564710828666115 3.8
      vertex -43.13874332312789 -52.564710828666115 0
    endloop
  endfacet
  facet normal 0.5956993044924328 0.8032075314806453 0
    outer loop
      vertex -43.13874332312789 -52.564710828666115 3.8
      vertex -37.778775845332945 -56.539933636573075 3.8
      vertex -37.778775845332945 -56.539933636573075 0
    endloop
  endfacet
  facet normal 0.9039892931234434 0.42755509343028164 0
    outer loop
      vertex -59.97064597568814 -32.05497810416784 3.8
      vertex -59.97064597568814 -32.05497810416784 0
      vertex -62.823808210767496 -26.022473400826104 3.8
    endloop
  endfacet
  facet normal 0.9415440651830207 0.3368898533922204 0
    outer loop
      vertex -62.823808210767496 -26.022473400826104 3.8
      vertex -62.823808210767496 -26.022473400826104 0
      vertex -65.0719428297902 -19.739358053303437 3.8
    endloop
  endfacet
  facet normal 0.9700312531945438 0.24298017990326481 0
    outer loop
      vertex -65.0719428297902 -19.739358053303437 3.8
      vertex -65.0719428297902 -19.739358053303437 0
      vertex -66.69339906741968 -13.266141897096722 3.8
    endloop
  endfacet
  facet normal 0.9891765099647811 0.14673047445536097 0
    outer loop
      vertex -66.69339906741968 -13.266141897096722 3.8
      vertex -66.69339906741968 -13.266141897096722 0
      vertex -67.67256141370939 -6.665165542410121 3.8
    endloop
  endfacet
  facet normal 0.9987954562051724 0.049067674327417994 0
    outer loop
      vertex -67.67256141370939 -6.665165542410121 3.8
      vertex -67.67256141370939 -6.665165542410121 0
      vertex -68 -1.52429564805533e-15 5
    endloop
  endfacet
  facet normal 0.9987954562051725 0.049067674327417946 6.232803536456618e-17
    outer loop
      vertex -68 0 3.8
      vertex -68 -1.52429564805533e-15 5
      vertex -67.67256141370939 -6.665165542410121 0
    endloop
  endfacet
  facet normal 0.8577286100002718 0.5141027441932222 0
    outer loop
      vertex -59.97064597568814 -32.05497810416784 3.8
      vertex -56.539933636573075 -37.778775845332945 3.8
      vertex -56.539933636573075 -37.778775845332945 0
    endloop
  endfacet
  facet normal 0.99879545620517 0.04906767432746798 -2.7739477726805363e-13
    outer loop
      vertex -67.67256141370939 -6.665165542410121 3.8
      vertex -68 -1.52429564805533e-15 5
      vertex -67.9946321543231 -0.10926500889196843 5
    endloop
  endfacet
  facet normal 0.42755509343028164 0.9039892931234434 0
    outer loop
      vertex -32.05497810416784 -59.97064597568814 3.8
      vertex -26.022473400826104 -62.823808210767496 3.8
      vertex -26.022473400826104 -62.823808210767496 0
    endloop
  endfacet
  facet normal 0.3368898533922204 0.9415440651830207 0
    outer loop
      vertex -26.022473400826104 -62.823808210767496 3.8
      vertex -19.739358053303437 -65.0719428297902 3.8
      vertex -19.739358053303437 -65.0719428297902 0
    endloop
  endfacet
  facet normal 0.5141027441932222 0.8577286100002718 0
    outer loop
      vertex -32.05497810416784 -59.97064597568814 3.8
      vertex -32.05497810416784 -59.97064597568814 0
      vertex -37.778775845332945 -56.539933636573075 3.8
    endloop
  endfacet
  facet normal 0.24298017990326481 0.9700312531945438 0
    outer loop
      vertex -19.739358053303437 -65.0719428297902 3.8
      vertex -13.266141897096722 -66.69339906741968 3.8
      vertex -13.266141897096722 -66.69339906741968 0
    endloop
  endfacet
  facet normal 0.14673047445536097 0.9891765099647811 0
    outer loop
      vertex -13.266141897096722 -66.69339906741968 3.8
      vertex -6.665165542410121 -67.67256141370939 3.8
      vertex -6.665165542410121 -67.67256141370939 0
    endloop
  endfacet
  facet normal 0.04906767432741798 0.9987954562051724 0
    outer loop
      vertex -6.665165542410121 -67.67256141370939 3.8
      vertex 0 -68 3.8
      vertex 0 -68 0
    endloop
  endfacet
  facet normal 0.9987954562051724 -0.04906767432741798 0
    outer loop
      vertex -67.67256141370939 6.665165542410121 3.8
      vertex -68 0 0
      vertex -67.67256141370939 6.665165542410121 0
    endloop
  endfacet
  facet normal 0.9891765099647811 -0.14673047445536097 0
    outer loop
      vertex -66.69339906741968 13.266141897096722 3.8
      vertex -67.67256141370939 6.665165542410121 0
      vertex -66.69339906741968 13.266141897096722 0
    endloop
  endfacet
  facet normal 0.9700312531945438 -0.24298017990326481 0
    outer loop
      vertex -65.0719428297902 19.739358053303437 3.8
      vertex -66.69339906741968 13.266141897096722 0
      vertex -65.0719428297902 19.739358053303437 0
    endloop
  endfacet
  facet normal 0.9415440651830207 -0.3368898533922204 0
    outer loop
      vertex -62.823808210767496 26.022473400826104 3.8
      vertex -65.0719428297902 19.739358053303437 0
      vertex -62.823808210767496 26.022473400826104 0
    endloop
  endfacet
  facet normal 0.9039892931234434 -0.42755509343028164 0
    outer loop
      vertex -59.97064597568814 32.05497810416784 3.8
      vertex -62.823808210767496 26.022473400826104 0
      vertex -59.97064597568814 32.05497810416784 0
    endloop
  endfacet
  facet normal 0.8577286100002718 -0.5141027441932222 0
    outer loop
      vertex -56.539933636573075 37.778775845332945 3.8
      vertex -59.97064597568814 32.05497810416784 0
      vertex -56.539933636573075 37.778775845332945 0
    endloop
  endfacet
  facet normal 0.8032075314806453 -0.5956993044924328 0
    outer loop
      vertex -52.564710828666115 43.13874332312789 3.8
      vertex -56.539933636573075 37.778775845332945 0
      vertex -52.564710828666115 43.13874332312789 0
    endloop
  endfacet
  facet normal 0.7409511253549599 -0.6715589548470177 0
    outer loop
      vertex -48.083261120685236 48.083261120685236 3.8
      vertex -52.564710828666115 43.13874332312789 0
      vertex -48.083261120685236 48.083261120685236 0
    endloop
  endfacet
  facet normal 0.6715589548470177 -0.7409511253549599 0
    outer loop
      vertex -43.13874332312789 52.564710828666115 3.8
      vertex -48.083261120685236 48.083261120685236 0
      vertex -43.13874332312789 52.564710828666115 0
    endloop
  endfacet
  facet normal 0.5956993044924328 -0.8032075314806453 0
    outer loop
      vertex -37.778775845332945 56.539933636573075 3.8
      vertex -43.13874332312789 52.564710828666115 0
      vertex -37.778775845332945 56.539933636573075 0
    endloop
  endfacet
  facet normal 0.5141027441932222 -0.8577286100002718 0
    outer loop
      vertex -32.05497810416784 59.97064597568814 3.8
      vertex -37.778775845332945 56.539933636573075 0
      vertex -32.05497810416784 59.97064597568814 0
    endloop
  endfacet
  facet normal 0.42755509343028164 -0.9039892931234434 0
    outer loop
      vertex -26.022473400826104 62.823808210767496 3.8
      vertex -32.05497810416784 59.97064597568814 0
      vertex -26.022473400826104 62.823808210767496 0
    endloop
  endfacet
  facet normal 0.3368898533922204 -0.9415440651830207 0
    outer loop
      vertex -19.739358053303437 65.0719428297902 3.8
      vertex -26.022473400826104 62.823808210767496 0
      vertex -19.739358053303437 65.0719428297902 0
    endloop
  endfacet
  facet normal 0.24298017990326481 -0.9700312531945438 0
    outer loop
      vertex -13.266141897096722 66.69339906741968 3.8
      vertex -19.739358053303437 65.0719428297902 0
      vertex -13.266141897096722 66.69339906741968 0
    endloop
  endfacet
  facet normal 0.14673047445536097 -0.9891765099647811 0
    outer loop
      vertex -6.665165542410121 67.67256141370939 3.8
      vertex -13.266141897096722 66.69339906741968 0
      vertex -6.665165542410121 67.67256141370939 0
    endloop
  endfacet
  facet normal 0.04906767432741798 -0.9987954562051724 0
    outer loop
      vertex 0 68 3.8
      vertex -6.665165542410121 67.67256141370939 0
      vertex 0 68 0
    endloop
  endfacet
  facet normal 0.9987954562051724 -0.04906767432741798 0
    outer loop
      vertex -68 0 3.8
      vertex -68 0 0
      vertex -67.67256141370939 6.665165542410121 3.8
    endloop
  endfacet
  facet normal 0.9891765099647811 -0.14673047445536097 0
    outer loop
      vertex -67.67256141370939 6.665165542410121 3.8
      vertex -67.67256141370939 6.665165542410121 0
      vertex -66.69339906741968 13.266141897096722 3.8
    endloop
  endfacet
  facet normal 0.9700312531945438 -0.24298017990326481 0
    outer loop
      vertex -66.69339906741968 13.266141897096722 3.8
      vertex -66.69339906741968 13.266141897096722 0
      vertex -65.0719428297902 19.739358053303437 3.8
    endloop
  endfacet
  facet normal 0.9415440651830207 -0.3368898533922204 0
    outer loop
      vertex -65.0719428297902 19.739358053303437 3.8
      vertex -65.0719428297902 19.739358053303437 0
      vertex -62.823808210767496 26.022473400826104 3.8
    endloop
  endfacet
  facet normal 0.9039892931234434 -0.42755509343028164 0
    outer loop
      vertex -62.823808210767496 26.022473400826104 3.8
      vertex -62.823808210767496 26.022473400826104 0
      vertex -59.97064597568814 32.05497810416784 3.8
    endloop
  endfacet
  facet normal 0.8577286100002718 -0.5141027441932222 0
    outer loop
      vertex -59.97064597568814 32.05497810416784 3.8
      vertex -59.97064597568814 32.05497810416784 0
      vertex -56.539933636573075 37.778775845332945 3.8
    endloop
  endfacet
  facet normal 0.8032075314806453 -0.5956993044924328 0
    outer loop
      vertex -56.539933636573075 37.778775845332945 3.8
      vertex -56.539933636573075 37.778775845332945 0
      vertex -52.564710828666115 43.13874332312789 3.8
    endloop
  endfacet
  facet normal 0.7409511253549599 -0.6715589548470177 0
    outer loop
      vertex -52.564710828666115 43.13874332312789 3.8
      vertex -52.564710828666115 43.13874332312789 0
      vertex -48.083261120685236 48.083261120685236 3.8
    endloop
  endfacet
  facet normal 0.6715589548470177 -0.7409511253549599 0
    outer loop
      vertex -48.083261120685236 48.083261120685236 3.8
      vertex -48.083261120685236 48.083261120685236 0
      vertex -43.13874332312789 52.564710828666115 3.8
    endloop
  endfacet
  facet normal 0.5956993044924328 -0.8032075314806453 0
    outer loop
      vertex -43.13874332312789 52.564710828666115 3.8
      vertex -43.13874332312789 52.564710828666115 0
      vertex -37.778775845332945 56.539933636573075 3.8
    endloop
  endfacet
  facet normal 0.5141027441932222 -0.8577286100002718 0
    outer loop
      vertex -37.778775845332945 56.539933636573075 3.8
      vertex -37.778775845332945 56.539933636573075 0
      vertex -32.05497810416784 59.97064597568814 3.8
    endloop
  endfacet
  facet normal 0.42755509343028164 -0.9039892931234434 0
    outer loop
      vertex -32.05497810416784 59.97064597568814 3.8
      vertex -32.05497810416784 59.97064597568814 0
      vertex -26.022473400826104 62.823808210767496 3.8
    endloop
  endfacet
  facet normal 0.3368898533922204 -0.9415440651830207 0
    outer loop
      vertex -26.022473400826104 62.823808210767496 3.8
      vertex -26.022473400826104 62.823808210767496 0
      vertex -19.739358053303437 65.0719428297902 3.8
    endloop
  endfacet
  facet normal 0.24298017990326481 -0.9700312531945438 0
    outer loop
      vertex -19.739358053303437 65.0719428297902 3.8
      vertex -19.739358053303437 65.0719428297902 0
      vertex -13.266141897096722 66.69339906741968 3.8
    endloop
  endfacet
  facet normal 0.14673047445536097 -0.9891765099647811 0
    outer loop
      vertex -13.266141897096722 66.69339906741968 3.8
      vertex -13.266141897096722 66.69339906741968 0
      vertex -6.665165542410121 67.67256141370939 3.8
    endloop
  endfacet
  facet normal 0.04906767432741798 -0.9987954562051724 0
    outer loop
      vertex -6.665165542410121 67.67256141370939 3.8
      vertex -6.665165542410121 67.67256141370939 0
      vertex 0 68 3.8
    endloop
  endfacet
  facet normal -0.04906767432741798 0.9987954562051724 0
    outer loop
      vertex 0 -68 3.8
      vertex 6.665165542410121 -67.67256141370939 0
      vertex 0 -68 0
    endloop
  endfacet
  facet normal -0.14673047445536097 0.9891765099647811 0
    outer loop
      vertex 6.665165542410121 -67.67256141370939 3.8
      vertex 13.266141897096722 -66.69339906741968 0
      vertex 6.665165542410121 -67.67256141370939 0
    endloop
  endfacet
  facet normal -0.24298017990326481 0.9700312531945438 0
    outer loop
      vertex 13.266141897096722 -66.69339906741968 3.8
      vertex 19.739358053303437 -65.0719428297902 0
      vertex 13.266141897096722 -66.69339906741968 0
    endloop
  endfacet
  facet normal -0.3368898533922204 0.9415440651830207 0
    outer loop
      vertex 19.739358053303437 -65.0719428297902 3.8
      vertex 26.022473400826104 -62.823808210767496 0
      vertex 19.739358053303437 -65.0719428297902 0
    endloop
  endfacet
  facet normal -0.42755509343028164 0.9039892931234434 0
    outer loop
      vertex 26.022473400826104 -62.823808210767496 3.8
      vertex 32.05497810416784 -59.97064597568814 0
      vertex 26.022473400826104 -62.823808210767496 0
    endloop
  endfacet
  facet normal -0.5141027441932222 0.8577286100002718 0
    outer loop
      vertex 32.05497810416784 -59.97064597568814 3.8
      vertex 37.778775845332945 -56.539933636573075 0
      vertex 32.05497810416784 -59.97064597568814 0
    endloop
  endfacet
  facet normal -0.5956993044924328 0.8032075314806453 0
    outer loop
      vertex 37.778775845332945 -56.539933636573075 3.8
      vertex 43.13874332312789 -52.564710828666115 0
      vertex 37.778775845332945 -56.539933636573075 0
    endloop
  endfacet
  facet normal -0.6715589548470177 0.7409511253549599 0
    outer loop
      vertex 43.13874332312789 -52.564710828666115 3.8
      vertex 48.083261120685236 -48.083261120685236 0
      vertex 43.13874332312789 -52.564710828666115 0
    endloop
  endfacet
  facet normal -0.7409511253549599 0.6715589548470177 0
    outer loop
      vertex 48.083261120685236 -48.083261120685236 3.8
      vertex 52.564710828666115 -43.13874332312789 0
      vertex 48.083261120685236 -48.083261120685236 0
    endloop
  endfacet
  facet normal -0.8032075314806453 0.5956993044924328 0
    outer loop
      vertex 52.564710828666115 -43.13874332312789 3.8
      vertex 56.539933636573075 -37.778775845332945 0
      vertex 52.564710828666115 -43.13874332312789 0
    endloop
  endfacet
  facet normal -0.8577286100002718 0.5141027441932222 0
    outer loop
      vertex 56.539933636573075 -37.778775845332945 3.8
      vertex 59.97064597568814 -32.05497810416784 0
      vertex 56.539933636573075 -37.778775845332945 0
    endloop
  endfacet
  facet normal -0.9039892931234434 0.42755509343028164 0
    outer loop
      vertex 59.97064597568814 -32.05497810416784 3.8
      vertex 62.823808210767496 -26.022473400826104 0
      vertex 59.97064597568814 -32.05497810416784 0
    endloop
  endfacet
  facet normal -0.9415440651830207 0.3368898533922204 0
    outer loop
      vertex 62.823808210767496 -26.022473400826104 3.8
      vertex 65.0719428297902 -19.739358053303437 0
      vertex 62.823808210767496 -26.022473400826104 0
    endloop
  endfacet
  facet normal -0.9700312531945438 0.24298017990326481 0
    outer loop
      vertex 65.0719428297902 -19.739358053303437 3.8
      vertex 66.69339906741968 -13.266141897096722 0
      vertex 65.0719428297902 -19.739358053303437 0
    endloop
  endfacet
  facet normal -0.9891765099647811 0.14673047445536097 0
    outer loop
      vertex 66.69339906741968 -13.266141897096722 3.8
      vertex 67.67256141370939 -6.665165542410121 0
      vertex 66.69339906741968 -13.266141897096722 0
    endloop
  endfacet
  facet normal -0.9987954562051724 0.04906767432741798 0
    outer loop
      vertex 68 0 3.8
      vertex 68 0 0
      vertex 67.67256141370939 -6.665165542410121 0
    endloop
  endfacet
  facet normal -0.04906767432741798 0.9987954562051724 0
    outer loop
      vertex 0 -68 3.8
      vertex 6.665165542410121 -67.67256141370939 3.8
      vertex 6.665165542410121 -67.67256141370939 0
    endloop
  endfacet
  facet normal -0.14673047445536097 0.9891765099647811 0
    outer loop
      vertex 6.665165542410121 -67.67256141370939 3.8
      vertex 13.266141897096722 -66.69339906741968 3.8
      vertex 13.266141897096722 -66.69339906741968 0
    endloop
  endfacet
  facet normal -0.24298017990326481 0.9700312531945438 0
    outer loop
      vertex 13.266141897096722 -66.69339906741968 3.8
      vertex 19.739358053303437 -65.0719428297902 3.8
      vertex 19.739358053303437 -65.0719428297902 0
    endloop
  endfacet
  facet normal -0.3368898533922204 0.9415440651830207 0
    outer loop
      vertex 19.739358053303437 -65.0719428297902 3.8
      vertex 26.022473400826104 -62.823808210767496 3.8
      vertex 26.022473400826104 -62.823808210767496 0
    endloop
  endfacet
  facet normal -0.42755509343028164 0.9039892931234434 0
    outer loop
      vertex 26.022473400826104 -62.823808210767496 3.8
      vertex 32.05497810416784 -59.97064597568814 3.8
      vertex 32.05497810416784 -59.97064597568814 0
    endloop
  endfacet
  facet normal -0.5141027441932222 0.8577286100002718 0
    outer loop
      vertex 32.05497810416784 -59.97064597568814 3.8
      vertex 37.778775845332945 -56.539933636573075 3.8
      vertex 37.778775845332945 -56.539933636573075 0
    endloop
  endfacet
  facet normal -0.5956993044924328 0.8032075314806453 0
    outer loop
      vertex 37.778775845332945 -56.539933636573075 3.8
      vertex 43.13874332312789 -52.564710828666115 3.8
      vertex 43.13874332312789 -52.564710828666115 0
    endloop
  endfacet
  facet normal -0.6715589548470177 0.7409511253549599 0
    outer loop
      vertex 43.13874332312789 -52.564710828666115 3.8
      vertex 48.083261120685236 -48.083261120685236 3.8
      vertex 48.083261120685236 -48.083261120685236 0
    endloop
  endfacet
  facet normal -0.7409511253549599 0.6715589548470177 0
    outer loop
      vertex 48.083261120685236 -48.083261120685236 3.8
      vertex 52.564710828666115 -43.13874332312789 3.8
      vertex 52.564710828666115 -43.13874332312789 0
    endloop
  endfacet
  facet normal -0.8032075314806453 0.5956993044924328 0
    outer loop
      vertex 52.564710828666115 -43.13874332312789 3.8
      vertex 56.539933636573075 -37.778775845332945 3.8
      vertex 56.539933636573075 -37.778775845332945 0
    endloop
  endfacet
  facet normal -0.8577286100002718 0.5141027441932222 0
    outer loop
      vertex 56.539933636573075 -37.778775845332945 3.8
      vertex 59.97064597568814 -32.05497810416784 3.8
      vertex 59.97064597568814 -32.05497810416784 0
    endloop
  endfacet
  facet normal -0.9039892931234434 0.42755509343028164 0
    outer loop
      vertex 59.97064597568814 -32.05497810416784 3.8
      vertex 62.823808210767496 -26.022473400826104 3.8
      vertex 62.823808210767496 -26.022473400826104 0
    endloop
  endfacet
  facet normal -0.9415440651830207 0.3368898533922204 0
    outer loop
      vertex 62.823808210767496 -26.022473400826104 3.8
      vertex 65.0719428297902 -19.739358053303437 3.8
      vertex 65.0719428297902 -19.739358053303437 0
    endloop
  endfacet
  facet normal -0.9700312531945438 0.24298017990326481 0
    outer loop
      vertex 65.0719428297902 -19.739358053303437 3.8
      vertex 66.69339906741968 -13.266141897096722 3.8
      vertex 66.69339906741968 -13.266141897096722 0
    endloop
  endfacet
  facet normal -0.9891765099647811 0.14673047445536097 0
    outer loop
      vertex 66.69339906741968 -13.266141897096722 3.8
      vertex 67.67256141370939 -6.665165542410121 3.8
      vertex 67.67256141370939 -6.665165542410121 0
    endloop
  endfacet
  facet normal -0.9987954562051724 0.04906767432741798 0
    outer loop
      vertex 67.67256141370939 -6.665165542410121 3.8
      vertex 68 0 3.8
      vertex 67.67256141370939 -6.665165542410121 0
    endloop
  endfacet
  facet normal -0.04906767432741798 -0.9987954562051724 0
    outer loop
      vertex 6.665165542410121 67.67256141370939 3.8
      vertex 0 68 0
      vertex 6.665165542410121 67.67256141370939 0
    endloop
  endfacet
  facet normal -0.14673047445536097 -0.9891765099647811 0
    outer loop
      vertex 13.266141897096722 66.69339906741968 3.8
      vertex 6.665165542410121 67.67256141370939 0
      vertex 13.266141897096722 66.69339906741968 0
    endloop
  endfacet
  facet normal -0.24298017990326481 -0.9700312531945438 0
    outer loop
      vertex 19.739358053303437 65.0719428297902 3.8
      vertex 13.266141897096722 66.69339906741968 0
      vertex 19.739358053303437 65.0719428297902 0
    endloop
  endfacet
  facet normal -0.5141027441932222 -0.8577286100002718 0
    outer loop
      vertex 37.778775845332945 56.539933636573075 3.8
      vertex 32.05497810416784 59.97064597568814 0
      vertex 37.778775845332945 56.539933636573075 0
    endloop
  endfacet
  facet normal -0.3368898533922204 -0.9415440651830207 0
    outer loop
      vertex 26.022473400826104 62.823808210767496 3.8
      vertex 19.739358053303437 65.0719428297902 0
      vertex 26.022473400826104 62.823808210767496 0
    endloop
  endfacet
  facet normal -0.42755509343028164 -0.9039892931234434 0
    outer loop
      vertex 32.05497810416784 59.97064597568814 3.8
      vertex 26.022473400826104 62.823808210767496 0
      vertex 32.05497810416784 59.97064597568814 0
    endloop
  endfacet
  facet normal -0.8577286100002718 -0.5141027441932222 0
    outer loop
      vertex 59.97064597568814 32.05497810416784 3.8
      vertex 56.539933636573075 37.778775845332945 0
      vertex 59.97064597568814 32.05497810416784 0
    endloop
  endfacet
  facet normal -0.9987954562051724 -0.04906767432741798 0
    outer loop
      vertex 68 0 3.8
      vertex 67.67256141370939 6.665165542410121 0
      vertex 68 0 0
    endloop
  endfacet
  facet normal -0.9891765099647811 -0.14673047445536097 0
    outer loop
      vertex 67.67256141370939 6.665165542410121 3.8
      vertex 66.69339906741968 13.266141897096722 0
      vertex 67.67256141370939 6.665165542410121 0
    endloop
  endfacet
  facet normal -0.9700312531945438 -0.24298017990326481 0
    outer loop
      vertex 66.69339906741968 13.266141897096722 3.8
      vertex 65.0719428297902 19.739358053303437 0
      vertex 66.69339906741968 13.266141897096722 0
    endloop
  endfacet
  facet normal -0.9039892931234434 -0.42755509343028164 0
    outer loop
      vertex 62.823808210767496 26.022473400826104 3.8
      vertex 59.97064597568814 32.05497810416784 0
      vertex 62.823808210767496 26.022473400826104 0
    endloop
  endfacet
  facet normal -0.9415440651830207 -0.3368898533922204 0
    outer loop
      vertex 65.0719428297902 19.739358053303437 3.8
      vertex 62.823808210767496 26.022473400826104 0
      vertex 65.0719428297902 19.739358053303437 0
    endloop
  endfacet
  facet normal -0.5956993044924328 -0.8032075314806453 0
    outer loop
      vertex 43.13874332312789 52.564710828666115 3.8
      vertex 37.778775845332945 56.539933636573075 0
      vertex 43.13874332312789 52.564710828666115 0
    endloop
  endfacet
  facet normal -0.6715589548470177 -0.7409511253549599 0
    outer loop
      vertex 48.083261120685236 48.083261120685236 3.8
      vertex 43.13874332312789 52.564710828666115 0
      vertex 48.083261120685236 48.083261120685236 0
    endloop
  endfacet
  facet normal -0.7409511253549599 -0.6715589548470177 0
    outer loop
      vertex 48.083261120685236 48.083261120685236 3.8
      vertex 48.083261120685236 48.083261120685236 0
      vertex 52.564710828666115 43.13874332312789 0
    endloop
  endfacet
  facet normal -0.8032075314806453 -0.5956993044924328 0
    outer loop
      vertex 56.539933636573075 37.778775845332945 3.8
      vertex 52.564710828666115 43.13874332312789 0
      vertex 56.539933636573075 37.778775845332945 0
    endloop
  endfacet
  facet normal -0.04906767432741798 -0.9987954562051724 0
    outer loop
      vertex 0 68 3.8
      vertex 0 68 0
      vertex 6.665165542410121 67.67256141370939 3.8
    endloop
  endfacet
  facet normal -0.14673047445536097 -0.9891765099647811 0
    outer loop
      vertex 6.665165542410121 67.67256141370939 3.8
      vertex 6.665165542410121 67.67256141370939 0
      vertex 13.266141897096722 66.69339906741968 3.8
    endloop
  endfacet
  facet normal -0.24298017990326481 -0.9700312531945438 0
    outer loop
      vertex 13.266141897096722 66.69339906741968 3.8
      vertex 13.266141897096722 66.69339906741968 0
      vertex 19.739358053303437 65.0719428297902 3.8
    endloop
  endfacet
  facet normal -0.5141027441932222 -0.8577286100002718 0
    outer loop
      vertex 37.778775845332945 56.539933636573075 3.8
      vertex 32.05497810416784 59.97064597568814 3.8
      vertex 32.05497810416784 59.97064597568814 0
    endloop
  endfacet
  facet normal -0.3368898533922204 -0.9415440651830207 0
    outer loop
      vertex 19.739358053303437 65.0719428297902 3.8
      vertex 19.739358053303437 65.0719428297902 0
      vertex 26.022473400826104 62.823808210767496 3.8
    endloop
  endfacet
  facet normal -0.42755509343028164 -0.9039892931234434 0
    outer loop
      vertex 26.022473400826104 62.823808210767496 3.8
      vertex 26.022473400826104 62.823808210767496 0
      vertex 32.05497810416784 59.97064597568814 3.8
    endloop
  endfacet
  facet normal -0.8577286100002718 -0.5141027441932222 0
    outer loop
      vertex 56.539933636573075 37.778775845332945 3.8
      vertex 56.539933636573075 37.778775845332945 0
      vertex 59.97064597568814 32.05497810416784 3.8
    endloop
  endfacet
  facet normal -0.9987954562051725 -0.049067674327417946 6.232803536456618e-17
    outer loop
      vertex 68 0 3.8
      vertex 68 1.52429564805533e-15 5
      vertex 67.67256141370939 6.665165542410121 0
    endloop
  endfacet
  facet normal -0.9987954562051724 -0.049067674327417994 0
    outer loop
      vertex 67.67256141370939 6.665165542410121 3.8
      vertex 67.67256141370939 6.665165542410121 0
      vertex 68 1.52429564805533e-15 5
    endloop
  endfacet
  facet normal -0.9891765099647811 -0.14673047445536097 0
    outer loop
      vertex 67.67256141370939 6.665165542410121 3.8
      vertex 66.69339906741968 13.266141897096722 3.8
      vertex 66.69339906741968 13.266141897096722 0
    endloop
  endfacet
  facet normal -0.9700312531945438 -0.24298017990326481 0
    outer loop
      vertex 66.69339906741968 13.266141897096722 3.8
      vertex 65.0719428297902 19.739358053303437 3.8
      vertex 65.0719428297902 19.739358053303437 0
    endloop
  endfacet
  facet normal -0.9415440651830207 -0.3368898533922204 0
    outer loop
      vertex 65.0719428297902 19.739358053303437 3.8
      vertex 62.823808210767496 26.022473400826104 3.8
      vertex 62.823808210767496 26.022473400826104 0
    endloop
  endfacet
  facet normal -0.9039892931234434 -0.42755509343028164 0
    outer loop
      vertex 62.823808210767496 26.022473400826104 3.8
      vertex 59.97064597568814 32.05497810416784 3.8
      vertex 59.97064597568814 32.05497810416784 0
    endloop
  endfacet
  facet normal -0.99879545620517 -0.04906767432746798 -2.7739477726805363e-13
    outer loop
      vertex 67.67256141370939 6.665165542410121 3.8
      vertex 68 1.52429564805533e-15 5
      vertex 67.9946321543231 0.10926500889196843 5
    endloop
  endfacet
  facet normal -0.5956993044924328 -0.8032075314806453 0
    outer loop
      vertex 37.778775845332945 56.539933636573075 3.8
      vertex 37.778775845332945 56.539933636573075 0
      vertex 43.13874332312789 52.564710828666115 3.8
    endloop
  endfacet
  facet normal -0.6715589548470177 -0.7409511253549599 0
    outer loop
      vertex 43.13874332312789 52.564710828666115 3.8
      vertex 43.13874332312789 52.564710828666115 0
      vertex 48.083261120685236 48.083261120685236 3.8
    endloop
  endfacet
  facet normal -0.8032075314806453 -0.5956993044924328 0
    outer loop
      vertex 56.539933636573075 37.778775845332945 3.8
      vertex 52.564710828666115 43.13874332312789 3.8
      vertex 52.564710828666115 43.13874332312789 0
    endloop
  endfacet
  facet normal -0.7409511253549599 -0.6715589548470177 0
    outer loop
      vertex 52.564710828666115 43.13874332312789 3.8
      vertex 48.083261120685236 48.083261120685236 3.8
      vertex 52.564710828666115 43.13874332312789 0
    endloop
  endfacet
endsolid OpenSCAD_Model
