solid OpenSCAD_Model
  facet normal -0.7409511245144411 -0.6715589557743872 0
    outer loop
      vertex -6.267766952514648 -6.267766952514648 0
      vertex -6.432526133954525 -6.085983209311962 50
      vertex -6.432526133954525 -6.085983209311962 0
    endloop
  endfacet
  facet normal -0.6715589557743872 -0.7409511245144411 0
    outer loop
      vertex -6.267766952514648 -6.267766952514648 0
      vertex -6.085983209311962 -6.432526133954525 0
      vertex -6.267766952514648 -6.267766952514648 50
    endloop
  endfacet
  facet normal -0.8577286093781414 -0.5141027452311838 0
    outer loop
      vertex -6.578674033284187 -5.8889255821704865 0
      vertex -6.7048031613230705 -5.678491845726967 50
      vertex -6.7048031613230705 -5.678491845726967 0
    endloop
  endfacet
  facet normal -0.9415440610749313 -0.336889864873561 0
    outer loop
      vertex -6.809698827564716 -5.456708580255508 0
      vertex -6.89235083758831 -5.2257116958498955 50
      vertex -6.89235083758831 -5.2257116958498955 0
    endloop
  endfacet
  facet normal -0.9039893029043046 -0.42755507275038784 0
    outer loop
      vertex -6.809698827564716 -5.456708580255508 0
      vertex -6.7048031613230705 -5.678491845726967 0
      vertex -6.809698827564716 -5.456708580255508 50
    endloop
  endfacet
  facet normal -0.8032075265794509 -0.5956993111009283 0
    outer loop
      vertex -6.578674033284187 -5.8889255821704865 0
      vertex -6.432526133954525 -6.085983209311962 0
      vertex -6.578674033284187 -5.8889255821704865 50
    endloop
  endfacet
  facet normal -0.5141027452311838 -0.8577286093781414 0
    outer loop
      vertex -5.8889255821704865 -6.578674033284187 0
      vertex -5.678491845726967 -6.7048031613230705 0
      vertex -5.8889255821704865 -6.578674033284187 50
    endloop
  endfacet
  facet normal -0.5956993111009283 -0.8032075265794509 0
    outer loop
      vertex -5.8889255821704865 -6.578674033284187 0
      vertex -6.085983209311962 -6.432526133954525 50
      vertex -6.085983209311962 -6.432526133954525 0
    endloop
  endfacet
  facet normal -0.42755507275038784 -0.9039893029043046 0
    outer loop
      vertex -5.678491845726967 -6.7048031613230705 0
      vertex -5.456708580255508 -6.809698827564716 0
      vertex -5.678491845726967 -6.7048031613230705 50
    endloop
  endfacet
  facet normal -0.336889864873561 -0.9415440610749313 0
    outer loop
      vertex -5.456708580255508 -6.809698827564716 0
      vertex -5.2257116958498955 -6.89235083758831 0
      vertex -5.456708580255508 -6.809698827564716 50
    endloop
  endfacet
  facet normal -0.9700312528108531 -0.24298018143504363 0
    outer loop
      vertex -6.89235083758831 -5.2257116958498955 0
      vertex -6.951963201165199 -4.987725801765919 50
      vertex -6.951963201165199 -4.987725801765919 0
    endloop
  endfacet
  facet normal -0.9891765112740584 -0.14673046562892958 0
    outer loop
      vertex -6.951963201165199 -4.987725801765919 0
      vertex -6.9879618138074875 -4.7450428530573845 50
      vertex -6.9879618138074875 -4.7450428530573845 0
    endloop
  endfacet
  facet normal -0.998795455653182 -0.04906768556344165 0
    outer loop
      vertex -6.9879618138074875 -4.7450428530573845 0
      vertex -7 -4.5 50
      vertex -7 -4.5 0
    endloop
  endfacet
  facet normal -0.24298018143504363 -0.9700312528108531 0
    outer loop
      vertex -5.2257116958498955 -6.89235083758831 0
      vertex -4.987725801765919 -6.951963201165199 0
      vertex -5.2257116958498955 -6.89235083758831 50
    endloop
  endfacet
  facet normal -0.14673046562892958 -0.9891765112740584 0
    outer loop
      vertex -4.987725801765919 -6.951963201165199 0
      vertex -4.7450428530573845 -6.9879618138074875 0
      vertex -4.987725801765919 -6.951963201165199 50
    endloop
  endfacet
  facet normal -0.04906768556344165 -0.998795455653182 0
    outer loop
      vertex -4.7450428530573845 -6.9879618138074875 0
      vertex -4.5 -7 0
      vertex -4.7450428530573845 -6.9879618138074875 50
    endloop
  endfacet
  facet normal 0 -1 0
    outer loop
      vertex -4.5 -7 0
      vertex -1.9903694533443939 -7 7.803965719340879
      vertex -4.5 -7 50
    endloop
  endfacet
  facet normal 0 -1 0
    outer loop
      vertex -4.5 -7 0
      vertex -1.76384252869671 -7 7.057206526348005
      vertex -1.8477590650225735 -7 7.234633135269821
    endloop
  endfacet
  facet normal 0 -1 0
    outer loop
      vertex -4.5 -7 0
      vertex -1.6629392246050905 -7 6.888859533960796
      vertex -1.76384252869671 -7 7.057206526348005
    endloop
  endfacet
  facet normal 0 -1 0
    outer loop
      vertex -4.5 -7 0
      vertex -1.9138806714644176 -7 7.419430645491075
      vertex -1.9615705608064609 -7 7.609819355967743
    endloop
  endfacet
  facet normal 0 -1 0
    outer loop
      vertex -4.5 -7 0
      vertex -1.9615705608064609 -7 7.609819355967743
      vertex -1.9903694533443939 -7 7.803965719340879
    endloop
  endfacet
  facet normal 0 -1 0
    outer loop
      vertex -4.5 -7 0
      vertex -1.8477590650225735 -7 7.234633135269821
      vertex -1.9138806714644176 -7 7.419430645491075
    endloop
  endfacet
  facet normal 0 0 -1
    outer loop
      vertex -5.8889255821704865 -6.578674033284187 0
      vertex 6.267766952514648 -6.267766952514648 0
      vertex -5.678491845726967 -6.7048031613230705 0
    endloop
  endfacet
  facet normal 0 0 -1
    outer loop
      vertex -5.8889255821704865 -6.578674033284187 0
      vertex -6.085983209311962 -6.432526133954525 0
      vertex 6.432526133954525 -6.085983209311962 0
    endloop
  endfacet
  facet normal 0 0 -1
    outer loop
      vertex -6.267766952514648 -6.267766952514648 0
      vertex 6.578674033284187 -5.8889255821704865 0
      vertex -6.085983209311962 -6.432526133954525 0
    endloop
  endfacet
  facet normal 0 -1 0
    outer loop
      vertex -4.5 -7 0
      vertex -1.546020906725474 -7 6.731213431672709
      vertex -1.6629392246050905 -7 6.888859533960796
    endloop
  endfacet
  facet normal 0 -1 0
    outer loop
      vertex -4.5 -7 0
      vertex -1.4142135623730951 -7 6.585786437626905
      vertex -1.546020906725474 -7 6.731213431672709
    endloop
  endfacet
  facet normal 0 -1 0
    outer loop
      vertex -4.5 -7 0
      vertex -1.268786568327291 -7 6.453979093274526
      vertex -1.4142135623730951 -7 6.585786437626905
    endloop
  endfacet
  facet normal 0 -1 0
    outer loop
      vertex -4.5 -7 0
      vertex -1.1111404660392044 -7 6.337060775394909
      vertex -1.268786568327291 -7 6.453979093274526
    endloop
  endfacet
  facet normal 0 -1 0
    outer loop
      vertex -4.5 -7 0
      vertex -0.9427934736519953 -7 6.23615747130329
      vertex -1.1111404660392044 -7 6.337060775394909
    endloop
  endfacet
  facet normal 0 -1 0
    outer loop
      vertex -4.5 -7 0
      vertex -0.7653668647301796 -7 6.152240934977426
      vertex -0.9427934736519953 -7 6.23615747130329
    endloop
  endfacet
  facet normal 0 -1 0
    outer loop
      vertex -4.5 -7 0
      vertex -0.3901806440322565 -7 6.038429439193539
      vertex -0.5805693545089247 -7 6.086119328535583
    endloop
  endfacet
  facet normal 0 -1 0
    outer loop
      vertex -4.5 -7 0
      vertex -0.5805693545089247 -7 6.086119328535583
      vertex -0.7653668647301796 -7 6.152240934977426
    endloop
  endfacet
  facet normal 0 0 -1
    outer loop
      vertex -6.809698827564716 -5.456708580255508 0
      vertex 6.951963201165199 -4.987725801765919 0
      vertex -6.7048031613230705 -5.678491845726967 0
    endloop
  endfacet
  facet normal 0 0 -1
    outer loop
      vertex -6.267766952514648 -6.267766952514648 0
      vertex -6.432526133954525 -6.085983209311962 0
      vertex 6.7048031613230705 -5.678491845726967 0
    endloop
  endfacet
  facet normal 0 0 -1
    outer loop
      vertex -6.578674033284187 -5.8889255821704865 0
      vertex 6.809698827564716 -5.456708580255508 0
      vertex -6.432526133954525 -6.085983209311962 0
    endloop
  endfacet
  facet normal 0 0 -1
    outer loop
      vertex -6.578674033284187 -5.8889255821704865 0
      vertex -6.7048031613230705 -5.678491845726967 0
      vertex 6.89235083758831 -5.2257116958498955 0
    endloop
  endfacet
  facet normal 0 0 -1
    outer loop
      vertex -6.809698827564716 -5.456708580255508 0
      vertex -6.89235083758831 -5.2257116958498955 0
      vertex 6.9879618138074875 -4.7450428530573845 0
    endloop
  endfacet
  facet normal 0 0 -1
    outer loop
      vertex -6.89235083758831 -5.2257116958498955 0
      vertex -6.951963201165199 -4.987725801765919 0
      vertex 7 -4.5 0
    endloop
  endfacet
  facet normal 0 0 -1
    outer loop
      vertex -5.678491845726967 -6.7048031613230705 0
      vertex 6.085983209311962 -6.432526133954525 0
      vertex -5.456708580255508 -6.809698827564716 0
    endloop
  endfacet
  facet normal 0 0 -1
    outer loop
      vertex -5.456708580255508 -6.809698827564716 0
      vertex 5.8889255821704865 -6.578674033284187 0
      vertex -5.2257116958498955 -6.89235083758831 0
    endloop
  endfacet
  facet normal 0 0 -1
    outer loop
      vertex -4.987725801765919 -6.951963201165199 0
      vertex 5.456708580255508 -6.809698827564716 0
      vertex -4.7450428530573845 -6.9879618138074875 0
    endloop
  endfacet
  facet normal 0 0 -1
    outer loop
      vertex -5.2257116958498955 -6.89235083758831 0
      vertex 5.678491845726967 -6.7048031613230705 0
      vertex -4.987725801765919 -6.951963201165199 0
    endloop
  endfacet
  facet normal 0 0 -1
    outer loop
      vertex -4.7450428530573845 -6.9879618138074875 0
      vertex 5.2257116958498955 -6.89235083758831 0
      vertex -4.5 -7 0
    endloop
  endfacet
  facet normal 0 -1 0
    outer loop
      vertex -4.5 -7 0
      vertex -0.1960342806591212 -7 6.009630546655606
      vertex -0.3901806440322565 -7 6.038429439193539
    endloop
  endfacet
  facet normal 0 -1 0
    outer loop
      vertex -4.5 -7 0
      vertex 0 -7 6
      vertex -0.1960342806591212 -7 6.009630546655606
    endloop
  endfacet
  facet normal 0 -1 0
    outer loop
      vertex -4.5 -7 50
      vertex -1.9903694533443939 -7 7.803965719340879
      vertex -2 -7 8
    endloop
  endfacet
  facet normal 0 -1 0
    outer loop
      vertex -4.5 -7 50
      vertex -2 -7 8
      vertex -1.9903694533443939 -7 8.196034280659122
    endloop
  endfacet
  facet normal 0 -1 0
    outer loop
      vertex -4.5 -7 50
      vertex -1.9903694533443939 -7 8.196034280659122
      vertex -1.9615705608064609 -7 8.390180644032256
    endloop
  endfacet
  facet normal 0 -1 0
    outer loop
      vertex -4.5 -7 50
      vertex -1.9615705608064609 -7 8.390180644032256
      vertex -1.9138806714644176 -7 8.580569354508924
    endloop
  endfacet
  facet normal 0 -1 0
    outer loop
      vertex -4.5 -7 50
      vertex -1.9138806714644176 -7 8.580569354508924
      vertex -1.8477590650225735 -7 8.76536686473018
    endloop
  endfacet
  facet normal 0 -1 0
    outer loop
      vertex -4.5 -7 50
      vertex -1.8477590650225735 -7 8.76536686473018
      vertex -1.76384252869671 -7 8.942793473651996
    endloop
  endfacet
  facet normal 0 -1 0
    outer loop
      vertex -4.5 -7 50
      vertex -1.76384252869671 -7 8.942793473651996
      vertex -1.6629392246050905 -7 9.111140466039204
    endloop
  endfacet
  facet normal 0 -1 0
    outer loop
      vertex -4.5 -7 50
      vertex -1.6629392246050905 -7 9.111140466039204
      vertex -1.546020906725474 -7 9.268786568327291
    endloop
  endfacet
  facet normal 0 -1 0
    outer loop
      vertex -4.5 -7 50
      vertex -1.546020906725474 -7 9.268786568327291
      vertex -1.4142135623730951 -7 9.414213562373096
    endloop
  endfacet
  facet normal 0 -1 0
    outer loop
      vertex -4.5 -7 50
      vertex -1.4142135623730951 -7 9.414213562373096
      vertex -1.268786568327291 -7 9.546020906725474
    endloop
  endfacet
  facet normal 0 -1 0
    outer loop
      vertex -4.5 -7 50
      vertex -1.268786568327291 -7 9.546020906725474
      vertex -1.1111404660392044 -7 9.66293922460509
    endloop
  endfacet
  facet normal 0 -1 0
    outer loop
      vertex -4.5 -7 50
      vertex -1.1111404660392044 -7 9.66293922460509
      vertex -0.9427934736519953 -7 9.76384252869671
    endloop
  endfacet
  facet normal 0 -1 0
    outer loop
      vertex -4.5 -7 50
      vertex -0.9427934736519953 -7 9.76384252869671
      vertex -0.7653668647301796 -7 9.847759065022574
    endloop
  endfacet
  facet normal 0 -1 0
    outer loop
      vertex -4.5 -7 50
      vertex -0.7653668647301796 -7 9.847759065022574
      vertex -0.5805693545089247 -7 9.913880671464417
    endloop
  endfacet
  facet normal 0 -1 0
    outer loop
      vertex -4.5 -7 50
      vertex -0.5805693545089247 -7 9.913880671464417
      vertex -0.3901806440322565 -7 9.96157056080646
    endloop
  endfacet
  facet normal 0 -1 0
    outer loop
      vertex -4.5 -7 50
      vertex -0.3901806440322565 -7 9.96157056080646
      vertex -0.1960342806591212 -7 9.990369453344394
    endloop
  endfacet
  facet normal 0 -1 0
    outer loop
      vertex -4.5 -7 50
      vertex -0.1960342806591212 -7 9.990369453344394
      vertex 0 -7 10
    endloop
  endfacet
  facet normal 0 -1 0
    outer loop
      vertex -4.5 -7 50
      vertex 0 -7 10
      vertex 0.1960342806591212 -7 9.990369453344394
    endloop
  endfacet
  facet normal 0 -1 0
    outer loop
      vertex -4.5 -7 50
      vertex 0.1960342806591212 -7 9.990369453344394
      vertex 0.3901806440322565 -7 9.96157056080646
    endloop
  endfacet
  facet normal 0 -1 0
    outer loop
      vertex -4.5 -7 50
      vertex 0.3901806440322565 -7 9.96157056080646
      vertex 0.5805693545089247 -7 9.913880671464417
    endloop
  endfacet
  facet normal 0 -1 0
    outer loop
      vertex -4.5 -7 50
      vertex 0.5805693545089247 -7 9.913880671464417
      vertex 0.7653668647301796 -7 9.847759065022574
    endloop
  endfacet
  facet normal 0 -1 0
    outer loop
      vertex -4.5 -7 50
      vertex 0.7653668647301796 -7 9.847759065022574
      vertex 0.9427934736519953 -7 9.76384252869671
    endloop
  endfacet
  facet normal 0 -1 0
    outer loop
      vertex -4.5 -7 50
      vertex 1.6629392246050905 -7 9.111140466039204
      vertex 1.76384252869671 -7 8.942793473651996
    endloop
  endfacet
  facet normal 0 -1 0
    outer loop
      vertex -4.5 -7 50
      vertex 1.76384252869671 -7 8.942793473651996
      vertex 1.8477590650225735 -7 8.76536686473018
    endloop
  endfacet
  facet normal 0 -1 0
    outer loop
      vertex -4.5 -7 50
      vertex 1.8477590650225735 -7 8.76536686473018
      vertex 1.9138806714644176 -7 8.580569354508924
    endloop
  endfacet
  facet normal 0 -1 0
    outer loop
      vertex -4.5 -7 50
      vertex 0.9427934736519953 -7 9.76384252869671
      vertex 1.1111404660392044 -7 9.66293922460509
    endloop
  endfacet
  facet normal 0 -1 0
    outer loop
      vertex -4.5 -7 50
      vertex 1.1111404660392044 -7 9.66293922460509
      vertex 1.268786568327291 -7 9.546020906725474
    endloop
  endfacet
  facet normal 0 -1 0
    outer loop
      vertex -4.5 -7 50
      vertex 1.268786568327291 -7 9.546020906725474
      vertex 1.4142135623730951 -7 9.414213562373096
    endloop
  endfacet
  facet normal 0 -1 0
    outer loop
      vertex -4.5 -7 50
      vertex 1.4142135623730951 -7 9.414213562373096
      vertex 1.546020906725474 -7 9.268786568327291
    endloop
  endfacet
  facet normal 0 -1 0
    outer loop
      vertex -4.5 -7 50
      vertex 1.546020906725474 -7 9.268786568327291
      vertex 1.6629392246050905 -7 9.111140466039204
    endloop
  endfacet
  facet normal 0 0 -1
    outer loop
      vertex -6.951963201165199 -4.987725801765919 0
      vertex -6.9879618138074875 -4.7450428530573845 0
      vertex 7 4.5 0
    endloop
  endfacet
  facet normal 0 0 -1
    outer loop
      vertex -6.9879618138074875 -4.7450428530573845 0
      vertex -7 -4.5 0
      vertex 6.9879618138074875 4.7450428530573845 0
    endloop
  endfacet
  facet normal -0.6715589557743872 -0.7409511245144411 0
    outer loop
      vertex -6.085983209311962 -6.432526133954525 0
      vertex -6.085983209311962 -6.432526133954525 50
      vertex -6.267766952514648 -6.267766952514648 50
    endloop
  endfacet
  facet normal -0.7409511245144411 -0.6715589557743872 0
    outer loop
      vertex -6.267766952514648 -6.267766952514648 0
      vertex -6.267766952514648 -6.267766952514648 50
      vertex -6.432526133954525 -6.085983209311962 50
    endloop
  endfacet
  facet normal -0.8577286093781414 -0.5141027452311838 0
    outer loop
      vertex -6.578674033284187 -5.8889255821704865 0
      vertex -6.578674033284187 -5.8889255821704865 50
      vertex -6.7048031613230705 -5.678491845726967 50
    endloop
  endfacet
  facet normal -0.9415440610749313 -0.336889864873561 0
    outer loop
      vertex -6.809698827564716 -5.456708580255508 0
      vertex -6.809698827564716 -5.456708580255508 50
      vertex -6.89235083758831 -5.2257116958498955 50
    endloop
  endfacet
  facet normal -0.9039893029043046 -0.42755507275038784 0
    outer loop
      vertex -6.7048031613230705 -5.678491845726967 0
      vertex -6.7048031613230705 -5.678491845726967 50
      vertex -6.809698827564716 -5.456708580255508 50
    endloop
  endfacet
  facet normal -0.8032075265794509 -0.5956993111009283 0
    outer loop
      vertex -6.432526133954525 -6.085983209311962 0
      vertex -6.432526133954525 -6.085983209311962 50
      vertex -6.578674033284187 -5.8889255821704865 50
    endloop
  endfacet
  facet normal -0.5141027452311838 -0.8577286093781414 0
    outer loop
      vertex -5.678491845726967 -6.7048031613230705 0
      vertex -5.678491845726967 -6.7048031613230705 50
      vertex -5.8889255821704865 -6.578674033284187 50
    endloop
  endfacet
  facet normal -0.5956993111009283 -0.8032075265794509 0
    outer loop
      vertex -5.8889255821704865 -6.578674033284187 0
      vertex -5.8889255821704865 -6.578674033284187 50
      vertex -6.085983209311962 -6.432526133954525 50
    endloop
  endfacet
  facet normal -0.42755507275038784 -0.9039893029043046 0
    outer loop
      vertex -5.456708580255508 -6.809698827564716 0
      vertex -5.456708580255508 -6.809698827564716 50
      vertex -5.678491845726967 -6.7048031613230705 50
    endloop
  endfacet
  facet normal -0.336889864873561 -0.9415440610749313 0
    outer loop
      vertex -5.2257116958498955 -6.89235083758831 0
      vertex -5.2257116958498955 -6.89235083758831 50
      vertex -5.456708580255508 -6.809698827564716 50
    endloop
  endfacet
  facet normal -0.9700312528108531 -0.24298018143504363 0
    outer loop
      vertex -6.89235083758831 -5.2257116958498955 0
      vertex -6.89235083758831 -5.2257116958498955 50
      vertex -6.951963201165199 -4.987725801765919 50
    endloop
  endfacet
  facet normal -0.9891765112740584 -0.14673046562892958 0
    outer loop
      vertex -6.951963201165199 -4.987725801765919 0
      vertex -6.951963201165199 -4.987725801765919 50
      vertex -6.9879618138074875 -4.7450428530573845 50
    endloop
  endfacet
  facet normal -0.998795455653182 -0.04906768556344165 0
    outer loop
      vertex -6.9879618138074875 -4.7450428530573845 0
      vertex -6.9879618138074875 -4.7450428530573845 50
      vertex -7 -4.5 50
    endloop
  endfacet
  facet normal -0.24298018143504363 -0.9700312528108531 0
    outer loop
      vertex -4.987725801765919 -6.951963201165199 0
      vertex -4.987725801765919 -6.951963201165199 50
      vertex -5.2257116958498955 -6.89235083758831 50
    endloop
  endfacet
  facet normal -0.14673046562892958 -0.9891765112740584 0
    outer loop
      vertex -4.7450428530573845 -6.9879618138074875 0
      vertex -4.7450428530573845 -6.9879618138074875 50
      vertex -4.987725801765919 -6.951963201165199 50
    endloop
  endfacet
  facet normal -0.04906768556344165 -0.998795455653182 0
    outer loop
      vertex -4.5 -7 0
      vertex -4.5 -7 50
      vertex -4.7450428530573845 -6.9879618138074875 50
    endloop
  endfacet
  facet normal 0 0 1
    outer loop
      vertex -6.951963201165199 -4.987725801765919 50
      vertex -4.913880668580532 -3.5805693566799164 50
      vertex -6.9879618138074875 -4.7450428530573845 50
    endloop
  endfacet
  facet normal 0 0 1
    outer loop
      vertex -6.9879618138074875 -4.7450428530573845 50
      vertex -4.990369454026222 -3.1960342824459076 50
      vertex -7 -4.5 50
    endloop
  endfacet
  facet normal 0 0 1
    outer loop
      vertex -6.89235083758831 -5.2257116958498955 50
      vertex -3.765366867184639 -4.8477590680122375 50
      vertex -6.951963201165199 -4.987725801765919 50
    endloop
  endfacet
  facet normal 0 0 1
    outer loop
      vertex -6.809698827564716 -5.456708580255508 50
      vertex -3 -5 50
      vertex -6.89235083758831 -5.2257116958498955 50
    endloop
  endfacet
  facet normal 0 0 1
    outer loop
      vertex -6.951963201165199 -4.987725801765919 50
      vertex -4.546020910143852 -4.268786571919918 50
      vertex -4.662939228117466 -4.111140467226505 50
    endloop
  endfacet
  facet normal 0 0 1
    outer loop
      vertex -6.951963201165199 -4.987725801765919 50
      vertex -4.414213560521603 -4.414213560521603 50
      vertex -4.546020910143852 -4.268786571919918 50
    endloop
  endfacet
  facet normal 0 0 1
    outer loop
      vertex -6.951963201165199 -4.987725801765919 50
      vertex -4.7638425305485725 -3.9427934736013412 50
      vertex -4.8477590680122375 -3.765366867184639 50
    endloop
  endfacet
  facet normal 0 0 1
    outer loop
      vertex -6.951963201165199 -4.987725801765919 50
      vertex -4.8477590680122375 -3.765366867184639 50
      vertex -4.913880668580532 -3.5805693566799164 50
    endloop
  endfacet
  facet normal 0 0 1
    outer loop
      vertex -6.951963201165199 -4.987725801765919 50
      vertex -4.662939228117466 -4.111140467226505 50
      vertex -4.7638425305485725 -3.9427934736013412 50
    endloop
  endfacet
  facet normal 0 0 1
    outer loop
      vertex -6.9879618138074875 -4.7450428530573845 50
      vertex -4.913880668580532 -3.5805693566799164 50
      vertex -4.961570560932159 -3.3901806473731995 50
    endloop
  endfacet
  facet normal 0 0 1
    outer loop
      vertex -6.9879618138074875 -4.7450428530573845 50
      vertex -4.961570560932159 -3.3901806473731995 50
      vertex -4.990369454026222 -3.1960342824459076 50
    endloop
  endfacet
  facet normal 0 0 1
    outer loop
      vertex -7 -4.5 50
      vertex -4.990369454026222 -3.1960342824459076 50
      vertex -5 -3 50
    endloop
  endfacet
  facet normal 0 0 1
    outer loop
      vertex -6.951963201165199 -4.987725801765919 50
      vertex -3.765366867184639 -4.8477590680122375 50
      vertex -3.9427934736013412 -4.7638425305485725 50
    endloop
  endfacet
  facet normal 0 0 1
    outer loop
      vertex -6.951963201165199 -4.987725801765919 50
      vertex -4.268786571919918 -4.546020910143852 50
      vertex -4.414213560521603 -4.414213560521603 50
    endloop
  endfacet
  facet normal 0 0 1
    outer loop
      vertex -6.951963201165199 -4.987725801765919 50
      vertex -4.111140467226505 -4.662939228117466 50
      vertex -4.268786571919918 -4.546020910143852 50
    endloop
  endfacet
  facet normal 0 0 1
    outer loop
      vertex -6.951963201165199 -4.987725801765919 50
      vertex -3.9427934736013412 -4.7638425305485725 50
      vertex -4.111140467226505 -4.662939228117466 50
    endloop
  endfacet
  facet normal 0 0 1
    outer loop
      vertex -6.89235083758831 -5.2257116958498955 50
      vertex -3.3901806473731995 -4.961570560932159 50
      vertex -3.5805693566799164 -4.913880668580532 50
    endloop
  endfacet
  facet normal 0 0 1
    outer loop
      vertex -6.89235083758831 -5.2257116958498955 50
      vertex -3.5805693566799164 -4.913880668580532 50
      vertex -3.765366867184639 -4.8477590680122375 50
    endloop
  endfacet
  facet normal 0 0 1
    outer loop
      vertex -6.89235083758831 -5.2257116958498955 50
      vertex -3.1960342824459076 -4.990369454026222 50
      vertex -3.3901806473731995 -4.961570560932159 50
    endloop
  endfacet
  facet normal 0 0 1
    outer loop
      vertex -6.89235083758831 -5.2257116958498955 50
      vertex -3 -5 50
      vertex -3.1960342824459076 -4.990369454026222 50
    endloop
  endfacet
  facet normal -1 0 0
    outer loop
      vertex -7 -4.5 0
      vertex -7 -4.5 50
      vertex -7 4.5 50
    endloop
  endfacet
  facet normal 0 0 1
    outer loop
      vertex -7 -4.5 50
      vertex -5 -3 50
      vertex -7 4.5 50
    endloop
  endfacet
  facet normal 0 0 1
    outer loop
      vertex -5.8889255821704865 -6.578674033284187 50
      vertex -5.678491845726967 -6.7048031613230705 50
      vertex 6.267766952514648 -6.267766952514648 50
    endloop
  endfacet
  facet normal 0 0 1
    outer loop
      vertex -5.8889255821704865 -6.578674033284187 50
      vertex 6.432526133954525 -6.085983209311962 50
      vertex -6.085983209311962 -6.432526133954525 50
    endloop
  endfacet
  facet normal 0 0 1
    outer loop
      vertex -6.267766952514648 -6.267766952514648 50
      vertex -6.085983209311962 -6.432526133954525 50
      vertex 6.578674033284187 -5.8889255821704865 50
    endloop
  endfacet
  facet normal 0 0 1
    outer loop
      vertex -6.809698827564716 -5.456708580255508 50
      vertex -6.7048031613230705 -5.678491845726967 50
      vertex 6.951963201165199 -4.987725801765919 50
    endloop
  endfacet
  facet normal 0 0 1
    outer loop
      vertex -6.267766952514648 -6.267766952514648 50
      vertex 6.7048031613230705 -5.678491845726967 50
      vertex -6.432526133954525 -6.085983209311962 50
    endloop
  endfacet
  facet normal 0 0 1
    outer loop
      vertex -6.578674033284187 -5.8889255821704865 50
      vertex -6.432526133954525 -6.085983209311962 50
      vertex 6.809698827564716 -5.456708580255508 50
    endloop
  endfacet
  facet normal 0 0 1
    outer loop
      vertex -6.578674033284187 -5.8889255821704865 50
      vertex 6.89235083758831 -5.2257116958498955 50
      vertex -6.7048031613230705 -5.678491845726967 50
    endloop
  endfacet
  facet normal 0 0 1
    outer loop
      vertex -6.809698827564716 -5.456708580255508 50
      vertex 3 -5 50
      vertex -3 -5 50
    endloop
  endfacet
  facet normal 0 0 1
    outer loop
      vertex -5.678491845726967 -6.7048031613230705 50
      vertex -5.456708580255508 -6.809698827564716 50
      vertex 6.085983209311962 -6.432526133954525 50
    endloop
  endfacet
  facet normal 0 0 1
    outer loop
      vertex -5.456708580255508 -6.809698827564716 50
      vertex -5.2257116958498955 -6.89235083758831 50
      vertex 5.8889255821704865 -6.578674033284187 50
    endloop
  endfacet
  facet normal 0 0 1
    outer loop
      vertex -4.987725801765919 -6.951963201165199 50
      vertex -4.7450428530573845 -6.9879618138074875 50
      vertex 5.456708580255508 -6.809698827564716 50
    endloop
  endfacet
  facet normal 0 0 1
    outer loop
      vertex -5.2257116958498955 -6.89235083758831 50
      vertex -4.987725801765919 -6.951963201165199 50
      vertex 5.678491845726967 -6.7048031613230705 50
    endloop
  endfacet
  facet normal 0 0 1
    outer loop
      vertex -4.7450428530573845 -6.9879618138074875 50
      vertex -4.5 -7 50
      vertex 5.2257116958498955 -6.89235083758831 50
    endloop
  endfacet
  facet normal -1 0 0
    outer loop
      vertex -7 -4.5 0
      vertex -7 4.5 50
      vertex -7 4.5 0
    endloop
  endfacet
  facet normal 0 0 -1
    outer loop
      vertex -4.987725801765919 6.951963201165199 0
      vertex -4.7450428530573845 6.9879618138074875 0
      vertex -4.5 7 0
    endloop
  endfacet
  facet normal -0.998795455653182 0.04906768556344165 0
    outer loop
      vertex -7 4.5 0
      vertex -6.9879618138074875 4.7450428530573845 50
      vertex -6.9879618138074875 4.7450428530573845 0
    endloop
  endfacet
  facet normal -0.9891765112740584 0.14673046562892958 0
    outer loop
      vertex -6.9879618138074875 4.7450428530573845 0
      vertex -6.951963201165199 4.987725801765919 50
      vertex -6.951963201165199 4.987725801765919 0
    endloop
  endfacet
  facet normal -0.9700312528108531 0.24298018143504363 0
    outer loop
      vertex -6.951963201165199 4.987725801765919 0
      vertex -6.89235083758831 5.2257116958498955 50
      vertex -6.89235083758831 5.2257116958498955 0
    endloop
  endfacet
  facet normal -0.9415440610749313 0.336889864873561 0
    outer loop
      vertex -6.89235083758831 5.2257116958498955 0
      vertex -6.809698827564716 5.456708580255508 50
      vertex -6.809698827564716 5.456708580255508 0
    endloop
  endfacet
  facet normal -0.9039893029043046 0.42755507275038784 0
    outer loop
      vertex -6.809698827564716 5.456708580255508 0
      vertex -6.7048031613230705 5.678491845726967 50
      vertex -6.7048031613230705 5.678491845726967 0
    endloop
  endfacet
  facet normal -0.8577286093781414 0.5141027452311838 0
    outer loop
      vertex -6.7048031613230705 5.678491845726967 0
      vertex -6.578674033284187 5.8889255821704865 50
      vertex -6.578674033284187 5.8889255821704865 0
    endloop
  endfacet
  facet normal -0.8032075265794509 0.5956993111009283 0
    outer loop
      vertex -6.578674033284187 5.8889255821704865 0
      vertex -6.432526133954525 6.085983209311962 50
      vertex -6.432526133954525 6.085983209311962 0
    endloop
  endfacet
  facet normal -0.7409511245144411 0.6715589557743872 0
    outer loop
      vertex -6.432526133954525 6.085983209311962 0
      vertex -6.267766952514648 6.267766952514648 50
      vertex -6.267766952514648 6.267766952514648 0
    endloop
  endfacet
  facet normal -0.6715589557743872 0.7409511245144411 0
    outer loop
      vertex -6.267766952514648 6.267766952514648 0
      vertex -6.085983209311962 6.432526133954525 50
      vertex -6.085983209311962 6.432526133954525 0
    endloop
  endfacet
  facet normal -0.5956993111009283 0.8032075265794509 0
    outer loop
      vertex -6.085983209311962 6.432526133954525 0
      vertex -5.8889255821704865 6.578674033284187 50
      vertex -5.8889255821704865 6.578674033284187 0
    endloop
  endfacet
  facet normal -0.5141027452311838 0.8577286093781414 0
    outer loop
      vertex -5.8889255821704865 6.578674033284187 0
      vertex -5.678491845726967 6.7048031613230705 50
      vertex -5.678491845726967 6.7048031613230705 0
    endloop
  endfacet
  facet normal -0.42755507275038784 0.9039893029043046 0
    outer loop
      vertex -5.678491845726967 6.7048031613230705 0
      vertex -5.456708580255508 6.809698827564716 50
      vertex -5.456708580255508 6.809698827564716 0
    endloop
  endfacet
  facet normal -0.336889864873561 0.9415440610749313 0
    outer loop
      vertex -5.456708580255508 6.809698827564716 0
      vertex -5.2257116958498955 6.89235083758831 50
      vertex -5.2257116958498955 6.89235083758831 0
    endloop
  endfacet
  facet normal -0.24298018143504363 0.9700312528108531 0
    outer loop
      vertex -5.2257116958498955 6.89235083758831 0
      vertex -4.987725801765919 6.951963201165199 50
      vertex -4.987725801765919 6.951963201165199 0
    endloop
  endfacet
  facet normal -0.14673046562892958 0.9891765112740584 0
    outer loop
      vertex -4.987725801765919 6.951963201165199 0
      vertex -4.7450428530573845 6.9879618138074875 50
      vertex -4.7450428530573845 6.9879618138074875 0
    endloop
  endfacet
  facet normal -0.04906768556344165 0.998795455653182 0
    outer loop
      vertex -4.7450428530573845 6.9879618138074875 0
      vertex -4.5 7 50
      vertex -4.5 7 0
    endloop
  endfacet
  facet normal 0 0 -1
    outer loop
      vertex -7 -4.5 0
      vertex -7 4.5 0
      vertex 6.951963201165199 4.987725801765919 0
    endloop
  endfacet
  facet normal 0 0 -1
    outer loop
      vertex -7 4.5 0
      vertex -6.9879618138074875 4.7450428530573845 0
      vertex 6.89235083758831 5.2257116958498955 0
    endloop
  endfacet
  facet normal 0 0 -1
    outer loop
      vertex -6.9879618138074875 4.7450428530573845 0
      vertex -6.951963201165199 4.987725801765919 0
      vertex 6.809698827564716 5.456708580255508 0
    endloop
  endfacet
  facet normal 0 1 0
    outer loop
      vertex -4.5 7 0
      vertex -1.8477590650225735 7 7.234633135269821
      vertex -1.76384252869671 7 7.057206526348005
    endloop
  endfacet
  facet normal 0 1 0
    outer loop
      vertex -4.5 7 0
      vertex -1.76384252869671 7 7.057206526348005
      vertex -1.6629392246050905 7 6.888859533960796
    endloop
  endfacet
  facet normal 0 1 0
    outer loop
      vertex -4.5 7 0
      vertex -1.9615705608064609 7 7.609819355967743
      vertex -1.9138806714644176 7 7.419430645491075
    endloop
  endfacet
  facet normal 0 1 0
    outer loop
      vertex -4.5 7 0
      vertex -1.9903694533443939 7 7.803965719340879
      vertex -1.9615705608064609 7 7.609819355967743
    endloop
  endfacet
  facet normal 0 1 0
    outer loop
      vertex -4.5 7 0
      vertex -2 7 8
      vertex -1.9903694533443939 7 7.803965719340879
    endloop
  endfacet
  facet normal 0 1 0
    outer loop
      vertex -4.5 7 0
      vertex -1.9138806714644176 7 7.419430645491075
      vertex -1.8477590650225735 7 7.234633135269821
    endloop
  endfacet
  facet normal 0 1 0
    outer loop
      vertex -4.5 7 0
      vertex -1.9903694533443939 7 8.196034280659122
      vertex -2 7 8
    endloop
  endfacet
  facet normal 0 1 0
    outer loop
      vertex -4.5 7 0
      vertex -1.9615705608064609 7 8.390180644032256
      vertex -1.9903694533443939 7 8.196034280659122
    endloop
  endfacet
  facet normal 0 1 0
    outer loop
      vertex -4.5 7 0
      vertex -1.9138806714644176 7 8.580569354508924
      vertex -1.9615705608064609 7 8.390180644032256
    endloop
  endfacet
  facet normal 0 0 -1
    outer loop
      vertex -6.951963201165199 4.987725801765919 0
      vertex -6.89235083758831 5.2257116958498955 0
      vertex 6.7048031613230705 5.678491845726967 0
    endloop
  endfacet
  facet normal 0 0 -1
    outer loop
      vertex -6.89235083758831 5.2257116958498955 0
      vertex -6.809698827564716 5.456708580255508 0
      vertex 6.578674033284187 5.8889255821704865 0
    endloop
  endfacet
  facet normal 0 0 -1
    outer loop
      vertex -6.809698827564716 5.456708580255508 0
      vertex -6.7048031613230705 5.678491845726967 0
      vertex 6.432526133954525 6.085983209311962 0
    endloop
  endfacet
  facet normal 0 0 -1
    outer loop
      vertex -6.7048031613230705 5.678491845726967 0
      vertex -6.578674033284187 5.8889255821704865 0
      vertex 6.267766952514648 6.267766952514648 0
    endloop
  endfacet
  facet normal 0 0 -1
    outer loop
      vertex -6.578674033284187 5.8889255821704865 0
      vertex -6.432526133954525 6.085983209311962 0
      vertex 6.085983209311962 6.432526133954525 0
    endloop
  endfacet
  facet normal 0 0 -1
    outer loop
      vertex -6.432526133954525 6.085983209311962 0
      vertex -6.267766952514648 6.267766952514648 0
      vertex 5.8889255821704865 6.578674033284187 0
    endloop
  endfacet
  facet normal 0 0 -1
    outer loop
      vertex -6.267766952514648 6.267766952514648 0
      vertex -6.085983209311962 6.432526133954525 0
      vertex 5.678491845726967 6.7048031613230705 0
    endloop
  endfacet
  facet normal 0 0 -1
    outer loop
      vertex -6.085983209311962 6.432526133954525 0
      vertex -5.8889255821704865 6.578674033284187 0
      vertex 5.456708580255508 6.809698827564716 0
    endloop
  endfacet
  facet normal 0 0 -1
    outer loop
      vertex -5.8889255821704865 6.578674033284187 0
      vertex -5.678491845726967 6.7048031613230705 0
      vertex 5.2257116958498955 6.89235083758831 0
    endloop
  endfacet
  facet normal 0 0 -1
    outer loop
      vertex -5.678491845726967 6.7048031613230705 0
      vertex -5.456708580255508 6.809698827564716 0
      vertex 4.987725801765919 6.951963201165199 0
    endloop
  endfacet
  facet normal 0 0 -1
    outer loop
      vertex -5.456708580255508 6.809698827564716 0
      vertex -5.2257116958498955 6.89235083758831 0
      vertex 4.7450428530573845 6.9879618138074875 0
    endloop
  endfacet
  facet normal 0 0 -1
    outer loop
      vertex -5.2257116958498955 6.89235083758831 0
      vertex -4.987725801765919 6.951963201165199 0
      vertex 4.5 7 0
    endloop
  endfacet
  facet normal 0 1 0
    outer loop
      vertex -4.5 7 0
      vertex -1.6629392246050905 7 6.888859533960796
      vertex -1.546020906725474 7 6.731213431672709
    endloop
  endfacet
  facet normal 0 1 0
    outer loop
      vertex -4.5 7 0
      vertex -1.546020906725474 7 6.731213431672709
      vertex -1.4142135623730951 7 6.585786437626905
    endloop
  endfacet
  facet normal 0 1 0
    outer loop
      vertex -4.5 7 0
      vertex -1.4142135623730951 7 6.585786437626905
      vertex -1.268786568327291 7 6.453979093274526
    endloop
  endfacet
  facet normal 0 1 0
    outer loop
      vertex -4.5 7 0
      vertex -1.268786568327291 7 6.453979093274526
      vertex -1.1111404660392044 7 6.337060775394909
    endloop
  endfacet
  facet normal 0 1 0
    outer loop
      vertex -4.5 7 0
      vertex -1.1111404660392044 7 6.337060775394909
      vertex -0.9427934736519953 7 6.23615747130329
    endloop
  endfacet
  facet normal 0 1 0
    outer loop
      vertex -4.5 7 0
      vertex -0.9427934736519953 7 6.23615747130329
      vertex -0.7653668647301796 7 6.152240934977426
    endloop
  endfacet
  facet normal 0 1 0
    outer loop
      vertex -4.5 7 0
      vertex -0.5805693545089247 7 6.086119328535583
      vertex -0.3901806440322565 7 6.038429439193539
    endloop
  endfacet
  facet normal 0 1 0
    outer loop
      vertex -4.5 7 0
      vertex -0.7653668647301796 7 6.152240934977426
      vertex -0.5805693545089247 7 6.086119328535583
    endloop
  endfacet
  facet normal 0 0 -1
    outer loop
      vertex -4.987725801765919 6.951963201165199 0
      vertex -4.5 7 0
      vertex 4.5 7 0
    endloop
  endfacet
  facet normal 0 1 0
    outer loop
      vertex -4.5 7 0
      vertex -0.3901806440322565 7 6.038429439193539
      vertex -0.1960342806591212 7 6.009630546655606
    endloop
  endfacet
  facet normal 0 1 0
    outer loop
      vertex -4.5 7 0
      vertex -0.1960342806591212 7 6.009630546655606
      vertex 0 7 6
    endloop
  endfacet
  facet normal 0 1 0
    outer loop
      vertex -4.5 7 0
      vertex 0 7 6
      vertex 0.1960342806591212 7 6.009630546655606
    endloop
  endfacet
  facet normal 0 1 0
    outer loop
      vertex -4.5 7 0
      vertex 0.1960342806591212 7 6.009630546655606
      vertex 0.3901806440322565 7 6.038429439193539
    endloop
  endfacet
  facet normal 0 1 0
    outer loop
      vertex -4.5 7 0
      vertex 0.3901806440322565 7 6.038429439193539
      vertex 0.5805693545089247 7 6.086119328535583
    endloop
  endfacet
  facet normal 0 1 0
    outer loop
      vertex -4.5 7 0
      vertex 4.5 7 50
      vertex -1.9138806714644176 7 8.580569354508924
    endloop
  endfacet
  facet normal 0 0 1
    outer loop
      vertex -5 -3 50
      vertex -5 3 50
      vertex -7 4.5 50
    endloop
  endfacet
  facet normal -0.998795455653182 0.04906768556344165 0
    outer loop
      vertex -7 4.5 0
      vertex -7 4.5 50
      vertex -6.9879618138074875 4.7450428530573845 50
    endloop
  endfacet
  facet normal -0.9891765112740584 0.14673046562892958 0
    outer loop
      vertex -6.9879618138074875 4.7450428530573845 0
      vertex -6.9879618138074875 4.7450428530573845 50
      vertex -6.951963201165199 4.987725801765919 50
    endloop
  endfacet
  facet normal -0.9700312528108531 0.24298018143504363 0
    outer loop
      vertex -6.951963201165199 4.987725801765919 0
      vertex -6.951963201165199 4.987725801765919 50
      vertex -6.89235083758831 5.2257116958498955 50
    endloop
  endfacet
  facet normal -0.9415440610749313 0.336889864873561 0
    outer loop
      vertex -6.89235083758831 5.2257116958498955 0
      vertex -6.89235083758831 5.2257116958498955 50
      vertex -6.809698827564716 5.456708580255508 50
    endloop
  endfacet
  facet normal -0.9039893029043046 0.42755507275038784 0
    outer loop
      vertex -6.809698827564716 5.456708580255508 0
      vertex -6.809698827564716 5.456708580255508 50
      vertex -6.7048031613230705 5.678491845726967 50
    endloop
  endfacet
  facet normal -0.8577286093781414 0.5141027452311838 0
    outer loop
      vertex -6.7048031613230705 5.678491845726967 0
      vertex -6.7048031613230705 5.678491845726967 50
      vertex -6.578674033284187 5.8889255821704865 50
    endloop
  endfacet
  facet normal -0.8032075265794509 0.5956993111009283 0
    outer loop
      vertex -6.578674033284187 5.8889255821704865 0
      vertex -6.578674033284187 5.8889255821704865 50
      vertex -6.432526133954525 6.085983209311962 50
    endloop
  endfacet
  facet normal -0.7409511245144411 0.6715589557743872 0
    outer loop
      vertex -6.432526133954525 6.085983209311962 0
      vertex -6.432526133954525 6.085983209311962 50
      vertex -6.267766952514648 6.267766952514648 50
    endloop
  endfacet
  facet normal -0.6715589557743872 0.7409511245144411 0
    outer loop
      vertex -6.267766952514648 6.267766952514648 0
      vertex -6.267766952514648 6.267766952514648 50
      vertex -6.085983209311962 6.432526133954525 50
    endloop
  endfacet
  facet normal -0.5956993111009283 0.8032075265794509 0
    outer loop
      vertex -6.085983209311962 6.432526133954525 0
      vertex -6.085983209311962 6.432526133954525 50
      vertex -5.8889255821704865 6.578674033284187 50
    endloop
  endfacet
  facet normal -0.5141027452311838 0.8577286093781414 0
    outer loop
      vertex -5.8889255821704865 6.578674033284187 0
      vertex -5.8889255821704865 6.578674033284187 50
      vertex -5.678491845726967 6.7048031613230705 50
    endloop
  endfacet
  facet normal -0.42755507275038784 0.9039893029043046 0
    outer loop
      vertex -5.678491845726967 6.7048031613230705 0
      vertex -5.678491845726967 6.7048031613230705 50
      vertex -5.456708580255508 6.809698827564716 50
    endloop
  endfacet
  facet normal -0.336889864873561 0.9415440610749313 0
    outer loop
      vertex -5.456708580255508 6.809698827564716 0
      vertex -5.456708580255508 6.809698827564716 50
      vertex -5.2257116958498955 6.89235083758831 50
    endloop
  endfacet
  facet normal -0.24298018143504363 0.9700312528108531 0
    outer loop
      vertex -5.2257116958498955 6.89235083758831 0
      vertex -5.2257116958498955 6.89235083758831 50
      vertex -4.987725801765919 6.951963201165199 50
    endloop
  endfacet
  facet normal -0.14673046562892958 0.9891765112740584 0
    outer loop
      vertex -4.987725801765919 6.951963201165199 0
      vertex -4.987725801765919 6.951963201165199 50
      vertex -4.7450428530573845 6.9879618138074875 50
    endloop
  endfacet
  facet normal -0.04906768556344165 0.998795455653182 0
    outer loop
      vertex -4.7450428530573845 6.9879618138074875 0
      vertex -4.7450428530573845 6.9879618138074875 50
      vertex -4.5 7 50
    endloop
  endfacet
  facet normal 0 0 1
    outer loop
      vertex -5 3 50
      vertex -4.990369454026222 3.1960342824459076 50
      vertex -7 4.5 50
    endloop
  endfacet
  facet normal 0 0 1
    outer loop
      vertex -4.990369454026222 3.1960342824459076 50
      vertex -4.961570560932159 3.3901806473731995 50
      vertex -7 4.5 50
    endloop
  endfacet
  facet normal 0 0 1
    outer loop
      vertex -4.961570560932159 3.3901806473731995 50
      vertex -4.913880668580532 3.5805693566799164 50
      vertex -7 4.5 50
    endloop
  endfacet
  facet normal 0 0 1
    outer loop
      vertex -7 4.5 50
      vertex -4.913880668580532 3.5805693566799164 50
      vertex -4.8477590680122375 3.765366867184639 50
    endloop
  endfacet
  facet normal 0 0 1
    outer loop
      vertex -7 4.5 50
      vertex -4.8477590680122375 3.765366867184639 50
      vertex -4.7638425305485725 3.9427934736013412 50
    endloop
  endfacet
  facet normal 0 0 1
    outer loop
      vertex -7 4.5 50
      vertex -4.7638425305485725 3.9427934736013412 50
      vertex -4.662939228117466 4.111140467226505 50
    endloop
  endfacet
  facet normal 0 0 1
    outer loop
      vertex -7 4.5 50
      vertex -4.662939228117466 4.111140467226505 50
      vertex -4.546020910143852 4.268786571919918 50
    endloop
  endfacet
  facet normal 0 0 1
    outer loop
      vertex -7 4.5 50
      vertex -4.111140467226505 4.662939228117466 50
      vertex -6.9879618138074875 4.7450428530573845 50
    endloop
  endfacet
  facet normal 0 0 1
    outer loop
      vertex -6.9879618138074875 4.7450428530573845 50
      vertex -3.3901806473731995 4.961570560932159 50
      vertex -6.951963201165199 4.987725801765919 50
    endloop
  endfacet
  facet normal 0 0 1
    outer loop
      vertex -7 4.5 50
      vertex -4.546020910143852 4.268786571919918 50
      vertex -4.414213560521603 4.414213560521603 50
    endloop
  endfacet
  facet normal 0 0 1
    outer loop
      vertex -7 4.5 50
      vertex -4.414213560521603 4.414213560521603 50
      vertex -4.268786571919918 4.546020910143852 50
    endloop
  endfacet
  facet normal 0 0 1
    outer loop
      vertex -7 4.5 50
      vertex -4.268786571919918 4.546020910143852 50
      vertex -4.111140467226505 4.662939228117466 50
    endloop
  endfacet
  facet normal 0 0 1
    outer loop
      vertex -6.9879618138074875 4.7450428530573845 50
      vertex -4.111140467226505 4.662939228117466 50
      vertex -3.9427934736013412 4.7638425305485725 50
    endloop
  endfacet
  facet normal 0 0 1
    outer loop
      vertex -6.9879618138074875 4.7450428530573845 50
      vertex -3.9427934736013412 4.7638425305485725 50
      vertex -3.765366867184639 4.8477590680122375 50
    endloop
  endfacet
  facet normal 0 0 1
    outer loop
      vertex -6.9879618138074875 4.7450428530573845 50
      vertex -3.765366867184639 4.8477590680122375 50
      vertex -3.5805693566799164 4.913880668580532 50
    endloop
  endfacet
  facet normal 0 0 1
    outer loop
      vertex -6.9879618138074875 4.7450428530573845 50
      vertex -3.5805693566799164 4.913880668580532 50
      vertex -3.3901806473731995 4.961570560932159 50
    endloop
  endfacet
  facet normal 0 0 1
    outer loop
      vertex -6.951963201165199 4.987725801765919 50
      vertex -3.3901806473731995 4.961570560932159 50
      vertex -3.1960342824459076 4.990369454026222 50
    endloop
  endfacet
  facet normal 0 0 1
    outer loop
      vertex -6.951963201165199 4.987725801765919 50
      vertex -3.1960342824459076 4.990369454026222 50
      vertex -3 5 50
    endloop
  endfacet
  facet normal 0 0 1
    outer loop
      vertex -4.987725801765919 6.951963201165199 50
      vertex -4.5 7 50
      vertex -4.7450428530573845 6.9879618138074875 50
    endloop
  endfacet
  facet normal 0 1 0
    outer loop
      vertex -4.5 7 0
      vertex -4.5 7 50
      vertex 4.5 7 50
    endloop
  endfacet
  facet normal 0 0 1
    outer loop
      vertex -6.951963201165199 4.987725801765919 50
      vertex 6.7048031613230705 5.678491845726967 50
      vertex -6.89235083758831 5.2257116958498955 50
    endloop
  endfacet
  facet normal 0 0 1
    outer loop
      vertex -6.89235083758831 5.2257116958498955 50
      vertex 6.578674033284187 5.8889255821704865 50
      vertex -6.809698827564716 5.456708580255508 50
    endloop
  endfacet
  facet normal 0 0 1
    outer loop
      vertex -6.809698827564716 5.456708580255508 50
      vertex 6.432526133954525 6.085983209311962 50
      vertex -6.7048031613230705 5.678491845726967 50
    endloop
  endfacet
  facet normal 0 0 1
    outer loop
      vertex -6.7048031613230705 5.678491845726967 50
      vertex 6.267766952514648 6.267766952514648 50
      vertex -6.578674033284187 5.8889255821704865 50
    endloop
  endfacet
  facet normal 0 0 1
    outer loop
      vertex -6.578674033284187 5.8889255821704865 50
      vertex 6.085983209311962 6.432526133954525 50
      vertex -6.432526133954525 6.085983209311962 50
    endloop
  endfacet
  facet normal 0 0 1
    outer loop
      vertex -6.432526133954525 6.085983209311962 50
      vertex 5.8889255821704865 6.578674033284187 50
      vertex -6.267766952514648 6.267766952514648 50
    endloop
  endfacet
  facet normal 0 0 1
    outer loop
      vertex -6.267766952514648 6.267766952514648 50
      vertex 5.678491845726967 6.7048031613230705 50
      vertex -6.085983209311962 6.432526133954525 50
    endloop
  endfacet
  facet normal 0 0 1
    outer loop
      vertex -6.085983209311962 6.432526133954525 50
      vertex 5.456708580255508 6.809698827564716 50
      vertex -5.8889255821704865 6.578674033284187 50
    endloop
  endfacet
  facet normal 0 0 1
    outer loop
      vertex -5.8889255821704865 6.578674033284187 50
      vertex 5.2257116958498955 6.89235083758831 50
      vertex -5.678491845726967 6.7048031613230705 50
    endloop
  endfacet
  facet normal 0 0 1
    outer loop
      vertex -5.678491845726967 6.7048031613230705 50
      vertex 4.987725801765919 6.951963201165199 50
      vertex -5.456708580255508 6.809698827564716 50
    endloop
  endfacet
  facet normal 0 0 1
    outer loop
      vertex -5.456708580255508 6.809698827564716 50
      vertex 4.7450428530573845 6.9879618138074875 50
      vertex -5.2257116958498955 6.89235083758831 50
    endloop
  endfacet
  facet normal 0 0 1
    outer loop
      vertex -5.2257116958498955 6.89235083758831 50
      vertex 4.5 7 50
      vertex -4.987725801765919 6.951963201165199 50
    endloop
  endfacet
  facet normal 0 0 1
    outer loop
      vertex -6.951963201165199 4.987725801765919 50
      vertex -3 5 50
      vertex 6.809698827564716 5.456708580255508 50
    endloop
  endfacet
  facet normal 0 0 1
    outer loop
      vertex -4.987725801765919 6.951963201165199 50
      vertex 4.5 7 50
      vertex -4.5 7 50
    endloop
  endfacet
  facet normal 0 -1 0
    outer loop
      vertex -4.5 -7 0
      vertex 4.5 -7 0
      vertex 0 -7 6
    endloop
  endfacet
  facet normal 0 0 -1
    outer loop
      vertex -4.5 -7 0
      vertex 4.987725801765919 -6.951963201165199 0
      vertex 4.5 -7 0
    endloop
  endfacet
  facet normal 0 -1 0
    outer loop
      vertex 4.5 -7 0
      vertex 0.1960342806591212 -7 6.009630546655606
      vertex 0 -7 6
    endloop
  endfacet
  facet normal 0 -1 0
    outer loop
      vertex 4.5 -7 0
      vertex 0.3901806440322565 -7 6.038429439193539
      vertex 0.1960342806591212 -7 6.009630546655606
    endloop
  endfacet
  facet normal 0 0 -1
    outer loop
      vertex -4.5 -7 0
      vertex 5.2257116958498955 -6.89235083758831 0
      vertex 4.987725801765919 -6.951963201165199 0
    endloop
  endfacet
  facet normal 0 0 -1
    outer loop
      vertex -4.7450428530573845 -6.9879618138074875 0
      vertex 5.456708580255508 -6.809698827564716 0
      vertex 5.2257116958498955 -6.89235083758831 0
    endloop
  endfacet
  facet normal 0 0 -1
    outer loop
      vertex -4.987725801765919 -6.951963201165199 0
      vertex 5.678491845726967 -6.7048031613230705 0
      vertex 5.456708580255508 -6.809698827564716 0
    endloop
  endfacet
  facet normal 0 0 -1
    outer loop
      vertex -5.2257116958498955 -6.89235083758831 0
      vertex 5.8889255821704865 -6.578674033284187 0
      vertex 5.678491845726967 -6.7048031613230705 0
    endloop
  endfacet
  facet normal 0 0 -1
    outer loop
      vertex -5.456708580255508 -6.809698827564716 0
      vertex 6.085983209311962 -6.432526133954525 0
      vertex 5.8889255821704865 -6.578674033284187 0
    endloop
  endfacet
  facet normal 0 0 -1
    outer loop
      vertex -5.678491845726967 -6.7048031613230705 0
      vertex 6.267766952514648 -6.267766952514648 0
      vertex 6.085983209311962 -6.432526133954525 0
    endloop
  endfacet
  facet normal 0 0 -1
    outer loop
      vertex -5.8889255821704865 -6.578674033284187 0
      vertex 6.432526133954525 -6.085983209311962 0
      vertex 6.267766952514648 -6.267766952514648 0
    endloop
  endfacet
  facet normal 0 0 -1
    outer loop
      vertex -6.085983209311962 -6.432526133954525 0
      vertex 6.578674033284187 -5.8889255821704865 0
      vertex 6.432526133954525 -6.085983209311962 0
    endloop
  endfacet
  facet normal 0 -1 0
    outer loop
      vertex 4.5 -7 0
      vertex 0.5805693545089247 -7 6.086119328535583
      vertex 0.3901806440322565 -7 6.038429439193539
    endloop
  endfacet
  facet normal 0 -1 0
    outer loop
      vertex 4.5 -7 0
      vertex 0.7653668647301796 -7 6.152240934977426
      vertex 0.5805693545089247 -7 6.086119328535583
    endloop
  endfacet
  facet normal 0 -1 0
    outer loop
      vertex 4.5 -7 0
      vertex 0.9427934736519953 -7 6.23615747130329
      vertex 0.7653668647301796 -7 6.152240934977426
    endloop
  endfacet
  facet normal 0 -1 0
    outer loop
      vertex 4.5 -7 0
      vertex 1.1111404660392044 -7 6.337060775394909
      vertex 0.9427934736519953 -7 6.23615747130329
    endloop
  endfacet
  facet normal 0 -1 0
    outer loop
      vertex 4.5 -7 0
      vertex 1.268786568327291 -7 6.453979093274526
      vertex 1.1111404660392044 -7 6.337060775394909
    endloop
  endfacet
  facet normal 0 -1 0
    outer loop
      vertex 4.5 -7 0
      vertex 1.4142135623730951 -7 6.585786437626905
      vertex 1.268786568327291 -7 6.453979093274526
    endloop
  endfacet
  facet normal 0 -1 0
    outer loop
      vertex 4.5 -7 0
      vertex 1.546020906725474 -7 6.731213431672709
      vertex 1.4142135623730951 -7 6.585786437626905
    endloop
  endfacet
  facet normal 0 -1 0
    outer loop
      vertex 4.5 -7 0
      vertex 1.6629392246050905 -7 6.888859533960796
      vertex 1.546020906725474 -7 6.731213431672709
    endloop
  endfacet
  facet normal 0 0 -1
    outer loop
      vertex -6.267766952514648 -6.267766952514648 0
      vertex 6.7048031613230705 -5.678491845726967 0
      vertex 6.578674033284187 -5.8889255821704865 0
    endloop
  endfacet
  facet normal 0 0 -1
    outer loop
      vertex -6.432526133954525 -6.085983209311962 0
      vertex 6.809698827564716 -5.456708580255508 0
      vertex 6.7048031613230705 -5.678491845726967 0
    endloop
  endfacet
  facet normal 0 0 -1
    outer loop
      vertex -6.578674033284187 -5.8889255821704865 0
      vertex 6.89235083758831 -5.2257116958498955 0
      vertex 6.809698827564716 -5.456708580255508 0
    endloop
  endfacet
  facet normal 0 0 -1
    outer loop
      vertex -6.7048031613230705 -5.678491845726967 0
      vertex 6.951963201165199 -4.987725801765919 0
      vertex 6.89235083758831 -5.2257116958498955 0
    endloop
  endfacet
  facet normal 0 -1 0
    outer loop
      vertex 4.5 -7 0
      vertex 1.76384252869671 -7 7.057206526348005
      vertex 1.6629392246050905 -7 6.888859533960796
    endloop
  endfacet
  facet normal 0 -1 0
    outer loop
      vertex 4.5 -7 0
      vertex 1.8477590650225735 -7 7.234633135269821
      vertex 1.76384252869671 -7 7.057206526348005
    endloop
  endfacet
  facet normal 0 -1 0
    outer loop
      vertex 4.5 -7 0
      vertex 1.9138806714644176 -7 7.419430645491075
      vertex 1.8477590650225735 -7 7.234633135269821
    endloop
  endfacet
  facet normal 0 -1 0
    outer loop
      vertex 4.5 -7 0
      vertex 1.9615705608064609 -7 7.609819355967743
      vertex 1.9138806714644176 -7 7.419430645491075
    endloop
  endfacet
  facet normal 0 -1 0
    outer loop
      vertex 4.5 -7 0
      vertex 1.9903694533443939 -7 7.803965719340879
      vertex 1.9615705608064609 -7 7.609819355967743
    endloop
  endfacet
  facet normal 0 -1 0
    outer loop
      vertex 4.5 -7 0
      vertex 2 -7 8
      vertex 1.9903694533443939 -7 7.803965719340879
    endloop
  endfacet
  facet normal 0 -1 0
    outer loop
      vertex 4.5 -7 0
      vertex 1.9903694533443939 -7 8.196034280659122
      vertex 2 -7 8
    endloop
  endfacet
  facet normal 0 -1 0
    outer loop
      vertex 4.5 -7 0
      vertex 1.9138806714644176 -7 8.580569354508924
      vertex 1.9615705608064609 -7 8.390180644032256
    endloop
  endfacet
  facet normal 0 -1 0
    outer loop
      vertex 4.5 -7 0
      vertex 1.9615705608064609 -7 8.390180644032256
      vertex 1.9903694533443939 -7 8.196034280659122
    endloop
  endfacet
  facet normal 0 0 -1
    outer loop
      vertex -6.809698827564716 -5.456708580255508 0
      vertex 6.9879618138074875 -4.7450428530573845 0
      vertex 6.951963201165199 -4.987725801765919 0
    endloop
  endfacet
  facet normal 0 0 -1
    outer loop
      vertex -6.89235083758831 -5.2257116958498955 0
      vertex 7 -4.5 0
      vertex 6.9879618138074875 -4.7450428530573845 0
    endloop
  endfacet
  facet normal 0 -1 0
    outer loop
      vertex -4.5 -7 50
      vertex 1.9138806714644176 -7 8.580569354508924
      vertex 4.5 -7 0
    endloop
  endfacet
  facet normal 0 0 -1
    outer loop
      vertex -6.951963201165199 -4.987725801765919 0
      vertex 7 4.5 0
      vertex 7 -4.5 0
    endloop
  endfacet
  facet normal 0 0 -1
    outer loop
      vertex 4.5 -7 0
      vertex 4.987725801765919 -6.951963201165199 0
      vertex 4.7450428530573845 -6.9879618138074875 0
    endloop
  endfacet
  facet normal 0.04906768556344165 -0.998795455653182 0
    outer loop
      vertex 4.5 -7 0
      vertex 4.7450428530573845 -6.9879618138074875 0
      vertex 4.5 -7 50
    endloop
  endfacet
  facet normal 0.14673046562892958 -0.9891765112740584 0
    outer loop
      vertex 4.7450428530573845 -6.9879618138074875 0
      vertex 4.987725801765919 -6.951963201165199 0
      vertex 4.7450428530573845 -6.9879618138074875 50
    endloop
  endfacet
  facet normal 0.24298018143504363 -0.9700312528108531 0
    outer loop
      vertex 4.987725801765919 -6.951963201165199 0
      vertex 5.2257116958498955 -6.89235083758831 0
      vertex 4.987725801765919 -6.951963201165199 50
    endloop
  endfacet
  facet normal 0.336889864873561 -0.9415440610749313 0
    outer loop
      vertex 5.2257116958498955 -6.89235083758831 0
      vertex 5.456708580255508 -6.809698827564716 0
      vertex 5.2257116958498955 -6.89235083758831 50
    endloop
  endfacet
  facet normal 0.42755507275038784 -0.9039893029043046 0
    outer loop
      vertex 5.456708580255508 -6.809698827564716 0
      vertex 5.678491845726967 -6.7048031613230705 0
      vertex 5.456708580255508 -6.809698827564716 50
    endloop
  endfacet
  facet normal 0.5141027452311838 -0.8577286093781414 0
    outer loop
      vertex 5.678491845726967 -6.7048031613230705 0
      vertex 5.8889255821704865 -6.578674033284187 0
      vertex 5.678491845726967 -6.7048031613230705 50
    endloop
  endfacet
  facet normal 0.5956993111009283 -0.8032075265794509 0
    outer loop
      vertex 5.8889255821704865 -6.578674033284187 0
      vertex 6.085983209311962 -6.432526133954525 0
      vertex 5.8889255821704865 -6.578674033284187 50
    endloop
  endfacet
  facet normal 0.6715589557743872 -0.7409511245144411 0
    outer loop
      vertex 6.085983209311962 -6.432526133954525 0
      vertex 6.267766952514648 -6.267766952514648 0
      vertex 6.085983209311962 -6.432526133954525 50
    endloop
  endfacet
  facet normal 0.7409511245144411 -0.6715589557743872 0
    outer loop
      vertex 6.267766952514648 -6.267766952514648 0
      vertex 6.432526133954525 -6.085983209311962 0
      vertex 6.267766952514648 -6.267766952514648 50
    endloop
  endfacet
  facet normal 0.8032075265794509 -0.5956993111009283 0
    outer loop
      vertex 6.432526133954525 -6.085983209311962 0
      vertex 6.578674033284187 -5.8889255821704865 0
      vertex 6.432526133954525 -6.085983209311962 50
    endloop
  endfacet
  facet normal 0.8577286093781414 -0.5141027452311838 0
    outer loop
      vertex 6.578674033284187 -5.8889255821704865 0
      vertex 6.7048031613230705 -5.678491845726967 0
      vertex 6.578674033284187 -5.8889255821704865 50
    endloop
  endfacet
  facet normal 0.9039893029043046 -0.42755507275038784 0
    outer loop
      vertex 6.7048031613230705 -5.678491845726967 0
      vertex 6.809698827564716 -5.456708580255508 0
      vertex 6.7048031613230705 -5.678491845726967 50
    endloop
  endfacet
  facet normal 0.9415440610749313 -0.336889864873561 0
    outer loop
      vertex 6.809698827564716 -5.456708580255508 0
      vertex 6.89235083758831 -5.2257116958498955 0
      vertex 6.809698827564716 -5.456708580255508 50
    endloop
  endfacet
  facet normal 0.9700312528108531 -0.24298018143504363 0
    outer loop
      vertex 6.89235083758831 -5.2257116958498955 0
      vertex 6.951963201165199 -4.987725801765919 0
      vertex 6.89235083758831 -5.2257116958498955 50
    endloop
  endfacet
  facet normal 0.9891765112740584 -0.14673046562892958 0
    outer loop
      vertex 6.951963201165199 -4.987725801765919 0
      vertex 6.9879618138074875 -4.7450428530573845 0
      vertex 6.951963201165199 -4.987725801765919 50
    endloop
  endfacet
  facet normal 0.998795455653182 -0.04906768556344165 0
    outer loop
      vertex 6.9879618138074875 -4.7450428530573845 0
      vertex 7 -4.5 0
      vertex 6.9879618138074875 -4.7450428530573845 50
    endloop
  endfacet
  facet normal 1 0 0
    outer loop
      vertex 7 -4.5 0
      vertex 7 4.5 0
      vertex 7 -4.5 50
    endloop
  endfacet
  facet normal 0 -1 0
    outer loop
      vertex -4.5 -7 50
      vertex 4.5 -7 0
      vertex 4.5 -7 50
    endloop
  endfacet
  facet normal 0 0 1
    outer loop
      vertex -4.5 -7 50
      vertex 4.5 -7 50
      vertex 4.987725801765919 -6.951963201165199 50
    endloop
  endfacet
  facet normal 0 0 1
    outer loop
      vertex -6.809698827564716 -5.456708580255508 50
      vertex 6.951963201165199 -4.987725801765919 50
      vertex 3 -5 50
    endloop
  endfacet
  facet normal 0 0 1
    outer loop
      vertex -4.5 -7 50
      vertex 4.987725801765919 -6.951963201165199 50
      vertex 5.2257116958498955 -6.89235083758831 50
    endloop
  endfacet
  facet normal 0 0 1
    outer loop
      vertex -4.7450428530573845 -6.9879618138074875 50
      vertex 5.2257116958498955 -6.89235083758831 50
      vertex 5.456708580255508 -6.809698827564716 50
    endloop
  endfacet
  facet normal 0 0 1
    outer loop
      vertex -4.987725801765919 -6.951963201165199 50
      vertex 5.456708580255508 -6.809698827564716 50
      vertex 5.678491845726967 -6.7048031613230705 50
    endloop
  endfacet
  facet normal 0 0 1
    outer loop
      vertex -5.2257116958498955 -6.89235083758831 50
      vertex 5.678491845726967 -6.7048031613230705 50
      vertex 5.8889255821704865 -6.578674033284187 50
    endloop
  endfacet
  facet normal 0 0 1
    outer loop
      vertex -5.456708580255508 -6.809698827564716 50
      vertex 5.8889255821704865 -6.578674033284187 50
      vertex 6.085983209311962 -6.432526133954525 50
    endloop
  endfacet
  facet normal 0 0 1
    outer loop
      vertex -5.678491845726967 -6.7048031613230705 50
      vertex 6.085983209311962 -6.432526133954525 50
      vertex 6.267766952514648 -6.267766952514648 50
    endloop
  endfacet
  facet normal 0 0 1
    outer loop
      vertex -5.8889255821704865 -6.578674033284187 50
      vertex 6.267766952514648 -6.267766952514648 50
      vertex 6.432526133954525 -6.085983209311962 50
    endloop
  endfacet
  facet normal 0 0 1
    outer loop
      vertex -6.085983209311962 -6.432526133954525 50
      vertex 6.432526133954525 -6.085983209311962 50
      vertex 6.578674033284187 -5.8889255821704865 50
    endloop
  endfacet
  facet normal 0 0 1
    outer loop
      vertex -6.267766952514648 -6.267766952514648 50
      vertex 6.578674033284187 -5.8889255821704865 50
      vertex 6.7048031613230705 -5.678491845726967 50
    endloop
  endfacet
  facet normal 0 0 1
    outer loop
      vertex -6.432526133954525 -6.085983209311962 50
      vertex 6.7048031613230705 -5.678491845726967 50
      vertex 6.809698827564716 -5.456708580255508 50
    endloop
  endfacet
  facet normal 0 0 1
    outer loop
      vertex -6.578674033284187 -5.8889255821704865 50
      vertex 6.809698827564716 -5.456708580255508 50
      vertex 6.89235083758831 -5.2257116958498955 50
    endloop
  endfacet
  facet normal 0 0 1
    outer loop
      vertex -6.7048031613230705 -5.678491845726967 50
      vertex 6.89235083758831 -5.2257116958498955 50
      vertex 6.951963201165199 -4.987725801765919 50
    endloop
  endfacet
  facet normal 0.04906768556344165 -0.998795455653182 0
    outer loop
      vertex 4.7450428530573845 -6.9879618138074875 0
      vertex 4.7450428530573845 -6.9879618138074875 50
      vertex 4.5 -7 50
    endloop
  endfacet
  facet normal 0.14673046562892958 -0.9891765112740584 0
    outer loop
      vertex 4.987725801765919 -6.951963201165199 0
      vertex 4.987725801765919 -6.951963201165199 50
      vertex 4.7450428530573845 -6.9879618138074875 50
    endloop
  endfacet
  facet normal 0.24298018143504363 -0.9700312528108531 0
    outer loop
      vertex 5.2257116958498955 -6.89235083758831 0
      vertex 5.2257116958498955 -6.89235083758831 50
      vertex 4.987725801765919 -6.951963201165199 50
    endloop
  endfacet
  facet normal 0.336889864873561 -0.9415440610749313 0
    outer loop
      vertex 5.456708580255508 -6.809698827564716 0
      vertex 5.456708580255508 -6.809698827564716 50
      vertex 5.2257116958498955 -6.89235083758831 50
    endloop
  endfacet
  facet normal 0.42755507275038784 -0.9039893029043046 0
    outer loop
      vertex 5.678491845726967 -6.7048031613230705 0
      vertex 5.678491845726967 -6.7048031613230705 50
      vertex 5.456708580255508 -6.809698827564716 50
    endloop
  endfacet
  facet normal 0.5141027452311838 -0.8577286093781414 0
    outer loop
      vertex 5.8889255821704865 -6.578674033284187 0
      vertex 5.8889255821704865 -6.578674033284187 50
      vertex 5.678491845726967 -6.7048031613230705 50
    endloop
  endfacet
  facet normal 0.5956993111009283 -0.8032075265794509 0
    outer loop
      vertex 6.085983209311962 -6.432526133954525 0
      vertex 6.085983209311962 -6.432526133954525 50
      vertex 5.8889255821704865 -6.578674033284187 50
    endloop
  endfacet
  facet normal 0.6715589557743872 -0.7409511245144411 0
    outer loop
      vertex 6.267766952514648 -6.267766952514648 0
      vertex 6.267766952514648 -6.267766952514648 50
      vertex 6.085983209311962 -6.432526133954525 50
    endloop
  endfacet
  facet normal 0.7409511245144411 -0.6715589557743872 0
    outer loop
      vertex 6.432526133954525 -6.085983209311962 0
      vertex 6.432526133954525 -6.085983209311962 50
      vertex 6.267766952514648 -6.267766952514648 50
    endloop
  endfacet
  facet normal 0.8032075265794509 -0.5956993111009283 0
    outer loop
      vertex 6.578674033284187 -5.8889255821704865 0
      vertex 6.578674033284187 -5.8889255821704865 50
      vertex 6.432526133954525 -6.085983209311962 50
    endloop
  endfacet
  facet normal 0.8577286093781414 -0.5141027452311838 0
    outer loop
      vertex 6.7048031613230705 -5.678491845726967 0
      vertex 6.7048031613230705 -5.678491845726967 50
      vertex 6.578674033284187 -5.8889255821704865 50
    endloop
  endfacet
  facet normal 0.9039893029043046 -0.42755507275038784 0
    outer loop
      vertex 6.809698827564716 -5.456708580255508 0
      vertex 6.809698827564716 -5.456708580255508 50
      vertex 6.7048031613230705 -5.678491845726967 50
    endloop
  endfacet
  facet normal 0.9415440610749313 -0.336889864873561 0
    outer loop
      vertex 6.89235083758831 -5.2257116958498955 0
      vertex 6.89235083758831 -5.2257116958498955 50
      vertex 6.809698827564716 -5.456708580255508 50
    endloop
  endfacet
  facet normal 0.9700312528108531 -0.24298018143504363 0
    outer loop
      vertex 6.951963201165199 -4.987725801765919 0
      vertex 6.951963201165199 -4.987725801765919 50
      vertex 6.89235083758831 -5.2257116958498955 50
    endloop
  endfacet
  facet normal 0.9891765112740584 -0.14673046562892958 0
    outer loop
      vertex 6.9879618138074875 -4.7450428530573845 0
      vertex 6.9879618138074875 -4.7450428530573845 50
      vertex 6.951963201165199 -4.987725801765919 50
    endloop
  endfacet
  facet normal 0.998795455653182 -0.04906768556344165 0
    outer loop
      vertex 7 -4.5 0
      vertex 7 -4.5 50
      vertex 6.9879618138074875 -4.7450428530573845 50
    endloop
  endfacet
  facet normal 0 0 1
    outer loop
      vertex 4.5 -7 50
      vertex 4.7450428530573845 -6.9879618138074875 50
      vertex 4.987725801765919 -6.951963201165199 50
    endloop
  endfacet
  facet normal 0 0 1
    outer loop
      vertex 3 -5 50
      vertex 6.951963201165199 -4.987725801765919 50
      vertex 3.1960342824459076 -4.990369454026222 50
    endloop
  endfacet
  facet normal 0 0 1
    outer loop
      vertex 3.1960342824459076 -4.990369454026222 50
      vertex 6.951963201165199 -4.987725801765919 50
      vertex 3.3901806473731995 -4.961570560932159 50
    endloop
  endfacet
  facet normal 0 0 1
    outer loop
      vertex 3.3901806473731995 -4.961570560932159 50
      vertex 6.9879618138074875 -4.7450428530573845 50
      vertex 3.5805693566799164 -4.913880668580532 50
    endloop
  endfacet
  facet normal 0 0 1
    outer loop
      vertex 3.5805693566799164 -4.913880668580532 50
      vertex 6.9879618138074875 -4.7450428530573845 50
      vertex 3.765366867184639 -4.8477590680122375 50
    endloop
  endfacet
  facet normal 0 0 1
    outer loop
      vertex 3.765366867184639 -4.8477590680122375 50
      vertex 6.9879618138074875 -4.7450428530573845 50
      vertex 3.9427934736013412 -4.7638425305485725 50
    endloop
  endfacet
  facet normal 0 0 1
    outer loop
      vertex 3.9427934736013412 -4.7638425305485725 50
      vertex 6.9879618138074875 -4.7450428530573845 50
      vertex 4.111140467226505 -4.662939228117466 50
    endloop
  endfacet
  facet normal 0 0 1
    outer loop
      vertex 4.111140467226505 -4.662939228117466 50
      vertex 7 -4.5 50
      vertex 4.268786571919918 -4.546020910143852 50
    endloop
  endfacet
  facet normal 0 0 1
    outer loop
      vertex 4.268786571919918 -4.546020910143852 50
      vertex 7 -4.5 50
      vertex 4.414213560521603 -4.414213560521603 50
    endloop
  endfacet
  facet normal 0 0 1
    outer loop
      vertex 4.414213560521603 -4.414213560521603 50
      vertex 7 -4.5 50
      vertex 4.546020910143852 -4.268786571919918 50
    endloop
  endfacet
  facet normal 0 0 1
    outer loop
      vertex 3.3901806473731995 -4.961570560932159 50
      vertex 6.951963201165199 -4.987725801765919 50
      vertex 6.9879618138074875 -4.7450428530573845 50
    endloop
  endfacet
  facet normal 0 0 1
    outer loop
      vertex 4.111140467226505 -4.662939228117466 50
      vertex 6.9879618138074875 -4.7450428530573845 50
      vertex 7 -4.5 50
    endloop
  endfacet
  facet normal 0 0 1
    outer loop
      vertex 4.546020910143852 -4.268786571919918 50
      vertex 7 -4.5 50
      vertex 4.662939228117466 -4.111140467226505 50
    endloop
  endfacet
  facet normal 0 0 1
    outer loop
      vertex 4.662939228117466 -4.111140467226505 50
      vertex 7 -4.5 50
      vertex 4.7638425305485725 -3.9427934736013412 50
    endloop
  endfacet
  facet normal 0 0 1
    outer loop
      vertex 4.7638425305485725 -3.9427934736013412 50
      vertex 7 -4.5 50
      vertex 4.8477590680122375 -3.765366867184639 50
    endloop
  endfacet
  facet normal 0 0 1
    outer loop
      vertex 4.8477590680122375 -3.765366867184639 50
      vertex 7 -4.5 50
      vertex 4.913880668580532 -3.5805693566799164 50
    endloop
  endfacet
  facet normal 0 0 1
    outer loop
      vertex 4.913880668580532 -3.5805693566799164 50
      vertex 7 -4.5 50
      vertex 4.961570560932159 -3.3901806473731995 50
    endloop
  endfacet
  facet normal 0 0 1
    outer loop
      vertex 7 -4.5 50
      vertex 4.990369454026222 -3.1960342824459076 50
      vertex 4.961570560932159 -3.3901806473731995 50
    endloop
  endfacet
  facet normal 0 0 1
    outer loop
      vertex 7 -4.5 50
      vertex 5 -3 50
      vertex 4.990369454026222 -3.1960342824459076 50
    endloop
  endfacet
  facet normal 0 0 1
    outer loop
      vertex 7 -4.5 50
      vertex 5 3 50
      vertex 5 -3 50
    endloop
  endfacet
  facet normal 0 0 -1
    outer loop
      vertex -6.9879618138074875 -4.7450428530573845 0
      vertex 6.9879618138074875 4.7450428530573845 0
      vertex 7 4.5 0
    endloop
  endfacet
  facet normal 0 0 -1
    outer loop
      vertex -7 -4.5 0
      vertex 6.951963201165199 4.987725801765919 0
      vertex 6.9879618138074875 4.7450428530573845 0
    endloop
  endfacet
  facet normal 0 1 0
    outer loop
      vertex -4.5 7 0
      vertex 0.5805693545089247 7 6.086119328535583
      vertex 4.5 7 0
    endloop
  endfacet
  facet normal 0 0 -1
    outer loop
      vertex -5.2257116958498955 6.89235083758831 0
      vertex 4.5 7 0
      vertex 4.7450428530573845 6.9879618138074875 0
    endloop
  endfacet
  facet normal 0 0 -1
    outer loop
      vertex -5.678491845726967 6.7048031613230705 0
      vertex 4.987725801765919 6.951963201165199 0
      vertex 5.2257116958498955 6.89235083758831 0
    endloop
  endfacet
  facet normal 0 0 -1
    outer loop
      vertex -5.456708580255508 6.809698827564716 0
      vertex 4.7450428530573845 6.9879618138074875 0
      vertex 4.987725801765919 6.951963201165199 0
    endloop
  endfacet
  facet normal 0 0 -1
    outer loop
      vertex -5.8889255821704865 6.578674033284187 0
      vertex 5.2257116958498955 6.89235083758831 0
      vertex 5.456708580255508 6.809698827564716 0
    endloop
  endfacet
  facet normal 0 0 -1
    outer loop
      vertex -6.085983209311962 6.432526133954525 0
      vertex 5.456708580255508 6.809698827564716 0
      vertex 5.678491845726967 6.7048031613230705 0
    endloop
  endfacet
  facet normal 0 0 -1
    outer loop
      vertex -7 4.5 0
      vertex 6.89235083758831 5.2257116958498955 0
      vertex 6.951963201165199 4.987725801765919 0
    endloop
  endfacet
  facet normal 0 0 -1
    outer loop
      vertex -6.9879618138074875 4.7450428530573845 0
      vertex 6.809698827564716 5.456708580255508 0
      vertex 6.89235083758831 5.2257116958498955 0
    endloop
  endfacet
  facet normal 0 0 -1
    outer loop
      vertex -6.89235083758831 5.2257116958498955 0
      vertex 6.578674033284187 5.8889255821704865 0
      vertex 6.7048031613230705 5.678491845726967 0
    endloop
  endfacet
  facet normal 0 0 -1
    outer loop
      vertex -6.809698827564716 5.456708580255508 0
      vertex 6.432526133954525 6.085983209311962 0
      vertex 6.578674033284187 5.8889255821704865 0
    endloop
  endfacet
  facet normal 0 0 -1
    outer loop
      vertex -6.7048031613230705 5.678491845726967 0
      vertex 6.267766952514648 6.267766952514648 0
      vertex 6.432526133954525 6.085983209311962 0
    endloop
  endfacet
  facet normal 0 0 -1
    outer loop
      vertex -6.951963201165199 4.987725801765919 0
      vertex 6.7048031613230705 5.678491845726967 0
      vertex 6.809698827564716 5.456708580255508 0
    endloop
  endfacet
  facet normal 0 0 -1
    outer loop
      vertex -6.578674033284187 5.8889255821704865 0
      vertex 6.085983209311962 6.432526133954525 0
      vertex 6.267766952514648 6.267766952514648 0
    endloop
  endfacet
  facet normal 0 0 -1
    outer loop
      vertex -6.432526133954525 6.085983209311962 0
      vertex 5.8889255821704865 6.578674033284187 0
      vertex 6.085983209311962 6.432526133954525 0
    endloop
  endfacet
  facet normal 0 0 -1
    outer loop
      vertex -6.267766952514648 6.267766952514648 0
      vertex 5.678491845726967 6.7048031613230705 0
      vertex 5.8889255821704865 6.578674033284187 0
    endloop
  endfacet
  facet normal 0 1 0
    outer loop
      vertex 4.5 7 0
      vertex 0.5805693545089247 7 6.086119328535583
      vertex 0.7653668647301796 7 6.152240934977426
    endloop
  endfacet
  facet normal 0 1 0
    outer loop
      vertex 4.5 7 0
      vertex 0.7653668647301796 7 6.152240934977426
      vertex 0.9427934736519953 7 6.23615747130329
    endloop
  endfacet
  facet normal 0 1 0
    outer loop
      vertex 4.5 7 0
      vertex 0.9427934736519953 7 6.23615747130329
      vertex 1.1111404660392044 7 6.337060775394909
    endloop
  endfacet
  facet normal 0 1 0
    outer loop
      vertex 4.5 7 0
      vertex 1.1111404660392044 7 6.337060775394909
      vertex 1.268786568327291 7 6.453979093274526
    endloop
  endfacet
  facet normal 0 1 0
    outer loop
      vertex 4.5 7 0
      vertex 1.268786568327291 7 6.453979093274526
      vertex 1.4142135623730951 7 6.585786437626905
    endloop
  endfacet
  facet normal 0 1 0
    outer loop
      vertex 4.5 7 0
      vertex 1.4142135623730951 7 6.585786437626905
      vertex 1.546020906725474 7 6.731213431672709
    endloop
  endfacet
  facet normal 0 1 0
    outer loop
      vertex 4.5 7 0
      vertex 1.546020906725474 7 6.731213431672709
      vertex 1.6629392246050905 7 6.888859533960796
    endloop
  endfacet
  facet normal 0 1 0
    outer loop
      vertex 4.5 7 0
      vertex 1.6629392246050905 7 6.888859533960796
      vertex 1.76384252869671 7 7.057206526348005
    endloop
  endfacet
  facet normal 0 1 0
    outer loop
      vertex 4.5 7 0
      vertex 1.76384252869671 7 7.057206526348005
      vertex 1.8477590650225735 7 7.234633135269821
    endloop
  endfacet
  facet normal 0 1 0
    outer loop
      vertex 4.5 7 0
      vertex 1.8477590650225735 7 7.234633135269821
      vertex 1.9138806714644176 7 7.419430645491075
    endloop
  endfacet
  facet normal 0 1 0
    outer loop
      vertex 4.5 7 0
      vertex 1.9138806714644176 7 7.419430645491075
      vertex 1.9615705608064609 7 7.609819355967743
    endloop
  endfacet
  facet normal 0 1 0
    outer loop
      vertex 4.5 7 0
      vertex 1.9615705608064609 7 7.609819355967743
      vertex 1.9903694533443939 7 7.803965719340879
    endloop
  endfacet
  facet normal 0 1 0
    outer loop
      vertex 4.5 7 0
      vertex 1.9903694533443939 7 7.803965719340879
      vertex 2 7 8
    endloop
  endfacet
  facet normal 0 1 0
    outer loop
      vertex 4.5 7 0
      vertex 2 7 8
      vertex 1.9903694533443939 7 8.196034280659122
    endloop
  endfacet
  facet normal 0 1 0
    outer loop
      vertex 4.5 7 0
      vertex 1.9615705608064609 7 8.390180644032256
      vertex 1.9138806714644176 7 8.580569354508924
    endloop
  endfacet
  facet normal 0 1 0
    outer loop
      vertex 4.5 7 0
      vertex 1.9903694533443939 7 8.196034280659122
      vertex 1.9615705608064609 7 8.390180644032256
    endloop
  endfacet
  facet normal 0 1 0
    outer loop
      vertex 4.5 7 50
      vertex -1.8477590650225735 7 8.76536686473018
      vertex -1.9138806714644176 7 8.580569354508924
    endloop
  endfacet
  facet normal 0 1 0
    outer loop
      vertex 4.5 7 50
      vertex -1.76384252869671 7 8.942793473651996
      vertex -1.8477590650225735 7 8.76536686473018
    endloop
  endfacet
  facet normal 0 1 0
    outer loop
      vertex 4.5 7 50
      vertex -1.6629392246050905 7 9.111140466039204
      vertex -1.76384252869671 7 8.942793473651996
    endloop
  endfacet
  facet normal 0 1 0
    outer loop
      vertex 4.5 7 50
      vertex -1.546020906725474 7 9.268786568327291
      vertex -1.6629392246050905 7 9.111140466039204
    endloop
  endfacet
  facet normal 0 1 0
    outer loop
      vertex 4.5 7 50
      vertex -1.4142135623730951 7 9.414213562373096
      vertex -1.546020906725474 7 9.268786568327291
    endloop
  endfacet
  facet normal 0 1 0
    outer loop
      vertex 4.5 7 50
      vertex -1.268786568327291 7 9.546020906725474
      vertex -1.4142135623730951 7 9.414213562373096
    endloop
  endfacet
  facet normal 0 1 0
    outer loop
      vertex 4.5 7 50
      vertex -1.1111404660392044 7 9.66293922460509
      vertex -1.268786568327291 7 9.546020906725474
    endloop
  endfacet
  facet normal 0 1 0
    outer loop
      vertex 4.5 7 50
      vertex -0.9427934736519953 7 9.76384252869671
      vertex -1.1111404660392044 7 9.66293922460509
    endloop
  endfacet
  facet normal 0 1 0
    outer loop
      vertex 4.5 7 50
      vertex -0.7653668647301796 7 9.847759065022574
      vertex -0.9427934736519953 7 9.76384252869671
    endloop
  endfacet
  facet normal 0 1 0
    outer loop
      vertex 4.5 7 50
      vertex -0.5805693545089247 7 9.913880671464417
      vertex -0.7653668647301796 7 9.847759065022574
    endloop
  endfacet
  facet normal 0 1 0
    outer loop
      vertex 4.5 7 50
      vertex -0.3901806440322565 7 9.96157056080646
      vertex -0.5805693545089247 7 9.913880671464417
    endloop
  endfacet
  facet normal 0 1 0
    outer loop
      vertex 4.5 7 50
      vertex -0.1960342806591212 7 9.990369453344394
      vertex -0.3901806440322565 7 9.96157056080646
    endloop
  endfacet
  facet normal 0 1 0
    outer loop
      vertex 4.5 7 50
      vertex 0 7 10
      vertex -0.1960342806591212 7 9.990369453344394
    endloop
  endfacet
  facet normal 0 1 0
    outer loop
      vertex 4.5 7 50
      vertex 0.1960342806591212 7 9.990369453344394
      vertex 0 7 10
    endloop
  endfacet
  facet normal 0 1 0
    outer loop
      vertex 4.5 7 50
      vertex 0.3901806440322565 7 9.96157056080646
      vertex 0.1960342806591212 7 9.990369453344394
    endloop
  endfacet
  facet normal 0 1 0
    outer loop
      vertex 4.5 7 50
      vertex 0.5805693545089247 7 9.913880671464417
      vertex 0.3901806440322565 7 9.96157056080646
    endloop
  endfacet
  facet normal 0 1 0
    outer loop
      vertex 4.5 7 50
      vertex 0.7653668647301796 7 9.847759065022574
      vertex 0.5805693545089247 7 9.913880671464417
    endloop
  endfacet
  facet normal 0 1 0
    outer loop
      vertex 4.5 7 50
      vertex 0.9427934736519953 7 9.76384252869671
      vertex 0.7653668647301796 7 9.847759065022574
    endloop
  endfacet
  facet normal 0 1 0
    outer loop
      vertex 4.5 7 50
      vertex 1.1111404660392044 7 9.66293922460509
      vertex 0.9427934736519953 7 9.76384252869671
    endloop
  endfacet
  facet normal 0 1 0
    outer loop
      vertex 4.5 7 50
      vertex 1.268786568327291 7 9.546020906725474
      vertex 1.1111404660392044 7 9.66293922460509
    endloop
  endfacet
  facet normal 0 1 0
    outer loop
      vertex 4.5 7 50
      vertex 1.4142135623730951 7 9.414213562373096
      vertex 1.268786568327291 7 9.546020906725474
    endloop
  endfacet
  facet normal 0 1 0
    outer loop
      vertex 4.5 7 50
      vertex 1.546020906725474 7 9.268786568327291
      vertex 1.4142135623730951 7 9.414213562373096
    endloop
  endfacet
  facet normal 0 1 0
    outer loop
      vertex 4.5 7 50
      vertex 1.6629392246050905 7 9.111140466039204
      vertex 1.546020906725474 7 9.268786568327291
    endloop
  endfacet
  facet normal 0 1 0
    outer loop
      vertex 4.5 7 50
      vertex 1.76384252869671 7 8.942793473651996
      vertex 1.6629392246050905 7 9.111140466039204
    endloop
  endfacet
  facet normal 0 1 0
    outer loop
      vertex 4.5 7 50
      vertex 1.8477590650225735 7 8.76536686473018
      vertex 1.76384252869671 7 8.942793473651996
    endloop
  endfacet
  facet normal 0 1 0
    outer loop
      vertex 4.5 7 50
      vertex 1.9138806714644176 7 8.580569354508924
      vertex 1.8477590650225735 7 8.76536686473018
    endloop
  endfacet
  facet normal 0.04906768556344165 0.998795455653182 0
    outer loop
      vertex 4.5 7 0
      vertex 4.7450428530573845 6.9879618138074875 50
      vertex 4.7450428530573845 6.9879618138074875 0
    endloop
  endfacet
  facet normal 0.14673046562892958 0.9891765112740584 0
    outer loop
      vertex 4.7450428530573845 6.9879618138074875 0
      vertex 4.987725801765919 6.951963201165199 50
      vertex 4.987725801765919 6.951963201165199 0
    endloop
  endfacet
  facet normal 0.24298018143504363 0.9700312528108531 0
    outer loop
      vertex 4.987725801765919 6.951963201165199 0
      vertex 5.2257116958498955 6.89235083758831 50
      vertex 5.2257116958498955 6.89235083758831 0
    endloop
  endfacet
  facet normal 0 1 0
    outer loop
      vertex 4.5 7 0
      vertex 1.9138806714644176 7 8.580569354508924
      vertex 4.5 7 50
    endloop
  endfacet
  facet normal 0.998795455653182 0.04906768556344165 0
    outer loop
      vertex 7 4.5 0
      vertex 6.9879618138074875 4.7450428530573845 0
      vertex 7 4.5 50
    endloop
  endfacet
  facet normal 0.9891765112740584 0.14673046562892958 0
    outer loop
      vertex 6.9879618138074875 4.7450428530573845 0
      vertex 6.951963201165199 4.987725801765919 0
      vertex 6.9879618138074875 4.7450428530573845 50
    endloop
  endfacet
  facet normal 0.9700312528108531 0.24298018143504363 0
    outer loop
      vertex 6.951963201165199 4.987725801765919 0
      vertex 6.89235083758831 5.2257116958498955 0
      vertex 6.951963201165199 4.987725801765919 50
    endloop
  endfacet
  facet normal 0.336889864873561 0.9415440610749313 0
    outer loop
      vertex 5.2257116958498955 6.89235083758831 0
      vertex 5.456708580255508 6.809698827564716 50
      vertex 5.456708580255508 6.809698827564716 0
    endloop
  endfacet
  facet normal 0.42755507275038784 0.9039893029043046 0
    outer loop
      vertex 5.456708580255508 6.809698827564716 0
      vertex 5.678491845726967 6.7048031613230705 50
      vertex 5.678491845726967 6.7048031613230705 0
    endloop
  endfacet
  facet normal 0.5956993111009283 0.8032075265794509 0
    outer loop
      vertex 6.085983209311962 6.432526133954525 0
      vertex 5.8889255821704865 6.578674033284187 0
      vertex 6.085983209311962 6.432526133954525 50
    endloop
  endfacet
  facet normal 0.5141027452311838 0.8577286093781414 0
    outer loop
      vertex 5.678491845726967 6.7048031613230705 0
      vertex 5.8889255821704865 6.578674033284187 50
      vertex 5.8889255821704865 6.578674033284187 0
    endloop
  endfacet
  facet normal 0.8032075265794509 0.5956993111009283 0
    outer loop
      vertex 6.432526133954525 6.085983209311962 0
      vertex 6.578674033284187 5.8889255821704865 50
      vertex 6.578674033284187 5.8889255821704865 0
    endloop
  endfacet
  facet normal 0.9039893029043046 0.42755507275038784 0
    outer loop
      vertex 6.7048031613230705 5.678491845726967 0
      vertex 6.809698827564716 5.456708580255508 50
      vertex 6.809698827564716 5.456708580255508 0
    endloop
  endfacet
  facet normal 0.9415440610749313 0.336889864873561 0
    outer loop
      vertex 6.89235083758831 5.2257116958498955 0
      vertex 6.809698827564716 5.456708580255508 0
      vertex 6.89235083758831 5.2257116958498955 50
    endloop
  endfacet
  facet normal 0.8577286093781414 0.5141027452311838 0
    outer loop
      vertex 6.7048031613230705 5.678491845726967 0
      vertex 6.578674033284187 5.8889255821704865 0
      vertex 6.7048031613230705 5.678491845726967 50
    endloop
  endfacet
  facet normal 0.6715589557743872 0.7409511245144411 0
    outer loop
      vertex 6.085983209311962 6.432526133954525 0
      vertex 6.267766952514648 6.267766952514648 50
      vertex 6.267766952514648 6.267766952514648 0
    endloop
  endfacet
  facet normal 0.7409511245144411 0.6715589557743872 0
    outer loop
      vertex 6.432526133954525 6.085983209311962 0
      vertex 6.267766952514648 6.267766952514648 0
      vertex 6.432526133954525 6.085983209311962 50
    endloop
  endfacet
  facet normal 0 0 1
    outer loop
      vertex -5.2257116958498955 6.89235083758831 50
      vertex 4.7450428530573845 6.9879618138074875 50
      vertex 4.5 7 50
    endloop
  endfacet
  facet normal 0 0 1
    outer loop
      vertex -5.678491845726967 6.7048031613230705 50
      vertex 5.2257116958498955 6.89235083758831 50
      vertex 4.987725801765919 6.951963201165199 50
    endloop
  endfacet
  facet normal 0 0 1
    outer loop
      vertex -5.456708580255508 6.809698827564716 50
      vertex 4.987725801765919 6.951963201165199 50
      vertex 4.7450428530573845 6.9879618138074875 50
    endloop
  endfacet
  facet normal 0 0 1
    outer loop
      vertex -5.8889255821704865 6.578674033284187 50
      vertex 5.456708580255508 6.809698827564716 50
      vertex 5.2257116958498955 6.89235083758831 50
    endloop
  endfacet
  facet normal 0 0 1
    outer loop
      vertex -6.085983209311962 6.432526133954525 50
      vertex 5.678491845726967 6.7048031613230705 50
      vertex 5.456708580255508 6.809698827564716 50
    endloop
  endfacet
  facet normal 0 0 1
    outer loop
      vertex -3 5 50
      vertex 3 5 50
      vertex 6.809698827564716 5.456708580255508 50
    endloop
  endfacet
  facet normal 0 0 1
    outer loop
      vertex -6.89235083758831 5.2257116958498955 50
      vertex 6.7048031613230705 5.678491845726967 50
      vertex 6.578674033284187 5.8889255821704865 50
    endloop
  endfacet
  facet normal 0 0 1
    outer loop
      vertex -6.809698827564716 5.456708580255508 50
      vertex 6.578674033284187 5.8889255821704865 50
      vertex 6.432526133954525 6.085983209311962 50
    endloop
  endfacet
  facet normal 0 0 1
    outer loop
      vertex -6.7048031613230705 5.678491845726967 50
      vertex 6.432526133954525 6.085983209311962 50
      vertex 6.267766952514648 6.267766952514648 50
    endloop
  endfacet
  facet normal 0 0 1
    outer loop
      vertex -6.951963201165199 4.987725801765919 50
      vertex 6.809698827564716 5.456708580255508 50
      vertex 6.7048031613230705 5.678491845726967 50
    endloop
  endfacet
  facet normal 0 0 1
    outer loop
      vertex -6.578674033284187 5.8889255821704865 50
      vertex 6.267766952514648 6.267766952514648 50
      vertex 6.085983209311962 6.432526133954525 50
    endloop
  endfacet
  facet normal 0 0 1
    outer loop
      vertex -6.432526133954525 6.085983209311962 50
      vertex 6.085983209311962 6.432526133954525 50
      vertex 5.8889255821704865 6.578674033284187 50
    endloop
  endfacet
  facet normal 0 0 1
    outer loop
      vertex -6.267766952514648 6.267766952514648 50
      vertex 5.8889255821704865 6.578674033284187 50
      vertex 5.678491845726967 6.7048031613230705 50
    endloop
  endfacet
  facet normal 1 0 0
    outer loop
      vertex 7 -4.5 50
      vertex 7 4.5 0
      vertex 7 4.5 50
    endloop
  endfacet
  facet normal 0 0 1
    outer loop
      vertex 7 -4.5 50
      vertex 7 4.5 50
      vertex 5 3 50
    endloop
  endfacet
  facet normal 0.04906768556344165 0.998795455653182 0
    outer loop
      vertex 4.5 7 0
      vertex 4.5 7 50
      vertex 4.7450428530573845 6.9879618138074875 50
    endloop
  endfacet
  facet normal 0.14673046562892958 0.9891765112740584 0
    outer loop
      vertex 4.7450428530573845 6.9879618138074875 0
      vertex 4.7450428530573845 6.9879618138074875 50
      vertex 4.987725801765919 6.951963201165199 50
    endloop
  endfacet
  facet normal 0.24298018143504363 0.9700312528108531 0
    outer loop
      vertex 4.987725801765919 6.951963201165199 0
      vertex 4.987725801765919 6.951963201165199 50
      vertex 5.2257116958498955 6.89235083758831 50
    endloop
  endfacet
  facet normal 0.998795455653182 0.04906768556344165 0
    outer loop
      vertex 6.9879618138074875 4.7450428530573845 0
      vertex 6.9879618138074875 4.7450428530573845 50
      vertex 7 4.5 50
    endloop
  endfacet
  facet normal 0.9891765112740584 0.14673046562892958 0
    outer loop
      vertex 6.951963201165199 4.987725801765919 0
      vertex 6.951963201165199 4.987725801765919 50
      vertex 6.9879618138074875 4.7450428530573845 50
    endloop
  endfacet
  facet normal 0.9700312528108531 0.24298018143504363 0
    outer loop
      vertex 6.89235083758831 5.2257116958498955 0
      vertex 6.89235083758831 5.2257116958498955 50
      vertex 6.951963201165199 4.987725801765919 50
    endloop
  endfacet
  facet normal 0.336889864873561 0.9415440610749313 0
    outer loop
      vertex 5.2257116958498955 6.89235083758831 0
      vertex 5.2257116958498955 6.89235083758831 50
      vertex 5.456708580255508 6.809698827564716 50
    endloop
  endfacet
  facet normal 0.42755507275038784 0.9039893029043046 0
    outer loop
      vertex 5.456708580255508 6.809698827564716 0
      vertex 5.456708580255508 6.809698827564716 50
      vertex 5.678491845726967 6.7048031613230705 50
    endloop
  endfacet
  facet normal 0.5956993111009283 0.8032075265794509 0
    outer loop
      vertex 5.8889255821704865 6.578674033284187 0
      vertex 5.8889255821704865 6.578674033284187 50
      vertex 6.085983209311962 6.432526133954525 50
    endloop
  endfacet
  facet normal 0.5141027452311838 0.8577286093781414 0
    outer loop
      vertex 5.678491845726967 6.7048031613230705 0
      vertex 5.678491845726967 6.7048031613230705 50
      vertex 5.8889255821704865 6.578674033284187 50
    endloop
  endfacet
  facet normal 0.8032075265794509 0.5956993111009283 0
    outer loop
      vertex 6.432526133954525 6.085983209311962 0
      vertex 6.432526133954525 6.085983209311962 50
      vertex 6.578674033284187 5.8889255821704865 50
    endloop
  endfacet
  facet normal 0.9039893029043046 0.42755507275038784 0
    outer loop
      vertex 6.7048031613230705 5.678491845726967 0
      vertex 6.7048031613230705 5.678491845726967 50
      vertex 6.809698827564716 5.456708580255508 50
    endloop
  endfacet
  facet normal 0.9415440610749313 0.336889864873561 0
    outer loop
      vertex 6.809698827564716 5.456708580255508 0
      vertex 6.809698827564716 5.456708580255508 50
      vertex 6.89235083758831 5.2257116958498955 50
    endloop
  endfacet
  facet normal 0.8577286093781414 0.5141027452311838 0
    outer loop
      vertex 6.578674033284187 5.8889255821704865 0
      vertex 6.578674033284187 5.8889255821704865 50
      vertex 6.7048031613230705 5.678491845726967 50
    endloop
  endfacet
  facet normal 0.7409511245144411 0.6715589557743872 0
    outer loop
      vertex 6.267766952514648 6.267766952514648 0
      vertex 6.267766952514648 6.267766952514648 50
      vertex 6.432526133954525 6.085983209311962 50
    endloop
  endfacet
  facet normal 0.6715589557743872 0.7409511245144411 0
    outer loop
      vertex 6.085983209311962 6.432526133954525 0
      vertex 6.085983209311962 6.432526133954525 50
      vertex 6.267766952514648 6.267766952514648 50
    endloop
  endfacet
  facet normal 0 0 1
    outer loop
      vertex 3 5 50
      vertex 3.1960342824459076 4.990369454026222 50
      vertex 6.89235083758831 5.2257116958498955 50
    endloop
  endfacet
  facet normal 0 0 1
    outer loop
      vertex 3.1960342824459076 4.990369454026222 50
      vertex 3.3901806473731995 4.961570560932159 50
      vertex 6.89235083758831 5.2257116958498955 50
    endloop
  endfacet
  facet normal 0 0 1
    outer loop
      vertex 3.5805693566799164 4.913880668580532 50
      vertex 3.765366867184639 4.8477590680122375 50
      vertex 6.89235083758831 5.2257116958498955 50
    endloop
  endfacet
  facet normal 0 0 1
    outer loop
      vertex 3.3901806473731995 4.961570560932159 50
      vertex 3.5805693566799164 4.913880668580532 50
      vertex 6.89235083758831 5.2257116958498955 50
    endloop
  endfacet
  facet normal 0 0 1
    outer loop
      vertex 3.9427934736013412 4.7638425305485725 50
      vertex 4.111140467226505 4.662939228117466 50
      vertex 6.951963201165199 4.987725801765919 50
    endloop
  endfacet
  facet normal 0 0 1
    outer loop
      vertex 4.111140467226505 4.662939228117466 50
      vertex 4.268786571919918 4.546020910143852 50
      vertex 6.951963201165199 4.987725801765919 50
    endloop
  endfacet
  facet normal 0 0 1
    outer loop
      vertex 4.268786571919918 4.546020910143852 50
      vertex 4.414213560521603 4.414213560521603 50
      vertex 6.951963201165199 4.987725801765919 50
    endloop
  endfacet
  facet normal 0 0 1
    outer loop
      vertex 3.765366867184639 4.8477590680122375 50
      vertex 3.9427934736013412 4.7638425305485725 50
      vertex 6.951963201165199 4.987725801765919 50
    endloop
  endfacet
  facet normal 0 0 1
    outer loop
      vertex 5 3 50
      vertex 7 4.5 50
      vertex 4.990369454026222 3.1960342824459076 50
    endloop
  endfacet
  facet normal 0 0 1
    outer loop
      vertex 4.990369454026222 3.1960342824459076 50
      vertex 6.9879618138074875 4.7450428530573845 50
      vertex 4.961570560932159 3.3901806473731995 50
    endloop
  endfacet
  facet normal 0 0 1
    outer loop
      vertex 4.961570560932159 3.3901806473731995 50
      vertex 6.9879618138074875 4.7450428530573845 50
      vertex 4.913880668580532 3.5805693566799164 50
    endloop
  endfacet
  facet normal 0 0 1
    outer loop
      vertex 4.662939228117466 4.111140467226505 50
      vertex 4.7638425305485725 3.9427934736013412 50
      vertex 6.951963201165199 4.987725801765919 50
    endloop
  endfacet
  facet normal 0 0 1
    outer loop
      vertex 4.913880668580532 3.5805693566799164 50
      vertex 6.951963201165199 4.987725801765919 50
      vertex 4.8477590680122375 3.765366867184639 50
    endloop
  endfacet
  facet normal 0 0 1
    outer loop
      vertex 4.7638425305485725 3.9427934736013412 50
      vertex 4.8477590680122375 3.765366867184639 50
      vertex 6.951963201165199 4.987725801765919 50
    endloop
  endfacet
  facet normal 0 0 1
    outer loop
      vertex 4.546020910143852 4.268786571919918 50
      vertex 6.951963201165199 4.987725801765919 50
      vertex 4.414213560521603 4.414213560521603 50
    endloop
  endfacet
  facet normal 0 0 1
    outer loop
      vertex 4.546020910143852 4.268786571919918 50
      vertex 4.662939228117466 4.111140467226505 50
      vertex 6.951963201165199 4.987725801765919 50
    endloop
  endfacet
  facet normal 0 0 1
    outer loop
      vertex 3 5 50
      vertex 6.89235083758831 5.2257116958498955 50
      vertex 6.809698827564716 5.456708580255508 50
    endloop
  endfacet
  facet normal 0 0 1
    outer loop
      vertex 3.765366867184639 4.8477590680122375 50
      vertex 6.951963201165199 4.987725801765919 50
      vertex 6.89235083758831 5.2257116958498955 50
    endloop
  endfacet
  facet normal 0 0 1
    outer loop
      vertex 4.990369454026222 3.1960342824459076 50
      vertex 7 4.5 50
      vertex 6.9879618138074875 4.7450428530573845 50
    endloop
  endfacet
  facet normal 0 0 1
    outer loop
      vertex 4.913880668580532 3.5805693566799164 50
      vertex 6.9879618138074875 4.7450428530573845 50
      vertex 6.951963201165199 4.987725801765919 50
    endloop
  endfacet
  facet normal -0.9039892885496101 -0.42755510310083966 0
    outer loop
      vertex -4.8477590680122375 -3.765366867184639 50
      vertex -4.7638425305485725 -3.9427934736013412 52
      vertex -4.8477590680122375 -3.765366867184639 52
    endloop
  endfacet
  facet normal -0.9700312492284537 -0.242980195736783 0
    outer loop
      vertex -4.913880668580532 -3.5805693566799164 50
      vertex -4.913880668580532 -3.5805693566799164 52
      vertex -4.961570560932159 -3.3901806473731995 50
    endloop
  endfacet
  facet normal -0.9415440748392879 -0.33688982640476 0
    outer loop
      vertex -4.8477590680122375 -3.765366867184639 50
      vertex -4.8477590680122375 -3.765366867184639 52
      vertex -4.913880668580532 -3.5805693566799164 50
    endloop
  endfacet
  facet normal -0.9415440748392879 -0.33688982640476 0
    outer loop
      vertex -4.913880668580532 -3.5805693566799164 50
      vertex -4.8477590680122375 -3.765366867184639 52
      vertex -4.913880668580532 -3.5805693566799164 52
    endloop
  endfacet
  facet normal -0.8032075356003306 -0.5956992989376803 0
    outer loop
      vertex -4.662939228117466 -4.111140467226505 50
      vertex -4.546020910143852 -4.268786571919918 52
      vertex -4.662939228117466 -4.111140467226505 52
    endloop
  endfacet
  facet normal -0.8577286153979925 -0.5141027351876691 0
    outer loop
      vertex -4.7638425305485725 -3.9427934736013412 50
      vertex -4.662939228117466 -4.111140467226505 50
      vertex -4.662939228117466 -4.111140467226505 52
    endloop
  endfacet
  facet normal -0.8577286153979925 -0.5141027351876691 0
    outer loop
      vertex -4.7638425305485725 -3.9427934736013412 50
      vertex -4.662939228117466 -4.111140467226505 52
      vertex -4.7638425305485725 -3.9427934736013412 52
    endloop
  endfacet
  facet normal -0.8032075356003306 -0.5956992989376803 0
    outer loop
      vertex -4.662939228117466 -4.111140467226505 50
      vertex -4.546020910143852 -4.268786571919918 50
      vertex -4.546020910143852 -4.268786571919918 52
    endloop
  endfacet
  facet normal -0.7409510994850822 -0.671558983390028 0
    outer loop
      vertex -4.414213560521603 -4.414213560521603 50
      vertex -4.414213560521603 -4.414213560521603 52
      vertex -4.546020910143852 -4.268786571919918 50
    endloop
  endfacet
  facet normal -0.7409510994850822 -0.671558983390028 0
    outer loop
      vertex -4.414213560521603 -4.414213560521603 52
      vertex -4.546020910143852 -4.268786571919918 52
      vertex -4.546020910143852 -4.268786571919918 50
    endloop
  endfacet
  facet normal -0.9039892885496101 -0.42755510310083966 0
    outer loop
      vertex -4.8477590680122375 -3.765366867184639 50
      vertex -4.7638425305485725 -3.9427934736013412 50
      vertex -4.7638425305485725 -3.9427934736013412 52
    endloop
  endfacet
  facet normal -0.5956992989376803 -0.8032075356003306 0
    outer loop
      vertex -4.268786571919918 -4.546020910143852 50
      vertex -4.111140467226505 -4.662939228117466 50
      vertex -4.111140467226505 -4.662939228117466 52
    endloop
  endfacet
  facet normal -0.671558983390028 -0.7409510994850822 0
    outer loop
      vertex -4.414213560521603 -4.414213560521603 50
      vertex -4.268786571919918 -4.546020910143852 50
      vertex -4.268786571919918 -4.546020910143852 52
    endloop
  endfacet
  facet normal -0.671558983390028 -0.7409510994850822 0
    outer loop
      vertex -4.414213560521603 -4.414213560521603 50
      vertex -4.268786571919918 -4.546020910143852 52
      vertex -4.414213560521603 -4.414213560521603 52
    endloop
  endfacet
  facet normal -0.5956992989376803 -0.8032075356003306 0
    outer loop
      vertex -4.268786571919918 -4.546020910143852 50
      vertex -4.111140467226505 -4.662939228117466 52
      vertex -4.268786571919918 -4.546020910143852 52
    endloop
  endfacet
  facet normal -0.5141027351876691 -0.8577286153979925 0
    outer loop
      vertex -4.111140467226505 -4.662939228117466 50
      vertex -3.9427934736013412 -4.7638425305485725 50
      vertex -3.9427934736013412 -4.7638425305485725 52
    endloop
  endfacet
  facet normal -0.5141027351876691 -0.8577286153979925 0
    outer loop
      vertex -4.111140467226505 -4.662939228117466 50
      vertex -3.9427934736013412 -4.7638425305485725 52
      vertex -4.111140467226505 -4.662939228117466 52
    endloop
  endfacet
  facet normal -0.42755510310083966 -0.9039892885496101 0
    outer loop
      vertex -3.9427934736013412 -4.7638425305485725 50
      vertex -3.765366867184639 -4.8477590680122375 50
      vertex -3.765366867184639 -4.8477590680122375 52
    endloop
  endfacet
  facet normal -0.33688982640476 -0.9415440748392879 0
    outer loop
      vertex -3.765366867184639 -4.8477590680122375 50
      vertex -3.5805693566799164 -4.913880668580532 50
      vertex -3.5805693566799164 -4.913880668580532 52
    endloop
  endfacet
  facet normal -0.33688982640476 -0.9415440748392879 0
    outer loop
      vertex -3.765366867184639 -4.8477590680122375 50
      vertex -3.5805693566799164 -4.913880668580532 52
      vertex -3.765366867184639 -4.8477590680122375 52
    endloop
  endfacet
  facet normal -0.242980195736783 -0.9700312492284537 0
    outer loop
      vertex -3.5805693566799164 -4.913880668580532 50
      vertex -3.3901806473731995 -4.961570560932159 52
      vertex -3.5805693566799164 -4.913880668580532 52
    endloop
  endfacet
  facet normal -0.42755510310083966 -0.9039892885496101 0
    outer loop
      vertex -3.9427934736013412 -4.7638425305485725 50
      vertex -3.765366867184639 -4.8477590680122375 52
      vertex -3.9427934736013412 -4.7638425305485725 52
    endloop
  endfacet
  facet normal -0.989176509724005 -0.14673047607854153 0
    outer loop
      vertex -4.961570560932159 -3.3901806473731995 50
      vertex -4.961570560932159 -3.3901806473731995 52
      vertex -4.990369454026222 -3.1960342824459076 50
    endloop
  endfacet
  facet normal -0.9700312492284537 -0.242980195736783 0
    outer loop
      vertex -4.913880668580532 -3.5805693566799164 52
      vertex -4.961570560932159 -3.3901806473731995 52
      vertex -4.961570560932159 -3.3901806473731995 50
    endloop
  endfacet
  facet normal -0.9987954563973425 -0.049067670415704694 0
    outer loop
      vertex -4.990369454026222 -3.1960342824459076 50
      vertex -4.990369454026222 -3.1960342824459076 52
      vertex -5 -3 50
    endloop
  endfacet
  facet normal -0.989176509724005 -0.14673047607854153 0
    outer loop
      vertex -4.990369454026222 -3.1960342824459076 50
      vertex -4.961570560932159 -3.3901806473731995 52
      vertex -4.990369454026222 -3.1960342824459076 52
    endloop
  endfacet
  facet normal -0.9987954563973425 -0.049067670415704694 0
    outer loop
      vertex -4.990369454026222 -3.1960342824459076 52
      vertex -5 -3 52
      vertex -5 -3 50
    endloop
  endfacet
  facet normal 0 0 1
    outer loop
      vertex -4.961570560932159 -3.3901806473731995 52
      vertex -3.3486315612998294 0 52
      vertex -4.990369454026222 -3.1960342824459076 52
    endloop
  endfacet
  facet normal 0 0 1
    outer loop
      vertex -4.990369454026222 -3.1960342824459076 52
      vertex -3.3486315612998294 0 52
      vertex -5 -3 52
    endloop
  endfacet
  facet normal -1 0 0
    outer loop
      vertex -5 -3 50
      vertex -5 -3 52
      vertex -5 3 50
    endloop
  endfacet
  facet normal -0.242980195736783 -0.9700312492284537 0
    outer loop
      vertex -3.5805693566799164 -4.913880668580532 50
      vertex -3.3901806473731995 -4.961570560932159 50
      vertex -3.3901806473731995 -4.961570560932159 52
    endloop
  endfacet
  facet normal -0.14673047607854153 -0.989176509724005 0
    outer loop
      vertex -3.3901806473731995 -4.961570560932159 50
      vertex -3.1960342824459076 -4.990369454026222 52
      vertex -3.3901806473731995 -4.961570560932159 52
    endloop
  endfacet
  facet normal -0.14673047607854153 -0.989176509724005 0
    outer loop
      vertex -3.3901806473731995 -4.961570560932159 50
      vertex -3.1960342824459076 -4.990369454026222 50
      vertex -3.1960342824459076 -4.990369454026222 52
    endloop
  endfacet
  facet normal -0.049067670415704694 -0.9987954563973425 0
    outer loop
      vertex -3.1960342824459076 -4.990369454026222 50
      vertex -3 -5 50
      vertex -3 -5 52
    endloop
  endfacet
  facet normal -0.049067670415704694 -0.9987954563973425 0
    outer loop
      vertex -3.1960342824459076 -4.990369454026222 50
      vertex -3 -5 52
      vertex -3.1960342824459076 -4.990369454026222 52
    endloop
  endfacet
  facet normal 0 -1 0
    outer loop
      vertex -3 -5 50
      vertex 3 -5 52
      vertex -3 -5 52
    endloop
  endfacet
  facet normal 0 0 1
    outer loop
      vertex -3.5805693566799164 -4.913880668580532 52
      vertex -3.3901806473731995 -4.961570560932159 52
      vertex 3.9427934736013412 -4.7638425305485725 52
    endloop
  endfacet
  facet normal 0 0 1
    outer loop
      vertex -3.3901806473731995 -4.961570560932159 52
      vertex -3.1960342824459076 -4.990369454026222 52
      vertex 3.765366867184639 -4.8477590680122375 52
    endloop
  endfacet
  facet normal 0 0 1
    outer loop
      vertex -4.111140467226505 -4.662939228117466 52
      vertex -3.9427934736013412 -4.7638425305485725 52
      vertex 4.414213560521603 -4.414213560521603 52
    endloop
  endfacet
  facet normal 0 0 1
    outer loop
      vertex -3.9427934736013412 -4.7638425305485725 52
      vertex -3.765366867184639 -4.8477590680122375 52
      vertex 4.268786571919918 -4.546020910143852 52
    endloop
  endfacet
  facet normal 0 0 1
    outer loop
      vertex -4.268786571919918 -4.546020910143852 52
      vertex -4.111140467226505 -4.662939228117466 52
      vertex 4.546020910143852 -4.268786571919918 52
    endloop
  endfacet
  facet normal 0 0 1
    outer loop
      vertex -3.765366867184639 -4.8477590680122375 52
      vertex -3.5805693566799164 -4.913880668580532 52
      vertex 4.111140467226505 -4.662939228117466 52
    endloop
  endfacet
  facet normal 0 0 1
    outer loop
      vertex -4.414213560521603 -4.414213560521603 52
      vertex -4.268786571919918 -4.546020910143852 52
      vertex 4.662939228117466 -4.111140467226505 52
    endloop
  endfacet
  facet normal 0 0 1
    outer loop
      vertex -4.414213560521603 -4.414213560521603 52
      vertex 4.7638425305485725 -3.9427934736013412 52
      vertex -4.546020910143852 -4.268786571919918 52
    endloop
  endfacet
  facet normal 0 0 1
    outer loop
      vertex -4.662939228117466 -4.111140467226505 52
      vertex -4.546020910143852 -4.268786571919918 52
      vertex 4.8477590680122375 -3.765366867184639 52
    endloop
  endfacet
  facet normal 0 0 1
    outer loop
      vertex -4.8477590680122375 -3.765366867184639 52
      vertex -4.7638425305485725 -3.9427934736013412 52
      vertex 4.961570560932159 -3.3901806473731995 52
    endloop
  endfacet
  facet normal 0 0 1
    outer loop
      vertex -4.8477590680122375 -3.765366867184639 52
      vertex 4.990369454026222 -3.1960342824459076 52
      vertex -4.913880668580532 -3.5805693566799164 52
    endloop
  endfacet
  facet normal 0 0 1
    outer loop
      vertex -4.7638425305485725 -3.9427934736013412 52
      vertex -4.662939228117466 -4.111140467226505 52
      vertex 4.913880668580532 -3.5805693566799164 52
    endloop
  endfacet
  facet normal 0 0 1
    outer loop
      vertex -3.1960342824459076 -4.990369454026222 52
      vertex -3 -5 52
      vertex 3.5805693566799164 -4.913880668580532 52
    endloop
  endfacet
  facet normal 0 0 1
    outer loop
      vertex -4.961570560932159 -3.3901806473731995 52
      vertex -1.6743157806499147 -2.9 52
      vertex -3.3486315612998294 0 52
    endloop
  endfacet
  facet normal 0 0 1
    outer loop
      vertex -4.913880668580532 -3.5805693566799164 52
      vertex 5 -3 52
      vertex -4.961570560932159 -3.3901806473731995 52
    endloop
  endfacet
  facet normal 0 0 1
    outer loop
      vertex -4.961570560932159 -3.3901806473731995 52
      vertex 5 -3 52
      vertex -1.6743157806499147 -2.9 52
    endloop
  endfacet
  facet normal 0 0 1
    outer loop
      vertex -5 -3 52
      vertex -3.3486315612998294 0 52
      vertex -5 3 52
    endloop
  endfacet
  facet normal -1 0 0
    outer loop
      vertex -5 -3 52
      vertex -5 3 52
      vertex -5 3 50
    endloop
  endfacet
  facet normal -0.9987954563973425 0.049067670415704694 0
    outer loop
      vertex -5 3 50
      vertex -5 3 52
      vertex -4.990369454026222 3.1960342824459076 50
    endloop
  endfacet
  facet normal -0.989176509724005 0.14673047607854153 0
    outer loop
      vertex -4.990369454026222 3.1960342824459076 50
      vertex -4.990369454026222 3.1960342824459076 52
      vertex -4.961570560932159 3.3901806473731995 50
    endloop
  endfacet
  facet normal -0.9987954563973425 0.049067670415704694 0
    outer loop
      vertex -5 3 52
      vertex -4.990369454026222 3.1960342824459076 52
      vertex -4.990369454026222 3.1960342824459076 50
    endloop
  endfacet
  facet normal -0.9700312492284537 0.242980195736783 0
    outer loop
      vertex -4.961570560932159 3.3901806473731995 50
      vertex -4.961570560932159 3.3901806473731995 52
      vertex -4.913880668580532 3.5805693566799164 50
    endloop
  endfacet
  facet normal -0.989176509724005 0.14673047607854153 0
    outer loop
      vertex -4.961570560932159 3.3901806473731995 50
      vertex -4.990369454026222 3.1960342824459076 52
      vertex -4.961570560932159 3.3901806473731995 52
    endloop
  endfacet
  facet normal -0.9415440748392879 0.33688982640476 0
    outer loop
      vertex -4.913880668580532 3.5805693566799164 50
      vertex -4.913880668580532 3.5805693566799164 52
      vertex -4.8477590680122375 3.765366867184639 50
    endloop
  endfacet
  facet normal -0.9700312492284537 0.242980195736783 0
    outer loop
      vertex -4.961570560932159 3.3901806473731995 52
      vertex -4.913880668580532 3.5805693566799164 52
      vertex -4.913880668580532 3.5805693566799164 50
    endloop
  endfacet
  facet normal -0.9415440748392879 0.33688982640476 0
    outer loop
      vertex -4.8477590680122375 3.765366867184639 50
      vertex -4.913880668580532 3.5805693566799164 52
      vertex -4.8477590680122375 3.765366867184639 52
    endloop
  endfacet
  facet normal -0.9039892885496101 0.42755510310083966 0
    outer loop
      vertex -4.8477590680122375 3.765366867184639 50
      vertex -4.8477590680122375 3.765366867184639 52
      vertex -4.7638425305485725 3.9427934736013412 50
    endloop
  endfacet
  facet normal -0.9039892885496101 0.42755510310083966 0
    outer loop
      vertex -4.8477590680122375 3.765366867184639 52
      vertex -4.7638425305485725 3.9427934736013412 52
      vertex -4.7638425305485725 3.9427934736013412 50
    endloop
  endfacet
  facet normal -0.8577286153979925 0.5141027351876691 0
    outer loop
      vertex -4.7638425305485725 3.9427934736013412 50
      vertex -4.7638425305485725 3.9427934736013412 52
      vertex -4.662939228117466 4.111140467226505 50
    endloop
  endfacet
  facet normal -0.8577286153979925 0.5141027351876691 0
    outer loop
      vertex -4.662939228117466 4.111140467226505 50
      vertex -4.7638425305485725 3.9427934736013412 52
      vertex -4.662939228117466 4.111140467226505 52
    endloop
  endfacet
  facet normal -0.8032075356003306 0.5956992989376803 0
    outer loop
      vertex -4.662939228117466 4.111140467226505 50
      vertex -4.662939228117466 4.111140467226505 52
      vertex -4.546020910143852 4.268786571919918 50
    endloop
  endfacet
  facet normal -0.7409510994850822 0.671558983390028 0
    outer loop
      vertex -4.546020910143852 4.268786571919918 50
      vertex -4.546020910143852 4.268786571919918 52
      vertex -4.414213560521603 4.414213560521603 50
    endloop
  endfacet
  facet normal -0.8032075356003306 0.5956992989376803 0
    outer loop
      vertex -4.546020910143852 4.268786571919918 50
      vertex -4.662939228117466 4.111140467226505 52
      vertex -4.546020910143852 4.268786571919918 52
    endloop
  endfacet
  facet normal -0.7409510994850822 0.671558983390028 0
    outer loop
      vertex -4.546020910143852 4.268786571919918 52
      vertex -4.414213560521603 4.414213560521603 52
      vertex -4.414213560521603 4.414213560521603 50
    endloop
  endfacet
  facet normal -0.671558983390028 0.7409510994850822 0
    outer loop
      vertex -4.414213560521603 4.414213560521603 50
      vertex -4.414213560521603 4.414213560521603 52
      vertex -4.268786571919918 4.546020910143852 50
    endloop
  endfacet
  facet normal -0.5956992989376803 0.8032075356003306 0
    outer loop
      vertex -4.268786571919918 4.546020910143852 50
      vertex -4.268786571919918 4.546020910143852 52
      vertex -4.111140467226505 4.662939228117466 50
    endloop
  endfacet
  facet normal -0.671558983390028 0.7409510994850822 0
    outer loop
      vertex -4.414213560521603 4.414213560521603 52
      vertex -4.268786571919918 4.546020910143852 52
      vertex -4.268786571919918 4.546020910143852 50
    endloop
  endfacet
  facet normal -0.5956992989376803 0.8032075356003306 0
    outer loop
      vertex -4.111140467226505 4.662939228117466 50
      vertex -4.268786571919918 4.546020910143852 52
      vertex -4.111140467226505 4.662939228117466 52
    endloop
  endfacet
  facet normal -0.5141027351876691 0.8577286153979925 0
    outer loop
      vertex -4.111140467226505 4.662939228117466 50
      vertex -4.111140467226505 4.662939228117466 52
      vertex -3.9427934736013412 4.7638425305485725 50
    endloop
  endfacet
  facet normal -0.5141027351876691 0.8577286153979925 0
    outer loop
      vertex -3.9427934736013412 4.7638425305485725 50
      vertex -4.111140467226505 4.662939228117466 52
      vertex -3.9427934736013412 4.7638425305485725 52
    endloop
  endfacet
  facet normal -0.42755510310083966 0.9039892885496101 0
    outer loop
      vertex -3.9427934736013412 4.7638425305485725 50
      vertex -3.9427934736013412 4.7638425305485725 52
      vertex -3.765366867184639 4.8477590680122375 50
    endloop
  endfacet
  facet normal -0.42755510310083966 0.9039892885496101 0
    outer loop
      vertex -3.9427934736013412 4.7638425305485725 52
      vertex -3.765366867184639 4.8477590680122375 52
      vertex -3.765366867184639 4.8477590680122375 50
    endloop
  endfacet
  facet normal -0.33688982640476 0.9415440748392879 0
    outer loop
      vertex -3.765366867184639 4.8477590680122375 50
      vertex -3.765366867184639 4.8477590680122375 52
      vertex -3.5805693566799164 4.913880668580532 50
    endloop
  endfacet
  facet normal -0.242980195736783 0.9700312492284537 0
    outer loop
      vertex -3.5805693566799164 4.913880668580532 50
      vertex -3.5805693566799164 4.913880668580532 52
      vertex -3.3901806473731995 4.961570560932159 50
    endloop
  endfacet
  facet normal -0.33688982640476 0.9415440748392879 0
    outer loop
      vertex -3.5805693566799164 4.913880668580532 50
      vertex -3.765366867184639 4.8477590680122375 52
      vertex -3.5805693566799164 4.913880668580532 52
    endloop
  endfacet
  facet normal 0 0 1
    outer loop
      vertex -5 3 52
      vertex -3.3486315612998294 0 52
      vertex -1.6743157806499147 2.9 52
    endloop
  endfacet
  facet normal 0 0 1
    outer loop
      vertex -5 3 52
      vertex -1.6743157806499147 2.9 52
      vertex 1.6743157806499147 2.9 52
    endloop
  endfacet
  facet normal 0 0 1
    outer loop
      vertex -5 3 52
      vertex 4.913880668580532 3.5805693566799164 52
      vertex -4.990369454026222 3.1960342824459076 52
    endloop
  endfacet
  facet normal 0 0 1
    outer loop
      vertex -4.990369454026222 3.1960342824459076 52
      vertex 4.8477590680122375 3.765366867184639 52
      vertex -4.961570560932159 3.3901806473731995 52
    endloop
  endfacet
  facet normal -0.14673047607854153 0.989176509724005 0
    outer loop
      vertex -3.3901806473731995 4.961570560932159 50
      vertex -3.3901806473731995 4.961570560932159 52
      vertex -3.1960342824459076 4.990369454026222 50
    endloop
  endfacet
  facet normal -0.242980195736783 0.9700312492284537 0
    outer loop
      vertex -3.5805693566799164 4.913880668580532 52
      vertex -3.3901806473731995 4.961570560932159 52
      vertex -3.3901806473731995 4.961570560932159 50
    endloop
  endfacet
  facet normal -0.049067670415704694 0.9987954563973425 0
    outer loop
      vertex -3.1960342824459076 4.990369454026222 50
      vertex -3.1960342824459076 4.990369454026222 52
      vertex -3 5 50
    endloop
  endfacet
  facet normal -0.14673047607854153 0.989176509724005 0
    outer loop
      vertex -3.1960342824459076 4.990369454026222 50
      vertex -3.3901806473731995 4.961570560932159 52
      vertex -3.1960342824459076 4.990369454026222 52
    endloop
  endfacet
  facet normal 0 0 1
    outer loop
      vertex -3.3901806473731995 4.961570560932159 52
      vertex -3 5 52
      vertex -3.1960342824459076 4.990369454026222 52
    endloop
  endfacet
  facet normal -0.049067670415704694 0.9987954563973425 0
    outer loop
      vertex -3.1960342824459076 4.990369454026222 52
      vertex -3 5 52
      vertex -3 5 50
    endloop
  endfacet
  facet normal 0 0 1
    outer loop
      vertex -4.961570560932159 3.3901806473731995 52
      vertex 4.7638425305485725 3.9427934736013412 52
      vertex -4.913880668580532 3.5805693566799164 52
    endloop
  endfacet
  facet normal 0 0 1
    outer loop
      vertex -4.913880668580532 3.5805693566799164 52
      vertex 4.662939228117466 4.111140467226505 52
      vertex -4.8477590680122375 3.765366867184639 52
    endloop
  endfacet
  facet normal 0 0 1
    outer loop
      vertex -4.8477590680122375 3.765366867184639 52
      vertex 4.546020910143852 4.268786571919918 52
      vertex -4.7638425305485725 3.9427934736013412 52
    endloop
  endfacet
  facet normal 0 0 1
    outer loop
      vertex -4.7638425305485725 3.9427934736013412 52
      vertex 4.414213560521603 4.414213560521603 52
      vertex -4.662939228117466 4.111140467226505 52
    endloop
  endfacet
  facet normal 0 0 1
    outer loop
      vertex -4.662939228117466 4.111140467226505 52
      vertex 4.268786571919918 4.546020910143852 52
      vertex -4.546020910143852 4.268786571919918 52
    endloop
  endfacet
  facet normal 0 0 1
    outer loop
      vertex -4.546020910143852 4.268786571919918 52
      vertex 4.111140467226505 4.662939228117466 52
      vertex -4.414213560521603 4.414213560521603 52
    endloop
  endfacet
  facet normal 0 0 1
    outer loop
      vertex -4.414213560521603 4.414213560521603 52
      vertex 3.9427934736013412 4.7638425305485725 52
      vertex -4.268786571919918 4.546020910143852 52
    endloop
  endfacet
  facet normal 0 0 1
    outer loop
      vertex -4.268786571919918 4.546020910143852 52
      vertex 3.765366867184639 4.8477590680122375 52
      vertex -4.111140467226505 4.662939228117466 52
    endloop
  endfacet
  facet normal 0 0 1
    outer loop
      vertex -4.111140467226505 4.662939228117466 52
      vertex 3.5805693566799164 4.913880668580532 52
      vertex -3.9427934736013412 4.7638425305485725 52
    endloop
  endfacet
  facet normal 0 0 1
    outer loop
      vertex -3.9427934736013412 4.7638425305485725 52
      vertex 3.3901806473731995 4.961570560932159 52
      vertex -3.765366867184639 4.8477590680122375 52
    endloop
  endfacet
  facet normal 0 0 1
    outer loop
      vertex -3.765366867184639 4.8477590680122375 52
      vertex 3.1960342824459076 4.990369454026222 52
      vertex -3.5805693566799164 4.913880668580532 52
    endloop
  endfacet
  facet normal 0 0 1
    outer loop
      vertex -3.5805693566799164 4.913880668580532 52
      vertex 3 5 52
      vertex -3.3901806473731995 4.961570560932159 52
    endloop
  endfacet
  facet normal 0 0 1
    outer loop
      vertex -3.3901806473731995 4.961570560932159 52
      vertex 3 5 52
      vertex -3 5 52
    endloop
  endfacet
  facet normal 0 1 0
    outer loop
      vertex -3 5 50
      vertex -3 5 52
      vertex 3 5 50
    endloop
  endfacet
  facet normal 0 -1 0
    outer loop
      vertex -3 -5 50
      vertex 3 -5 50
      vertex 3 -5 52
    endloop
  endfacet
  facet normal 0 0 1
    outer loop
      vertex -3 -5 52
      vertex 3 -5 52
      vertex 3.3901806473731995 -4.961570560932159 52
    endloop
  endfacet
  facet normal 0 0 1
    outer loop
      vertex -3 -5 52
      vertex 3.3901806473731995 -4.961570560932159 52
      vertex 3.5805693566799164 -4.913880668580532 52
    endloop
  endfacet
  facet normal 0 0 1
    outer loop
      vertex -3.1960342824459076 -4.990369454026222 52
      vertex 3.5805693566799164 -4.913880668580532 52
      vertex 3.765366867184639 -4.8477590680122375 52
    endloop
  endfacet
  facet normal 0 0 1
    outer loop
      vertex -3.3901806473731995 -4.961570560932159 52
      vertex 3.765366867184639 -4.8477590680122375 52
      vertex 3.9427934736013412 -4.7638425305485725 52
    endloop
  endfacet
  facet normal 0 0 1
    outer loop
      vertex -3.5805693566799164 -4.913880668580532 52
      vertex 3.9427934736013412 -4.7638425305485725 52
      vertex 4.111140467226505 -4.662939228117466 52
    endloop
  endfacet
  facet normal 0 0 1
    outer loop
      vertex -3.765366867184639 -4.8477590680122375 52
      vertex 4.111140467226505 -4.662939228117466 52
      vertex 4.268786571919918 -4.546020910143852 52
    endloop
  endfacet
  facet normal 0 0 1
    outer loop
      vertex -3.9427934736013412 -4.7638425305485725 52
      vertex 4.268786571919918 -4.546020910143852 52
      vertex 4.414213560521603 -4.414213560521603 52
    endloop
  endfacet
  facet normal 0 0 1
    outer loop
      vertex -4.111140467226505 -4.662939228117466 52
      vertex 4.414213560521603 -4.414213560521603 52
      vertex 4.546020910143852 -4.268786571919918 52
    endloop
  endfacet
  facet normal 0 0 1
    outer loop
      vertex -4.268786571919918 -4.546020910143852 52
      vertex 4.546020910143852 -4.268786571919918 52
      vertex 4.662939228117466 -4.111140467226505 52
    endloop
  endfacet
  facet normal 0 0 1
    outer loop
      vertex -4.414213560521603 -4.414213560521603 52
      vertex 4.662939228117466 -4.111140467226505 52
      vertex 4.7638425305485725 -3.9427934736013412 52
    endloop
  endfacet
  facet normal 0 0 1
    outer loop
      vertex -4.546020910143852 -4.268786571919918 52
      vertex 4.7638425305485725 -3.9427934736013412 52
      vertex 4.8477590680122375 -3.765366867184639 52
    endloop
  endfacet
  facet normal 0 0 1
    outer loop
      vertex -4.662939228117466 -4.111140467226505 52
      vertex 4.8477590680122375 -3.765366867184639 52
      vertex 4.913880668580532 -3.5805693566799164 52
    endloop
  endfacet
  facet normal 0 0 1
    outer loop
      vertex -4.7638425305485725 -3.9427934736013412 52
      vertex 4.913880668580532 -3.5805693566799164 52
      vertex 4.961570560932159 -3.3901806473731995 52
    endloop
  endfacet
  facet normal 0.049067670415704694 -0.9987954563973425 0
    outer loop
      vertex 3 -5 50
      vertex 3.1960342824459076 -4.990369454026222 50
      vertex 3.1960342824459076 -4.990369454026222 52
    endloop
  endfacet
  facet normal 0.049067670415704694 -0.9987954563973425 0
    outer loop
      vertex 3 -5 50
      vertex 3.1960342824459076 -4.990369454026222 52
      vertex 3 -5 52
    endloop
  endfacet
  facet normal 0.14673047607854153 -0.989176509724005 0
    outer loop
      vertex 3.1960342824459076 -4.990369454026222 50
      vertex 3.3901806473731995 -4.961570560932159 52
      vertex 3.1960342824459076 -4.990369454026222 52
    endloop
  endfacet
  facet normal 0 0 1
    outer loop
      vertex 3 -5 52
      vertex 3.1960342824459076 -4.990369454026222 52
      vertex 3.3901806473731995 -4.961570560932159 52
    endloop
  endfacet
  facet normal 0.14673047607854153 -0.989176509724005 0
    outer loop
      vertex 3.1960342824459076 -4.990369454026222 50
      vertex 3.3901806473731995 -4.961570560932159 50
      vertex 3.3901806473731995 -4.961570560932159 52
    endloop
  endfacet
  facet normal 0.242980195736783 -0.9700312492284537 0
    outer loop
      vertex 3.3901806473731995 -4.961570560932159 50
      vertex 3.5805693566799164 -4.913880668580532 52
      vertex 3.3901806473731995 -4.961570560932159 52
    endloop
  endfacet
  facet normal 0 0 1
    outer loop
      vertex -4.8477590680122375 -3.765366867184639 52
      vertex 4.961570560932159 -3.3901806473731995 52
      vertex 4.990369454026222 -3.1960342824459076 52
    endloop
  endfacet
  facet normal 0 0 1
    outer loop
      vertex -4.913880668580532 -3.5805693566799164 52
      vertex 4.990369454026222 -3.1960342824459076 52
      vertex 5 -3 52
    endloop
  endfacet
  facet normal 0 0 1
    outer loop
      vertex 5 -3 52
      vertex 1.6743157806499147 -2.9 52
      vertex -1.6743157806499147 -2.9 52
    endloop
  endfacet
  facet normal 0 0 1
    outer loop
      vertex 5 -3 52
      vertex 3.3486315612998294 0 52
      vertex 1.6743157806499147 -2.9 52
    endloop
  endfacet
  facet normal 0.242980195736783 -0.9700312492284537 0
    outer loop
      vertex 3.3901806473731995 -4.961570560932159 50
      vertex 3.5805693566799164 -4.913880668580532 50
      vertex 3.5805693566799164 -4.913880668580532 52
    endloop
  endfacet
  facet normal 0.33688982640476 -0.9415440748392879 0
    outer loop
      vertex 3.5805693566799164 -4.913880668580532 50
      vertex 3.765366867184639 -4.8477590680122375 50
      vertex 3.765366867184639 -4.8477590680122375 52
    endloop
  endfacet
  facet normal 0.33688982640476 -0.9415440748392879 0
    outer loop
      vertex 3.5805693566799164 -4.913880668580532 50
      vertex 3.765366867184639 -4.8477590680122375 52
      vertex 3.5805693566799164 -4.913880668580532 52
    endloop
  endfacet
  facet normal 0.42755510310083966 -0.9039892885496101 0
    outer loop
      vertex 3.765366867184639 -4.8477590680122375 50
      vertex 3.9427934736013412 -4.7638425305485725 52
      vertex 3.765366867184639 -4.8477590680122375 52
    endloop
  endfacet
  facet normal 0.42755510310083966 -0.9039892885496101 0
    outer loop
      vertex 3.765366867184639 -4.8477590680122375 50
      vertex 3.9427934736013412 -4.7638425305485725 50
      vertex 3.9427934736013412 -4.7638425305485725 52
    endloop
  endfacet
  facet normal 0.5141027351876691 -0.8577286153979925 0
    outer loop
      vertex 3.9427934736013412 -4.7638425305485725 50
      vertex 4.111140467226505 -4.662939228117466 50
      vertex 4.111140467226505 -4.662939228117466 52
    endloop
  endfacet
  facet normal 0.5141027351876691 -0.8577286153979925 0
    outer loop
      vertex 3.9427934736013412 -4.7638425305485725 50
      vertex 4.111140467226505 -4.662939228117466 52
      vertex 3.9427934736013412 -4.7638425305485725 52
    endloop
  endfacet
  facet normal 0.5956992989376803 -0.8032075356003306 0
    outer loop
      vertex 4.111140467226505 -4.662939228117466 50
      vertex 4.268786571919918 -4.546020910143852 52
      vertex 4.111140467226505 -4.662939228117466 52
    endloop
  endfacet
  facet normal 0.5956992989376803 -0.8032075356003306 0
    outer loop
      vertex 4.111140467226505 -4.662939228117466 50
      vertex 4.268786571919918 -4.546020910143852 50
      vertex 4.268786571919918 -4.546020910143852 52
    endloop
  endfacet
  facet normal 0.671558983390028 -0.7409510994850822 0
    outer loop
      vertex 4.268786571919918 -4.546020910143852 50
      vertex 4.414213560521603 -4.414213560521603 50
      vertex 4.414213560521603 -4.414213560521603 52
    endloop
  endfacet
  facet normal 0.671558983390028 -0.7409510994850822 0
    outer loop
      vertex 4.268786571919918 -4.546020910143852 50
      vertex 4.414213560521603 -4.414213560521603 52
      vertex 4.268786571919918 -4.546020910143852 52
    endloop
  endfacet
  facet normal 0.7409510994850822 -0.671558983390028 0
    outer loop
      vertex 4.414213560521603 -4.414213560521603 50
      vertex 4.546020910143852 -4.268786571919918 50
      vertex 4.546020910143852 -4.268786571919918 52
    endloop
  endfacet
  facet normal 0.7409510994850822 -0.671558983390028 0
    outer loop
      vertex 4.414213560521603 -4.414213560521603 50
      vertex 4.546020910143852 -4.268786571919918 52
      vertex 4.414213560521603 -4.414213560521603 52
    endloop
  endfacet
  facet normal 0.8032075356003306 -0.5956992989376803 0
    outer loop
      vertex 4.546020910143852 -4.268786571919918 50
      vertex 4.662939228117466 -4.111140467226505 52
      vertex 4.546020910143852 -4.268786571919918 52
    endloop
  endfacet
  facet normal 0.8032075356003306 -0.5956992989376803 0
    outer loop
      vertex 4.546020910143852 -4.268786571919918 50
      vertex 4.662939228117466 -4.111140467226505 50
      vertex 4.662939228117466 -4.111140467226505 52
    endloop
  endfacet
  facet normal 0.8577286153979925 -0.5141027351876691 0
    outer loop
      vertex 4.662939228117466 -4.111140467226505 50
      vertex 4.7638425305485725 -3.9427934736013412 50
      vertex 4.7638425305485725 -3.9427934736013412 52
    endloop
  endfacet
  facet normal 0.8577286153979925 -0.5141027351876691 0
    outer loop
      vertex 4.662939228117466 -4.111140467226505 50
      vertex 4.7638425305485725 -3.9427934736013412 52
      vertex 4.662939228117466 -4.111140467226505 52
    endloop
  endfacet
  facet normal 0.9039892885496101 -0.42755510310083966 0
    outer loop
      vertex 4.7638425305485725 -3.9427934736013412 50
      vertex 4.8477590680122375 -3.765366867184639 52
      vertex 4.7638425305485725 -3.9427934736013412 52
    endloop
  endfacet
  facet normal 0.9039892885496101 -0.42755510310083966 0
    outer loop
      vertex 4.7638425305485725 -3.9427934736013412 50
      vertex 4.8477590680122375 -3.765366867184639 50
      vertex 4.8477590680122375 -3.765366867184639 52
    endloop
  endfacet
  facet normal 0.9415440748392879 -0.33688982640476 0
    outer loop
      vertex 4.8477590680122375 -3.765366867184639 50
      vertex 4.913880668580532 -3.5805693566799164 50
      vertex 4.913880668580532 -3.5805693566799164 52
    endloop
  endfacet
  facet normal 0.9415440748392879 -0.33688982640476 0
    outer loop
      vertex 4.8477590680122375 -3.765366867184639 50
      vertex 4.913880668580532 -3.5805693566799164 52
      vertex 4.8477590680122375 -3.765366867184639 52
    endloop
  endfacet
  facet normal 0.9700312492284537 -0.242980195736783 0
    outer loop
      vertex 4.913880668580532 -3.5805693566799164 50
      vertex 4.961570560932159 -3.3901806473731995 52
      vertex 4.913880668580532 -3.5805693566799164 52
    endloop
  endfacet
  facet normal 0.9700312492284537 -0.242980195736783 0
    outer loop
      vertex 4.913880668580532 -3.5805693566799164 50
      vertex 4.961570560932159 -3.3901806473731995 50
      vertex 4.961570560932159 -3.3901806473731995 52
    endloop
  endfacet
  facet normal 0.989176509724005 -0.14673047607854153 0
    outer loop
      vertex 4.961570560932159 -3.3901806473731995 50
      vertex 4.990369454026222 -3.1960342824459076 52
      vertex 4.961570560932159 -3.3901806473731995 52
    endloop
  endfacet
  facet normal 0.989176509724005 -0.14673047607854153 0
    outer loop
      vertex 4.961570560932159 -3.3901806473731995 50
      vertex 4.990369454026222 -3.1960342824459076 50
      vertex 4.990369454026222 -3.1960342824459076 52
    endloop
  endfacet
  facet normal 0.9987954563973425 -0.049067670415704694 0
    outer loop
      vertex 4.990369454026222 -3.1960342824459076 50
      vertex 5 -3 50
      vertex 5 -3 52
    endloop
  endfacet
  facet normal 0.9987954563973425 -0.049067670415704694 0
    outer loop
      vertex 4.990369454026222 -3.1960342824459076 50
      vertex 5 -3 52
      vertex 4.990369454026222 -3.1960342824459076 52
    endloop
  endfacet
  facet normal 1 0 0
    outer loop
      vertex 5 -3 50
      vertex 5 3 52
      vertex 5 -3 52
    endloop
  endfacet
  facet normal 0 0 1
    outer loop
      vertex -5 3 52
      vertex 1.6743157806499147 2.9 52
      vertex 4.961570560932159 3.3901806473731995 52
    endloop
  endfacet
  facet normal 0 0 1
    outer loop
      vertex -5 3 52
      vertex 4.961570560932159 3.3901806473731995 52
      vertex 4.913880668580532 3.5805693566799164 52
    endloop
  endfacet
  facet normal 0 0 1
    outer loop
      vertex 4.961570560932159 3.3901806473731995 52
      vertex 1.6743157806499147 2.9 52
      vertex 3.3486315612998294 0 52
    endloop
  endfacet
  facet normal 0 0 1
    outer loop
      vertex -3.5805693566799164 4.913880668580532 52
      vertex 3.1960342824459076 4.990369454026222 52
      vertex 3 5 52
    endloop
  endfacet
  facet normal 0 0 1
    outer loop
      vertex -4.913880668580532 3.5805693566799164 52
      vertex 4.7638425305485725 3.9427934736013412 52
      vertex 4.662939228117466 4.111140467226505 52
    endloop
  endfacet
  facet normal 0 0 1
    outer loop
      vertex -4.990369454026222 3.1960342824459076 52
      vertex 4.913880668580532 3.5805693566799164 52
      vertex 4.8477590680122375 3.765366867184639 52
    endloop
  endfacet
  facet normal 0 0 1
    outer loop
      vertex -4.961570560932159 3.3901806473731995 52
      vertex 4.8477590680122375 3.765366867184639 52
      vertex 4.7638425305485725 3.9427934736013412 52
    endloop
  endfacet
  facet normal 0 0 1
    outer loop
      vertex -4.8477590680122375 3.765366867184639 52
      vertex 4.662939228117466 4.111140467226505 52
      vertex 4.546020910143852 4.268786571919918 52
    endloop
  endfacet
  facet normal 0 0 1
    outer loop
      vertex -4.7638425305485725 3.9427934736013412 52
      vertex 4.546020910143852 4.268786571919918 52
      vertex 4.414213560521603 4.414213560521603 52
    endloop
  endfacet
  facet normal 0 0 1
    outer loop
      vertex -4.662939228117466 4.111140467226505 52
      vertex 4.414213560521603 4.414213560521603 52
      vertex 4.268786571919918 4.546020910143852 52
    endloop
  endfacet
  facet normal 0 0 1
    outer loop
      vertex -4.111140467226505 4.662939228117466 52
      vertex 3.765366867184639 4.8477590680122375 52
      vertex 3.5805693566799164 4.913880668580532 52
    endloop
  endfacet
  facet normal 0 0 1
    outer loop
      vertex -4.546020910143852 4.268786571919918 52
      vertex 4.268786571919918 4.546020910143852 52
      vertex 4.111140467226505 4.662939228117466 52
    endloop
  endfacet
  facet normal 0 0 1
    outer loop
      vertex -4.268786571919918 4.546020910143852 52
      vertex 3.9427934736013412 4.7638425305485725 52
      vertex 3.765366867184639 4.8477590680122375 52
    endloop
  endfacet
  facet normal 0 0 1
    outer loop
      vertex -4.414213560521603 4.414213560521603 52
      vertex 4.111140467226505 4.662939228117466 52
      vertex 3.9427934736013412 4.7638425305485725 52
    endloop
  endfacet
  facet normal 0 0 1
    outer loop
      vertex -3.765366867184639 4.8477590680122375 52
      vertex 3.3901806473731995 4.961570560932159 52
      vertex 3.1960342824459076 4.990369454026222 52
    endloop
  endfacet
  facet normal 0 0 1
    outer loop
      vertex -3.9427934736013412 4.7638425305485725 52
      vertex 3.5805693566799164 4.913880668580532 52
      vertex 3.3901806473731995 4.961570560932159 52
    endloop
  endfacet
  facet normal 0 1 0
    outer loop
      vertex -3 5 52
      vertex 3 5 52
      vertex 3 5 50
    endloop
  endfacet
  facet normal 0.049067670415704694 0.9987954563973425 0
    outer loop
      vertex 3 5 50
      vertex 3 5 52
      vertex 3.1960342824459076 4.990369454026222 50
    endloop
  endfacet
  facet normal 0.14673047607854153 0.989176509724005 0
    outer loop
      vertex 3.1960342824459076 4.990369454026222 50
      vertex 3.1960342824459076 4.990369454026222 52
      vertex 3.3901806473731995 4.961570560932159 50
    endloop
  endfacet
  facet normal 0.049067670415704694 0.9987954563973425 0
    outer loop
      vertex 3 5 52
      vertex 3.1960342824459076 4.990369454026222 52
      vertex 3.1960342824459076 4.990369454026222 50
    endloop
  endfacet
  facet normal 0.242980195736783 0.9700312492284537 0
    outer loop
      vertex 3.3901806473731995 4.961570560932159 50
      vertex 3.3901806473731995 4.961570560932159 52
      vertex 3.5805693566799164 4.913880668580532 50
    endloop
  endfacet
  facet normal 0.14673047607854153 0.989176509724005 0
    outer loop
      vertex 3.3901806473731995 4.961570560932159 50
      vertex 3.1960342824459076 4.990369454026222 52
      vertex 3.3901806473731995 4.961570560932159 52
    endloop
  endfacet
  facet normal 0 0 1
    outer loop
      vertex 5 -3 52
      vertex 5 3 52
      vertex 3.3486315612998294 0 52
    endloop
  endfacet
  facet normal 1 0 0
    outer loop
      vertex 5 -3 50
      vertex 5 3 50
      vertex 5 3 52
    endloop
  endfacet
  facet normal 0 0 1
    outer loop
      vertex 5 3 52
      vertex 4.990369454026222 3.1960342824459076 52
      vertex 3.3486315612998294 0 52
    endloop
  endfacet
  facet normal 0 0 1
    outer loop
      vertex 4.990369454026222 3.1960342824459076 52
      vertex 4.961570560932159 3.3901806473731995 52
      vertex 3.3486315612998294 0 52
    endloop
  endfacet
  facet normal 0.9987954563973425 0.049067670415704694 0
    outer loop
      vertex 5 3 50
      vertex 4.990369454026222 3.1960342824459076 50
      vertex 4.990369454026222 3.1960342824459076 52
    endloop
  endfacet
  facet normal 0.9987954563973425 0.049067670415704694 0
    outer loop
      vertex 5 3 50
      vertex 4.990369454026222 3.1960342824459076 52
      vertex 5 3 52
    endloop
  endfacet
  facet normal 0.989176509724005 0.14673047607854153 0
    outer loop
      vertex 4.990369454026222 3.1960342824459076 50
      vertex 4.961570560932159 3.3901806473731995 52
      vertex 4.990369454026222 3.1960342824459076 52
    endloop
  endfacet
  facet normal 0.989176509724005 0.14673047607854153 0
    outer loop
      vertex 4.990369454026222 3.1960342824459076 50
      vertex 4.961570560932159 3.3901806473731995 50
      vertex 4.961570560932159 3.3901806473731995 52
    endloop
  endfacet
  facet normal 0.9700312492284537 0.242980195736783 0
    outer loop
      vertex 4.961570560932159 3.3901806473731995 50
      vertex 4.913880668580532 3.5805693566799164 52
      vertex 4.961570560932159 3.3901806473731995 52
    endloop
  endfacet
  facet normal 0.42755510310083966 0.9039892885496101 0
    outer loop
      vertex 3.765366867184639 4.8477590680122375 52
      vertex 3.9427934736013412 4.7638425305485725 52
      vertex 3.9427934736013412 4.7638425305485725 50
    endloop
  endfacet
  facet normal 0.33688982640476 0.9415440748392879 0
    outer loop
      vertex 3.5805693566799164 4.913880668580532 50
      vertex 3.5805693566799164 4.913880668580532 52
      vertex 3.765366867184639 4.8477590680122375 50
    endloop
  endfacet
  facet normal 0.242980195736783 0.9700312492284537 0
    outer loop
      vertex 3.3901806473731995 4.961570560932159 52
      vertex 3.5805693566799164 4.913880668580532 52
      vertex 3.5805693566799164 4.913880668580532 50
    endloop
  endfacet
  facet normal 0.33688982640476 0.9415440748392879 0
    outer loop
      vertex 3.765366867184639 4.8477590680122375 50
      vertex 3.5805693566799164 4.913880668580532 52
      vertex 3.765366867184639 4.8477590680122375 52
    endloop
  endfacet
  facet normal 0.42755510310083966 0.9039892885496101 0
    outer loop
      vertex 3.765366867184639 4.8477590680122375 50
      vertex 3.765366867184639 4.8477590680122375 52
      vertex 3.9427934736013412 4.7638425305485725 50
    endloop
  endfacet
  facet normal 0.5141027351876691 0.8577286153979925 0
    outer loop
      vertex 3.9427934736013412 4.7638425305485725 50
      vertex 3.9427934736013412 4.7638425305485725 52
      vertex 4.111140467226505 4.662939228117466 50
    endloop
  endfacet
  facet normal 0.5141027351876691 0.8577286153979925 0
    outer loop
      vertex 4.111140467226505 4.662939228117466 50
      vertex 3.9427934736013412 4.7638425305485725 52
      vertex 4.111140467226505 4.662939228117466 52
    endloop
  endfacet
  facet normal 0.671558983390028 0.7409510994850822 0
    outer loop
      vertex 4.268786571919918 4.546020910143852 50
      vertex 4.268786571919918 4.546020910143852 52
      vertex 4.414213560521603 4.414213560521603 50
    endloop
  endfacet
  facet normal 0.5956992989376803 0.8032075356003306 0
    outer loop
      vertex 4.268786571919918 4.546020910143852 50
      vertex 4.111140467226505 4.662939228117466 52
      vertex 4.268786571919918 4.546020910143852 52
    endloop
  endfacet
  facet normal 0.671558983390028 0.7409510994850822 0
    outer loop
      vertex 4.268786571919918 4.546020910143852 52
      vertex 4.414213560521603 4.414213560521603 52
      vertex 4.414213560521603 4.414213560521603 50
    endloop
  endfacet
  facet normal 0.5956992989376803 0.8032075356003306 0
    outer loop
      vertex 4.111140467226505 4.662939228117466 50
      vertex 4.111140467226505 4.662939228117466 52
      vertex 4.268786571919918 4.546020910143852 50
    endloop
  endfacet
  facet normal 0.9039892885496101 0.42755510310083966 0
    outer loop
      vertex 4.7638425305485725 3.9427934736013412 50
      vertex 4.7638425305485725 3.9427934736013412 52
      vertex 4.8477590680122375 3.765366867184639 50
    endloop
  endfacet
  facet normal 0.7409510994850822 0.671558983390028 0
    outer loop
      vertex 4.546020910143852 4.268786571919918 50
      vertex 4.414213560521603 4.414213560521603 50
      vertex 4.414213560521603 4.414213560521603 52
    endloop
  endfacet
  facet normal 0.8032075356003306 0.5956992989376803 0
    outer loop
      vertex 4.546020910143852 4.268786571919918 50
      vertex 4.546020910143852 4.268786571919918 52
      vertex 4.662939228117466 4.111140467226505 50
    endloop
  endfacet
  facet normal 0.7409510994850822 0.671558983390028 0
    outer loop
      vertex 4.546020910143852 4.268786571919918 50
      vertex 4.414213560521603 4.414213560521603 52
      vertex 4.546020910143852 4.268786571919918 52
    endloop
  endfacet
  facet normal 0.8577286153979925 0.5141027351876691 0
    outer loop
      vertex 4.662939228117466 4.111140467226505 50
      vertex 4.662939228117466 4.111140467226505 52
      vertex 4.7638425305485725 3.9427934736013412 50
    endloop
  endfacet
  facet normal 0.8577286153979925 0.5141027351876691 0
    outer loop
      vertex 4.7638425305485725 3.9427934736013412 50
      vertex 4.662939228117466 4.111140467226505 52
      vertex 4.7638425305485725 3.9427934736013412 52
    endloop
  endfacet
  facet normal 0.8032075356003306 0.5956992989376803 0
    outer loop
      vertex 4.662939228117466 4.111140467226505 50
      vertex 4.546020910143852 4.268786571919918 52
      vertex 4.662939228117466 4.111140467226505 52
    endloop
  endfacet
  facet normal 0.9415440748392879 0.33688982640476 0
    outer loop
      vertex 4.913880668580532 3.5805693566799164 50
      vertex 4.8477590680122375 3.765366867184639 50
      vertex 4.8477590680122375 3.765366867184639 52
    endloop
  endfacet
  facet normal 0.9700312492284537 0.242980195736783 0
    outer loop
      vertex 4.961570560932159 3.3901806473731995 50
      vertex 4.913880668580532 3.5805693566799164 50
      vertex 4.913880668580532 3.5805693566799164 52
    endloop
  endfacet
  facet normal 0.9415440748392879 0.33688982640476 0
    outer loop
      vertex 4.913880668580532 3.5805693566799164 50
      vertex 4.8477590680122375 3.765366867184639 52
      vertex 4.913880668580532 3.5805693566799164 52
    endloop
  endfacet
  facet normal 0.9039892885496101 0.42755510310083966 0
    outer loop
      vertex 4.7638425305485725 3.9427934736013412 52
      vertex 4.8477590680122375 3.765366867184639 52
      vertex 4.8477590680122375 3.765366867184639 50
    endloop
  endfacet
  facet normal 0.8577286100002722 0.5141027441932213 0
    outer loop
      vertex -1.4992661493922035 -0.8013744526041959 33.98
      vertex -1.413498340914327 -0.9444693961333237 47.2
      vertex -1.413498340914327 -0.9444693961333237 33.98
    endloop
  endfacet
  facet normal 0.803207531480645 0.5956993044924329 0
    outer loop
      vertex -1.314117770716653 -1.0784685830781973 33.98
      vertex -1.413498340914327 -0.9444693961333237 33.98
      vertex -1.314117770716653 -1.0784685830781973 47.2
    endloop
  endfacet
  facet normal 0.5956993044924329 0.803207531480645 0
    outer loop
      vertex -1.0784685830781973 -1.314117770716653 33.98
      vertex -0.9444693961333237 -1.413498340914327 47.2
      vertex -0.9444693961333237 -1.413498340914327 33.98
    endloop
  endfacet
  facet normal 0.7409511253549594 0.671558954847018 0
    outer loop
      vertex -1.314117770716653 -1.0784685830781973 33.98
      vertex -1.2020815280171309 -1.2020815280171309 47.2
      vertex -1.2020815280171309 -1.2020815280171309 33.98
    endloop
  endfacet
  facet normal 0.671558954847018 0.7409511253549594 0
    outer loop
      vertex -1.2020815280171309 -1.2020815280171309 33.98
      vertex -1.0784685830781973 -1.314117770716653 47.2
      vertex -1.0784685830781973 -1.314117770716653 33.98
    endloop
  endfacet
  facet normal 0 0 1
    outer loop
      vertex -1.6918140353427347 -0.16662913856025302 33.98
      vertex -1.6673349766854917 -0.33165354742741804 33.98
      vertex -1.6673349766854917 0.33165354742741804 33.98
    endloop
  endfacet
  facet normal 0 0 1
    outer loop
      vertex -1.5705952052691874 -0.6505618350206526 33.98
      vertex -1.5705952052691874 0.6505618350206526 33.98
      vertex -1.626798570744755 -0.49348395133258594 33.98
    endloop
  endfacet
  facet normal 0 0 1
    outer loop
      vertex -1.626798570744755 -0.49348395133258594 33.98
      vertex -1.626798570744755 0.49348395133258594 33.98
      vertex -1.6673349766854917 -0.33165354742741804 33.98
    endloop
  endfacet
  facet normal 0 0 1
    outer loop
      vertex -1.4992661493922035 -0.8013744526041959 33.98
      vertex -1.413498340914327 -0.9444693961333237 33.98
      vertex -1.413498340914327 0.9444693961333237 33.98
    endloop
  endfacet
  facet normal 0 0 1
    outer loop
      vertex -1.314117770716653 -1.0784685830781973 33.98
      vertex -1.314117770716653 1.0784685830781973 33.98
      vertex -1.413498340914327 -0.9444693961333237 33.98
    endloop
  endfacet
  facet normal 0 0 1
    outer loop
      vertex -1.5705952052691874 -0.6505618350206526 33.98
      vertex -1.4992661493922035 -0.8013744526041959 33.98
      vertex -1.4992661493922035 0.8013744526041959 33.98
    endloop
  endfacet
  facet normal 0 0 1
    outer loop
      vertex -1.0784685830781973 -1.314117770716653 33.98
      vertex -0.9444693961333237 -1.413498340914327 33.98
      vertex -0.9444693961333237 1.413498340914327 33.98
    endloop
  endfacet
  facet normal 0 0 1
    outer loop
      vertex -1.314117770716653 -1.0784685830781973 33.98
      vertex -1.2020815280171309 -1.2020815280171309 33.98
      vertex -1.2020815280171309 1.2020815280171309 33.98
    endloop
  endfacet
  facet normal 0 0 1
    outer loop
      vertex -1.2020815280171309 -1.2020815280171309 33.98
      vertex -1.0784685830781973 -1.314117770716653 33.98
      vertex -1.0784685830781973 1.314117770716653 33.98
    endloop
  endfacet
  facet normal 0.9415440651830208 0.33688985339222 0
    outer loop
      vertex -1.5705952052691874 -0.6505618350206526 33.98
      vertex -1.626798570744755 -0.49348395133258594 33.98
      vertex -1.5705952052691874 -0.6505618350206526 47.2
    endloop
  endfacet
  facet normal 0.9700312531945439 0.24298017990326407 0
    outer loop
      vertex -1.626798570744755 -0.49348395133258594 33.98
      vertex -1.6673349766854917 -0.33165354742741804 33.98
      vertex -1.626798570744755 -0.49348395133258594 47.2
    endloop
  endfacet
  facet normal 0.9039892931234433 0.427555093430282 0
    outer loop
      vertex -1.5705952052691874 -0.6505618350206526 33.98
      vertex -1.4992661493922035 -0.8013744526041959 47.2
      vertex -1.4992661493922035 -0.8013744526041959 33.98
    endloop
  endfacet
  facet normal 0.9891765099647808 0.14673047445536197 0
    outer loop
      vertex -1.6918140353427347 -0.16662913856025302 33.98
      vertex -1.6673349766854917 -0.33165354742741804 47.2
      vertex -1.6673349766854917 -0.33165354742741804 33.98
    endloop
  endfacet
  facet normal 0.9987954562051723 0.04906767432741798 0
    outer loop
      vertex -1.6918140353427347 -0.16662913856025302 33.98
      vertex -1.7 0 33.98
      vertex -1.6918140353427347 -0.16662913856025302 47.2
    endloop
  endfacet
  facet normal 0.427555093430282 0.9039892931234433 0
    outer loop
      vertex -0.6505618350206526 -1.5705952052691874 33.98
      vertex -0.8013744526041959 -1.4992661493922035 33.98
      vertex -0.6505618350206526 -1.5705952052691874 47.2
    endloop
  endfacet
  facet normal 0.5141027441932213 0.8577286100002722 0
    outer loop
      vertex -0.9444693961333237 -1.413498340914327 33.98
      vertex -0.8013744526041959 -1.4992661493922035 47.2
      vertex -0.8013744526041959 -1.4992661493922035 33.98
    endloop
  endfacet
  facet normal 0.33688985339222 0.9415440651830208 0
    outer loop
      vertex -0.6505618350206526 -1.5705952052691874 33.98
      vertex -0.49348395133258594 -1.626798570744755 47.2
      vertex -0.49348395133258594 -1.626798570744755 33.98
    endloop
  endfacet
  facet normal 0.24298017990326407 0.9700312531945439 0
    outer loop
      vertex -0.49348395133258594 -1.626798570744755 33.98
      vertex -0.33165354742741804 -1.6673349766854917 47.2
      vertex -0.33165354742741804 -1.6673349766854917 33.98
    endloop
  endfacet
  facet normal 0.14673047445536197 0.9891765099647808 0
    outer loop
      vertex -0.33165354742741804 -1.6673349766854917 33.98
      vertex -0.16662913856025302 -1.6918140353427347 47.2
      vertex -0.16662913856025302 -1.6918140353427347 33.98
    endloop
  endfacet
  facet normal 0.04906767432741798 0.9987954562051723 0
    outer loop
      vertex -0.16662913856025302 -1.6918140353427347 33.98
      vertex 0 -1.7 47.2
      vertex 0 -1.7 33.98
    endloop
  endfacet
  facet normal 0 0 1
    outer loop
      vertex -0.9444693961333237 -1.413498340914327 33.98
      vertex -0.8013744526041959 -1.4992661493922035 33.98
      vertex -0.8013744526041959 1.4992661493922035 33.98
    endloop
  endfacet
  facet normal 0 0 1
    outer loop
      vertex -0.6505618350206526 -1.5705952052691874 33.98
      vertex -0.6505618350206526 1.5705952052691874 33.98
      vertex -0.8013744526041959 -1.4992661493922035 33.98
    endloop
  endfacet
  facet normal 0 0 1
    outer loop
      vertex -0.6505618350206526 -1.5705952052691874 33.98
      vertex -0.49348395133258594 -1.626798570744755 33.98
      vertex -0.49348395133258594 1.626798570744755 33.98
    endloop
  endfacet
  facet normal 0 0 1
    outer loop
      vertex -0.49348395133258594 -1.626798570744755 33.98
      vertex -0.33165354742741804 -1.6673349766854917 33.98
      vertex -0.33165354742741804 1.6673349766854917 33.98
    endloop
  endfacet
  facet normal 0 0 1
    outer loop
      vertex -0.33165354742741804 -1.6673349766854917 33.98
      vertex -0.16662913856025302 -1.6918140353427347 33.98
      vertex -0.16662913856025302 1.6918140353427347 33.98
    endloop
  endfacet
  facet normal 0 0 1
    outer loop
      vertex -0.16662913856025302 -1.6918140353427347 33.98
      vertex 0 -1.7 33.98
      vertex 0 1.7 33.98
    endloop
  endfacet
  facet normal 0.803207531480645 0.5956993044924329 0
    outer loop
      vertex -1.413498340914327 -0.9444693961333237 33.98
      vertex -1.413498340914327 -0.9444693961333237 47.2
      vertex -1.314117770716653 -1.0784685830781973 47.2
    endloop
  endfacet
  facet normal 0.5956993044924329 0.803207531480645 0
    outer loop
      vertex -1.0784685830781973 -1.314117770716653 33.98
      vertex -1.0784685830781973 -1.314117770716653 47.2
      vertex -0.9444693961333237 -1.413498340914327 47.2
    endloop
  endfacet
  facet normal 0.5141027441932213 0.8577286100002722 0
    outer loop
      vertex -0.9444693961333237 -1.413498340914327 33.98
      vertex -0.9444693961333237 -1.413498340914327 47.2
      vertex -0.8013744526041959 -1.4992661493922035 47.2
    endloop
  endfacet
  facet normal 0.7409511253549594 0.671558954847018 0
    outer loop
      vertex -1.314117770716653 -1.0784685830781973 33.98
      vertex -1.314117770716653 -1.0784685830781973 47.2
      vertex -1.2020815280171309 -1.2020815280171309 47.2
    endloop
  endfacet
  facet normal 0.671558954847018 0.7409511253549594 0
    outer loop
      vertex -1.2020815280171309 -1.2020815280171309 33.98
      vertex -1.2020815280171309 -1.2020815280171309 47.2
      vertex -1.0784685830781973 -1.314117770716653 47.2
    endloop
  endfacet
  facet normal 0.9039892931234433 0.427555093430282 0
    outer loop
      vertex -1.5705952052691874 -0.6505618350206526 33.98
      vertex -1.5705952052691874 -0.6505618350206526 47.2
      vertex -1.4992661493922035 -0.8013744526041959 47.2
    endloop
  endfacet
  facet normal 0.9415440651830208 0.33688985339222 0
    outer loop
      vertex -1.626798570744755 -0.49348395133258594 33.98
      vertex -1.626798570744755 -0.49348395133258594 47.2
      vertex -1.5705952052691874 -0.6505618350206526 47.2
    endloop
  endfacet
  facet normal 0.8577286100002722 0.5141027441932213 0
    outer loop
      vertex -1.4992661493922035 -0.8013744526041959 33.98
      vertex -1.4992661493922035 -0.8013744526041959 47.2
      vertex -1.413498340914327 -0.9444693961333237 47.2
    endloop
  endfacet
  facet normal 0.9700312531945439 0.24298017990326407 0
    outer loop
      vertex -1.6673349766854917 -0.33165354742741804 33.98
      vertex -1.6673349766854917 -0.33165354742741804 47.2
      vertex -1.626798570744755 -0.49348395133258594 47.2
    endloop
  endfacet
  facet normal 0.9891765099647808 0.14673047445536197 0
    outer loop
      vertex -1.6918140353427347 -0.16662913856025302 33.98
      vertex -1.6918140353427347 -0.16662913856025302 47.2
      vertex -1.6673349766854917 -0.33165354742741804 47.2
    endloop
  endfacet
  facet normal 0.9987954562051723 0.04906767432741798 0
    outer loop
      vertex -1.6918140353427347 -0.16662913856025302 47.2
      vertex -1.7 0 33.98
      vertex -1.7 0 47.2
    endloop
  endfacet
  facet normal 0.427555093430282 0.9039892931234433 0
    outer loop
      vertex -0.8013744526041959 -1.4992661493922035 33.98
      vertex -0.8013744526041959 -1.4992661493922035 47.2
      vertex -0.6505618350206526 -1.5705952052691874 47.2
    endloop
  endfacet
  facet normal 0.33688985339222 0.9415440651830208 0
    outer loop
      vertex -0.6505618350206526 -1.5705952052691874 33.98
      vertex -0.6505618350206526 -1.5705952052691874 47.2
      vertex -0.49348395133258594 -1.626798570744755 47.2
    endloop
  endfacet
  facet normal 0.24298017990326407 0.9700312531945439 0
    outer loop
      vertex -0.49348395133258594 -1.626798570744755 33.98
      vertex -0.49348395133258594 -1.626798570744755 47.2
      vertex -0.33165354742741804 -1.6673349766854917 47.2
    endloop
  endfacet
  facet normal 0.14673047445536197 0.9891765099647808 0
    outer loop
      vertex -0.33165354742741804 -1.6673349766854917 33.98
      vertex -0.33165354742741804 -1.6673349766854917 47.2
      vertex -0.16662913856025302 -1.6918140353427347 47.2
    endloop
  endfacet
  facet normal 0.04906767432741798 0.9987954562051723 0
    outer loop
      vertex -0.16662913856025302 -1.6918140353427347 33.98
      vertex -0.16662913856025302 -1.6918140353427347 47.2
      vertex 0 -1.7 47.2
    endloop
  endfacet
  facet normal 0 0 1
    outer loop
      vertex -1.6918140353427347 -0.16662913856025302 33.98
      vertex -1.6918140353427347 0.16662913856025302 33.98
      vertex -1.7 0 33.98
    endloop
  endfacet
  facet normal 0 0 1
    outer loop
      vertex -1.6918140353427347 -0.16662913856025302 33.98
      vertex -1.6673349766854917 0.33165354742741804 33.98
      vertex -1.6918140353427347 0.16662913856025302 33.98
    endloop
  endfacet
  facet normal 0 0 1
    outer loop
      vertex -1.6673349766854917 -0.33165354742741804 33.98
      vertex -1.626798570744755 0.49348395133258594 33.98
      vertex -1.6673349766854917 0.33165354742741804 33.98
    endloop
  endfacet
  facet normal 0 0 1
    outer loop
      vertex -1.626798570744755 -0.49348395133258594 33.98
      vertex -1.5705952052691874 0.6505618350206526 33.98
      vertex -1.626798570744755 0.49348395133258594 33.98
    endloop
  endfacet
  facet normal 0 0 1
    outer loop
      vertex -1.5705952052691874 -0.6505618350206526 33.98
      vertex -1.4992661493922035 0.8013744526041959 33.98
      vertex -1.5705952052691874 0.6505618350206526 33.98
    endloop
  endfacet
  facet normal 0 0 1
    outer loop
      vertex -1.4992661493922035 -0.8013744526041959 33.98
      vertex -1.413498340914327 0.9444693961333237 33.98
      vertex -1.4992661493922035 0.8013744526041959 33.98
    endloop
  endfacet
  facet normal 0 0 1
    outer loop
      vertex -1.413498340914327 -0.9444693961333237 33.98
      vertex -1.314117770716653 1.0784685830781973 33.98
      vertex -1.413498340914327 0.9444693961333237 33.98
    endloop
  endfacet
  facet normal 0 0 1
    outer loop
      vertex -1.314117770716653 -1.0784685830781973 33.98
      vertex -1.2020815280171309 1.2020815280171309 33.98
      vertex -1.314117770716653 1.0784685830781973 33.98
    endloop
  endfacet
  facet normal 0 0 1
    outer loop
      vertex -1.2020815280171309 -1.2020815280171309 33.98
      vertex -1.0784685830781973 1.314117770716653 33.98
      vertex -1.2020815280171309 1.2020815280171309 33.98
    endloop
  endfacet
  facet normal 0 0 1
    outer loop
      vertex -1.0784685830781973 -1.314117770716653 33.98
      vertex -0.9444693961333237 1.413498340914327 33.98
      vertex -1.0784685830781973 1.314117770716653 33.98
    endloop
  endfacet
  facet normal 0 0 1
    outer loop
      vertex -0.9444693961333237 -1.413498340914327 33.98
      vertex -0.8013744526041959 1.4992661493922035 33.98
      vertex -0.9444693961333237 1.413498340914327 33.98
    endloop
  endfacet
  facet normal 0.9987954562051723 -0.04906767432741798 0
    outer loop
      vertex -1.7 0 33.98
      vertex -1.6918140353427347 0.16662913856025302 33.98
      vertex -1.7 0 47.2
    endloop
  endfacet
  facet normal 0.9891765099647808 -0.14673047445536197 0
    outer loop
      vertex -1.6918140353427347 0.16662913856025302 33.98
      vertex -1.6673349766854917 0.33165354742741804 33.98
      vertex -1.6918140353427347 0.16662913856025302 47.2
    endloop
  endfacet
  facet normal 0.9700312531945439 -0.24298017990326407 0
    outer loop
      vertex -1.6673349766854917 0.33165354742741804 33.98
      vertex -1.626798570744755 0.49348395133258594 33.98
      vertex -1.6673349766854917 0.33165354742741804 47.2
    endloop
  endfacet
  facet normal 0.9415440651830208 -0.33688985339222 0
    outer loop
      vertex -1.626798570744755 0.49348395133258594 33.98
      vertex -1.5705952052691874 0.6505618350206526 33.98
      vertex -1.626798570744755 0.49348395133258594 47.2
    endloop
  endfacet
  facet normal 0.9039892931234433 -0.427555093430282 0
    outer loop
      vertex -1.5705952052691874 0.6505618350206526 33.98
      vertex -1.4992661493922035 0.8013744526041959 33.98
      vertex -1.5705952052691874 0.6505618350206526 47.2
    endloop
  endfacet
  facet normal 0.8577286100002722 -0.5141027441932213 0
    outer loop
      vertex -1.4992661493922035 0.8013744526041959 33.98
      vertex -1.413498340914327 0.9444693961333237 33.98
      vertex -1.4992661493922035 0.8013744526041959 47.2
    endloop
  endfacet
  facet normal 0.803207531480645 -0.5956993044924329 0
    outer loop
      vertex -1.413498340914327 0.9444693961333237 33.98
      vertex -1.314117770716653 1.0784685830781973 33.98
      vertex -1.413498340914327 0.9444693961333237 47.2
    endloop
  endfacet
  facet normal 0.7409511253549594 -0.671558954847018 0
    outer loop
      vertex -1.314117770716653 1.0784685830781973 33.98
      vertex -1.2020815280171309 1.2020815280171309 33.98
      vertex -1.314117770716653 1.0784685830781973 47.2
    endloop
  endfacet
  facet normal 0.671558954847018 -0.7409511253549594 0
    outer loop
      vertex -1.2020815280171309 1.2020815280171309 33.98
      vertex -1.0784685830781973 1.314117770716653 33.98
      vertex -1.2020815280171309 1.2020815280171309 47.2
    endloop
  endfacet
  facet normal 0.5956993044924329 -0.803207531480645 0
    outer loop
      vertex -1.0784685830781973 1.314117770716653 33.98
      vertex -0.9444693961333237 1.413498340914327 33.98
      vertex -1.0784685830781973 1.314117770716653 47.2
    endloop
  endfacet
  facet normal 0.5141027441932213 -0.8577286100002722 0
    outer loop
      vertex -0.9444693961333237 1.413498340914327 33.98
      vertex -0.8013744526041959 1.4992661493922035 33.98
      vertex -0.9444693961333237 1.413498340914327 47.2
    endloop
  endfacet
  facet normal 0 0 1
    outer loop
      vertex -0.8013744526041959 -1.4992661493922035 33.98
      vertex -0.6505618350206526 1.5705952052691874 33.98
      vertex -0.8013744526041959 1.4992661493922035 33.98
    endloop
  endfacet
  facet normal 0 0 1
    outer loop
      vertex -0.6505618350206526 -1.5705952052691874 33.98
      vertex -0.49348395133258594 1.626798570744755 33.98
      vertex -0.6505618350206526 1.5705952052691874 33.98
    endloop
  endfacet
  facet normal 0 0 1
    outer loop
      vertex -0.49348395133258594 -1.626798570744755 33.98
      vertex -0.33165354742741804 1.6673349766854917 33.98
      vertex -0.49348395133258594 1.626798570744755 33.98
    endloop
  endfacet
  facet normal 0 0 1
    outer loop
      vertex -0.33165354742741804 -1.6673349766854917 33.98
      vertex -0.16662913856025302 1.6918140353427347 33.98
      vertex -0.33165354742741804 1.6673349766854917 33.98
    endloop
  endfacet
  facet normal 0 0 1
    outer loop
      vertex -0.16662913856025302 -1.6918140353427347 33.98
      vertex 0 1.7 33.98
      vertex -0.16662913856025302 1.6918140353427347 33.98
    endloop
  endfacet
  facet normal 0.427555093430282 -0.9039892931234433 0
    outer loop
      vertex -0.8013744526041959 1.4992661493922035 33.98
      vertex -0.6505618350206526 1.5705952052691874 33.98
      vertex -0.8013744526041959 1.4992661493922035 47.2
    endloop
  endfacet
  facet normal 0.33688985339222 -0.9415440651830208 0
    outer loop
      vertex -0.6505618350206526 1.5705952052691874 33.98
      vertex -0.49348395133258594 1.626798570744755 33.98
      vertex -0.6505618350206526 1.5705952052691874 47.2
    endloop
  endfacet
  facet normal 0.24298017990326407 -0.9700312531945439 0
    outer loop
      vertex -0.49348395133258594 1.626798570744755 33.98
      vertex -0.33165354742741804 1.6673349766854917 33.98
      vertex -0.49348395133258594 1.626798570744755 47.2
    endloop
  endfacet
  facet normal 0.14673047445536197 -0.9891765099647808 0
    outer loop
      vertex -0.33165354742741804 1.6673349766854917 33.98
      vertex -0.16662913856025302 1.6918140353427347 33.98
      vertex -0.33165354742741804 1.6673349766854917 47.2
    endloop
  endfacet
  facet normal 0.04906767432741798 -0.9987954562051723 0
    outer loop
      vertex -0.16662913856025302 1.6918140353427347 33.98
      vertex 0 1.7 33.98
      vertex -0.16662913856025302 1.6918140353427347 47.2
    endloop
  endfacet
  facet normal 0.9987954562051723 -0.04906767432741798 0
    outer loop
      vertex -1.6918140353427347 0.16662913856025302 33.98
      vertex -1.6918140353427347 0.16662913856025302 47.2
      vertex -1.7 0 47.2
    endloop
  endfacet
  facet normal 0.9891765099647808 -0.14673047445536197 0
    outer loop
      vertex -1.6918140353427347 0.16662913856025302 47.2
      vertex -1.6673349766854917 0.33165354742741804 33.98
      vertex -1.6673349766854917 0.33165354742741804 47.2
    endloop
  endfacet
  facet normal 0.9700312531945439 -0.24298017990326407 0
    outer loop
      vertex -1.626798570744755 0.49348395133258594 33.98
      vertex -1.626798570744755 0.49348395133258594 47.2
      vertex -1.6673349766854917 0.33165354742741804 47.2
    endloop
  endfacet
  facet normal 0.9415440651830208 -0.33688985339222 0
    outer loop
      vertex -1.5705952052691874 0.6505618350206526 33.98
      vertex -1.5705952052691874 0.6505618350206526 47.2
      vertex -1.626798570744755 0.49348395133258594 47.2
    endloop
  endfacet
  facet normal 0.9039892931234433 -0.427555093430282 0
    outer loop
      vertex -1.4992661493922035 0.8013744526041959 33.98
      vertex -1.4992661493922035 0.8013744526041959 47.2
      vertex -1.5705952052691874 0.6505618350206526 47.2
    endloop
  endfacet
  facet normal 0.8577286100002722 -0.5141027441932213 0
    outer loop
      vertex -1.413498340914327 0.9444693961333237 33.98
      vertex -1.413498340914327 0.9444693961333237 47.2
      vertex -1.4992661493922035 0.8013744526041959 47.2
    endloop
  endfacet
  facet normal 0.803207531480645 -0.5956993044924329 0
    outer loop
      vertex -1.314117770716653 1.0784685830781973 33.98
      vertex -1.314117770716653 1.0784685830781973 47.2
      vertex -1.413498340914327 0.9444693961333237 47.2
    endloop
  endfacet
  facet normal 0.7409511253549594 -0.671558954847018 0
    outer loop
      vertex -1.2020815280171309 1.2020815280171309 33.98
      vertex -1.2020815280171309 1.2020815280171309 47.2
      vertex -1.314117770716653 1.0784685830781973 47.2
    endloop
  endfacet
  facet normal 0.671558954847018 -0.7409511253549594 0
    outer loop
      vertex -1.0784685830781973 1.314117770716653 33.98
      vertex -1.0784685830781973 1.314117770716653 47.2
      vertex -1.2020815280171309 1.2020815280171309 47.2
    endloop
  endfacet
  facet normal 0.5956993044924329 -0.803207531480645 0
    outer loop
      vertex -0.9444693961333237 1.413498340914327 33.98
      vertex -0.9444693961333237 1.413498340914327 47.2
      vertex -1.0784685830781973 1.314117770716653 47.2
    endloop
  endfacet
  facet normal 0.5141027441932213 -0.8577286100002722 0
    outer loop
      vertex -0.8013744526041959 1.4992661493922035 33.98
      vertex -0.8013744526041959 1.4992661493922035 47.2
      vertex -0.9444693961333237 1.413498340914327 47.2
    endloop
  endfacet
  facet normal 0.427555093430282 -0.9039892931234433 0
    outer loop
      vertex -0.6505618350206526 1.5705952052691874 33.98
      vertex -0.6505618350206526 1.5705952052691874 47.2
      vertex -0.8013744526041959 1.4992661493922035 47.2
    endloop
  endfacet
  facet normal 0.33688985339222 -0.9415440651830208 0
    outer loop
      vertex -0.49348395133258594 1.626798570744755 33.98
      vertex -0.49348395133258594 1.626798570744755 47.2
      vertex -0.6505618350206526 1.5705952052691874 47.2
    endloop
  endfacet
  facet normal 0.24298017990326407 -0.9700312531945439 0
    outer loop
      vertex -0.33165354742741804 1.6673349766854917 33.98
      vertex -0.33165354742741804 1.6673349766854917 47.2
      vertex -0.49348395133258594 1.626798570744755 47.2
    endloop
  endfacet
  facet normal 0.14673047445536197 -0.9891765099647808 0
    outer loop
      vertex -0.16662913856025302 1.6918140353427347 33.98
      vertex -0.16662913856025302 1.6918140353427347 47.2
      vertex -0.33165354742741804 1.6673349766854917 47.2
    endloop
  endfacet
  facet normal 0.04906767432741798 -0.9987954562051723 0
    outer loop
      vertex -0.16662913856025302 1.6918140353427347 47.2
      vertex 0 1.7 33.98
      vertex 0 1.7 47.2
    endloop
  endfacet
  facet normal -0.04906767432741798 0.9987954562051723 0
    outer loop
      vertex 0 -1.7 33.98
      vertex 0.16662913856025302 -1.6918140353427347 47.2
      vertex 0.16662913856025302 -1.6918140353427347 33.98
    endloop
  endfacet
  facet normal -0.14673047445536197 0.9891765099647808 0
    outer loop
      vertex 0.16662913856025302 -1.6918140353427347 33.98
      vertex 0.33165354742741804 -1.6673349766854917 47.2
      vertex 0.33165354742741804 -1.6673349766854917 33.98
    endloop
  endfacet
  facet normal -0.24298017990326407 0.9700312531945439 0
    outer loop
      vertex 0.33165354742741804 -1.6673349766854917 33.98
      vertex 0.49348395133258594 -1.626798570744755 47.2
      vertex 0.49348395133258594 -1.626798570744755 33.98
    endloop
  endfacet
  facet normal -0.33688985339222 0.9415440651830208 0
    outer loop
      vertex 0.49348395133258594 -1.626798570744755 33.98
      vertex 0.6505618350206526 -1.5705952052691874 47.2
      vertex 0.6505618350206526 -1.5705952052691874 33.98
    endloop
  endfacet
  facet normal -0.427555093430282 0.9039892931234433 0
    outer loop
      vertex 0.6505618350206526 -1.5705952052691874 33.98
      vertex 0.8013744526041959 -1.4992661493922035 47.2
      vertex 0.8013744526041959 -1.4992661493922035 33.98
    endloop
  endfacet
  facet normal 0 0 1
    outer loop
      vertex 0 -1.7 33.98
      vertex 0.16662913856025302 -1.6918140353427347 33.98
      vertex 0.16662913856025302 1.6918140353427347 33.98
    endloop
  endfacet
  facet normal 0 0 1
    outer loop
      vertex 0.16662913856025302 -1.6918140353427347 33.98
      vertex 0.33165354742741804 -1.6673349766854917 33.98
      vertex 0.33165354742741804 1.6673349766854917 33.98
    endloop
  endfacet
  facet normal 0 0 1
    outer loop
      vertex 0.33165354742741804 -1.6673349766854917 33.98
      vertex 0.49348395133258594 -1.626798570744755 33.98
      vertex 0.49348395133258594 1.626798570744755 33.98
    endloop
  endfacet
  facet normal 0 0 1
    outer loop
      vertex 0.49348395133258594 -1.626798570744755 33.98
      vertex 0.6505618350206526 -1.5705952052691874 33.98
      vertex 0.6505618350206526 1.5705952052691874 33.98
    endloop
  endfacet
  facet normal 0 0 1
    outer loop
      vertex 0.6505618350206526 -1.5705952052691874 33.98
      vertex 0.8013744526041959 -1.4992661493922035 33.98
      vertex 0.8013744526041959 1.4992661493922035 33.98
    endloop
  endfacet
  facet normal -0.5141027441932213 0.8577286100002722 0
    outer loop
      vertex 0.8013744526041959 -1.4992661493922035 33.98
      vertex 0.9444693961333237 -1.413498340914327 47.2
      vertex 0.9444693961333237 -1.413498340914327 33.98
    endloop
  endfacet
  facet normal -0.5956993044924329 0.803207531480645 0
    outer loop
      vertex 0.9444693961333237 -1.413498340914327 33.98
      vertex 1.0784685830781973 -1.314117770716653 47.2
      vertex 1.0784685830781973 -1.314117770716653 33.98
    endloop
  endfacet
  facet normal -0.671558954847018 0.7409511253549594 0
    outer loop
      vertex 1.0784685830781973 -1.314117770716653 33.98
      vertex 1.2020815280171309 -1.2020815280171309 47.2
      vertex 1.2020815280171309 -1.2020815280171309 33.98
    endloop
  endfacet
  facet normal -0.7409511253549594 0.671558954847018 0
    outer loop
      vertex 1.2020815280171309 -1.2020815280171309 33.98
      vertex 1.314117770716653 -1.0784685830781973 47.2
      vertex 1.314117770716653 -1.0784685830781973 33.98
    endloop
  endfacet
  facet normal -0.803207531480645 0.5956993044924329 0
    outer loop
      vertex 1.314117770716653 -1.0784685830781973 33.98
      vertex 1.413498340914327 -0.9444693961333237 47.2
      vertex 1.413498340914327 -0.9444693961333237 33.98
    endloop
  endfacet
  facet normal 0 0 1
    outer loop
      vertex 0.8013744526041959 -1.4992661493922035 33.98
      vertex 0.9444693961333237 -1.413498340914327 33.98
      vertex 0.9444693961333237 1.413498340914327 33.98
    endloop
  endfacet
  facet normal 0 0 1
    outer loop
      vertex 0.9444693961333237 -1.413498340914327 33.98
      vertex 1.0784685830781973 -1.314117770716653 33.98
      vertex 1.0784685830781973 1.314117770716653 33.98
    endloop
  endfacet
  facet normal 0 0 1
    outer loop
      vertex 1.0784685830781973 -1.314117770716653 33.98
      vertex 1.2020815280171309 -1.2020815280171309 33.98
      vertex 1.2020815280171309 1.2020815280171309 33.98
    endloop
  endfacet
  facet normal 0 0 1
    outer loop
      vertex 1.2020815280171309 -1.2020815280171309 33.98
      vertex 1.314117770716653 -1.0784685830781973 33.98
      vertex 1.314117770716653 1.0784685830781973 33.98
    endloop
  endfacet
  facet normal 0 0 1
    outer loop
      vertex 1.314117770716653 -1.0784685830781973 33.98
      vertex 1.413498340914327 -0.9444693961333237 33.98
      vertex 1.413498340914327 0.9444693961333237 33.98
    endloop
  endfacet
  facet normal 0 0 1
    outer loop
      vertex 1.413498340914327 -0.9444693961333237 33.98
      vertex 1.4992661493922035 -0.8013744526041959 33.98
      vertex 1.4992661493922035 0.8013744526041959 33.98
    endloop
  endfacet
  facet normal 0 0 1
    outer loop
      vertex 1.4992661493922035 -0.8013744526041959 33.98
      vertex 1.5705952052691874 -0.6505618350206526 33.98
      vertex 1.5705952052691874 0.6505618350206526 33.98
    endloop
  endfacet
  facet normal 0 0 1
    outer loop
      vertex 1.5705952052691874 -0.6505618350206526 33.98
      vertex 1.626798570744755 -0.49348395133258594 33.98
      vertex 1.626798570744755 0.49348395133258594 33.98
    endloop
  endfacet
  facet normal 0 0 1
    outer loop
      vertex 1.626798570744755 -0.49348395133258594 33.98
      vertex 1.6673349766854917 -0.33165354742741804 33.98
      vertex 1.6673349766854917 0.33165354742741804 33.98
    endloop
  endfacet
  facet normal 0 0 1
    outer loop
      vertex 1.6673349766854917 -0.33165354742741804 33.98
      vertex 1.6918140353427347 -0.16662913856025302 33.98
      vertex 1.6918140353427347 0.16662913856025302 33.98
    endloop
  endfacet
  facet normal -0.8577286100002722 0.5141027441932213 0
    outer loop
      vertex 1.413498340914327 -0.9444693961333237 33.98
      vertex 1.4992661493922035 -0.8013744526041959 47.2
      vertex 1.4992661493922035 -0.8013744526041959 33.98
    endloop
  endfacet
  facet normal -0.9039892931234433 0.427555093430282 0
    outer loop
      vertex 1.4992661493922035 -0.8013744526041959 33.98
      vertex 1.5705952052691874 -0.6505618350206526 47.2
      vertex 1.5705952052691874 -0.6505618350206526 33.98
    endloop
  endfacet
  facet normal -0.9415440651830208 0.33688985339222 0
    outer loop
      vertex 1.5705952052691874 -0.6505618350206526 33.98
      vertex 1.626798570744755 -0.49348395133258594 47.2
      vertex 1.626798570744755 -0.49348395133258594 33.98
    endloop
  endfacet
  facet normal -0.9700312531945439 0.24298017990326407 0
    outer loop
      vertex 1.626798570744755 -0.49348395133258594 33.98
      vertex 1.6673349766854917 -0.33165354742741804 47.2
      vertex 1.6673349766854917 -0.33165354742741804 33.98
    endloop
  endfacet
  facet normal -0.9891765099647808 0.14673047445536197 0
    outer loop
      vertex 1.6673349766854917 -0.33165354742741804 33.98
      vertex 1.6918140353427347 -0.16662913856025302 47.2
      vertex 1.6918140353427347 -0.16662913856025302 33.98
    endloop
  endfacet
  facet normal -0.9987954562051723 0.04906767432741798 0
    outer loop
      vertex 1.6918140353427347 -0.16662913856025302 33.98
      vertex 1.7 0 47.2
      vertex 1.7 0 33.98
    endloop
  endfacet
  facet normal -0.04906767432741798 0.9987954562051723 0
    outer loop
      vertex 0 -1.7 33.98
      vertex 0 -1.7 47.2
      vertex 0.16662913856025302 -1.6918140353427347 47.2
    endloop
  endfacet
  facet normal -0.14673047445536197 0.9891765099647808 0
    outer loop
      vertex 0.16662913856025302 -1.6918140353427347 33.98
      vertex 0.16662913856025302 -1.6918140353427347 47.2
      vertex 0.33165354742741804 -1.6673349766854917 47.2
    endloop
  endfacet
  facet normal -0.24298017990326407 0.9700312531945439 0
    outer loop
      vertex 0.33165354742741804 -1.6673349766854917 33.98
      vertex 0.33165354742741804 -1.6673349766854917 47.2
      vertex 0.49348395133258594 -1.626798570744755 47.2
    endloop
  endfacet
  facet normal -0.33688985339222 0.9415440651830208 0
    outer loop
      vertex 0.49348395133258594 -1.626798570744755 33.98
      vertex 0.49348395133258594 -1.626798570744755 47.2
      vertex 0.6505618350206526 -1.5705952052691874 47.2
    endloop
  endfacet
  facet normal -0.427555093430282 0.9039892931234433 0
    outer loop
      vertex 0.6505618350206526 -1.5705952052691874 33.98
      vertex 0.6505618350206526 -1.5705952052691874 47.2
      vertex 0.8013744526041959 -1.4992661493922035 47.2
    endloop
  endfacet
  facet normal -0.5141027441932213 0.8577286100002722 0
    outer loop
      vertex 0.8013744526041959 -1.4992661493922035 33.98
      vertex 0.8013744526041959 -1.4992661493922035 47.2
      vertex 0.9444693961333237 -1.413498340914327 47.2
    endloop
  endfacet
  facet normal -0.5956993044924329 0.803207531480645 0
    outer loop
      vertex 0.9444693961333237 -1.413498340914327 33.98
      vertex 0.9444693961333237 -1.413498340914327 47.2
      vertex 1.0784685830781973 -1.314117770716653 47.2
    endloop
  endfacet
  facet normal -0.671558954847018 0.7409511253549594 0
    outer loop
      vertex 1.0784685830781973 -1.314117770716653 33.98
      vertex 1.0784685830781973 -1.314117770716653 47.2
      vertex 1.2020815280171309 -1.2020815280171309 47.2
    endloop
  endfacet
  facet normal -0.7409511253549594 0.671558954847018 0
    outer loop
      vertex 1.2020815280171309 -1.2020815280171309 33.98
      vertex 1.2020815280171309 -1.2020815280171309 47.2
      vertex 1.314117770716653 -1.0784685830781973 47.2
    endloop
  endfacet
  facet normal -0.803207531480645 0.5956993044924329 0
    outer loop
      vertex 1.314117770716653 -1.0784685830781973 33.98
      vertex 1.314117770716653 -1.0784685830781973 47.2
      vertex 1.413498340914327 -0.9444693961333237 47.2
    endloop
  endfacet
  facet normal -0.8577286100002722 0.5141027441932213 0
    outer loop
      vertex 1.413498340914327 -0.9444693961333237 33.98
      vertex 1.413498340914327 -0.9444693961333237 47.2
      vertex 1.4992661493922035 -0.8013744526041959 47.2
    endloop
  endfacet
  facet normal -0.9039892931234433 0.427555093430282 0
    outer loop
      vertex 1.4992661493922035 -0.8013744526041959 33.98
      vertex 1.4992661493922035 -0.8013744526041959 47.2
      vertex 1.5705952052691874 -0.6505618350206526 47.2
    endloop
  endfacet
  facet normal -0.9415440651830208 0.33688985339222 0
    outer loop
      vertex 1.5705952052691874 -0.6505618350206526 33.98
      vertex 1.5705952052691874 -0.6505618350206526 47.2
      vertex 1.626798570744755 -0.49348395133258594 47.2
    endloop
  endfacet
  facet normal -0.9700312531945439 0.24298017990326407 0
    outer loop
      vertex 1.626798570744755 -0.49348395133258594 33.98
      vertex 1.626798570744755 -0.49348395133258594 47.2
      vertex 1.6673349766854917 -0.33165354742741804 47.2
    endloop
  endfacet
  facet normal -0.9891765099647808 0.14673047445536197 0
    outer loop
      vertex 1.6673349766854917 -0.33165354742741804 33.98
      vertex 1.6673349766854917 -0.33165354742741804 47.2
      vertex 1.6918140353427347 -0.16662913856025302 47.2
    endloop
  endfacet
  facet normal -0.9987954562051723 0.04906767432741798 0
    outer loop
      vertex 1.6918140353427347 -0.16662913856025302 33.98
      vertex 1.6918140353427347 -0.16662913856025302 47.2
      vertex 1.7 0 47.2
    endloop
  endfacet
  facet normal 0 0 1
    outer loop
      vertex 0 -1.7 33.98
      vertex 0.16662913856025302 1.6918140353427347 33.98
      vertex 0 1.7 33.98
    endloop
  endfacet
  facet normal 0 0 1
    outer loop
      vertex 0.16662913856025302 -1.6918140353427347 33.98
      vertex 0.33165354742741804 1.6673349766854917 33.98
      vertex 0.16662913856025302 1.6918140353427347 33.98
    endloop
  endfacet
  facet normal 0 0 1
    outer loop
      vertex 0.33165354742741804 -1.6673349766854917 33.98
      vertex 0.49348395133258594 1.626798570744755 33.98
      vertex 0.33165354742741804 1.6673349766854917 33.98
    endloop
  endfacet
  facet normal 0 0 1
    outer loop
      vertex 0.49348395133258594 -1.626798570744755 33.98
      vertex 0.6505618350206526 1.5705952052691874 33.98
      vertex 0.49348395133258594 1.626798570744755 33.98
    endloop
  endfacet
  facet normal 0 0 1
    outer loop
      vertex 0.6505618350206526 -1.5705952052691874 33.98
      vertex 0.8013744526041959 1.4992661493922035 33.98
      vertex 0.6505618350206526 1.5705952052691874 33.98
    endloop
  endfacet
  facet normal 0 0 1
    outer loop
      vertex 0.8013744526041959 -1.4992661493922035 33.98
      vertex 0.9444693961333237 1.413498340914327 33.98
      vertex 0.8013744526041959 1.4992661493922035 33.98
    endloop
  endfacet
  facet normal -0.04906767432741798 -0.9987954562051723 0
    outer loop
      vertex 0 1.7 33.98
      vertex 0.16662913856025302 1.6918140353427347 33.98
      vertex 0 1.7 47.2
    endloop
  endfacet
  facet normal -0.14673047445536197 -0.9891765099647808 0
    outer loop
      vertex 0.16662913856025302 1.6918140353427347 33.98
      vertex 0.33165354742741804 1.6673349766854917 33.98
      vertex 0.16662913856025302 1.6918140353427347 47.2
    endloop
  endfacet
  facet normal -0.24298017990326407 -0.9700312531945439 0
    outer loop
      vertex 0.33165354742741804 1.6673349766854917 33.98
      vertex 0.49348395133258594 1.626798570744755 33.98
      vertex 0.33165354742741804 1.6673349766854917 47.2
    endloop
  endfacet
  facet normal -0.33688985339222 -0.9415440651830208 0
    outer loop
      vertex 0.49348395133258594 1.626798570744755 33.98
      vertex 0.6505618350206526 1.5705952052691874 33.98
      vertex 0.49348395133258594 1.626798570744755 47.2
    endloop
  endfacet
  facet normal -0.5141027441932213 -0.8577286100002722 0
    outer loop
      vertex 0.8013744526041959 1.4992661493922035 33.98
      vertex 0.9444693961333237 1.413498340914327 33.98
      vertex 0.8013744526041959 1.4992661493922035 47.2
    endloop
  endfacet
  facet normal -0.427555093430282 -0.9039892931234433 0
    outer loop
      vertex 0.8013744526041959 1.4992661493922035 33.98
      vertex 0.6505618350206526 1.5705952052691874 47.2
      vertex 0.6505618350206526 1.5705952052691874 33.98
    endloop
  endfacet
  facet normal 0 0 1
    outer loop
      vertex 1.0784685830781973 -1.314117770716653 33.98
      vertex 1.2020815280171309 1.2020815280171309 33.98
      vertex 1.0784685830781973 1.314117770716653 33.98
    endloop
  endfacet
  facet normal 0 0 1
    outer loop
      vertex 1.2020815280171309 -1.2020815280171309 33.98
      vertex 1.314117770716653 1.0784685830781973 33.98
      vertex 1.2020815280171309 1.2020815280171309 33.98
    endloop
  endfacet
  facet normal 0 0 1
    outer loop
      vertex 0.9444693961333237 -1.413498340914327 33.98
      vertex 1.0784685830781973 1.314117770716653 33.98
      vertex 0.9444693961333237 1.413498340914327 33.98
    endloop
  endfacet
  facet normal 0 0 1
    outer loop
      vertex 1.4992661493922035 -0.8013744526041959 33.98
      vertex 1.5705952052691874 0.6505618350206526 33.98
      vertex 1.4992661493922035 0.8013744526041959 33.98
    endloop
  endfacet
  facet normal 0 0 1
    outer loop
      vertex 1.314117770716653 -1.0784685830781973 33.98
      vertex 1.413498340914327 0.9444693961333237 33.98
      vertex 1.314117770716653 1.0784685830781973 33.98
    endloop
  endfacet
  facet normal 0 0 1
    outer loop
      vertex 1.413498340914327 -0.9444693961333237 33.98
      vertex 1.4992661493922035 0.8013744526041959 33.98
      vertex 1.413498340914327 0.9444693961333237 33.98
    endloop
  endfacet
  facet normal 0 0 1
    outer loop
      vertex 1.626798570744755 -0.49348395133258594 33.98
      vertex 1.6673349766854917 0.33165354742741804 33.98
      vertex 1.626798570744755 0.49348395133258594 33.98
    endloop
  endfacet
  facet normal 0 0 1
    outer loop
      vertex 1.5705952052691874 -0.6505618350206526 33.98
      vertex 1.626798570744755 0.49348395133258594 33.98
      vertex 1.5705952052691874 0.6505618350206526 33.98
    endloop
  endfacet
  facet normal 0 0 1
    outer loop
      vertex 1.6918140353427347 -0.16662913856025302 33.98
      vertex 1.7 0 33.98
      vertex 1.6918140353427347 0.16662913856025302 33.98
    endloop
  endfacet
  facet normal 0 0 1
    outer loop
      vertex 1.6673349766854917 -0.33165354742741804 33.98
      vertex 1.6918140353427347 0.16662913856025302 33.98
      vertex 1.6673349766854917 0.33165354742741804 33.98
    endloop
  endfacet
  facet normal -0.9987954562051723 -0.04906767432741798 0
    outer loop
      vertex 1.7 0 33.98
      vertex 1.6918140353427347 0.16662913856025302 47.2
      vertex 1.6918140353427347 0.16662913856025302 33.98
    endloop
  endfacet
  facet normal -0.9891765099647808 -0.14673047445536197 0
    outer loop
      vertex 1.6673349766854917 0.33165354742741804 33.98
      vertex 1.6918140353427347 0.16662913856025302 33.98
      vertex 1.6673349766854917 0.33165354742741804 47.2
    endloop
  endfacet
  facet normal -0.9039892931234433 -0.427555093430282 0
    outer loop
      vertex 1.4992661493922035 0.8013744526041959 33.98
      vertex 1.5705952052691874 0.6505618350206526 33.98
      vertex 1.4992661493922035 0.8013744526041959 47.2
    endloop
  endfacet
  facet normal -0.9700312531945439 -0.24298017990326407 0
    outer loop
      vertex 1.6673349766854917 0.33165354742741804 33.98
      vertex 1.626798570744755 0.49348395133258594 47.2
      vertex 1.626798570744755 0.49348395133258594 33.98
    endloop
  endfacet
  facet normal -0.9415440651830208 -0.33688985339222 0
    outer loop
      vertex 1.626798570744755 0.49348395133258594 33.98
      vertex 1.5705952052691874 0.6505618350206526 47.2
      vertex 1.5705952052691874 0.6505618350206526 33.98
    endloop
  endfacet
  facet normal -0.671558954847018 -0.7409511253549594 0
    outer loop
      vertex 1.0784685830781973 1.314117770716653 33.98
      vertex 1.2020815280171309 1.2020815280171309 33.98
      vertex 1.0784685830781973 1.314117770716653 47.2
    endloop
  endfacet
  facet normal -0.7409511253549594 -0.671558954847018 0
    outer loop
      vertex 1.2020815280171309 1.2020815280171309 33.98
      vertex 1.314117770716653 1.0784685830781973 33.98
      vertex 1.2020815280171309 1.2020815280171309 47.2
    endloop
  endfacet
  facet normal -0.5956993044924329 -0.803207531480645 0
    outer loop
      vertex 0.9444693961333237 1.413498340914327 33.98
      vertex 1.0784685830781973 1.314117770716653 33.98
      vertex 0.9444693961333237 1.413498340914327 47.2
    endloop
  endfacet
  facet normal -0.803207531480645 -0.5956993044924329 0
    outer loop
      vertex 1.413498340914327 0.9444693961333237 33.98
      vertex 1.314117770716653 1.0784685830781973 47.2
      vertex 1.314117770716653 1.0784685830781973 33.98
    endloop
  endfacet
  facet normal -0.8577286100002722 -0.5141027441932213 0
    outer loop
      vertex 1.413498340914327 0.9444693961333237 33.98
      vertex 1.4992661493922035 0.8013744526041959 33.98
      vertex 1.413498340914327 0.9444693961333237 47.2
    endloop
  endfacet
  facet normal -0.04906767432741798 -0.9987954562051723 0
    outer loop
      vertex 0.16662913856025302 1.6918140353427347 33.98
      vertex 0.16662913856025302 1.6918140353427347 47.2
      vertex 0 1.7 47.2
    endloop
  endfacet
  facet normal -0.14673047445536197 -0.9891765099647808 0
    outer loop
      vertex 0.33165354742741804 1.6673349766854917 33.98
      vertex 0.33165354742741804 1.6673349766854917 47.2
      vertex 0.16662913856025302 1.6918140353427347 47.2
    endloop
  endfacet
  facet normal -0.24298017990326407 -0.9700312531945439 0
    outer loop
      vertex 0.49348395133258594 1.626798570744755 33.98
      vertex 0.49348395133258594 1.626798570744755 47.2
      vertex 0.33165354742741804 1.6673349766854917 47.2
    endloop
  endfacet
  facet normal -0.33688985339222 -0.9415440651830208 0
    outer loop
      vertex 0.6505618350206526 1.5705952052691874 33.98
      vertex 0.6505618350206526 1.5705952052691874 47.2
      vertex 0.49348395133258594 1.626798570744755 47.2
    endloop
  endfacet
  facet normal -0.427555093430282 -0.9039892931234433 0
    outer loop
      vertex 0.8013744526041959 1.4992661493922035 33.98
      vertex 0.8013744526041959 1.4992661493922035 47.2
      vertex 0.6505618350206526 1.5705952052691874 47.2
    endloop
  endfacet
  facet normal -0.9987954562051723 -0.04906767432741798 0
    outer loop
      vertex 1.7 0 33.98
      vertex 1.7 0 47.2
      vertex 1.6918140353427347 0.16662913856025302 47.2
    endloop
  endfacet
  facet normal -0.9891765099647808 -0.14673047445536197 0
    outer loop
      vertex 1.6673349766854917 0.33165354742741804 47.2
      vertex 1.6918140353427347 0.16662913856025302 33.98
      vertex 1.6918140353427347 0.16662913856025302 47.2
    endloop
  endfacet
  facet normal -0.9700312531945439 -0.24298017990326407 0
    outer loop
      vertex 1.6673349766854917 0.33165354742741804 33.98
      vertex 1.6673349766854917 0.33165354742741804 47.2
      vertex 1.626798570744755 0.49348395133258594 47.2
    endloop
  endfacet
  facet normal -0.8577286100002722 -0.5141027441932213 0
    outer loop
      vertex 1.4992661493922035 0.8013744526041959 33.98
      vertex 1.4992661493922035 0.8013744526041959 47.2
      vertex 1.413498340914327 0.9444693961333237 47.2
    endloop
  endfacet
  facet normal -0.9415440651830208 -0.33688985339222 0
    outer loop
      vertex 1.626798570744755 0.49348395133258594 33.98
      vertex 1.626798570744755 0.49348395133258594 47.2
      vertex 1.5705952052691874 0.6505618350206526 47.2
    endloop
  endfacet
  facet normal -0.9039892931234433 -0.427555093430282 0
    outer loop
      vertex 1.5705952052691874 0.6505618350206526 33.98
      vertex 1.5705952052691874 0.6505618350206526 47.2
      vertex 1.4992661493922035 0.8013744526041959 47.2
    endloop
  endfacet
  facet normal -0.671558954847018 -0.7409511253549594 0
    outer loop
      vertex 1.2020815280171309 1.2020815280171309 33.98
      vertex 1.2020815280171309 1.2020815280171309 47.2
      vertex 1.0784685830781973 1.314117770716653 47.2
    endloop
  endfacet
  facet normal -0.7409511253549594 -0.671558954847018 0
    outer loop
      vertex 1.314117770716653 1.0784685830781973 33.98
      vertex 1.314117770716653 1.0784685830781973 47.2
      vertex 1.2020815280171309 1.2020815280171309 47.2
    endloop
  endfacet
  facet normal -0.5141027441932213 -0.8577286100002722 0
    outer loop
      vertex 0.9444693961333237 1.413498340914327 33.98
      vertex 0.9444693961333237 1.413498340914327 47.2
      vertex 0.8013744526041959 1.4992661493922035 47.2
    endloop
  endfacet
  facet normal -0.5956993044924329 -0.803207531480645 0
    outer loop
      vertex 1.0784685830781973 1.314117770716653 33.98
      vertex 1.0784685830781973 1.314117770716653 47.2
      vertex 0.9444693961333237 1.413498340914327 47.2
    endloop
  endfacet
  facet normal -0.803207531480645 -0.5956993044924329 0
    outer loop
      vertex 1.413498340914327 0.9444693961333237 33.98
      vertex 1.413498340914327 0.9444693961333237 47.2
      vertex 1.314117770716653 1.0784685830781973 47.2
    endloop
  endfacet
  facet normal 0.8660254037844387 0.5000000000000001 0
    outer loop
      vertex -1.6743157806499147 -2.9 47.2
      vertex -3.3486315612998294 0 52
      vertex -1.6743157806499147 -2.9 52
    endloop
  endfacet
  facet normal 0.8660254037844387 0.5000000000000001 0
    outer loop
      vertex -1.6743157806499147 -2.9 47.2
      vertex -3.3486315612998294 0 47.2
      vertex -3.3486315612998294 0 52
    endloop
  endfacet
  facet normal 0 0 1
    outer loop
      vertex -1.6743157806499147 -2.9 47.2
      vertex -1.6673349766854917 -0.33165354742741804 47.2
      vertex -3.3486315612998294 0 47.2
    endloop
  endfacet
  facet normal 0 0 1
    outer loop
      vertex -1.6918140353427347 -0.16662913856025302 47.2
      vertex -3.3486315612998294 0 47.2
      vertex -1.6673349766854917 -0.33165354742741804 47.2
    endloop
  endfacet
  facet normal 0 0 1
    outer loop
      vertex -1.6918140353427347 -0.16662913856025302 47.2
      vertex -1.7 0 47.2
      vertex -3.3486315612998294 0 47.2
    endloop
  endfacet
  facet normal 0 0 1
    outer loop
      vertex -1.6743157806499147 -2.9 47.2
      vertex -1.0784685830781973 -1.314117770716653 47.2
      vertex -1.2020815280171309 -1.2020815280171309 47.2
    endloop
  endfacet
  facet normal 0 0 1
    outer loop
      vertex -1.6743157806499147 -2.9 47.2
      vertex -0.9444693961333237 -1.413498340914327 47.2
      vertex -1.0784685830781973 -1.314117770716653 47.2
    endloop
  endfacet
  facet normal 0 0 1
    outer loop
      vertex -1.6743157806499147 -2.9 47.2
      vertex -0.8013744526041959 -1.4992661493922035 47.2
      vertex -0.9444693961333237 -1.413498340914327 47.2
    endloop
  endfacet
  facet normal 0 0 1
    outer loop
      vertex -1.6743157806499147 -2.9 47.2
      vertex -0.6505618350206526 -1.5705952052691874 47.2
      vertex -0.8013744526041959 -1.4992661493922035 47.2
    endloop
  endfacet
  facet normal 0 0 1
    outer loop
      vertex -1.6743157806499147 -2.9 47.2
      vertex -0.49348395133258594 -1.626798570744755 47.2
      vertex -0.6505618350206526 -1.5705952052691874 47.2
    endloop
  endfacet
  facet normal 0 1 0
    outer loop
      vertex -1.6743157806499147 -2.9 47.2
      vertex -1.6743157806499147 -2.9 52
      vertex 1.6743157806499147 -2.9 47.2
    endloop
  endfacet
  facet normal 0 0 1
    outer loop
      vertex -1.6743157806499147 -2.9 47.2
      vertex -0.33165354742741804 -1.6673349766854917 47.2
      vertex -0.49348395133258594 -1.626798570744755 47.2
    endloop
  endfacet
  facet normal 0 0 1
    outer loop
      vertex -1.6743157806499147 -2.9 47.2
      vertex -0.16662913856025302 -1.6918140353427347 47.2
      vertex -0.33165354742741804 -1.6673349766854917 47.2
    endloop
  endfacet
  facet normal 0 0 1
    outer loop
      vertex -1.6743157806499147 -2.9 47.2
      vertex 1.6743157806499147 -2.9 47.2
      vertex -0.16662913856025302 -1.6918140353427347 47.2
    endloop
  endfacet
  facet normal 0 0 1
    outer loop
      vertex -1.6743157806499147 -2.9 47.2
      vertex -1.4992661493922035 -0.8013744526041959 47.2
      vertex -1.5705952052691874 -0.6505618350206526 47.2
    endloop
  endfacet
  facet normal 0 0 1
    outer loop
      vertex -1.6743157806499147 -2.9 47.2
      vertex -1.5705952052691874 -0.6505618350206526 47.2
      vertex -1.626798570744755 -0.49348395133258594 47.2
    endloop
  endfacet
  facet normal 0 0 1
    outer loop
      vertex -1.6743157806499147 -2.9 47.2
      vertex -1.314117770716653 -1.0784685830781973 47.2
      vertex -1.413498340914327 -0.9444693961333237 47.2
    endloop
  endfacet
  facet normal 0 0 1
    outer loop
      vertex -1.6743157806499147 -2.9 47.2
      vertex -1.413498340914327 -0.9444693961333237 47.2
      vertex -1.4992661493922035 -0.8013744526041959 47.2
    endloop
  endfacet
  facet normal 0 0 1
    outer loop
      vertex -1.6743157806499147 -2.9 47.2
      vertex -1.2020815280171309 -1.2020815280171309 47.2
      vertex -1.314117770716653 -1.0784685830781973 47.2
    endloop
  endfacet
  facet normal 0 0 1
    outer loop
      vertex -1.6743157806499147 -2.9 47.2
      vertex -1.626798570744755 -0.49348395133258594 47.2
      vertex -1.6673349766854917 -0.33165354742741804 47.2
    endloop
  endfacet
  facet normal 0.8660254037844387 -0.5000000000000001 0
    outer loop
      vertex -3.3486315612998294 0 47.2
      vertex -1.6743157806499147 2.9 52
      vertex -3.3486315612998294 0 52
    endloop
  endfacet
  facet normal 0 0 1
    outer loop
      vertex -3.3486315612998294 0 47.2
      vertex -1.7 0 47.2
      vertex -1.6918140353427347 0.16662913856025302 47.2
    endloop
  endfacet
  facet normal 0 0 1
    outer loop
      vertex -3.3486315612998294 0 47.2
      vertex -1.6918140353427347 0.16662913856025302 47.2
      vertex -1.6743157806499147 2.9 47.2
    endloop
  endfacet
  facet normal 0.8660254037844387 -0.5000000000000001 0
    outer loop
      vertex -3.3486315612998294 0 47.2
      vertex -1.6743157806499147 2.9 47.2
      vertex -1.6743157806499147 2.9 52
    endloop
  endfacet
  facet normal 0 0 1
    outer loop
      vertex -1.6918140353427347 0.16662913856025302 47.2
      vertex -1.6673349766854917 0.33165354742741804 47.2
      vertex -1.6743157806499147 2.9 47.2
    endloop
  endfacet
  facet normal 0 0 1
    outer loop
      vertex -1.6673349766854917 0.33165354742741804 47.2
      vertex -1.626798570744755 0.49348395133258594 47.2
      vertex -1.6743157806499147 2.9 47.2
    endloop
  endfacet
  facet normal 0 0 1
    outer loop
      vertex -1.626798570744755 0.49348395133258594 47.2
      vertex -1.5705952052691874 0.6505618350206526 47.2
      vertex -1.6743157806499147 2.9 47.2
    endloop
  endfacet
  facet normal 0 0 1
    outer loop
      vertex -1.5705952052691874 0.6505618350206526 47.2
      vertex -1.4992661493922035 0.8013744526041959 47.2
      vertex -1.6743157806499147 2.9 47.2
    endloop
  endfacet
  facet normal 0 0 1
    outer loop
      vertex -1.4992661493922035 0.8013744526041959 47.2
      vertex -1.413498340914327 0.9444693961333237 47.2
      vertex -1.6743157806499147 2.9 47.2
    endloop
  endfacet
  facet normal 0 0 1
    outer loop
      vertex -1.413498340914327 0.9444693961333237 47.2
      vertex -1.314117770716653 1.0784685830781973 47.2
      vertex -1.6743157806499147 2.9 47.2
    endloop
  endfacet
  facet normal 0 0 1
    outer loop
      vertex -1.314117770716653 1.0784685830781973 47.2
      vertex -1.2020815280171309 1.2020815280171309 47.2
      vertex -1.6743157806499147 2.9 47.2
    endloop
  endfacet
  facet normal 0 0 1
    outer loop
      vertex -1.2020815280171309 1.2020815280171309 47.2
      vertex -1.0784685830781973 1.314117770716653 47.2
      vertex -1.6743157806499147 2.9 47.2
    endloop
  endfacet
  facet normal 0 0 1
    outer loop
      vertex -1.0784685830781973 1.314117770716653 47.2
      vertex -0.9444693961333237 1.413498340914327 47.2
      vertex -1.6743157806499147 2.9 47.2
    endloop
  endfacet
  facet normal 0 0 1
    outer loop
      vertex -0.9444693961333237 1.413498340914327 47.2
      vertex -0.8013744526041959 1.4992661493922035 47.2
      vertex -1.6743157806499147 2.9 47.2
    endloop
  endfacet
  facet normal 0 0 1
    outer loop
      vertex -1.6743157806499147 2.9 47.2
      vertex -0.8013744526041959 1.4992661493922035 47.2
      vertex -0.6505618350206526 1.5705952052691874 47.2
    endloop
  endfacet
  facet normal 0 0 1
    outer loop
      vertex -1.6743157806499147 2.9 47.2
      vertex -0.6505618350206526 1.5705952052691874 47.2
      vertex -0.49348395133258594 1.626798570744755 47.2
    endloop
  endfacet
  facet normal 0 0 1
    outer loop
      vertex -1.6743157806499147 2.9 47.2
      vertex -0.49348395133258594 1.626798570744755 47.2
      vertex -0.33165354742741804 1.6673349766854917 47.2
    endloop
  endfacet
  facet normal 0 0 1
    outer loop
      vertex -1.6743157806499147 2.9 47.2
      vertex -0.33165354742741804 1.6673349766854917 47.2
      vertex -0.16662913856025302 1.6918140353427347 47.2
    endloop
  endfacet
  facet normal 0 0 1
    outer loop
      vertex -1.6743157806499147 2.9 47.2
      vertex -0.16662913856025302 1.6918140353427347 47.2
      vertex 0 1.7 47.2
    endloop
  endfacet
  facet normal 0 0 1
    outer loop
      vertex -1.6743157806499147 2.9 47.2
      vertex 0 1.7 47.2
      vertex 0.16662913856025302 1.6918140353427347 47.2
    endloop
  endfacet
  facet normal 0 -1 0
    outer loop
      vertex -1.6743157806499147 2.9 47.2
      vertex 1.6743157806499147 2.9 52
      vertex -1.6743157806499147 2.9 52
    endloop
  endfacet
  facet normal 0 1 0
    outer loop
      vertex 1.6743157806499147 -2.9 47.2
      vertex -1.6743157806499147 -2.9 52
      vertex 1.6743157806499147 -2.9 52
    endloop
  endfacet
  facet normal 0 0 1
    outer loop
      vertex -0.16662913856025302 -1.6918140353427347 47.2
      vertex 1.6743157806499147 -2.9 47.2
      vertex 0 -1.7 47.2
    endloop
  endfacet
  facet normal 0 0 1
    outer loop
      vertex 0 -1.7 47.2
      vertex 1.6743157806499147 -2.9 47.2
      vertex 0.16662913856025302 -1.6918140353427347 47.2
    endloop
  endfacet
  facet normal 0 0 1
    outer loop
      vertex 0.16662913856025302 -1.6918140353427347 47.2
      vertex 1.6743157806499147 -2.9 47.2
      vertex 0.33165354742741804 -1.6673349766854917 47.2
    endloop
  endfacet
  facet normal 0 0 1
    outer loop
      vertex 0.33165354742741804 -1.6673349766854917 47.2
      vertex 1.6743157806499147 -2.9 47.2
      vertex 0.49348395133258594 -1.626798570744755 47.2
    endloop
  endfacet
  facet normal 0 0 1
    outer loop
      vertex 0.49348395133258594 -1.626798570744755 47.2
      vertex 1.6743157806499147 -2.9 47.2
      vertex 0.6505618350206526 -1.5705952052691874 47.2
    endloop
  endfacet
  facet normal 0 0 1
    outer loop
      vertex 0.6505618350206526 -1.5705952052691874 47.2
      vertex 1.6743157806499147 -2.9 47.2
      vertex 0.8013744526041959 -1.4992661493922035 47.2
    endloop
  endfacet
  facet normal 0 0 1
    outer loop
      vertex 0.8013744526041959 -1.4992661493922035 47.2
      vertex 1.6743157806499147 -2.9 47.2
      vertex 0.9444693961333237 -1.413498340914327 47.2
    endloop
  endfacet
  facet normal 0 0 1
    outer loop
      vertex 0.9444693961333237 -1.413498340914327 47.2
      vertex 1.6743157806499147 -2.9 47.2
      vertex 1.0784685830781973 -1.314117770716653 47.2
    endloop
  endfacet
  facet normal 0 0 1
    outer loop
      vertex 1.0784685830781973 -1.314117770716653 47.2
      vertex 1.6743157806499147 -2.9 47.2
      vertex 1.2020815280171309 -1.2020815280171309 47.2
    endloop
  endfacet
  facet normal 0 0 1
    outer loop
      vertex 1.2020815280171309 -1.2020815280171309 47.2
      vertex 1.6743157806499147 -2.9 47.2
      vertex 1.314117770716653 -1.0784685830781973 47.2
    endloop
  endfacet
  facet normal 0 0 1
    outer loop
      vertex 1.314117770716653 -1.0784685830781973 47.2
      vertex 1.6743157806499147 -2.9 47.2
      vertex 1.413498340914327 -0.9444693961333237 47.2
    endloop
  endfacet
  facet normal 0 0 1
    outer loop
      vertex 1.413498340914327 -0.9444693961333237 47.2
      vertex 1.6743157806499147 -2.9 47.2
      vertex 1.4992661493922035 -0.8013744526041959 47.2
    endloop
  endfacet
  facet normal 0 0 1
    outer loop
      vertex 1.4992661493922035 -0.8013744526041959 47.2
      vertex 1.6743157806499147 -2.9 47.2
      vertex 1.5705952052691874 -0.6505618350206526 47.2
    endloop
  endfacet
  facet normal 0 0 1
    outer loop
      vertex 1.5705952052691874 -0.6505618350206526 47.2
      vertex 1.6743157806499147 -2.9 47.2
      vertex 1.626798570744755 -0.49348395133258594 47.2
    endloop
  endfacet
  facet normal 0 0 1
    outer loop
      vertex 1.626798570744755 -0.49348395133258594 47.2
      vertex 1.6743157806499147 -2.9 47.2
      vertex 1.6673349766854917 -0.33165354742741804 47.2
    endloop
  endfacet
  facet normal 0 0 1
    outer loop
      vertex 1.6673349766854917 -0.33165354742741804 47.2
      vertex 1.6743157806499147 -2.9 47.2
      vertex 1.6918140353427347 -0.16662913856025302 47.2
    endloop
  endfacet
  facet normal -0.8660254037844387 0.5000000000000001 0
    outer loop
      vertex 1.6743157806499147 -2.9 47.2
      vertex 1.6743157806499147 -2.9 52
      vertex 3.3486315612998294 0 47.2
    endloop
  endfacet
  facet normal 0 0 1
    outer loop
      vertex 1.6743157806499147 -2.9 47.2
      vertex 3.3486315612998294 0 47.2
      vertex 1.6918140353427347 -0.16662913856025302 47.2
    endloop
  endfacet
  facet normal 0 0 1
    outer loop
      vertex 1.6918140353427347 -0.16662913856025302 47.2
      vertex 3.3486315612998294 0 47.2
      vertex 1.7 0 47.2
    endloop
  endfacet
  facet normal -0.8660254037844387 0.5000000000000001 0
    outer loop
      vertex 3.3486315612998294 0 47.2
      vertex 1.6743157806499147 -2.9 52
      vertex 3.3486315612998294 0 52
    endloop
  endfacet
  facet normal 0 0 1
    outer loop
      vertex 1.6673349766854917 0.33165354742741804 47.2
      vertex 1.6743157806499147 2.9 47.2
      vertex 1.626798570744755 0.49348395133258594 47.2
    endloop
  endfacet
  facet normal 0 0 1
    outer loop
      vertex 1.2020815280171309 1.2020815280171309 47.2
      vertex 1.314117770716653 1.0784685830781973 47.2
      vertex 1.6743157806499147 2.9 47.2
    endloop
  endfacet
  facet normal 0 0 1
    outer loop
      vertex 1.413498340914327 0.9444693961333237 47.2
      vertex 1.4992661493922035 0.8013744526041959 47.2
      vertex 1.6743157806499147 2.9 47.2
    endloop
  endfacet
  facet normal 0 0 1
    outer loop
      vertex 1.413498340914327 0.9444693961333237 47.2
      vertex 1.6743157806499147 2.9 47.2
      vertex 1.314117770716653 1.0784685830781973 47.2
    endloop
  endfacet
  facet normal 0 0 1
    outer loop
      vertex 1.626798570744755 0.49348395133258594 47.2
      vertex 1.6743157806499147 2.9 47.2
      vertex 1.5705952052691874 0.6505618350206526 47.2
    endloop
  endfacet
  facet normal 0 0 1
    outer loop
      vertex 1.4992661493922035 0.8013744526041959 47.2
      vertex 1.5705952052691874 0.6505618350206526 47.2
      vertex 1.6743157806499147 2.9 47.2
    endloop
  endfacet
  facet normal 0 0 1
    outer loop
      vertex -1.6743157806499147 2.9 47.2
      vertex 0.16662913856025302 1.6918140353427347 47.2
      vertex 1.6743157806499147 2.9 47.2
    endloop
  endfacet
  facet normal 0 0 1
    outer loop
      vertex 0.16662913856025302 1.6918140353427347 47.2
      vertex 0.33165354742741804 1.6673349766854917 47.2
      vertex 1.6743157806499147 2.9 47.2
    endloop
  endfacet
  facet normal 0 0 1
    outer loop
      vertex 0.33165354742741804 1.6673349766854917 47.2
      vertex 0.49348395133258594 1.626798570744755 47.2
      vertex 1.6743157806499147 2.9 47.2
    endloop
  endfacet
  facet normal 0 -1 0
    outer loop
      vertex -1.6743157806499147 2.9 47.2
      vertex 1.6743157806499147 2.9 47.2
      vertex 1.6743157806499147 2.9 52
    endloop
  endfacet
  facet normal 0 0 1
    outer loop
      vertex 0.49348395133258594 1.626798570744755 47.2
      vertex 0.6505618350206526 1.5705952052691874 47.2
      vertex 1.6743157806499147 2.9 47.2
    endloop
  endfacet
  facet normal 0 0 1
    outer loop
      vertex 0.8013744526041959 1.4992661493922035 47.2
      vertex 1.6743157806499147 2.9 47.2
      vertex 0.6505618350206526 1.5705952052691874 47.2
    endloop
  endfacet
  facet normal 0 0 1
    outer loop
      vertex 0.8013744526041959 1.4992661493922035 47.2
      vertex 0.9444693961333237 1.413498340914327 47.2
      vertex 1.6743157806499147 2.9 47.2
    endloop
  endfacet
  facet normal 0 0 1
    outer loop
      vertex 0.9444693961333237 1.413498340914327 47.2
      vertex 1.0784685830781973 1.314117770716653 47.2
      vertex 1.6743157806499147 2.9 47.2
    endloop
  endfacet
  facet normal 0 0 1
    outer loop
      vertex 1.0784685830781973 1.314117770716653 47.2
      vertex 1.2020815280171309 1.2020815280171309 47.2
      vertex 1.6743157806499147 2.9 47.2
    endloop
  endfacet
  facet normal 0 0 1
    outer loop
      vertex 1.7 0 47.2
      vertex 3.3486315612998294 0 47.2
      vertex 1.6918140353427347 0.16662913856025302 47.2
    endloop
  endfacet
  facet normal 0 0 1
    outer loop
      vertex 1.6673349766854917 0.33165354742741804 47.2
      vertex 1.6918140353427347 0.16662913856025302 47.2
      vertex 3.3486315612998294 0 47.2
    endloop
  endfacet
  facet normal 0 0 1
    outer loop
      vertex 1.6673349766854917 0.33165354742741804 47.2
      vertex 3.3486315612998294 0 47.2
      vertex 1.6743157806499147 2.9 47.2
    endloop
  endfacet
  facet normal -0.8660254037844387 -0.5000000000000001 0
    outer loop
      vertex 1.6743157806499147 2.9 47.2
      vertex 3.3486315612998294 0 47.2
      vertex 3.3486315612998294 0 52
    endloop
  endfacet
  facet normal -0.8660254037844387 -0.5000000000000001 0
    outer loop
      vertex 1.6743157806499147 2.9 47.2
      vertex 3.3486315612998294 0 52
      vertex 1.6743157806499147 2.9 52
    endloop
  endfacet
  facet normal 0.989176509964781 0 0.14673047445536191
    outer loop
      vertex -1.9615705608064609 -7 7.609819355967743
      vertex -1.9615705608064609 7 7.609819355967743
      vertex -1.9903694533443939 -7 7.803965719340879
    endloop
  endfacet
  facet normal 0.9987954562051724 0 0.04906767432741766
    outer loop
      vertex -1.9903694533443939 -7 7.803965719340879
      vertex -1.9903694533443939 7 7.803965719340879
      vertex -2 -7 8
    endloop
  endfacet
  facet normal 0.9987954562051724 0 -0.04906767432741744
    outer loop
      vertex -2 -7 8
      vertex -2 7 8
      vertex -1.9903694533443939 -7 8.196034280659122
    endloop
  endfacet
  facet normal 0.9415440651830205 0 0.3368898533922208
    outer loop
      vertex -1.8477590650225735 -7 7.234633135269821
      vertex -1.8477590650225735 7 7.234633135269821
      vertex -1.9138806714644176 -7 7.419430645491075
    endloop
  endfacet
  facet normal 0.9039892931234433 0 0.4275550934302818
    outer loop
      vertex -1.76384252869671 -7 7.057206526348005
      vertex -1.76384252869671 7 7.057206526348005
      vertex -1.8477590650225735 -7 7.234633135269821
    endloop
  endfacet
  facet normal 0.9700312531945439 0 0.24298017990326412
    outer loop
      vertex -1.9138806714644176 -7 7.419430645491075
      vertex -1.9138806714644176 7 7.419430645491075
      vertex -1.9615705608064609 -7 7.609819355967743
    endloop
  endfacet
  facet normal 0.9891765099647808 0 -0.14673047445536322
    outer loop
      vertex -1.9903694533443939 -7 8.196034280659122
      vertex -1.9903694533443939 7 8.196034280659122
      vertex -1.9615705608064609 -7 8.390180644032256
    endloop
  endfacet
  facet normal 0.9700312531945439 0 -0.24298017990326412
    outer loop
      vertex -1.9615705608064609 -7 8.390180644032256
      vertex -1.9615705608064609 7 8.390180644032256
      vertex -1.9138806714644176 -7 8.580569354508924
    endloop
  endfacet
  facet normal 0.941544065183021 0 -0.33688985339221933
    outer loop
      vertex -1.9138806714644176 -7 8.580569354508924
      vertex -1.9138806714644176 7 8.580569354508924
      vertex -1.8477590650225735 -7 8.76536686473018
    endloop
  endfacet
  facet normal 0.9039892931234442 0 -0.4275550934302801
    outer loop
      vertex -1.8477590650225735 -7 8.76536686473018
      vertex -1.8477590650225735 7 8.76536686473018
      vertex -1.76384252869671 -7 8.942793473651996
    endloop
  endfacet
  facet normal 0.6715589548470181 0 0.7409511253549595
    outer loop
      vertex -1.4142135623730951 -7 6.585786437626905
      vertex -1.268786568327291 -7 6.453979093274526
      vertex -1.268786568327291 7 6.453979093274526
    endloop
  endfacet
  facet normal 0.5956993044924344 0 0.803207531480644
    outer loop
      vertex -1.268786568327291 -7 6.453979093274526
      vertex -1.1111404660392044 -7 6.337060775394909
      vertex -1.1111404660392044 7 6.337060775394909
    endloop
  endfacet
  facet normal 0.5141027441932203 0 0.8577286100002729
    outer loop
      vertex -1.1111404660392044 -7 6.337060775394909
      vertex -0.9427934736519953 -7 6.23615747130329
      vertex -0.9427934736519953 7 6.23615747130329
    endloop
  endfacet
  facet normal 0.4275550934302846 0 0.903989293123442
    outer loop
      vertex -0.9427934736519953 -7 6.23615747130329
      vertex -0.7653668647301796 -7 6.152240934977426
      vertex -0.7653668647301796 7 6.152240934977426
    endloop
  endfacet
  facet normal 0.3368898533922157 0 0.9415440651830224
    outer loop
      vertex -0.7653668647301796 -7 6.152240934977426
      vertex -0.5805693545089247 -7 6.086119328535583
      vertex -0.5805693545089247 7 6.086119328535583
    endloop
  endfacet
  facet normal 0.24298017990326629 0 0.9700312531945434
    outer loop
      vertex -0.5805693545089247 -7 6.086119328535583
      vertex -0.3901806440322565 -7 6.038429439193539
      vertex -0.3901806440322565 7 6.038429439193539
    endloop
  endfacet
  facet normal 0.1467304744553646 0 0.9891765099647805
    outer loop
      vertex -0.3901806440322565 -7 6.038429439193539
      vertex -0.1960342806591212 -7 6.009630546655606
      vertex -0.1960342806591212 7 6.009630546655606
    endloop
  endfacet
  facet normal 0.04906767432741533 0 0.9987954562051725
    outer loop
      vertex -0.1960342806591212 -7 6.009630546655606
      vertex 0 -7 6
      vertex 0 7 6
    endloop
  endfacet
  facet normal 0.8577286100002723 0 0.5141027441932213
    outer loop
      vertex -1.6629392246050905 -7 6.888859533960796
      vertex -1.6629392246050905 7 6.888859533960796
      vertex -1.76384252869671 -7 7.057206526348005
    endloop
  endfacet
  facet normal 0.803207531480646 0 0.5956993044924319
    outer loop
      vertex -1.546020906725474 -7 6.731213431672709
      vertex -1.546020906725474 7 6.731213431672709
      vertex -1.6629392246050905 -7 6.888859533960796
    endloop
  endfacet
  facet normal 0.7409511253549579 0 0.6715589548470197
    outer loop
      vertex -1.546020906725474 -7 6.731213431672709
      vertex -1.4142135623730951 -7 6.585786437626905
      vertex -1.4142135623730951 7 6.585786437626905
    endloop
  endfacet
  facet normal 0.8577286100002711 0 -0.5141027441932233
    outer loop
      vertex -1.76384252869671 -7 8.942793473651996
      vertex -1.76384252869671 7 8.942793473651996
      vertex -1.6629392246050905 -7 9.111140466039204
    endloop
  endfacet
  facet normal 0.803207531480646 0 -0.5956993044924319
    outer loop
      vertex -1.6629392246050905 -7 9.111140466039204
      vertex -1.6629392246050905 7 9.111140466039204
      vertex -1.546020906725474 -7 9.268786568327291
    endloop
  endfacet
  facet normal 0.7409511253549599 0 -0.6715589548470174
    outer loop
      vertex -1.546020906725474 -7 9.268786568327291
      vertex -1.546020906725474 7 9.268786568327291
      vertex -1.4142135623730951 -7 9.414213562373096
    endloop
  endfacet
  facet normal 0.6715589548470156 0 -0.7409511253549618
    outer loop
      vertex -1.4142135623730951 -7 9.414213562373096
      vertex -1.4142135623730951 7 9.414213562373096
      vertex -1.268786568327291 -7 9.546020906725474
    endloop
  endfacet
  facet normal 0.5956993044924315 0 -0.8032075314806463
    outer loop
      vertex -1.1111404660392044 -7 9.66293922460509
      vertex -1.268786568327291 -7 9.546020906725474
      vertex -1.268786568327291 7 9.546020906725474
    endloop
  endfacet
  facet normal 0.5141027441932237 0 -0.8577286100002708
    outer loop
      vertex -0.9427934736519953 -7 9.76384252869671
      vertex -1.1111404660392044 -7 9.66293922460509
      vertex -1.1111404660392044 7 9.66293922460509
    endloop
  endfacet
  facet normal 0.4275550934302846 0 -0.903989293123442
    outer loop
      vertex -0.7653668647301796 -7 9.847759065022574
      vertex -0.9427934736519953 -7 9.76384252869671
      vertex -0.9427934736519953 7 9.76384252869671
    endloop
  endfacet
  facet normal 0.3368898533922157 0 -0.9415440651830224
    outer loop
      vertex -0.5805693545089247 -7 9.913880671464417
      vertex -0.7653668647301796 -7 9.847759065022574
      vertex -0.7653668647301796 7 9.847759065022574
    endloop
  endfacet
  facet normal 0.24298017990326629 0 -0.9700312531945434
    outer loop
      vertex -0.3901806440322565 -7 9.96157056080646
      vertex -0.5805693545089247 -7 9.913880671464417
      vertex -0.5805693545089247 7 9.913880671464417
    endloop
  endfacet
  facet normal 0.1467304744553646 0 -0.9891765099647805
    outer loop
      vertex -0.1960342806591212 -7 9.990369453344394
      vertex -0.3901806440322565 -7 9.96157056080646
      vertex -0.3901806440322565 7 9.96157056080646
    endloop
  endfacet
  facet normal 0.04906767432741533 0 -0.9987954562051725
    outer loop
      vertex -0.1960342806591212 -7 9.990369453344394
      vertex -0.1960342806591212 7 9.990369453344394
      vertex 0 -7 10
    endloop
  endfacet
  facet normal 0.989176509964781 0 0.14673047445536191
    outer loop
      vertex -1.9903694533443939 -7 7.803965719340879
      vertex -1.9615705608064609 7 7.609819355967743
      vertex -1.9903694533443939 7 7.803965719340879
    endloop
  endfacet
  facet normal 0.9987954562051724 0 0.04906767432741766
    outer loop
      vertex -2 -7 8
      vertex -1.9903694533443939 7 7.803965719340879
      vertex -2 7 8
    endloop
  endfacet
  facet normal 0.9039892931234433 0 0.4275550934302818
    outer loop
      vertex -1.8477590650225735 -7 7.234633135269821
      vertex -1.76384252869671 7 7.057206526348005
      vertex -1.8477590650225735 7 7.234633135269821
    endloop
  endfacet
  facet normal 0.9700312531945439 0 0.24298017990326412
    outer loop
      vertex -1.9615705608064609 -7 7.609819355967743
      vertex -1.9138806714644176 7 7.419430645491075
      vertex -1.9615705608064609 7 7.609819355967743
    endloop
  endfacet
  facet normal 0.9415440651830205 0 0.3368898533922208
    outer loop
      vertex -1.9138806714644176 -7 7.419430645491075
      vertex -1.8477590650225735 7 7.234633135269821
      vertex -1.9138806714644176 7 7.419430645491075
    endloop
  endfacet
  facet normal 0.9987954562051724 0 -0.04906767432741744
    outer loop
      vertex -1.9903694533443939 -7 8.196034280659122
      vertex -2 7 8
      vertex -1.9903694533443939 7 8.196034280659122
    endloop
  endfacet
  facet normal 0.9891765099647808 0 -0.14673047445536322
    outer loop
      vertex -1.9615705608064609 -7 8.390180644032256
      vertex -1.9903694533443939 7 8.196034280659122
      vertex -1.9615705608064609 7 8.390180644032256
    endloop
  endfacet
  facet normal 0.9700312531945439 0 -0.24298017990326412
    outer loop
      vertex -1.9138806714644176 -7 8.580569354508924
      vertex -1.9615705608064609 7 8.390180644032256
      vertex -1.9138806714644176 7 8.580569354508924
    endloop
  endfacet
  facet normal 0.941544065183021 0 -0.33688985339221933
    outer loop
      vertex -1.8477590650225735 -7 8.76536686473018
      vertex -1.9138806714644176 7 8.580569354508924
      vertex -1.8477590650225735 7 8.76536686473018
    endloop
  endfacet
  facet normal 0.9039892931234442 0 -0.4275550934302801
    outer loop
      vertex -1.76384252869671 -7 8.942793473651996
      vertex -1.8477590650225735 7 8.76536686473018
      vertex -1.76384252869671 7 8.942793473651996
    endloop
  endfacet
  facet normal 0.5956993044924344 0 0.803207531480644
    outer loop
      vertex -1.268786568327291 -7 6.453979093274526
      vertex -1.1111404660392044 7 6.337060775394909
      vertex -1.268786568327291 7 6.453979093274526
    endloop
  endfacet
  facet normal 0.5141027441932203 0 0.8577286100002729
    outer loop
      vertex -1.1111404660392044 -7 6.337060775394909
      vertex -0.9427934736519953 7 6.23615747130329
      vertex -1.1111404660392044 7 6.337060775394909
    endloop
  endfacet
  facet normal 0.4275550934302846 0 0.903989293123442
    outer loop
      vertex -0.9427934736519953 -7 6.23615747130329
      vertex -0.7653668647301796 7 6.152240934977426
      vertex -0.9427934736519953 7 6.23615747130329
    endloop
  endfacet
  facet normal 0.3368898533922157 0 0.9415440651830224
    outer loop
      vertex -0.7653668647301796 -7 6.152240934977426
      vertex -0.5805693545089247 7 6.086119328535583
      vertex -0.7653668647301796 7 6.152240934977426
    endloop
  endfacet
  facet normal 0.24298017990326629 0 0.9700312531945434
    outer loop
      vertex -0.5805693545089247 -7 6.086119328535583
      vertex -0.3901806440322565 7 6.038429439193539
      vertex -0.5805693545089247 7 6.086119328535583
    endloop
  endfacet
  facet normal 0.1467304744553646 0 0.9891765099647805
    outer loop
      vertex -0.3901806440322565 -7 6.038429439193539
      vertex -0.1960342806591212 7 6.009630546655606
      vertex -0.3901806440322565 7 6.038429439193539
    endloop
  endfacet
  facet normal 0.04906767432741533 0 0.9987954562051725
    outer loop
      vertex -0.1960342806591212 -7 6.009630546655606
      vertex 0 7 6
      vertex -0.1960342806591212 7 6.009630546655606
    endloop
  endfacet
  facet normal 0.8577286100002723 0 0.5141027441932213
    outer loop
      vertex -1.76384252869671 -7 7.057206526348005
      vertex -1.6629392246050905 7 6.888859533960796
      vertex -1.76384252869671 7 7.057206526348005
    endloop
  endfacet
  facet normal 0.803207531480646 0 0.5956993044924319
    outer loop
      vertex -1.6629392246050905 -7 6.888859533960796
      vertex -1.546020906725474 7 6.731213431672709
      vertex -1.6629392246050905 7 6.888859533960796
    endloop
  endfacet
  facet normal 0.7409511253549579 0 0.6715589548470197
    outer loop
      vertex -1.546020906725474 -7 6.731213431672709
      vertex -1.4142135623730951 7 6.585786437626905
      vertex -1.546020906725474 7 6.731213431672709
    endloop
  endfacet
  facet normal 0.6715589548470181 0 0.7409511253549595
    outer loop
      vertex -1.4142135623730951 -7 6.585786437626905
      vertex -1.268786568327291 7 6.453979093274526
      vertex -1.4142135623730951 7 6.585786437626905
    endloop
  endfacet
  facet normal 0.8577286100002711 0 -0.5141027441932233
    outer loop
      vertex -1.6629392246050905 -7 9.111140466039204
      vertex -1.76384252869671 7 8.942793473651996
      vertex -1.6629392246050905 7 9.111140466039204
    endloop
  endfacet
  facet normal 0.803207531480646 0 -0.5956993044924319
    outer loop
      vertex -1.546020906725474 -7 9.268786568327291
      vertex -1.6629392246050905 7 9.111140466039204
      vertex -1.546020906725474 7 9.268786568327291
    endloop
  endfacet
  facet normal 0.7409511253549599 0 -0.6715589548470174
    outer loop
      vertex -1.4142135623730951 -7 9.414213562373096
      vertex -1.546020906725474 7 9.268786568327291
      vertex -1.4142135623730951 7 9.414213562373096
    endloop
  endfacet
  facet normal 0.6715589548470156 0 -0.7409511253549618
    outer loop
      vertex -1.268786568327291 -7 9.546020906725474
      vertex -1.4142135623730951 7 9.414213562373096
      vertex -1.268786568327291 7 9.546020906725474
    endloop
  endfacet
  facet normal 0.5956993044924315 0 -0.8032075314806463
    outer loop
      vertex -1.1111404660392044 -7 9.66293922460509
      vertex -1.268786568327291 7 9.546020906725474
      vertex -1.1111404660392044 7 9.66293922460509
    endloop
  endfacet
  facet normal 0.5141027441932237 0 -0.8577286100002708
    outer loop
      vertex -0.9427934736519953 -7 9.76384252869671
      vertex -1.1111404660392044 7 9.66293922460509
      vertex -0.9427934736519953 7 9.76384252869671
    endloop
  endfacet
  facet normal 0.4275550934302846 0 -0.903989293123442
    outer loop
      vertex -0.7653668647301796 -7 9.847759065022574
      vertex -0.9427934736519953 7 9.76384252869671
      vertex -0.7653668647301796 7 9.847759065022574
    endloop
  endfacet
  facet normal 0.3368898533922157 0 -0.9415440651830224
    outer loop
      vertex -0.5805693545089247 -7 9.913880671464417
      vertex -0.7653668647301796 7 9.847759065022574
      vertex -0.5805693545089247 7 9.913880671464417
    endloop
  endfacet
  facet normal 0.24298017990326629 0 -0.9700312531945434
    outer loop
      vertex -0.3901806440322565 -7 9.96157056080646
      vertex -0.5805693545089247 7 9.913880671464417
      vertex -0.3901806440322565 7 9.96157056080646
    endloop
  endfacet
  facet normal 0.1467304744553646 0 -0.9891765099647805
    outer loop
      vertex -0.1960342806591212 -7 9.990369453344394
      vertex -0.3901806440322565 7 9.96157056080646
      vertex -0.1960342806591212 7 9.990369453344394
    endloop
  endfacet
  facet normal 0.04906767432741533 0 -0.9987954562051725
    outer loop
      vertex 0 -7 10
      vertex -0.1960342806591212 7 9.990369453344394
      vertex 0 7 10
    endloop
  endfacet
  facet normal -0.04906767432741533 0 0.9987954562051725
    outer loop
      vertex 0 -7 6
      vertex 0.1960342806591212 -7 6.009630546655606
      vertex 0.1960342806591212 7 6.009630546655606
    endloop
  endfacet
  facet normal -0.1467304744553646 0 0.9891765099647805
    outer loop
      vertex 0.1960342806591212 -7 6.009630546655606
      vertex 0.3901806440322565 -7 6.038429439193539
      vertex 0.3901806440322565 7 6.038429439193539
    endloop
  endfacet
  facet normal -0.24298017990326629 0 0.9700312531945434
    outer loop
      vertex 0.3901806440322565 -7 6.038429439193539
      vertex 0.5805693545089247 -7 6.086119328535583
      vertex 0.5805693545089247 7 6.086119328535583
    endloop
  endfacet
  facet normal -0.3368898533922157 0 0.9415440651830224
    outer loop
      vertex 0.5805693545089247 -7 6.086119328535583
      vertex 0.7653668647301796 -7 6.152240934977426
      vertex 0.7653668647301796 7 6.152240934977426
    endloop
  endfacet
  facet normal -0.4275550934302846 0 0.903989293123442
    outer loop
      vertex 0.7653668647301796 -7 6.152240934977426
      vertex 0.9427934736519953 -7 6.23615747130329
      vertex 0.9427934736519953 7 6.23615747130329
    endloop
  endfacet
  facet normal -0.5141027441932203 0 0.8577286100002729
    outer loop
      vertex 0.9427934736519953 -7 6.23615747130329
      vertex 1.1111404660392044 -7 6.337060775394909
      vertex 1.1111404660392044 7 6.337060775394909
    endloop
  endfacet
  facet normal -0.5956993044924344 0 0.803207531480644
    outer loop
      vertex 1.1111404660392044 -7 6.337060775394909
      vertex 1.268786568327291 -7 6.453979093274526
      vertex 1.268786568327291 7 6.453979093274526
    endloop
  endfacet
  facet normal -0.04906767432741533 0 -0.9987954562051725
    outer loop
      vertex 0 -7 10
      vertex 0 7 10
      vertex 0.1960342806591212 -7 9.990369453344394
    endloop
  endfacet
  facet normal -0.1467304744553646 0 -0.9891765099647805
    outer loop
      vertex 0.3901806440322565 -7 9.96157056080646
      vertex 0.1960342806591212 -7 9.990369453344394
      vertex 0.1960342806591212 7 9.990369453344394
    endloop
  endfacet
  facet normal -0.24298017990326629 0 -0.9700312531945434
    outer loop
      vertex 0.5805693545089247 -7 9.913880671464417
      vertex 0.3901806440322565 -7 9.96157056080646
      vertex 0.3901806440322565 7 9.96157056080646
    endloop
  endfacet
  facet normal -0.3368898533922157 0 -0.9415440651830224
    outer loop
      vertex 0.7653668647301796 -7 9.847759065022574
      vertex 0.5805693545089247 -7 9.913880671464417
      vertex 0.5805693545089247 7 9.913880671464417
    endloop
  endfacet
  facet normal -0.4275550934302846 0 -0.903989293123442
    outer loop
      vertex 0.9427934736519953 -7 9.76384252869671
      vertex 0.7653668647301796 -7 9.847759065022574
      vertex 0.7653668647301796 7 9.847759065022574
    endloop
  endfacet
  facet normal -0.5141027441932237 0 -0.8577286100002708
    outer loop
      vertex 1.1111404660392044 -7 9.66293922460509
      vertex 0.9427934736519953 -7 9.76384252869671
      vertex 0.9427934736519953 7 9.76384252869671
    endloop
  endfacet
  facet normal -0.5956993044924315 0 -0.8032075314806463
    outer loop
      vertex 1.268786568327291 -7 9.546020906725474
      vertex 1.1111404660392044 -7 9.66293922460509
      vertex 1.1111404660392044 7 9.66293922460509
    endloop
  endfacet
  facet normal -0.6715589548470181 0 0.7409511253549595
    outer loop
      vertex 1.268786568327291 -7 6.453979093274526
      vertex 1.4142135623730951 -7 6.585786437626905
      vertex 1.4142135623730951 7 6.585786437626905
    endloop
  endfacet
  facet normal -0.7409511253549579 0 0.6715589548470197
    outer loop
      vertex 1.546020906725474 -7 6.731213431672709
      vertex 1.546020906725474 7 6.731213431672709
      vertex 1.4142135623730951 -7 6.585786437626905
    endloop
  endfacet
  facet normal -0.803207531480646 0 0.5956993044924319
    outer loop
      vertex 1.6629392246050905 -7 6.888859533960796
      vertex 1.6629392246050905 7 6.888859533960796
      vertex 1.546020906725474 -7 6.731213431672709
    endloop
  endfacet
  facet normal -0.8577286100002723 0 0.5141027441932213
    outer loop
      vertex 1.76384252869671 -7 7.057206526348005
      vertex 1.76384252869671 7 7.057206526348005
      vertex 1.6629392246050905 -7 6.888859533960796
    endloop
  endfacet
  facet normal -0.6715589548470156 0 -0.7409511253549618
    outer loop
      vertex 1.4142135623730951 -7 9.414213562373096
      vertex 1.268786568327291 -7 9.546020906725474
      vertex 1.268786568327291 7 9.546020906725474
    endloop
  endfacet
  facet normal -0.7409511253549599 0 -0.6715589548470174
    outer loop
      vertex 1.4142135623730951 -7 9.414213562373096
      vertex 1.4142135623730951 7 9.414213562373096
      vertex 1.546020906725474 -7 9.268786568327291
    endloop
  endfacet
  facet normal -0.803207531480646 0 -0.5956993044924319
    outer loop
      vertex 1.546020906725474 -7 9.268786568327291
      vertex 1.546020906725474 7 9.268786568327291
      vertex 1.6629392246050905 -7 9.111140466039204
    endloop
  endfacet
  facet normal -0.8577286100002711 0 -0.5141027441932233
    outer loop
      vertex 1.6629392246050905 -7 9.111140466039204
      vertex 1.6629392246050905 7 9.111140466039204
      vertex 1.76384252869671 -7 8.942793473651996
    endloop
  endfacet
  facet normal -0.9039892931234433 0 0.4275550934302818
    outer loop
      vertex 1.8477590650225735 -7 7.234633135269821
      vertex 1.8477590650225735 7 7.234633135269821
      vertex 1.76384252869671 -7 7.057206526348005
    endloop
  endfacet
  facet normal -0.9415440651830205 0 0.3368898533922208
    outer loop
      vertex 1.9138806714644176 -7 7.419430645491075
      vertex 1.9138806714644176 7 7.419430645491075
      vertex 1.8477590650225735 -7 7.234633135269821
    endloop
  endfacet
  facet normal -0.9700312531945439 0 0.24298017990326412
    outer loop
      vertex 1.9615705608064609 -7 7.609819355967743
      vertex 1.9615705608064609 7 7.609819355967743
      vertex 1.9138806714644176 -7 7.419430645491075
    endloop
  endfacet
  facet normal -0.989176509964781 0 0.14673047445536191
    outer loop
      vertex 1.9903694533443939 -7 7.803965719340879
      vertex 1.9903694533443939 7 7.803965719340879
      vertex 1.9615705608064609 -7 7.609819355967743
    endloop
  endfacet
  facet normal -0.9987954562051724 0 0.04906767432741766
    outer loop
      vertex 2 -7 8
      vertex 2 7 8
      vertex 1.9903694533443939 -7 7.803965719340879
    endloop
  endfacet
  facet normal -0.9039892931234442 0 -0.4275550934302801
    outer loop
      vertex 1.76384252869671 -7 8.942793473651996
      vertex 1.76384252869671 7 8.942793473651996
      vertex 1.8477590650225735 -7 8.76536686473018
    endloop
  endfacet
  facet normal -0.9700312531945439 0 -0.24298017990326412
    outer loop
      vertex 1.9138806714644176 -7 8.580569354508924
      vertex 1.9138806714644176 7 8.580569354508924
      vertex 1.9615705608064609 -7 8.390180644032256
    endloop
  endfacet
  facet normal -0.941544065183021 0 -0.33688985339221933
    outer loop
      vertex 1.8477590650225735 -7 8.76536686473018
      vertex 1.8477590650225735 7 8.76536686473018
      vertex 1.9138806714644176 -7 8.580569354508924
    endloop
  endfacet
  facet normal -0.9987954562051724 0 -0.04906767432741744
    outer loop
      vertex 1.9903694533443939 -7 8.196034280659122
      vertex 1.9903694533443939 7 8.196034280659122
      vertex 2 -7 8
    endloop
  endfacet
  facet normal -0.9891765099647808 0 -0.14673047445536322
    outer loop
      vertex 1.9615705608064609 -7 8.390180644032256
      vertex 1.9615705608064609 7 8.390180644032256
      vertex 1.9903694533443939 -7 8.196034280659122
    endloop
  endfacet
  facet normal -0.04906767432741533 0 0.9987954562051725
    outer loop
      vertex 0 -7 6
      vertex 0.1960342806591212 7 6.009630546655606
      vertex 0 7 6
    endloop
  endfacet
  facet normal -0.1467304744553646 0 0.9891765099647805
    outer loop
      vertex 0.1960342806591212 -7 6.009630546655606
      vertex 0.3901806440322565 7 6.038429439193539
      vertex 0.1960342806591212 7 6.009630546655606
    endloop
  endfacet
  facet normal -0.24298017990326629 0 0.9700312531945434
    outer loop
      vertex 0.3901806440322565 -7 6.038429439193539
      vertex 0.5805693545089247 7 6.086119328535583
      vertex 0.3901806440322565 7 6.038429439193539
    endloop
  endfacet
  facet normal -0.3368898533922157 0 0.9415440651830224
    outer loop
      vertex 0.5805693545089247 -7 6.086119328535583
      vertex 0.7653668647301796 7 6.152240934977426
      vertex 0.5805693545089247 7 6.086119328535583
    endloop
  endfacet
  facet normal -0.4275550934302846 0 0.903989293123442
    outer loop
      vertex 0.7653668647301796 -7 6.152240934977426
      vertex 0.9427934736519953 7 6.23615747130329
      vertex 0.7653668647301796 7 6.152240934977426
    endloop
  endfacet
  facet normal -0.5141027441932203 0 0.8577286100002729
    outer loop
      vertex 0.9427934736519953 -7 6.23615747130329
      vertex 1.1111404660392044 7 6.337060775394909
      vertex 0.9427934736519953 7 6.23615747130329
    endloop
  endfacet
  facet normal -0.5956993044924344 0 0.803207531480644
    outer loop
      vertex 1.1111404660392044 -7 6.337060775394909
      vertex 1.268786568327291 7 6.453979093274526
      vertex 1.1111404660392044 7 6.337060775394909
    endloop
  endfacet
  facet normal -0.6715589548470181 0 0.7409511253549595
    outer loop
      vertex 1.268786568327291 -7 6.453979093274526
      vertex 1.4142135623730951 7 6.585786437626905
      vertex 1.268786568327291 7 6.453979093274526
    endloop
  endfacet
  facet normal -0.04906767432741533 0 -0.9987954562051725
    outer loop
      vertex 0.1960342806591212 -7 9.990369453344394
      vertex 0 7 10
      vertex 0.1960342806591212 7 9.990369453344394
    endloop
  endfacet
  facet normal -0.1467304744553646 0 -0.9891765099647805
    outer loop
      vertex 0.3901806440322565 -7 9.96157056080646
      vertex 0.1960342806591212 7 9.990369453344394
      vertex 0.3901806440322565 7 9.96157056080646
    endloop
  endfacet
  facet normal -0.24298017990326629 0 -0.9700312531945434
    outer loop
      vertex 0.5805693545089247 -7 9.913880671464417
      vertex 0.3901806440322565 7 9.96157056080646
      vertex 0.5805693545089247 7 9.913880671464417
    endloop
  endfacet
  facet normal -0.3368898533922157 0 -0.9415440651830224
    outer loop
      vertex 0.7653668647301796 -7 9.847759065022574
      vertex 0.5805693545089247 7 9.913880671464417
      vertex 0.7653668647301796 7 9.847759065022574
    endloop
  endfacet
  facet normal -0.5141027441932237 0 -0.8577286100002708
    outer loop
      vertex 1.1111404660392044 -7 9.66293922460509
      vertex 0.9427934736519953 7 9.76384252869671
      vertex 1.1111404660392044 7 9.66293922460509
    endloop
  endfacet
  facet normal -0.5956993044924315 0 -0.8032075314806463
    outer loop
      vertex 1.268786568327291 -7 9.546020906725474
      vertex 1.1111404660392044 7 9.66293922460509
      vertex 1.268786568327291 7 9.546020906725474
    endloop
  endfacet
  facet normal -0.7409511253549579 0 0.6715589548470197
    outer loop
      vertex 1.4142135623730951 -7 6.585786437626905
      vertex 1.546020906725474 7 6.731213431672709
      vertex 1.4142135623730951 7 6.585786437626905
    endloop
  endfacet
  facet normal -0.803207531480646 0 0.5956993044924319
    outer loop
      vertex 1.546020906725474 -7 6.731213431672709
      vertex 1.6629392246050905 7 6.888859533960796
      vertex 1.546020906725474 7 6.731213431672709
    endloop
  endfacet
  facet normal -0.8577286100002723 0 0.5141027441932213
    outer loop
      vertex 1.6629392246050905 -7 6.888859533960796
      vertex 1.76384252869671 7 7.057206526348005
      vertex 1.6629392246050905 7 6.888859533960796
    endloop
  endfacet
  facet normal -0.6715589548470156 0 -0.7409511253549618
    outer loop
      vertex 1.4142135623730951 -7 9.414213562373096
      vertex 1.268786568327291 7 9.546020906725474
      vertex 1.4142135623730951 7 9.414213562373096
    endloop
  endfacet
  facet normal -0.7409511253549599 0 -0.6715589548470174
    outer loop
      vertex 1.546020906725474 -7 9.268786568327291
      vertex 1.4142135623730951 7 9.414213562373096
      vertex 1.546020906725474 7 9.268786568327291
    endloop
  endfacet
  facet normal -0.803207531480646 0 -0.5956993044924319
    outer loop
      vertex 1.6629392246050905 -7 9.111140466039204
      vertex 1.546020906725474 7 9.268786568327291
      vertex 1.6629392246050905 7 9.111140466039204
    endloop
  endfacet
  facet normal -0.8577286100002711 0 -0.5141027441932233
    outer loop
      vertex 1.76384252869671 -7 8.942793473651996
      vertex 1.6629392246050905 7 9.111140466039204
      vertex 1.76384252869671 7 8.942793473651996
    endloop
  endfacet
  facet normal -0.4275550934302846 0 -0.903989293123442
    outer loop
      vertex 0.9427934736519953 -7 9.76384252869671
      vertex 0.7653668647301796 7 9.847759065022574
      vertex 0.9427934736519953 7 9.76384252869671
    endloop
  endfacet
  facet normal -0.9039892931234433 0 0.4275550934302818
    outer loop
      vertex 1.76384252869671 -7 7.057206526348005
      vertex 1.8477590650225735 7 7.234633135269821
      vertex 1.76384252869671 7 7.057206526348005
    endloop
  endfacet
  facet normal -0.9415440651830205 0 0.3368898533922208
    outer loop
      vertex 1.8477590650225735 -7 7.234633135269821
      vertex 1.9138806714644176 7 7.419430645491075
      vertex 1.8477590650225735 7 7.234633135269821
    endloop
  endfacet
  facet normal -0.9700312531945439 0 0.24298017990326412
    outer loop
      vertex 1.9138806714644176 -7 7.419430645491075
      vertex 1.9615705608064609 7 7.609819355967743
      vertex 1.9138806714644176 7 7.419430645491075
    endloop
  endfacet
  facet normal -0.989176509964781 0 0.14673047445536191
    outer loop
      vertex 1.9615705608064609 -7 7.609819355967743
      vertex 1.9903694533443939 7 7.803965719340879
      vertex 1.9615705608064609 7 7.609819355967743
    endloop
  endfacet
  facet normal -0.9987954562051724 0 0.04906767432741766
    outer loop
      vertex 1.9903694533443939 -7 7.803965719340879
      vertex 2 7 8
      vertex 1.9903694533443939 7 7.803965719340879
    endloop
  endfacet
  facet normal -0.9987954562051724 0 -0.04906767432741744
    outer loop
      vertex 2 -7 8
      vertex 1.9903694533443939 7 8.196034280659122
      vertex 2 7 8
    endloop
  endfacet
  facet normal -0.9039892931234442 0 -0.4275550934302801
    outer loop
      vertex 1.8477590650225735 -7 8.76536686473018
      vertex 1.76384252869671 7 8.942793473651996
      vertex 1.8477590650225735 7 8.76536686473018
    endloop
  endfacet
  facet normal -0.9700312531945439 0 -0.24298017990326412
    outer loop
      vertex 1.9615705608064609 -7 8.390180644032256
      vertex 1.9138806714644176 7 8.580569354508924
      vertex 1.9615705608064609 7 8.390180644032256
    endloop
  endfacet
  facet normal -0.941544065183021 0 -0.33688985339221933
    outer loop
      vertex 1.9138806714644176 -7 8.580569354508924
      vertex 1.8477590650225735 7 8.76536686473018
      vertex 1.9138806714644176 7 8.580569354508924
    endloop
  endfacet
  facet normal -0.9891765099647808 0 -0.14673047445536322
    outer loop
      vertex 1.9903694533443939 -7 8.196034280659122
      vertex 1.9615705608064609 7 8.390180644032256
      vertex 1.9903694533443939 7 8.196034280659122
    endloop
  endfacet
endsolid OpenSCAD_Model
