solid OpenSCAD_Model
  facet normal 0.6715589548470188 0.7409511253549587 0
    outer loop
      vertex 23.797918471982868 14.79791847198287 1.4
      vertex 23.921531416921802 14.685882229283347 0
      vertex 23.797918471982868 14.79791847198287 0
    endloop
  endfacet
  facet normal 0.5956993044924344 0.8032075314806443 0
    outer loop
      vertex 23.921531416921802 14.685882229283347 1.4
      vertex 24.055530603866675 14.586501659085673 0
      vertex 23.921531416921802 14.685882229283347 0
    endloop
  endfacet
  facet normal 0.7409511253549592 0.6715589548470182 0
    outer loop
      vertex 23.685882229283347 14.921531416921802 1.4
      vertex 23.797918471982868 14.79791847198287 0
      vertex 23.685882229283347 14.921531416921802 0
    endloop
  endfacet
  facet normal 0.8032075314806479 0.5956993044924292 0
    outer loop
      vertex 23.586501659085673 15.055530603866677 1.4
      vertex 23.685882229283347 14.921531416921802 0
      vertex 23.586501659085673 15.055530603866677 0
    endloop
  endfacet
  facet normal 0.9039892931234447 0.42755509343027925 0
    outer loop
      vertex 23.429404794730814 15.349438164979347 1.4
      vertex 23.500733850607798 15.198625547395803 0
      vertex 23.429404794730814 15.349438164979347 0
    endloop
  endfacet
  facet normal 0.9415440651830207 0.3368898533922203 0
    outer loop
      vertex 23.373201429255246 15.506516048667415 1.4
      vertex 23.429404794730814 15.349438164979347 0
      vertex 23.373201429255246 15.506516048667415 0
    endloop
  endfacet
  facet normal 0.9700312531945415 0.24298017990327378 0
    outer loop
      vertex 23.332665023314508 15.668346452572582 1.4
      vertex 23.373201429255246 15.506516048667415 0
      vertex 23.332665023314508 15.668346452572582 0
    endloop
  endfacet
  facet normal 0.8577286100002731 0.51410274419322 0
    outer loop
      vertex 23.500733850607798 15.198625547395803 1.4
      vertex 23.586501659085673 15.055530603866677 0
      vertex 23.500733850607798 15.198625547395803 0
    endloop
  endfacet
  facet normal 0.9891765099647817 0.14673047445535692 0
    outer loop
      vertex 23.308185964657266 15.833370861439747 1.4
      vertex 23.332665023314508 15.668346452572582 0
      vertex 23.308185964657266 15.833370861439747 0
    endloop
  endfacet
  facet normal 0.9987954562051724 0.04906767432741787 0
    outer loop
      vertex 23.3 16 1.4
      vertex 23.308185964657266 15.833370861439747 0
      vertex 23.3 16 0
    endloop
  endfacet
  facet normal 0.9987954562051724 -0.04906767432741787 0
    outer loop
      vertex 23.308185964657266 16.166629138560253 1.4
      vertex 23.3 16 0
      vertex 23.308185964657266 16.166629138560253 0
    endloop
  endfacet
  facet normal 0.9891765099647817 -0.14673047445535692 0
    outer loop
      vertex 23.332665023314508 16.33165354742742 1.4
      vertex 23.308185964657266 16.166629138560253 0
      vertex 23.332665023314508 16.33165354742742 0
    endloop
  endfacet
  facet normal 0.9700312531945415 -0.24298017990327378 0
    outer loop
      vertex 23.373201429255246 16.493483951332585 1.4
      vertex 23.332665023314508 16.33165354742742 0
      vertex 23.373201429255246 16.493483951332585 0
    endloop
  endfacet
  facet normal 0.9415440651830207 -0.3368898533922203 0
    outer loop
      vertex 23.429404794730814 16.650561835020653 1.4
      vertex 23.373201429255246 16.493483951332585 0
      vertex 23.429404794730814 16.650561835020653 0
    endloop
  endfacet
  facet normal 0.9039892931234447 -0.42755509343027925 0
    outer loop
      vertex 23.500733850607798 16.801374452604197 1.4
      vertex 23.429404794730814 16.650561835020653 0
      vertex 23.500733850607798 16.801374452604197 0
    endloop
  endfacet
  facet normal 0.8577286100002759 -0.5141027441932153 0
    outer loop
      vertex 23.586501659085673 16.944469396133325 1.4
      vertex 23.500733850607798 16.801374452604197 0
      vertex 23.586501659085673 16.944469396133325 0
    endloop
  endfacet
  facet normal 0.8032075314806443 -0.5956993044924344 0
    outer loop
      vertex 23.685882229283347 17.078468583078198 1.4
      vertex 23.586501659085673 16.944469396133325 0
      vertex 23.685882229283347 17.078468583078198 0
    endloop
  endfacet
  facet normal 0.740951125354964 -0.6715589548470129 0
    outer loop
      vertex 23.797918471982868 17.202081528017132 1.4
      vertex 23.685882229283347 17.078468583078198 0
      vertex 23.797918471982868 17.202081528017132 0
    endloop
  endfacet
  facet normal 0.6715589548470129 -0.740951125354964 0
    outer loop
      vertex 23.921531416921802 17.314117770716653 1.4
      vertex 23.797918471982868 17.202081528017132 0
      vertex 23.921531416921802 17.314117770716653 0
    endloop
  endfacet
  facet normal 0.3368898533922203 0.9415440651830207 0
    outer loop
      vertex 24.349438164979347 14.429404794730813 1.4
      vertex 24.506516048667415 14.373201429255245 0
      vertex 24.349438164979347 14.429404794730813 0
    endloop
  endfacet
  facet normal 0.24298017990326376 0.970031253194544 0
    outer loop
      vertex 24.506516048667415 14.373201429255245 1.4
      vertex 24.66834645257258 14.332665023314508 0
      vertex 24.506516048667415 14.373201429255245 0
    endloop
  endfacet
  facet normal 0.14673047445535692 0.9891765099647817 0
    outer loop
      vertex 24.66834645257258 14.332665023314508 1.4
      vertex 24.833370861439747 14.308185964657266 0
      vertex 24.66834645257258 14.332665023314508 0
    endloop
  endfacet
  facet normal 0.04906767432741787 0.9987954562051724 0
    outer loop
      vertex 24.833370861439747 14.308185964657266 1.4
      vertex 25 14.3 0
      vertex 24.833370861439747 14.308185964657266 0
    endloop
  endfacet
  facet normal -0.04906767432741787 0.9987954562051724 0
    outer loop
      vertex 25 14.3 1.4
      vertex 25.166629138560253 14.308185964657266 0
      vertex 25 14.3 0
    endloop
  endfacet
  facet normal -0.14673047445535692 0.9891765099647817 0
    outer loop
      vertex 25.166629138560253 14.308185964657266 1.4
      vertex 25.33165354742742 14.332665023314508 0
      vertex 25.166629138560253 14.308185964657266 0
    endloop
  endfacet
  facet normal -0.24298017990326376 0.970031253194544 0
    outer loop
      vertex 25.33165354742742 14.332665023314508 1.4
      vertex 25.493483951332585 14.373201429255245 0
      vertex 25.33165354742742 14.332665023314508 0
    endloop
  endfacet
  facet normal -0.3368898533922203 0.9415440651830207 0
    outer loop
      vertex 25.493483951332585 14.373201429255245 1.4
      vertex 25.650561835020653 14.429404794730813 0
      vertex 25.493483951332585 14.373201429255245 0
    endloop
  endfacet
  facet normal 0.5141027441932232 0.8577286100002711 0
    outer loop
      vertex 24.055530603866675 14.586501659085673 1.4
      vertex 24.198625547395803 14.500733850607796 0
      vertex 24.055530603866675 14.586501659085673 0
    endloop
  endfacet
  facet normal 0.42755509343027925 0.9039892931234447 0
    outer loop
      vertex 24.198625547395803 14.500733850607796 1.4
      vertex 24.349438164979347 14.429404794730813 0
      vertex 24.198625547395803 14.500733850607796 0
    endloop
  endfacet
  facet normal -0.42755509343027925 0.9039892931234447 0
    outer loop
      vertex 25.650561835020653 14.429404794730813 1.4
      vertex 25.801374452604197 14.500733850607796 0
      vertex 25.650561835020653 14.429404794730813 0
    endloop
  endfacet
  facet normal -0.5141027441932232 0.8577286100002711 0
    outer loop
      vertex 25.801374452604197 14.500733850607796 1.4
      vertex 25.944469396133325 14.586501659085673 0
      vertex 25.801374452604197 14.500733850607796 0
    endloop
  endfacet
  facet normal -0.5956993044924344 0.8032075314806443 0
    outer loop
      vertex 25.944469396133325 14.586501659085673 1.4
      vertex 26.078468583078198 14.685882229283347 0
      vertex 25.944469396133325 14.586501659085673 0
    endloop
  endfacet
  facet normal -0.6715589548470188 0.7409511253549587 0
    outer loop
      vertex 26.078468583078198 14.685882229283347 1.4
      vertex 26.202081528017132 14.79791847198287 0
      vertex 26.078468583078198 14.685882229283347 0
    endloop
  endfacet
  facet normal -0.7409511253549592 0.6715589548470182 0
    outer loop
      vertex 26.202081528017132 14.79791847198287 1.4
      vertex 26.314117770716653 14.921531416921802 0
      vertex 26.202081528017132 14.79791847198287 0
    endloop
  endfacet
  facet normal -0.8032075314806479 0.5956993044924292 0
    outer loop
      vertex 26.314117770716653 14.921531416921802 1.4
      vertex 26.413498340914327 15.055530603866677 0
      vertex 26.314117770716653 14.921531416921802 0
    endloop
  endfacet
  facet normal -0.8577286100002731 0.51410274419322 0
    outer loop
      vertex 26.413498340914327 15.055530603866677 1.4
      vertex 26.499266149392202 15.198625547395803 0
      vertex 26.413498340914327 15.055530603866677 0
    endloop
  endfacet
  facet normal -0.9039892931234447 0.42755509343027925 0
    outer loop
      vertex 26.499266149392202 15.198625547395803 1.4
      vertex 26.570595205269186 15.349438164979347 0
      vertex 26.499266149392202 15.198625547395803 0
    endloop
  endfacet
  facet normal -0.9415440651830207 0.3368898533922203 0
    outer loop
      vertex 26.570595205269186 15.349438164979347 1.4
      vertex 26.626798570744754 15.506516048667415 0
      vertex 26.570595205269186 15.349438164979347 0
    endloop
  endfacet
  facet normal -0.9700312531945415 0.24298017990327378 0
    outer loop
      vertex 26.626798570744754 15.506516048667415 1.4
      vertex 26.667334976685492 15.668346452572582 0
      vertex 26.626798570744754 15.506516048667415 0
    endloop
  endfacet
  facet normal -0.9891765099647817 0.14673047445535692 0
    outer loop
      vertex 26.667334976685492 15.668346452572582 1.4
      vertex 26.691814035342734 15.833370861439747 0
      vertex 26.667334976685492 15.668346452572582 0
    endloop
  endfacet
  facet normal 0.5956993044924344 -0.8032075314806443 0
    outer loop
      vertex 24.055530603866675 17.413498340914327 1.4
      vertex 23.921531416921802 17.314117770716653 0
      vertex 24.055530603866675 17.413498340914327 0
    endloop
  endfacet
  facet normal 0.5141027441932153 -0.8577286100002759 0
    outer loop
      vertex 24.198625547395803 17.499266149392202 1.4
      vertex 24.055530603866675 17.413498340914327 0
      vertex 24.198625547395803 17.499266149392202 0
    endloop
  endfacet
  facet normal 0.42755509343027925 -0.9039892931234447 0
    outer loop
      vertex 24.349438164979347 17.570595205269186 1.4
      vertex 24.198625547395803 17.499266149392202 0
      vertex 24.349438164979347 17.570595205269186 0
    endloop
  endfacet
  facet normal 0.3368898533922203 -0.9415440651830207 0
    outer loop
      vertex 24.506516048667415 17.626798570744754 1.4
      vertex 24.349438164979347 17.570595205269186 0
      vertex 24.506516048667415 17.626798570744754 0
    endloop
  endfacet
  facet normal 0.24298017990327378 -0.9700312531945415 0
    outer loop
      vertex 24.66834645257258 17.667334976685492 1.4
      vertex 24.506516048667415 17.626798570744754 0
      vertex 24.66834645257258 17.667334976685492 0
    endloop
  endfacet
  facet normal 0.14673047445535692 -0.9891765099647817 0
    outer loop
      vertex 24.833370861439747 17.691814035342734 1.4
      vertex 24.66834645257258 17.667334976685492 0
      vertex 24.833370861439747 17.691814035342734 0
    endloop
  endfacet
  facet normal 0.04906767432741787 -0.9987954562051724 0
    outer loop
      vertex 25 17.7 1.4
      vertex 24.833370861439747 17.691814035342734 0
      vertex 25 17.7 0
    endloop
  endfacet
  facet normal -0.04906767432741787 -0.9987954562051724 0
    outer loop
      vertex 25.166629138560253 17.691814035342734 1.4
      vertex 25 17.7 0
      vertex 25.166629138560253 17.691814035342734 0
    endloop
  endfacet
  facet normal -0.14673047445535692 -0.9891765099647817 0
    outer loop
      vertex 25.33165354742742 17.667334976685492 1.4
      vertex 25.166629138560253 17.691814035342734 0
      vertex 25.33165354742742 17.667334976685492 0
    endloop
  endfacet
  facet normal -0.24298017990327378 -0.9700312531945415 0
    outer loop
      vertex 25.493483951332585 17.626798570744754 1.4
      vertex 25.33165354742742 17.667334976685492 0
      vertex 25.493483951332585 17.626798570744754 0
    endloop
  endfacet
  facet normal -0.3368898533922203 -0.9415440651830207 0
    outer loop
      vertex 25.650561835020653 17.570595205269186 1.4
      vertex 25.493483951332585 17.626798570744754 0
      vertex 25.650561835020653 17.570595205269186 0
    endloop
  endfacet
  facet normal -0.42755509343027925 -0.9039892931234447 0
    outer loop
      vertex 25.801374452604197 17.499266149392202 1.4
      vertex 25.650561835020653 17.570595205269186 0
      vertex 25.801374452604197 17.499266149392202 0
    endloop
  endfacet
  facet normal -0.5141027441932153 -0.8577286100002759 0
    outer loop
      vertex 25.944469396133325 17.413498340914327 1.4
      vertex 25.801374452604197 17.499266149392202 0
      vertex 25.944469396133325 17.413498340914327 0
    endloop
  endfacet
  facet normal -0.9987954562051724 0.04906767432741787 0
    outer loop
      vertex 26.691814035342734 15.833370861439747 1.4
      vertex 26.7 16 0
      vertex 26.691814035342734 15.833370861439747 0
    endloop
  endfacet
  facet normal -0.9987954562051724 -0.04906767432741787 0
    outer loop
      vertex 26.7 16 1.4
      vertex 26.691814035342734 16.166629138560253 0
      vertex 26.7 16 0
    endloop
  endfacet
  facet normal -0.9891765099647817 -0.14673047445535692 0
    outer loop
      vertex 26.691814035342734 16.166629138560253 1.4
      vertex 26.667334976685492 16.33165354742742 0
      vertex 26.691814035342734 16.166629138560253 0
    endloop
  endfacet
  facet normal -0.9700312531945415 -0.24298017990327378 0
    outer loop
      vertex 26.667334976685492 16.33165354742742 1.4
      vertex 26.626798570744754 16.493483951332585 0
      vertex 26.667334976685492 16.33165354742742 0
    endloop
  endfacet
  facet normal -0.8577286100002759 -0.5141027441932153 0
    outer loop
      vertex 26.499266149392202 16.801374452604197 1.4
      vertex 26.413498340914327 16.944469396133325 0
      vertex 26.499266149392202 16.801374452604197 0
    endloop
  endfacet
  facet normal -0.8032075314806443 -0.5956993044924344 0
    outer loop
      vertex 26.413498340914327 16.944469396133325 1.4
      vertex 26.314117770716653 17.078468583078198 0
      vertex 26.413498340914327 16.944469396133325 0
    endloop
  endfacet
  facet normal -0.9415440651830207 -0.3368898533922203 0
    outer loop
      vertex 26.626798570744754 16.493483951332585 1.4
      vertex 26.570595205269186 16.650561835020653 0
      vertex 26.626798570744754 16.493483951332585 0
    endloop
  endfacet
  facet normal -0.9039892931234447 -0.42755509343027925 0
    outer loop
      vertex 26.570595205269186 16.650561835020653 1.4
      vertex 26.499266149392202 16.801374452604197 0
      vertex 26.570595205269186 16.650561835020653 0
    endloop
  endfacet
  facet normal -0.5956993044924344 -0.8032075314806443 0
    outer loop
      vertex 26.078468583078198 17.314117770716653 1.4
      vertex 25.944469396133325 17.413498340914327 0
      vertex 26.078468583078198 17.314117770716653 0
    endloop
  endfacet
  facet normal -0.6715589548470129 -0.740951125354964 0
    outer loop
      vertex 26.202081528017132 17.202081528017132 1.4
      vertex 26.078468583078198 17.314117770716653 0
      vertex 26.202081528017132 17.202081528017132 0
    endloop
  endfacet
  facet normal -0.740951125354964 -0.6715589548470129 0
    outer loop
      vertex 26.314117770716653 17.078468583078198 1.4
      vertex 26.202081528017132 17.202081528017132 0
      vertex 26.314117770716653 17.078468583078198 0
    endloop
  endfacet
  facet normal 0.6715589548470188 0.7409511253549587 0
    outer loop
      vertex 23.797918471982868 14.79791847198287 1.4
      vertex 23.921531416921802 14.685882229283347 1.4
      vertex 23.921531416921802 14.685882229283347 0
    endloop
  endfacet
  facet normal 0.8032075314806479 0.5956993044924292 0
    outer loop
      vertex 23.586501659085673 15.055530603866677 1.4
      vertex 23.685882229283347 14.921531416921802 1.4
      vertex 23.685882229283347 14.921531416921802 0
    endloop
  endfacet
  facet normal 0.7409511253549592 0.6715589548470182 0
    outer loop
      vertex 23.685882229283347 14.921531416921802 1.4
      vertex 23.797918471982868 14.79791847198287 1.4
      vertex 23.797918471982868 14.79791847198287 0
    endloop
  endfacet
  facet normal 0.9039892931234447 0.42755509343027925 0
    outer loop
      vertex 23.429404794730814 15.349438164979347 1.4
      vertex 23.500733850607798 15.198625547395803 1.4
      vertex 23.500733850607798 15.198625547395803 0
    endloop
  endfacet
  facet normal 0.9415440651830207 0.3368898533922203 0
    outer loop
      vertex 23.429404794730814 15.349438164979347 1.4
      vertex 23.429404794730814 15.349438164979347 0
      vertex 23.373201429255246 15.506516048667415 1.4
    endloop
  endfacet
  facet normal 0.9700312531945415 0.24298017990327378 0
    outer loop
      vertex 23.373201429255246 15.506516048667415 1.4
      vertex 23.373201429255246 15.506516048667415 0
      vertex 23.332665023314508 15.668346452572582 1.4
    endloop
  endfacet
  facet normal 0.9891765099647817 0.14673047445535692 0
    outer loop
      vertex 23.332665023314508 15.668346452572582 1.4
      vertex 23.332665023314508 15.668346452572582 0
      vertex 23.308185964657266 15.833370861439747 1.4
    endloop
  endfacet
  facet normal 0.8577286100002731 0.51410274419322 0
    outer loop
      vertex 23.586501659085673 15.055530603866677 1.4
      vertex 23.586501659085673 15.055530603866677 0
      vertex 23.500733850607798 15.198625547395803 1.4
    endloop
  endfacet
  facet normal 0.9987954562051724 0.04906767432741787 0
    outer loop
      vertex 23.308185964657266 15.833370861439747 1.4
      vertex 23.308185964657266 15.833370861439747 0
      vertex 23.3 16 1.4
    endloop
  endfacet
  facet normal 0.9987954562051724 -0.04906767432741787 0
    outer loop
      vertex 23.3 16 1.4
      vertex 23.3 16 0
      vertex 23.308185964657266 16.166629138560253 1.4
    endloop
  endfacet
  facet normal 0.9891765099647817 -0.14673047445535692 0
    outer loop
      vertex 23.308185964657266 16.166629138560253 1.4
      vertex 23.308185964657266 16.166629138560253 0
      vertex 23.332665023314508 16.33165354742742 1.4
    endloop
  endfacet
  facet normal 0.9700312531945415 -0.24298017990327378 0
    outer loop
      vertex 23.332665023314508 16.33165354742742 1.4
      vertex 23.332665023314508 16.33165354742742 0
      vertex 23.373201429255246 16.493483951332585 1.4
    endloop
  endfacet
  facet normal 0.9415440651830207 -0.3368898533922203 0
    outer loop
      vertex 23.373201429255246 16.493483951332585 1.4
      vertex 23.373201429255246 16.493483951332585 0
      vertex 23.429404794730814 16.650561835020653 1.4
    endloop
  endfacet
  facet normal 0.9039892931234447 -0.42755509343027925 0
    outer loop
      vertex 23.429404794730814 16.650561835020653 1.4
      vertex 23.429404794730814 16.650561835020653 0
      vertex 23.500733850607798 16.801374452604197 1.4
    endloop
  endfacet
  facet normal 0.8577286100002759 -0.5141027441932153 0
    outer loop
      vertex 23.500733850607798 16.801374452604197 1.4
      vertex 23.500733850607798 16.801374452604197 0
      vertex 23.586501659085673 16.944469396133325 1.4
    endloop
  endfacet
  facet normal 0.8032075314806443 -0.5956993044924344 0
    outer loop
      vertex 23.586501659085673 16.944469396133325 1.4
      vertex 23.586501659085673 16.944469396133325 0
      vertex 23.685882229283347 17.078468583078198 1.4
    endloop
  endfacet
  facet normal 0.740951125354964 -0.6715589548470129 0
    outer loop
      vertex 23.685882229283347 17.078468583078198 1.4
      vertex 23.685882229283347 17.078468583078198 0
      vertex 23.797918471982868 17.202081528017132 1.4
    endloop
  endfacet
  facet normal 0.6715589548470129 -0.740951125354964 0
    outer loop
      vertex 23.797918471982868 17.202081528017132 1.4
      vertex 23.797918471982868 17.202081528017132 0
      vertex 23.921531416921802 17.314117770716653 1.4
    endloop
  endfacet
  facet normal 0.5956993044924344 -0.8032075314806443 0
    outer loop
      vertex 23.921531416921802 17.314117770716653 1.4
      vertex 23.921531416921802 17.314117770716653 0
      vertex 24.055530603866675 17.413498340914327 1.4
    endloop
  endfacet
  facet normal 0.3368898533922203 0.9415440651830207 0
    outer loop
      vertex 24.349438164979347 14.429404794730813 1.4
      vertex 24.506516048667415 14.373201429255245 1.4
      vertex 24.506516048667415 14.373201429255245 0
    endloop
  endfacet
  facet normal 0.24298017990326376 0.970031253194544 0
    outer loop
      vertex 24.506516048667415 14.373201429255245 1.4
      vertex 24.66834645257258 14.332665023314508 1.4
      vertex 24.66834645257258 14.332665023314508 0
    endloop
  endfacet
  facet normal 0.14673047445535692 0.9891765099647817 0
    outer loop
      vertex 24.66834645257258 14.332665023314508 1.4
      vertex 24.833370861439747 14.308185964657266 1.4
      vertex 24.833370861439747 14.308185964657266 0
    endloop
  endfacet
  facet normal 0.04906767432741787 0.9987954562051724 0
    outer loop
      vertex 24.833370861439747 14.308185964657266 1.4
      vertex 25 14.3 1.4
      vertex 25 14.3 0
    endloop
  endfacet
  facet normal -0.04906767432741787 0.9987954562051724 0
    outer loop
      vertex 25 14.3 1.4
      vertex 25.166629138560253 14.308185964657266 1.4
      vertex 25.166629138560253 14.308185964657266 0
    endloop
  endfacet
  facet normal -0.14673047445535692 0.9891765099647817 0
    outer loop
      vertex 25.166629138560253 14.308185964657266 1.4
      vertex 25.33165354742742 14.332665023314508 1.4
      vertex 25.33165354742742 14.332665023314508 0
    endloop
  endfacet
  facet normal -0.24298017990326376 0.970031253194544 0
    outer loop
      vertex 25.33165354742742 14.332665023314508 1.4
      vertex 25.493483951332585 14.373201429255245 1.4
      vertex 25.493483951332585 14.373201429255245 0
    endloop
  endfacet
  facet normal -0.3368898533922203 0.9415440651830207 0
    outer loop
      vertex 25.493483951332585 14.373201429255245 1.4
      vertex 25.650561835020653 14.429404794730813 1.4
      vertex 25.650561835020653 14.429404794730813 0
    endloop
  endfacet
  facet normal 0.5141027441932232 0.8577286100002711 0
    outer loop
      vertex 24.055530603866675 14.586501659085673 1.4
      vertex 24.198625547395803 14.500733850607796 1.4
      vertex 24.198625547395803 14.500733850607796 0
    endloop
  endfacet
  facet normal 0.5956993044924344 0.8032075314806443 0
    outer loop
      vertex 24.055530603866675 14.586501659085673 1.4
      vertex 24.055530603866675 14.586501659085673 0
      vertex 23.921531416921802 14.685882229283347 1.4
    endloop
  endfacet
  facet normal 0.42755509343027925 0.9039892931234447 0
    outer loop
      vertex 24.349438164979347 14.429404794730813 1.4
      vertex 24.349438164979347 14.429404794730813 0
      vertex 24.198625547395803 14.500733850607796 1.4
    endloop
  endfacet
  facet normal -0.42755509343027925 0.9039892931234447 0
    outer loop
      vertex 25.650561835020653 14.429404794730813 1.4
      vertex 25.801374452604197 14.500733850607796 1.4
      vertex 25.801374452604197 14.500733850607796 0
    endloop
  endfacet
  facet normal -0.5141027441932232 0.8577286100002711 0
    outer loop
      vertex 25.801374452604197 14.500733850607796 1.4
      vertex 25.944469396133325 14.586501659085673 1.4
      vertex 25.944469396133325 14.586501659085673 0
    endloop
  endfacet
  facet normal -0.5956993044924344 0.8032075314806443 0
    outer loop
      vertex 25.944469396133325 14.586501659085673 1.4
      vertex 26.078468583078198 14.685882229283347 1.4
      vertex 26.078468583078198 14.685882229283347 0
    endloop
  endfacet
  facet normal -0.6715589548470188 0.7409511253549587 0
    outer loop
      vertex 26.078468583078198 14.685882229283347 1.4
      vertex 26.202081528017132 14.79791847198287 1.4
      vertex 26.202081528017132 14.79791847198287 0
    endloop
  endfacet
  facet normal -0.7409511253549592 0.6715589548470182 0
    outer loop
      vertex 26.202081528017132 14.79791847198287 1.4
      vertex 26.314117770716653 14.921531416921802 1.4
      vertex 26.314117770716653 14.921531416921802 0
    endloop
  endfacet
  facet normal -0.8032075314806479 0.5956993044924292 0
    outer loop
      vertex 26.314117770716653 14.921531416921802 1.4
      vertex 26.413498340914327 15.055530603866677 1.4
      vertex 26.413498340914327 15.055530603866677 0
    endloop
  endfacet
  facet normal -0.8577286100002731 0.51410274419322 0
    outer loop
      vertex 26.413498340914327 15.055530603866677 1.4
      vertex 26.499266149392202 15.198625547395803 1.4
      vertex 26.499266149392202 15.198625547395803 0
    endloop
  endfacet
  facet normal -0.9039892931234447 0.42755509343027925 0
    outer loop
      vertex 26.499266149392202 15.198625547395803 1.4
      vertex 26.570595205269186 15.349438164979347 1.4
      vertex 26.570595205269186 15.349438164979347 0
    endloop
  endfacet
  facet normal -0.9415440651830207 0.3368898533922203 0
    outer loop
      vertex 26.570595205269186 15.349438164979347 1.4
      vertex 26.626798570744754 15.506516048667415 1.4
      vertex 26.626798570744754 15.506516048667415 0
    endloop
  endfacet
  facet normal -0.9700312531945415 0.24298017990327378 0
    outer loop
      vertex 26.626798570744754 15.506516048667415 1.4
      vertex 26.667334976685492 15.668346452572582 1.4
      vertex 26.667334976685492 15.668346452572582 0
    endloop
  endfacet
  facet normal 0.5141027441932153 -0.8577286100002759 0
    outer loop
      vertex 24.055530603866675 17.413498340914327 1.4
      vertex 24.055530603866675 17.413498340914327 0
      vertex 24.198625547395803 17.499266149392202 1.4
    endloop
  endfacet
  facet normal 0.42755509343027925 -0.9039892931234447 0
    outer loop
      vertex 24.198625547395803 17.499266149392202 1.4
      vertex 24.198625547395803 17.499266149392202 0
      vertex 24.349438164979347 17.570595205269186 1.4
    endloop
  endfacet
  facet normal 0.3368898533922203 -0.9415440651830207 0
    outer loop
      vertex 24.349438164979347 17.570595205269186 1.4
      vertex 24.349438164979347 17.570595205269186 0
      vertex 24.506516048667415 17.626798570744754 1.4
    endloop
  endfacet
  facet normal 0.24298017990327378 -0.9700312531945415 0
    outer loop
      vertex 24.506516048667415 17.626798570744754 1.4
      vertex 24.506516048667415 17.626798570744754 0
      vertex 24.66834645257258 17.667334976685492 1.4
    endloop
  endfacet
  facet normal 0.14673047445535692 -0.9891765099647817 0
    outer loop
      vertex 24.66834645257258 17.667334976685492 1.4
      vertex 24.66834645257258 17.667334976685492 0
      vertex 24.833370861439747 17.691814035342734 1.4
    endloop
  endfacet
  facet normal 0.04906767432741787 -0.9987954562051724 0
    outer loop
      vertex 24.833370861439747 17.691814035342734 1.4
      vertex 24.833370861439747 17.691814035342734 0
      vertex 25 17.7 1.4
    endloop
  endfacet
  facet normal -0.04906767432741787 -0.9987954562051724 0
    outer loop
      vertex 25 17.7 1.4
      vertex 25 17.7 0
      vertex 25.166629138560253 17.691814035342734 1.4
    endloop
  endfacet
  facet normal -0.14673047445535692 -0.9891765099647817 0
    outer loop
      vertex 25.166629138560253 17.691814035342734 1.4
      vertex 25.166629138560253 17.691814035342734 0
      vertex 25.33165354742742 17.667334976685492 1.4
    endloop
  endfacet
  facet normal -0.24298017990327378 -0.9700312531945415 0
    outer loop
      vertex 25.33165354742742 17.667334976685492 1.4
      vertex 25.33165354742742 17.667334976685492 0
      vertex 25.493483951332585 17.626798570744754 1.4
    endloop
  endfacet
  facet normal -0.5956993044924344 -0.8032075314806443 0
    outer loop
      vertex 26.078468583078198 17.314117770716653 1.4
      vertex 25.944469396133325 17.413498340914327 1.4
      vertex 25.944469396133325 17.413498340914327 0
    endloop
  endfacet
  facet normal -0.42755509343027925 -0.9039892931234447 0
    outer loop
      vertex 25.650561835020653 17.570595205269186 1.4
      vertex 25.650561835020653 17.570595205269186 0
      vertex 25.801374452604197 17.499266149392202 1.4
    endloop
  endfacet
  facet normal -0.3368898533922203 -0.9415440651830207 0
    outer loop
      vertex 25.493483951332585 17.626798570744754 1.4
      vertex 25.493483951332585 17.626798570744754 0
      vertex 25.650561835020653 17.570595205269186 1.4
    endloop
  endfacet
  facet normal -0.5141027441932153 -0.8577286100002759 0
    outer loop
      vertex 25.944469396133325 17.413498340914327 1.4
      vertex 25.801374452604197 17.499266149392202 1.4
      vertex 25.801374452604197 17.499266149392202 0
    endloop
  endfacet
  facet normal -0.9891765099647817 0.14673047445535692 0
    outer loop
      vertex 26.667334976685492 15.668346452572582 1.4
      vertex 26.691814035342734 15.833370861439747 1.4
      vertex 26.691814035342734 15.833370861439747 0
    endloop
  endfacet
  facet normal -0.9987954562051724 0.04906767432741787 0
    outer loop
      vertex 26.691814035342734 15.833370861439747 1.4
      vertex 26.7 16 1.4
      vertex 26.7 16 0
    endloop
  endfacet
  facet normal -0.9987954562051724 -0.04906767432741787 0
    outer loop
      vertex 26.7 16 1.4
      vertex 26.691814035342734 16.166629138560253 1.4
      vertex 26.691814035342734 16.166629138560253 0
    endloop
  endfacet
  facet normal -0.9891765099647817 -0.14673047445535692 0
    outer loop
      vertex 26.691814035342734 16.166629138560253 1.4
      vertex 26.667334976685492 16.33165354742742 1.4
      vertex 26.667334976685492 16.33165354742742 0
    endloop
  endfacet
  facet normal -0.8577286100002759 -0.5141027441932153 0
    outer loop
      vertex 26.499266149392202 16.801374452604197 1.4
      vertex 26.413498340914327 16.944469396133325 1.4
      vertex 26.413498340914327 16.944469396133325 0
    endloop
  endfacet
  facet normal -0.8032075314806443 -0.5956993044924344 0
    outer loop
      vertex 26.413498340914327 16.944469396133325 1.4
      vertex 26.314117770716653 17.078468583078198 1.4
      vertex 26.314117770716653 17.078468583078198 0
    endloop
  endfacet
  facet normal -0.9700312531945415 -0.24298017990327378 0
    outer loop
      vertex 26.667334976685492 16.33165354742742 1.4
      vertex 26.626798570744754 16.493483951332585 1.4
      vertex 26.626798570744754 16.493483951332585 0
    endloop
  endfacet
  facet normal -0.9415440651830207 -0.3368898533922203 0
    outer loop
      vertex 26.626798570744754 16.493483951332585 1.4
      vertex 26.570595205269186 16.650561835020653 1.4
      vertex 26.570595205269186 16.650561835020653 0
    endloop
  endfacet
  facet normal -0.9039892931234447 -0.42755509343027925 0
    outer loop
      vertex 26.499266149392202 16.801374452604197 1.4
      vertex 26.499266149392202 16.801374452604197 0
      vertex 26.570595205269186 16.650561835020653 1.4
    endloop
  endfacet
  facet normal -0.740951125354964 -0.6715589548470129 0
    outer loop
      vertex 26.314117770716653 17.078468583078198 1.4
      vertex 26.202081528017132 17.202081528017132 1.4
      vertex 26.202081528017132 17.202081528017132 0
    endloop
  endfacet
  facet normal -0.6715589548470129 -0.740951125354964 0
    outer loop
      vertex 26.078468583078198 17.314117770716653 1.4
      vertex 26.078468583078198 17.314117770716653 0
      vertex 26.202081528017132 17.202081528017132 1.4
    endloop
  endfacet
  facet normal 0.740951125354964 0.6715589548470129 0
    outer loop
      vertex 23.685882229283347 -17.078468583078198 1.4
      vertex 23.797918471982868 -17.202081528017132 0
      vertex 23.685882229283347 -17.078468583078198 0
    endloop
  endfacet
  facet normal 0.6715589548470129 0.740951125354964 0
    outer loop
      vertex 23.797918471982868 -17.202081528017132 1.4
      vertex 23.921531416921802 -17.314117770716653 0
      vertex 23.797918471982868 -17.202081528017132 0
    endloop
  endfacet
  facet normal 0.5956993044924344 0.8032075314806443 0
    outer loop
      vertex 23.921531416921802 -17.314117770716653 1.4
      vertex 24.055530603866675 -17.413498340914327 0
      vertex 23.921531416921802 -17.314117770716653 0
    endloop
  endfacet
  facet normal 0.9039892931234447 0.42755509343027925 0
    outer loop
      vertex 23.429404794730814 -16.650561835020653 1.4
      vertex 23.500733850607798 -16.801374452604197 0
      vertex 23.429404794730814 -16.650561835020653 0
    endloop
  endfacet
  facet normal 0.9415440651830207 0.3368898533922203 0
    outer loop
      vertex 23.373201429255246 -16.493483951332585 1.4
      vertex 23.429404794730814 -16.650561835020653 0
      vertex 23.373201429255246 -16.493483951332585 0
    endloop
  endfacet
  facet normal 0.8032075314806443 0.5956993044924344 0
    outer loop
      vertex 23.586501659085673 -16.944469396133325 1.4
      vertex 23.685882229283347 -17.078468583078198 0
      vertex 23.586501659085673 -16.944469396133325 0
    endloop
  endfacet
  facet normal 0.8577286100002759 0.5141027441932153 0
    outer loop
      vertex 23.500733850607798 -16.801374452604197 1.4
      vertex 23.586501659085673 -16.944469396133325 0
      vertex 23.500733850607798 -16.801374452604197 0
    endloop
  endfacet
  facet normal 0.9700312531945415 0.24298017990327378 0
    outer loop
      vertex 23.332665023314508 -16.33165354742742 1.4
      vertex 23.373201429255246 -16.493483951332585 0
      vertex 23.332665023314508 -16.33165354742742 0
    endloop
  endfacet
  facet normal 0.9891765099647817 0.14673047445535692 0
    outer loop
      vertex 23.308185964657266 -16.166629138560253 1.4
      vertex 23.332665023314508 -16.33165354742742 0
      vertex 23.308185964657266 -16.166629138560253 0
    endloop
  endfacet
  facet normal 0.9987954562051724 0.04906767432741787 0
    outer loop
      vertex 23.3 -16 1.4
      vertex 23.308185964657266 -16.166629138560253 0
      vertex 23.3 -16 0
    endloop
  endfacet
  facet normal 0.9987954562051724 -0.04906767432741787 0
    outer loop
      vertex 23.308185964657266 -15.833370861439747 1.4
      vertex 23.3 -16 0
      vertex 23.308185964657266 -15.833370861439747 0
    endloop
  endfacet
  facet normal 0.9891765099647817 -0.14673047445535692 0
    outer loop
      vertex 23.332665023314508 -15.668346452572582 1.4
      vertex 23.308185964657266 -15.833370861439747 0
      vertex 23.332665023314508 -15.668346452572582 0
    endloop
  endfacet
  facet normal 0.9700312531945415 -0.24298017990327378 0
    outer loop
      vertex 23.373201429255246 -15.506516048667415 1.4
      vertex 23.332665023314508 -15.668346452572582 0
      vertex 23.373201429255246 -15.506516048667415 0
    endloop
  endfacet
  facet normal 0.9415440651830207 -0.3368898533922203 0
    outer loop
      vertex 23.429404794730814 -15.349438164979347 1.4
      vertex 23.373201429255246 -15.506516048667415 0
      vertex 23.429404794730814 -15.349438164979347 0
    endloop
  endfacet
  facet normal 0.9039892931234447 -0.42755509343027925 0
    outer loop
      vertex 23.500733850607798 -15.198625547395803 1.4
      vertex 23.429404794730814 -15.349438164979347 0
      vertex 23.500733850607798 -15.198625547395803 0
    endloop
  endfacet
  facet normal 0.8577286100002731 -0.51410274419322 0
    outer loop
      vertex 23.586501659085673 -15.055530603866677 1.4
      vertex 23.500733850607798 -15.198625547395803 0
      vertex 23.586501659085673 -15.055530603866677 0
    endloop
  endfacet
  facet normal 0.8032075314806479 -0.5956993044924292 0
    outer loop
      vertex 23.685882229283347 -14.921531416921802 1.4
      vertex 23.586501659085673 -15.055530603866677 0
      vertex 23.685882229283347 -14.921531416921802 0
    endloop
  endfacet
  facet normal 0.7409511253549592 -0.6715589548470182 0
    outer loop
      vertex 23.797918471982868 -14.79791847198287 1.4
      vertex 23.685882229283347 -14.921531416921802 0
      vertex 23.797918471982868 -14.79791847198287 0
    endloop
  endfacet
  facet normal 0.6715589548470188 -0.7409511253549587 0
    outer loop
      vertex 23.921531416921802 -14.685882229283347 1.4
      vertex 23.797918471982868 -14.79791847198287 0
      vertex 23.921531416921802 -14.685882229283347 0
    endloop
  endfacet
  facet normal 0.5141027441932153 0.8577286100002759 0
    outer loop
      vertex 24.055530603866675 -17.413498340914327 1.4
      vertex 24.198625547395803 -17.499266149392202 0
      vertex 24.055530603866675 -17.413498340914327 0
    endloop
  endfacet
  facet normal 0.42755509343027925 0.9039892931234447 0
    outer loop
      vertex 24.198625547395803 -17.499266149392202 1.4
      vertex 24.349438164979347 -17.570595205269186 0
      vertex 24.198625547395803 -17.499266149392202 0
    endloop
  endfacet
  facet normal 0.3368898533922203 0.9415440651830207 0
    outer loop
      vertex 24.349438164979347 -17.570595205269186 1.4
      vertex 24.506516048667415 -17.626798570744754 0
      vertex 24.349438164979347 -17.570595205269186 0
    endloop
  endfacet
  facet normal 0.24298017990327378 0.9700312531945415 0
    outer loop
      vertex 24.506516048667415 -17.626798570744754 1.4
      vertex 24.66834645257258 -17.667334976685492 0
      vertex 24.506516048667415 -17.626798570744754 0
    endloop
  endfacet
  facet normal 0.14673047445535692 0.9891765099647817 0
    outer loop
      vertex 24.66834645257258 -17.667334976685492 1.4
      vertex 24.833370861439747 -17.691814035342734 0
      vertex 24.66834645257258 -17.667334976685492 0
    endloop
  endfacet
  facet normal 0.04906767432741787 0.9987954562051724 0
    outer loop
      vertex 24.833370861439747 -17.691814035342734 1.4
      vertex 25 -17.7 0
      vertex 24.833370861439747 -17.691814035342734 0
    endloop
  endfacet
  facet normal -0.04906767432741787 0.9987954562051724 0
    outer loop
      vertex 25 -17.7 1.4
      vertex 25.166629138560253 -17.691814035342734 0
      vertex 25 -17.7 0
    endloop
  endfacet
  facet normal -0.14673047445535692 0.9891765099647817 0
    outer loop
      vertex 25.166629138560253 -17.691814035342734 1.4
      vertex 25.33165354742742 -17.667334976685492 0
      vertex 25.166629138560253 -17.691814035342734 0
    endloop
  endfacet
  facet normal -0.24298017990327378 0.9700312531945415 0
    outer loop
      vertex 25.33165354742742 -17.667334976685492 1.4
      vertex 25.493483951332585 -17.626798570744754 0
      vertex 25.33165354742742 -17.667334976685492 0
    endloop
  endfacet
  facet normal -0.3368898533922203 0.9415440651830207 0
    outer loop
      vertex 25.493483951332585 -17.626798570744754 1.4
      vertex 25.650561835020653 -17.570595205269186 0
      vertex 25.493483951332585 -17.626798570744754 0
    endloop
  endfacet
  facet normal -0.42755509343027925 0.9039892931234447 0
    outer loop
      vertex 25.650561835020653 -17.570595205269186 1.4
      vertex 25.801374452604197 -17.499266149392202 0
      vertex 25.650561835020653 -17.570595205269186 0
    endloop
  endfacet
  facet normal -0.5141027441932153 0.8577286100002759 0
    outer loop
      vertex 25.801374452604197 -17.499266149392202 1.4
      vertex 25.944469396133325 -17.413498340914327 0
      vertex 25.801374452604197 -17.499266149392202 0
    endloop
  endfacet
  facet normal -0.5956993044924344 0.8032075314806443 0
    outer loop
      vertex 25.944469396133325 -17.413498340914327 1.4
      vertex 26.078468583078198 -17.314117770716653 0
      vertex 25.944469396133325 -17.413498340914327 0
    endloop
  endfacet
  facet normal -0.6715589548470129 0.740951125354964 0
    outer loop
      vertex 26.078468583078198 -17.314117770716653 1.4
      vertex 26.202081528017132 -17.202081528017132 0
      vertex 26.078468583078198 -17.314117770716653 0
    endloop
  endfacet
  facet normal -0.740951125354964 0.6715589548470129 0
    outer loop
      vertex 26.202081528017132 -17.202081528017132 1.4
      vertex 26.314117770716653 -17.078468583078198 0
      vertex 26.202081528017132 -17.202081528017132 0
    endloop
  endfacet
  facet normal -0.8032075314806443 0.5956993044924344 0
    outer loop
      vertex 26.314117770716653 -17.078468583078198 1.4
      vertex 26.413498340914327 -16.944469396133325 0
      vertex 26.314117770716653 -17.078468583078198 0
    endloop
  endfacet
  facet normal -0.8577286100002759 0.5141027441932153 0
    outer loop
      vertex 26.413498340914327 -16.944469396133325 1.4
      vertex 26.499266149392202 -16.801374452604197 0
      vertex 26.413498340914327 -16.944469396133325 0
    endloop
  endfacet
  facet normal -0.9039892931234447 0.42755509343027925 0
    outer loop
      vertex 26.499266149392202 -16.801374452604197 1.4
      vertex 26.570595205269186 -16.650561835020653 0
      vertex 26.499266149392202 -16.801374452604197 0
    endloop
  endfacet
  facet normal -0.9415440651830207 0.3368898533922203 0
    outer loop
      vertex 26.570595205269186 -16.650561835020653 1.4
      vertex 26.626798570744754 -16.493483951332585 0
      vertex 26.570595205269186 -16.650561835020653 0
    endloop
  endfacet
  facet normal -0.9700312531945415 0.24298017990327378 0
    outer loop
      vertex 26.626798570744754 -16.493483951332585 1.4
      vertex 26.667334976685492 -16.33165354742742 0
      vertex 26.626798570744754 -16.493483951332585 0
    endloop
  endfacet
  facet normal -0.9891765099647817 0.14673047445535692 0
    outer loop
      vertex 26.667334976685492 -16.33165354742742 1.4
      vertex 26.691814035342734 -16.166629138560253 0
      vertex 26.667334976685492 -16.33165354742742 0
    endloop
  endfacet
  facet normal -0.9987954562051724 0.04906767432741787 0
    outer loop
      vertex 26.691814035342734 -16.166629138560253 1.4
      vertex 26.7 -16 0
      vertex 26.691814035342734 -16.166629138560253 0
    endloop
  endfacet
  facet normal -0.9987954562051724 -0.04906767432741787 0
    outer loop
      vertex 26.7 -16 1.4
      vertex 26.691814035342734 -15.833370861439747 0
      vertex 26.7 -16 0
    endloop
  endfacet
  facet normal -0.9891765099647817 -0.14673047445535692 0
    outer loop
      vertex 26.691814035342734 -15.833370861439747 1.4
      vertex 26.667334976685492 -15.668346452572582 0
      vertex 26.691814035342734 -15.833370861439747 0
    endloop
  endfacet
  facet normal 0.5956993044924344 -0.8032075314806443 0
    outer loop
      vertex 24.055530603866675 -14.586501659085673 1.4
      vertex 23.921531416921802 -14.685882229283347 0
      vertex 24.055530603866675 -14.586501659085673 0
    endloop
  endfacet
  facet normal 0.5141027441932232 -0.8577286100002711 0
    outer loop
      vertex 24.198625547395803 -14.500733850607796 1.4
      vertex 24.055530603866675 -14.586501659085673 0
      vertex 24.198625547395803 -14.500733850607796 0
    endloop
  endfacet
  facet normal 0.42755509343027925 -0.9039892931234447 0
    outer loop
      vertex 24.349438164979347 -14.429404794730813 1.4
      vertex 24.198625547395803 -14.500733850607796 0
      vertex 24.349438164979347 -14.429404794730813 0
    endloop
  endfacet
  facet normal -0.42755509343027925 -0.9039892931234447 0
    outer loop
      vertex 25.801374452604197 -14.500733850607796 1.4
      vertex 25.650561835020653 -14.429404794730813 0
      vertex 25.801374452604197 -14.500733850607796 0
    endloop
  endfacet
  facet normal -0.5141027441932232 -0.8577286100002711 0
    outer loop
      vertex 25.944469396133325 -14.586501659085673 1.4
      vertex 25.801374452604197 -14.500733850607796 0
      vertex 25.944469396133325 -14.586501659085673 0
    endloop
  endfacet
  facet normal 0.3368898533922203 -0.9415440651830207 0
    outer loop
      vertex 24.506516048667415 -14.373201429255245 1.4
      vertex 24.349438164979347 -14.429404794730813 0
      vertex 24.506516048667415 -14.373201429255245 0
    endloop
  endfacet
  facet normal 0.24298017990326376 -0.970031253194544 0
    outer loop
      vertex 24.66834645257258 -14.332665023314508 1.4
      vertex 24.506516048667415 -14.373201429255245 0
      vertex 24.66834645257258 -14.332665023314508 0
    endloop
  endfacet
  facet normal 0.14673047445535692 -0.9891765099647817 0
    outer loop
      vertex 24.833370861439747 -14.308185964657266 1.4
      vertex 24.66834645257258 -14.332665023314508 0
      vertex 24.833370861439747 -14.308185964657266 0
    endloop
  endfacet
  facet normal 0.04906767432741787 -0.9987954562051724 0
    outer loop
      vertex 25 -14.3 1.4
      vertex 24.833370861439747 -14.308185964657266 0
      vertex 25 -14.3 0
    endloop
  endfacet
  facet normal -0.04906767432741787 -0.9987954562051724 0
    outer loop
      vertex 25.166629138560253 -14.308185964657266 1.4
      vertex 25 -14.3 0
      vertex 25.166629138560253 -14.308185964657266 0
    endloop
  endfacet
  facet normal -0.14673047445535692 -0.9891765099647817 0
    outer loop
      vertex 25.33165354742742 -14.332665023314508 1.4
      vertex 25.166629138560253 -14.308185964657266 0
      vertex 25.33165354742742 -14.332665023314508 0
    endloop
  endfacet
  facet normal -0.24298017990326376 -0.970031253194544 0
    outer loop
      vertex 25.493483951332585 -14.373201429255245 1.4
      vertex 25.33165354742742 -14.332665023314508 0
      vertex 25.493483951332585 -14.373201429255245 0
    endloop
  endfacet
  facet normal -0.3368898533922203 -0.9415440651830207 0
    outer loop
      vertex 25.650561835020653 -14.429404794730813 1.4
      vertex 25.493483951332585 -14.373201429255245 0
      vertex 25.650561835020653 -14.429404794730813 0
    endloop
  endfacet
  facet normal -0.8577286100002731 -0.51410274419322 0
    outer loop
      vertex 26.499266149392202 -15.198625547395803 1.4
      vertex 26.413498340914327 -15.055530603866677 0
      vertex 26.499266149392202 -15.198625547395803 0
    endloop
  endfacet
  facet normal -0.9700312531945415 -0.24298017990327378 0
    outer loop
      vertex 26.667334976685492 -15.668346452572582 1.4
      vertex 26.626798570744754 -15.506516048667415 0
      vertex 26.667334976685492 -15.668346452572582 0
    endloop
  endfacet
  facet normal -0.9415440651830207 -0.3368898533922203 0
    outer loop
      vertex 26.626798570744754 -15.506516048667415 1.4
      vertex 26.570595205269186 -15.349438164979347 0
      vertex 26.626798570744754 -15.506516048667415 0
    endloop
  endfacet
  facet normal -0.9039892931234447 -0.42755509343027925 0
    outer loop
      vertex 26.570595205269186 -15.349438164979347 1.4
      vertex 26.499266149392202 -15.198625547395803 0
      vertex 26.570595205269186 -15.349438164979347 0
    endloop
  endfacet
  facet normal -0.8032075314806479 -0.5956993044924292 0
    outer loop
      vertex 26.413498340914327 -15.055530603866677 1.4
      vertex 26.314117770716653 -14.921531416921802 0
      vertex 26.413498340914327 -15.055530603866677 0
    endloop
  endfacet
  facet normal -0.7409511253549592 -0.6715589548470182 0
    outer loop
      vertex 26.314117770716653 -14.921531416921802 1.4
      vertex 26.202081528017132 -14.79791847198287 0
      vertex 26.314117770716653 -14.921531416921802 0
    endloop
  endfacet
  facet normal -0.5956993044924344 -0.8032075314806443 0
    outer loop
      vertex 26.078468583078198 -14.685882229283347 1.4
      vertex 25.944469396133325 -14.586501659085673 0
      vertex 26.078468583078198 -14.685882229283347 0
    endloop
  endfacet
  facet normal -0.6715589548470188 -0.7409511253549587 0
    outer loop
      vertex 26.202081528017132 -14.79791847198287 1.4
      vertex 26.078468583078198 -14.685882229283347 0
      vertex 26.202081528017132 -14.79791847198287 0
    endloop
  endfacet
  facet normal 0.6715589548470129 0.740951125354964 0
    outer loop
      vertex 23.797918471982868 -17.202081528017132 1.4
      vertex 23.921531416921802 -17.314117770716653 1.4
      vertex 23.921531416921802 -17.314117770716653 0
    endloop
  endfacet
  facet normal 0.740951125354964 0.6715589548470129 0
    outer loop
      vertex 23.797918471982868 -17.202081528017132 1.4
      vertex 23.797918471982868 -17.202081528017132 0
      vertex 23.685882229283347 -17.078468583078198 1.4
    endloop
  endfacet
  facet normal 0.9039892931234447 0.42755509343027925 0
    outer loop
      vertex 23.429404794730814 -16.650561835020653 1.4
      vertex 23.500733850607798 -16.801374452604197 1.4
      vertex 23.500733850607798 -16.801374452604197 0
    endloop
  endfacet
  facet normal 0.9415440651830207 0.3368898533922203 0
    outer loop
      vertex 23.429404794730814 -16.650561835020653 1.4
      vertex 23.429404794730814 -16.650561835020653 0
      vertex 23.373201429255246 -16.493483951332585 1.4
    endloop
  endfacet
  facet normal 0.9700312531945415 0.24298017990327378 0
    outer loop
      vertex 23.373201429255246 -16.493483951332585 1.4
      vertex 23.373201429255246 -16.493483951332585 0
      vertex 23.332665023314508 -16.33165354742742 1.4
    endloop
  endfacet
  facet normal 0.8032075314806443 0.5956993044924344 0
    outer loop
      vertex 23.586501659085673 -16.944469396133325 1.4
      vertex 23.685882229283347 -17.078468583078198 1.4
      vertex 23.685882229283347 -17.078468583078198 0
    endloop
  endfacet
  facet normal 0.8577286100002759 0.5141027441932153 0
    outer loop
      vertex 23.586501659085673 -16.944469396133325 1.4
      vertex 23.586501659085673 -16.944469396133325 0
      vertex 23.500733850607798 -16.801374452604197 1.4
    endloop
  endfacet
  facet normal 0.9891765099647817 0.14673047445535692 0
    outer loop
      vertex 23.332665023314508 -16.33165354742742 1.4
      vertex 23.332665023314508 -16.33165354742742 0
      vertex 23.308185964657266 -16.166629138560253 1.4
    endloop
  endfacet
  facet normal 0.9987954562051724 0.04906767432741787 0
    outer loop
      vertex 23.308185964657266 -16.166629138560253 1.4
      vertex 23.308185964657266 -16.166629138560253 0
      vertex 23.3 -16 1.4
    endloop
  endfacet
  facet normal 0.9987954562051724 -0.04906767432741787 0
    outer loop
      vertex 23.3 -16 1.4
      vertex 23.3 -16 0
      vertex 23.308185964657266 -15.833370861439747 1.4
    endloop
  endfacet
  facet normal 0.9891765099647817 -0.14673047445535692 0
    outer loop
      vertex 23.308185964657266 -15.833370861439747 1.4
      vertex 23.308185964657266 -15.833370861439747 0
      vertex 23.332665023314508 -15.668346452572582 1.4
    endloop
  endfacet
  facet normal 0.9700312531945415 -0.24298017990327378 0
    outer loop
      vertex 23.332665023314508 -15.668346452572582 1.4
      vertex 23.332665023314508 -15.668346452572582 0
      vertex 23.373201429255246 -15.506516048667415 1.4
    endloop
  endfacet
  facet normal 0.9415440651830207 -0.3368898533922203 0
    outer loop
      vertex 23.373201429255246 -15.506516048667415 1.4
      vertex 23.373201429255246 -15.506516048667415 0
      vertex 23.429404794730814 -15.349438164979347 1.4
    endloop
  endfacet
  facet normal 0.9039892931234447 -0.42755509343027925 0
    outer loop
      vertex 23.429404794730814 -15.349438164979347 1.4
      vertex 23.429404794730814 -15.349438164979347 0
      vertex 23.500733850607798 -15.198625547395803 1.4
    endloop
  endfacet
  facet normal 0.8577286100002731 -0.51410274419322 0
    outer loop
      vertex 23.500733850607798 -15.198625547395803 1.4
      vertex 23.500733850607798 -15.198625547395803 0
      vertex 23.586501659085673 -15.055530603866677 1.4
    endloop
  endfacet
  facet normal 0.8032075314806479 -0.5956993044924292 0
    outer loop
      vertex 23.586501659085673 -15.055530603866677 1.4
      vertex 23.586501659085673 -15.055530603866677 0
      vertex 23.685882229283347 -14.921531416921802 1.4
    endloop
  endfacet
  facet normal 0.7409511253549592 -0.6715589548470182 0
    outer loop
      vertex 23.685882229283347 -14.921531416921802 1.4
      vertex 23.685882229283347 -14.921531416921802 0
      vertex 23.797918471982868 -14.79791847198287 1.4
    endloop
  endfacet
  facet normal 0.6715589548470188 -0.7409511253549587 0
    outer loop
      vertex 23.797918471982868 -14.79791847198287 1.4
      vertex 23.797918471982868 -14.79791847198287 0
      vertex 23.921531416921802 -14.685882229283347 1.4
    endloop
  endfacet
  facet normal 0.5956993044924344 -0.8032075314806443 0
    outer loop
      vertex 23.921531416921802 -14.685882229283347 1.4
      vertex 23.921531416921802 -14.685882229283347 0
      vertex 24.055530603866675 -14.586501659085673 1.4
    endloop
  endfacet
  facet normal 0.5141027441932153 0.8577286100002759 0
    outer loop
      vertex 24.198625547395803 -17.499266149392202 1.4
      vertex 24.198625547395803 -17.499266149392202 0
      vertex 24.055530603866675 -17.413498340914327 1.4
    endloop
  endfacet
  facet normal 0.3368898533922203 0.9415440651830207 0
    outer loop
      vertex 24.349438164979347 -17.570595205269186 1.4
      vertex 24.506516048667415 -17.626798570744754 1.4
      vertex 24.506516048667415 -17.626798570744754 0
    endloop
  endfacet
  facet normal 0.42755509343027925 0.9039892931234447 0
    outer loop
      vertex 24.198625547395803 -17.499266149392202 1.4
      vertex 24.349438164979347 -17.570595205269186 1.4
      vertex 24.349438164979347 -17.570595205269186 0
    endloop
  endfacet
  facet normal 0.5956993044924344 0.8032075314806443 0
    outer loop
      vertex 24.055530603866675 -17.413498340914327 1.4
      vertex 24.055530603866675 -17.413498340914327 0
      vertex 23.921531416921802 -17.314117770716653 1.4
    endloop
  endfacet
  facet normal 0.24298017990327378 0.9700312531945415 0
    outer loop
      vertex 24.506516048667415 -17.626798570744754 1.4
      vertex 24.66834645257258 -17.667334976685492 1.4
      vertex 24.66834645257258 -17.667334976685492 0
    endloop
  endfacet
  facet normal 0.14673047445535692 0.9891765099647817 0
    outer loop
      vertex 24.66834645257258 -17.667334976685492 1.4
      vertex 24.833370861439747 -17.691814035342734 1.4
      vertex 24.833370861439747 -17.691814035342734 0
    endloop
  endfacet
  facet normal 0.04906767432741787 0.9987954562051724 0
    outer loop
      vertex 24.833370861439747 -17.691814035342734 1.4
      vertex 25 -17.7 1.4
      vertex 25 -17.7 0
    endloop
  endfacet
  facet normal -0.04906767432741787 0.9987954562051724 0
    outer loop
      vertex 25 -17.7 1.4
      vertex 25.166629138560253 -17.691814035342734 1.4
      vertex 25.166629138560253 -17.691814035342734 0
    endloop
  endfacet
  facet normal -0.14673047445535692 0.9891765099647817 0
    outer loop
      vertex 25.166629138560253 -17.691814035342734 1.4
      vertex 25.33165354742742 -17.667334976685492 1.4
      vertex 25.33165354742742 -17.667334976685492 0
    endloop
  endfacet
  facet normal -0.24298017990327378 0.9700312531945415 0
    outer loop
      vertex 25.33165354742742 -17.667334976685492 1.4
      vertex 25.493483951332585 -17.626798570744754 1.4
      vertex 25.493483951332585 -17.626798570744754 0
    endloop
  endfacet
  facet normal -0.3368898533922203 0.9415440651830207 0
    outer loop
      vertex 25.493483951332585 -17.626798570744754 1.4
      vertex 25.650561835020653 -17.570595205269186 1.4
      vertex 25.650561835020653 -17.570595205269186 0
    endloop
  endfacet
  facet normal -0.42755509343027925 0.9039892931234447 0
    outer loop
      vertex 25.650561835020653 -17.570595205269186 1.4
      vertex 25.801374452604197 -17.499266149392202 1.4
      vertex 25.801374452604197 -17.499266149392202 0
    endloop
  endfacet
  facet normal -0.5141027441932153 0.8577286100002759 0
    outer loop
      vertex 25.801374452604197 -17.499266149392202 1.4
      vertex 25.944469396133325 -17.413498340914327 1.4
      vertex 25.944469396133325 -17.413498340914327 0
    endloop
  endfacet
  facet normal -0.5956993044924344 0.8032075314806443 0
    outer loop
      vertex 25.944469396133325 -17.413498340914327 1.4
      vertex 26.078468583078198 -17.314117770716653 1.4
      vertex 26.078468583078198 -17.314117770716653 0
    endloop
  endfacet
  facet normal -0.6715589548470129 0.740951125354964 0
    outer loop
      vertex 26.078468583078198 -17.314117770716653 1.4
      vertex 26.202081528017132 -17.202081528017132 1.4
      vertex 26.202081528017132 -17.202081528017132 0
    endloop
  endfacet
  facet normal -0.740951125354964 0.6715589548470129 0
    outer loop
      vertex 26.202081528017132 -17.202081528017132 1.4
      vertex 26.314117770716653 -17.078468583078198 1.4
      vertex 26.314117770716653 -17.078468583078198 0
    endloop
  endfacet
  facet normal -0.8032075314806443 0.5956993044924344 0
    outer loop
      vertex 26.314117770716653 -17.078468583078198 1.4
      vertex 26.413498340914327 -16.944469396133325 1.4
      vertex 26.413498340914327 -16.944469396133325 0
    endloop
  endfacet
  facet normal -0.8577286100002759 0.5141027441932153 0
    outer loop
      vertex 26.413498340914327 -16.944469396133325 1.4
      vertex 26.499266149392202 -16.801374452604197 1.4
      vertex 26.499266149392202 -16.801374452604197 0
    endloop
  endfacet
  facet normal -0.9039892931234447 0.42755509343027925 0
    outer loop
      vertex 26.499266149392202 -16.801374452604197 1.4
      vertex 26.570595205269186 -16.650561835020653 1.4
      vertex 26.570595205269186 -16.650561835020653 0
    endloop
  endfacet
  facet normal -0.9415440651830207 0.3368898533922203 0
    outer loop
      vertex 26.570595205269186 -16.650561835020653 1.4
      vertex 26.626798570744754 -16.493483951332585 1.4
      vertex 26.626798570744754 -16.493483951332585 0
    endloop
  endfacet
  facet normal -0.9700312531945415 0.24298017990327378 0
    outer loop
      vertex 26.626798570744754 -16.493483951332585 1.4
      vertex 26.667334976685492 -16.33165354742742 1.4
      vertex 26.667334976685492 -16.33165354742742 0
    endloop
  endfacet
  facet normal -0.9891765099647817 0.14673047445535692 0
    outer loop
      vertex 26.667334976685492 -16.33165354742742 1.4
      vertex 26.691814035342734 -16.166629138560253 1.4
      vertex 26.691814035342734 -16.166629138560253 0
    endloop
  endfacet
  facet normal -0.9987954562051724 0.04906767432741787 0
    outer loop
      vertex 26.691814035342734 -16.166629138560253 1.4
      vertex 26.7 -16 1.4
      vertex 26.7 -16 0
    endloop
  endfacet
  facet normal -0.9987954562051724 -0.04906767432741787 0
    outer loop
      vertex 26.7 -16 1.4
      vertex 26.691814035342734 -15.833370861439747 1.4
      vertex 26.691814035342734 -15.833370861439747 0
    endloop
  endfacet
  facet normal 0.5141027441932232 -0.8577286100002711 0
    outer loop
      vertex 24.055530603866675 -14.586501659085673 1.4
      vertex 24.055530603866675 -14.586501659085673 0
      vertex 24.198625547395803 -14.500733850607796 1.4
    endloop
  endfacet
  facet normal 0.42755509343027925 -0.9039892931234447 0
    outer loop
      vertex 24.198625547395803 -14.500733850607796 1.4
      vertex 24.198625547395803 -14.500733850607796 0
      vertex 24.349438164979347 -14.429404794730813 1.4
    endloop
  endfacet
  facet normal -0.42755509343027925 -0.9039892931234447 0
    outer loop
      vertex 25.801374452604197 -14.500733850607796 1.4
      vertex 25.650561835020653 -14.429404794730813 1.4
      vertex 25.650561835020653 -14.429404794730813 0
    endloop
  endfacet
  facet normal -0.5956993044924344 -0.8032075314806443 0
    outer loop
      vertex 26.078468583078198 -14.685882229283347 1.4
      vertex 25.944469396133325 -14.586501659085673 1.4
      vertex 25.944469396133325 -14.586501659085673 0
    endloop
  endfacet
  facet normal -0.5141027441932232 -0.8577286100002711 0
    outer loop
      vertex 25.801374452604197 -14.500733850607796 1.4
      vertex 25.801374452604197 -14.500733850607796 0
      vertex 25.944469396133325 -14.586501659085673 1.4
    endloop
  endfacet
  facet normal 0.3368898533922203 -0.9415440651830207 0
    outer loop
      vertex 24.349438164979347 -14.429404794730813 1.4
      vertex 24.349438164979347 -14.429404794730813 0
      vertex 24.506516048667415 -14.373201429255245 1.4
    endloop
  endfacet
  facet normal 0.24298017990326376 -0.970031253194544 0
    outer loop
      vertex 24.506516048667415 -14.373201429255245 1.4
      vertex 24.506516048667415 -14.373201429255245 0
      vertex 24.66834645257258 -14.332665023314508 1.4
    endloop
  endfacet
  facet normal 0.14673047445535692 -0.9891765099647817 0
    outer loop
      vertex 24.66834645257258 -14.332665023314508 1.4
      vertex 24.66834645257258 -14.332665023314508 0
      vertex 24.833370861439747 -14.308185964657266 1.4
    endloop
  endfacet
  facet normal 0.04906767432741787 -0.9987954562051724 0
    outer loop
      vertex 24.833370861439747 -14.308185964657266 1.4
      vertex 24.833370861439747 -14.308185964657266 0
      vertex 25 -14.3 1.4
    endloop
  endfacet
  facet normal -0.04906767432741787 -0.9987954562051724 0
    outer loop
      vertex 25 -14.3 1.4
      vertex 25 -14.3 0
      vertex 25.166629138560253 -14.308185964657266 1.4
    endloop
  endfacet
  facet normal -0.14673047445535692 -0.9891765099647817 0
    outer loop
      vertex 25.166629138560253 -14.308185964657266 1.4
      vertex 25.166629138560253 -14.308185964657266 0
      vertex 25.33165354742742 -14.332665023314508 1.4
    endloop
  endfacet
  facet normal -0.24298017990326376 -0.970031253194544 0
    outer loop
      vertex 25.33165354742742 -14.332665023314508 1.4
      vertex 25.33165354742742 -14.332665023314508 0
      vertex 25.493483951332585 -14.373201429255245 1.4
    endloop
  endfacet
  facet normal -0.3368898533922203 -0.9415440651830207 0
    outer loop
      vertex 25.493483951332585 -14.373201429255245 1.4
      vertex 25.493483951332585 -14.373201429255245 0
      vertex 25.650561835020653 -14.429404794730813 1.4
    endloop
  endfacet
  facet normal -0.8577286100002731 -0.51410274419322 0
    outer loop
      vertex 26.499266149392202 -15.198625547395803 1.4
      vertex 26.413498340914327 -15.055530603866677 1.4
      vertex 26.413498340914327 -15.055530603866677 0
    endloop
  endfacet
  facet normal -0.9891765099647817 -0.14673047445535692 0
    outer loop
      vertex 26.691814035342734 -15.833370861439747 1.4
      vertex 26.667334976685492 -15.668346452572582 1.4
      vertex 26.667334976685492 -15.668346452572582 0
    endloop
  endfacet
  facet normal -0.9700312531945415 -0.24298017990327378 0
    outer loop
      vertex 26.667334976685492 -15.668346452572582 1.4
      vertex 26.626798570744754 -15.506516048667415 1.4
      vertex 26.626798570744754 -15.506516048667415 0
    endloop
  endfacet
  facet normal -0.9415440651830207 -0.3368898533922203 0
    outer loop
      vertex 26.626798570744754 -15.506516048667415 1.4
      vertex 26.570595205269186 -15.349438164979347 1.4
      vertex 26.570595205269186 -15.349438164979347 0
    endloop
  endfacet
  facet normal -0.9039892931234447 -0.42755509343027925 0
    outer loop
      vertex 26.499266149392202 -15.198625547395803 1.4
      vertex 26.499266149392202 -15.198625547395803 0
      vertex 26.570595205269186 -15.349438164979347 1.4
    endloop
  endfacet
  facet normal -0.7409511253549592 -0.6715589548470182 0
    outer loop
      vertex 26.202081528017132 -14.79791847198287 1.4
      vertex 26.202081528017132 -14.79791847198287 0
      vertex 26.314117770716653 -14.921531416921802 1.4
    endloop
  endfacet
  facet normal -0.8032075314806479 -0.5956993044924292 0
    outer loop
      vertex 26.413498340914327 -15.055530603866677 1.4
      vertex 26.314117770716653 -14.921531416921802 1.4
      vertex 26.314117770716653 -14.921531416921802 0
    endloop
  endfacet
  facet normal -0.6715589548470188 -0.7409511253549587 0
    outer loop
      vertex 26.078468583078198 -14.685882229283347 1.4
      vertex 26.078468583078198 -14.685882229283347 0
      vertex 26.202081528017132 -14.79791847198287 1.4
    endloop
  endfacet
  facet normal 0.740951125354964 0.6715589548470129 0
    outer loop
      vertex -26.314117770716653 -17.078468583078198 1.4
      vertex -26.202081528017132 -17.202081528017132 0
      vertex -26.314117770716653 -17.078468583078198 0
    endloop
  endfacet
  facet normal 0.6715589548470129 0.740951125354964 0
    outer loop
      vertex -26.202081528017132 -17.202081528017132 1.4
      vertex -26.078468583078198 -17.314117770716653 0
      vertex -26.202081528017132 -17.202081528017132 0
    endloop
  endfacet
  facet normal 0.5956993044924344 0.8032075314806443 0
    outer loop
      vertex -26.078468583078198 -17.314117770716653 1.4
      vertex -25.944469396133325 -17.413498340914327 0
      vertex -26.078468583078198 -17.314117770716653 0
    endloop
  endfacet
  facet normal 0.9039892931234447 0.42755509343027925 0
    outer loop
      vertex -26.570595205269186 -16.650561835020653 1.4
      vertex -26.499266149392202 -16.801374452604197 0
      vertex -26.570595205269186 -16.650561835020653 0
    endloop
  endfacet
  facet normal 0.9415440651830207 0.3368898533922203 0
    outer loop
      vertex -26.626798570744754 -16.493483951332585 1.4
      vertex -26.570595205269186 -16.650561835020653 0
      vertex -26.626798570744754 -16.493483951332585 0
    endloop
  endfacet
  facet normal 0.8032075314806443 0.5956993044924344 0
    outer loop
      vertex -26.413498340914327 -16.944469396133325 1.4
      vertex -26.314117770716653 -17.078468583078198 0
      vertex -26.413498340914327 -16.944469396133325 0
    endloop
  endfacet
  facet normal 0.8577286100002759 0.5141027441932153 0
    outer loop
      vertex -26.499266149392202 -16.801374452604197 1.4
      vertex -26.413498340914327 -16.944469396133325 0
      vertex -26.499266149392202 -16.801374452604197 0
    endloop
  endfacet
  facet normal 0.9700312531945415 0.24298017990327378 0
    outer loop
      vertex -26.667334976685492 -16.33165354742742 1.4
      vertex -26.626798570744754 -16.493483951332585 0
      vertex -26.667334976685492 -16.33165354742742 0
    endloop
  endfacet
  facet normal 0.9891765099647817 0.14673047445535692 0
    outer loop
      vertex -26.691814035342734 -16.166629138560253 1.4
      vertex -26.667334976685492 -16.33165354742742 0
      vertex -26.691814035342734 -16.166629138560253 0
    endloop
  endfacet
  facet normal 0.9987954562051724 0.04906767432741787 0
    outer loop
      vertex -26.7 -16 1.4
      vertex -26.691814035342734 -16.166629138560253 0
      vertex -26.7 -16 0
    endloop
  endfacet
  facet normal 0.9987954562051724 -0.04906767432741787 0
    outer loop
      vertex -26.691814035342734 -15.833370861439747 1.4
      vertex -26.7 -16 0
      vertex -26.691814035342734 -15.833370861439747 0
    endloop
  endfacet
  facet normal 0.5141027441932153 0.8577286100002759 0
    outer loop
      vertex -25.944469396133325 -17.413498340914327 1.4
      vertex -25.801374452604197 -17.499266149392202 0
      vertex -25.944469396133325 -17.413498340914327 0
    endloop
  endfacet
  facet normal 0.42755509343027925 0.9039892931234447 0
    outer loop
      vertex -25.801374452604197 -17.499266149392202 1.4
      vertex -25.650561835020653 -17.570595205269186 0
      vertex -25.801374452604197 -17.499266149392202 0
    endloop
  endfacet
  facet normal 0.3368898533922203 0.9415440651830207 0
    outer loop
      vertex -25.650561835020653 -17.570595205269186 1.4
      vertex -25.493483951332585 -17.626798570744754 0
      vertex -25.650561835020653 -17.570595205269186 0
    endloop
  endfacet
  facet normal 0.24298017990327378 0.9700312531945415 0
    outer loop
      vertex -25.493483951332585 -17.626798570744754 1.4
      vertex -25.33165354742742 -17.667334976685492 0
      vertex -25.493483951332585 -17.626798570744754 0
    endloop
  endfacet
  facet normal 0.14673047445535692 0.9891765099647817 0
    outer loop
      vertex -25.33165354742742 -17.667334976685492 1.4
      vertex -25.166629138560253 -17.691814035342734 0
      vertex -25.33165354742742 -17.667334976685492 0
    endloop
  endfacet
  facet normal 0.04906767432741787 0.9987954562051724 0
    outer loop
      vertex -25.166629138560253 -17.691814035342734 1.4
      vertex -25 -17.7 0
      vertex -25.166629138560253 -17.691814035342734 0
    endloop
  endfacet
  facet normal -0.04906767432741787 0.9987954562051724 0
    outer loop
      vertex -25 -17.7 1.4
      vertex -24.833370861439747 -17.691814035342734 0
      vertex -25 -17.7 0
    endloop
  endfacet
  facet normal -0.14673047445535692 0.9891765099647817 0
    outer loop
      vertex -24.833370861439747 -17.691814035342734 1.4
      vertex -24.66834645257258 -17.667334976685492 0
      vertex -24.833370861439747 -17.691814035342734 0
    endloop
  endfacet
  facet normal -0.24298017990327378 0.9700312531945415 0
    outer loop
      vertex -24.66834645257258 -17.667334976685492 1.4
      vertex -24.506516048667415 -17.626798570744754 0
      vertex -24.66834645257258 -17.667334976685492 0
    endloop
  endfacet
  facet normal -0.3368898533922203 0.9415440651830207 0
    outer loop
      vertex -24.506516048667415 -17.626798570744754 1.4
      vertex -24.349438164979347 -17.570595205269186 0
      vertex -24.506516048667415 -17.626798570744754 0
    endloop
  endfacet
  facet normal -0.42755509343027925 0.9039892931234447 0
    outer loop
      vertex -24.349438164979347 -17.570595205269186 1.4
      vertex -24.198625547395803 -17.499266149392202 0
      vertex -24.349438164979347 -17.570595205269186 0
    endloop
  endfacet
  facet normal -0.5141027441932153 0.8577286100002759 0
    outer loop
      vertex -24.198625547395803 -17.499266149392202 1.4
      vertex -24.055530603866675 -17.413498340914327 0
      vertex -24.198625547395803 -17.499266149392202 0
    endloop
  endfacet
  facet normal -0.5956993044924344 0.8032075314806443 0
    outer loop
      vertex -24.055530603866675 -17.413498340914327 1.4
      vertex -23.921531416921802 -17.314117770716653 0
      vertex -24.055530603866675 -17.413498340914327 0
    endloop
  endfacet
  facet normal 0.9891765099647817 -0.14673047445535692 0
    outer loop
      vertex -26.667334976685492 -15.668346452572582 1.4
      vertex -26.691814035342734 -15.833370861439747 0
      vertex -26.667334976685492 -15.668346452572582 0
    endloop
  endfacet
  facet normal 0.9700312531945415 -0.24298017990327378 0
    outer loop
      vertex -26.626798570744754 -15.506516048667415 1.4
      vertex -26.667334976685492 -15.668346452572582 0
      vertex -26.626798570744754 -15.506516048667415 0
    endloop
  endfacet
  facet normal 0.9415440651830207 -0.3368898533922203 0
    outer loop
      vertex -26.570595205269186 -15.349438164979347 1.4
      vertex -26.626798570744754 -15.506516048667415 0
      vertex -26.570595205269186 -15.349438164979347 0
    endloop
  endfacet
  facet normal 0.9039892931234447 -0.42755509343027925 0
    outer loop
      vertex -26.499266149392202 -15.198625547395803 1.4
      vertex -26.570595205269186 -15.349438164979347 0
      vertex -26.499266149392202 -15.198625547395803 0
    endloop
  endfacet
  facet normal 0.8577286100002731 -0.51410274419322 0
    outer loop
      vertex -26.413498340914327 -15.055530603866677 1.4
      vertex -26.499266149392202 -15.198625547395803 0
      vertex -26.413498340914327 -15.055530603866677 0
    endloop
  endfacet
  facet normal 0.8032075314806479 -0.5956993044924292 0
    outer loop
      vertex -26.314117770716653 -14.921531416921802 1.4
      vertex -26.413498340914327 -15.055530603866677 0
      vertex -26.314117770716653 -14.921531416921802 0
    endloop
  endfacet
  facet normal 0.7409511253549592 -0.6715589548470182 0
    outer loop
      vertex -26.202081528017132 -14.79791847198287 1.4
      vertex -26.314117770716653 -14.921531416921802 0
      vertex -26.202081528017132 -14.79791847198287 0
    endloop
  endfacet
  facet normal 0.6715589548470188 -0.7409511253549587 0
    outer loop
      vertex -26.078468583078198 -14.685882229283347 1.4
      vertex -26.202081528017132 -14.79791847198287 0
      vertex -26.078468583078198 -14.685882229283347 0
    endloop
  endfacet
  facet normal 0.5956993044924344 -0.8032075314806443 0
    outer loop
      vertex -25.944469396133325 -14.586501659085673 1.4
      vertex -26.078468583078198 -14.685882229283347 0
      vertex -25.944469396133325 -14.586501659085673 0
    endloop
  endfacet
  facet normal 0.5141027441932232 -0.8577286100002711 0
    outer loop
      vertex -25.801374452604197 -14.500733850607796 1.4
      vertex -25.944469396133325 -14.586501659085673 0
      vertex -25.801374452604197 -14.500733850607796 0
    endloop
  endfacet
  facet normal 0.42755509343027925 -0.9039892931234447 0
    outer loop
      vertex -25.650561835020653 -14.429404794730813 1.4
      vertex -25.801374452604197 -14.500733850607796 0
      vertex -25.650561835020653 -14.429404794730813 0
    endloop
  endfacet
  facet normal -0.42755509343027925 -0.9039892931234447 0
    outer loop
      vertex -24.198625547395803 -14.500733850607796 1.4
      vertex -24.349438164979347 -14.429404794730813 0
      vertex -24.198625547395803 -14.500733850607796 0
    endloop
  endfacet
  facet normal -0.5141027441932232 -0.8577286100002711 0
    outer loop
      vertex -24.055530603866675 -14.586501659085673 1.4
      vertex -24.198625547395803 -14.500733850607796 0
      vertex -24.055530603866675 -14.586501659085673 0
    endloop
  endfacet
  facet normal 0.3368898533922203 -0.9415440651830207 0
    outer loop
      vertex -25.493483951332585 -14.373201429255245 1.4
      vertex -25.650561835020653 -14.429404794730813 0
      vertex -25.493483951332585 -14.373201429255245 0
    endloop
  endfacet
  facet normal 0.24298017990326376 -0.970031253194544 0
    outer loop
      vertex -25.33165354742742 -14.332665023314508 1.4
      vertex -25.493483951332585 -14.373201429255245 0
      vertex -25.33165354742742 -14.332665023314508 0
    endloop
  endfacet
  facet normal 0.14673047445535692 -0.9891765099647817 0
    outer loop
      vertex -25.166629138560253 -14.308185964657266 1.4
      vertex -25.33165354742742 -14.332665023314508 0
      vertex -25.166629138560253 -14.308185964657266 0
    endloop
  endfacet
  facet normal 0.04906767432741787 -0.9987954562051724 0
    outer loop
      vertex -25 -14.3 1.4
      vertex -25.166629138560253 -14.308185964657266 0
      vertex -25 -14.3 0
    endloop
  endfacet
  facet normal -0.04906767432741787 -0.9987954562051724 0
    outer loop
      vertex -24.833370861439747 -14.308185964657266 1.4
      vertex -25 -14.3 0
      vertex -24.833370861439747 -14.308185964657266 0
    endloop
  endfacet
  facet normal -0.14673047445535692 -0.9891765099647817 0
    outer loop
      vertex -24.66834645257258 -14.332665023314508 1.4
      vertex -24.833370861439747 -14.308185964657266 0
      vertex -24.66834645257258 -14.332665023314508 0
    endloop
  endfacet
  facet normal -0.24298017990326376 -0.970031253194544 0
    outer loop
      vertex -24.506516048667415 -14.373201429255245 1.4
      vertex -24.66834645257258 -14.332665023314508 0
      vertex -24.506516048667415 -14.373201429255245 0
    endloop
  endfacet
  facet normal -0.3368898533922203 -0.9415440651830207 0
    outer loop
      vertex -24.349438164979347 -14.429404794730813 1.4
      vertex -24.506516048667415 -14.373201429255245 0
      vertex -24.349438164979347 -14.429404794730813 0
    endloop
  endfacet
  facet normal -0.6715589548470129 0.740951125354964 0
    outer loop
      vertex -23.921531416921802 -17.314117770716653 1.4
      vertex -23.797918471982868 -17.202081528017132 0
      vertex -23.921531416921802 -17.314117770716653 0
    endloop
  endfacet
  facet normal -0.740951125354964 0.6715589548470129 0
    outer loop
      vertex -23.797918471982868 -17.202081528017132 1.4
      vertex -23.685882229283347 -17.078468583078198 0
      vertex -23.797918471982868 -17.202081528017132 0
    endloop
  endfacet
  facet normal -0.8032075314806443 0.5956993044924344 0
    outer loop
      vertex -23.685882229283347 -17.078468583078198 1.4
      vertex -23.586501659085673 -16.944469396133325 0
      vertex -23.685882229283347 -17.078468583078198 0
    endloop
  endfacet
  facet normal -0.8577286100002759 0.5141027441932153 0
    outer loop
      vertex -23.586501659085673 -16.944469396133325 1.4
      vertex -23.500733850607798 -16.801374452604197 0
      vertex -23.586501659085673 -16.944469396133325 0
    endloop
  endfacet
  facet normal -0.9039892931234447 0.42755509343027925 0
    outer loop
      vertex -23.500733850607798 -16.801374452604197 1.4
      vertex -23.429404794730814 -16.650561835020653 0
      vertex -23.500733850607798 -16.801374452604197 0
    endloop
  endfacet
  facet normal -0.9415440651830207 0.3368898533922203 0
    outer loop
      vertex -23.429404794730814 -16.650561835020653 1.4
      vertex -23.373201429255246 -16.493483951332585 0
      vertex -23.429404794730814 -16.650561835020653 0
    endloop
  endfacet
  facet normal -0.9700312531945415 0.24298017990327378 0
    outer loop
      vertex -23.373201429255246 -16.493483951332585 1.4
      vertex -23.332665023314508 -16.33165354742742 0
      vertex -23.373201429255246 -16.493483951332585 0
    endloop
  endfacet
  facet normal -0.9891765099647817 0.14673047445535692 0
    outer loop
      vertex -23.332665023314508 -16.33165354742742 1.4
      vertex -23.308185964657266 -16.166629138560253 0
      vertex -23.332665023314508 -16.33165354742742 0
    endloop
  endfacet
  facet normal -0.9987954562051724 0.04906767432741787 0
    outer loop
      vertex -23.308185964657266 -16.166629138560253 1.4
      vertex -23.3 -16 0
      vertex -23.308185964657266 -16.166629138560253 0
    endloop
  endfacet
  facet normal -0.9987954562051724 -0.04906767432741787 0
    outer loop
      vertex -23.3 -16 1.4
      vertex -23.308185964657266 -15.833370861439747 0
      vertex -23.3 -16 0
    endloop
  endfacet
  facet normal -0.9891765099647817 -0.14673047445535692 0
    outer loop
      vertex -23.308185964657266 -15.833370861439747 1.4
      vertex -23.332665023314508 -15.668346452572582 0
      vertex -23.308185964657266 -15.833370861439747 0
    endloop
  endfacet
  facet normal -0.8577286100002731 -0.51410274419322 0
    outer loop
      vertex -23.500733850607798 -15.198625547395803 1.4
      vertex -23.586501659085673 -15.055530603866677 0
      vertex -23.500733850607798 -15.198625547395803 0
    endloop
  endfacet
  facet normal -0.9700312531945415 -0.24298017990327378 0
    outer loop
      vertex -23.332665023314508 -15.668346452572582 1.4
      vertex -23.373201429255246 -15.506516048667415 0
      vertex -23.332665023314508 -15.668346452572582 0
    endloop
  endfacet
  facet normal -0.9415440651830207 -0.3368898533922203 0
    outer loop
      vertex -23.373201429255246 -15.506516048667415 1.4
      vertex -23.429404794730814 -15.349438164979347 0
      vertex -23.373201429255246 -15.506516048667415 0
    endloop
  endfacet
  facet normal -0.9039892931234447 -0.42755509343027925 0
    outer loop
      vertex -23.429404794730814 -15.349438164979347 1.4
      vertex -23.500733850607798 -15.198625547395803 0
      vertex -23.429404794730814 -15.349438164979347 0
    endloop
  endfacet
  facet normal -0.8032075314806479 -0.5956993044924292 0
    outer loop
      vertex -23.586501659085673 -15.055530603866677 1.4
      vertex -23.685882229283347 -14.921531416921802 0
      vertex -23.586501659085673 -15.055530603866677 0
    endloop
  endfacet
  facet normal -0.7409511253549592 -0.6715589548470182 0
    outer loop
      vertex -23.685882229283347 -14.921531416921802 1.4
      vertex -23.797918471982868 -14.79791847198287 0
      vertex -23.685882229283347 -14.921531416921802 0
    endloop
  endfacet
  facet normal -0.5956993044924344 -0.8032075314806443 0
    outer loop
      vertex -23.921531416921802 -14.685882229283347 1.4
      vertex -24.055530603866675 -14.586501659085673 0
      vertex -23.921531416921802 -14.685882229283347 0
    endloop
  endfacet
  facet normal -0.6715589548470188 -0.7409511253549587 0
    outer loop
      vertex -23.797918471982868 -14.79791847198287 1.4
      vertex -23.921531416921802 -14.685882229283347 0
      vertex -23.797918471982868 -14.79791847198287 0
    endloop
  endfacet
  facet normal 0.6715589548470129 0.740951125354964 0
    outer loop
      vertex -26.202081528017132 -17.202081528017132 1.4
      vertex -26.078468583078198 -17.314117770716653 1.4
      vertex -26.078468583078198 -17.314117770716653 0
    endloop
  endfacet
  facet normal 0.740951125354964 0.6715589548470129 0
    outer loop
      vertex -26.202081528017132 -17.202081528017132 1.4
      vertex -26.202081528017132 -17.202081528017132 0
      vertex -26.314117770716653 -17.078468583078198 1.4
    endloop
  endfacet
  facet normal 0.9039892931234447 0.42755509343027925 0
    outer loop
      vertex -26.570595205269186 -16.650561835020653 1.4
      vertex -26.499266149392202 -16.801374452604197 1.4
      vertex -26.499266149392202 -16.801374452604197 0
    endloop
  endfacet
  facet normal 0.9415440651830207 0.3368898533922203 0
    outer loop
      vertex -26.570595205269186 -16.650561835020653 1.4
      vertex -26.570595205269186 -16.650561835020653 0
      vertex -26.626798570744754 -16.493483951332585 1.4
    endloop
  endfacet
  facet normal 0.9700312531945415 0.24298017990327378 0
    outer loop
      vertex -26.626798570744754 -16.493483951332585 1.4
      vertex -26.626798570744754 -16.493483951332585 0
      vertex -26.667334976685492 -16.33165354742742 1.4
    endloop
  endfacet
  facet normal 0.8032075314806443 0.5956993044924344 0
    outer loop
      vertex -26.314117770716653 -17.078468583078198 1.4
      vertex -26.314117770716653 -17.078468583078198 0
      vertex -26.413498340914327 -16.944469396133325 1.4
    endloop
  endfacet
  facet normal 0.8577286100002759 0.5141027441932153 0
    outer loop
      vertex -26.413498340914327 -16.944469396133325 1.4
      vertex -26.413498340914327 -16.944469396133325 0
      vertex -26.499266149392202 -16.801374452604197 1.4
    endloop
  endfacet
  facet normal 0.9891765099647817 0.14673047445535692 0
    outer loop
      vertex -26.667334976685492 -16.33165354742742 1.4
      vertex -26.667334976685492 -16.33165354742742 0
      vertex -26.691814035342734 -16.166629138560253 1.4
    endloop
  endfacet
  facet normal 0.9987954562051724 0.04906767432741787 0
    outer loop
      vertex -26.691814035342734 -16.166629138560253 1.4
      vertex -26.691814035342734 -16.166629138560253 0
      vertex -26.7 -16 1.4
    endloop
  endfacet
  facet normal 0.9987954562051724 -0.04906767432741787 0
    outer loop
      vertex -26.7 -16 1.4
      vertex -26.7 -16 0
      vertex -26.691814035342734 -15.833370861439747 1.4
    endloop
  endfacet
  facet normal 0.9891765099647817 -0.14673047445535692 0
    outer loop
      vertex -26.691814035342734 -15.833370861439747 1.4
      vertex -26.691814035342734 -15.833370861439747 0
      vertex -26.667334976685492 -15.668346452572582 1.4
    endloop
  endfacet
  facet normal 0.5141027441932153 0.8577286100002759 0
    outer loop
      vertex -25.801374452604197 -17.499266149392202 1.4
      vertex -25.801374452604197 -17.499266149392202 0
      vertex -25.944469396133325 -17.413498340914327 1.4
    endloop
  endfacet
  facet normal 0.3368898533922203 0.9415440651830207 0
    outer loop
      vertex -25.650561835020653 -17.570595205269186 1.4
      vertex -25.493483951332585 -17.626798570744754 1.4
      vertex -25.493483951332585 -17.626798570744754 0
    endloop
  endfacet
  facet normal 0.42755509343027925 0.9039892931234447 0
    outer loop
      vertex -25.801374452604197 -17.499266149392202 1.4
      vertex -25.650561835020653 -17.570595205269186 1.4
      vertex -25.650561835020653 -17.570595205269186 0
    endloop
  endfacet
  facet normal 0.5956993044924344 0.8032075314806443 0
    outer loop
      vertex -25.944469396133325 -17.413498340914327 1.4
      vertex -25.944469396133325 -17.413498340914327 0
      vertex -26.078468583078198 -17.314117770716653 1.4
    endloop
  endfacet
  facet normal 0.24298017990327378 0.9700312531945415 0
    outer loop
      vertex -25.493483951332585 -17.626798570744754 1.4
      vertex -25.33165354742742 -17.667334976685492 1.4
      vertex -25.33165354742742 -17.667334976685492 0
    endloop
  endfacet
  facet normal 0.14673047445535692 0.9891765099647817 0
    outer loop
      vertex -25.33165354742742 -17.667334976685492 1.4
      vertex -25.166629138560253 -17.691814035342734 1.4
      vertex -25.166629138560253 -17.691814035342734 0
    endloop
  endfacet
  facet normal 0.04906767432741787 0.9987954562051724 0
    outer loop
      vertex -25.166629138560253 -17.691814035342734 1.4
      vertex -25 -17.7 1.4
      vertex -25 -17.7 0
    endloop
  endfacet
  facet normal -0.04906767432741787 0.9987954562051724 0
    outer loop
      vertex -25 -17.7 1.4
      vertex -24.833370861439747 -17.691814035342734 1.4
      vertex -24.833370861439747 -17.691814035342734 0
    endloop
  endfacet
  facet normal -0.14673047445535692 0.9891765099647817 0
    outer loop
      vertex -24.833370861439747 -17.691814035342734 1.4
      vertex -24.66834645257258 -17.667334976685492 1.4
      vertex -24.66834645257258 -17.667334976685492 0
    endloop
  endfacet
  facet normal -0.24298017990327378 0.9700312531945415 0
    outer loop
      vertex -24.66834645257258 -17.667334976685492 1.4
      vertex -24.506516048667415 -17.626798570744754 1.4
      vertex -24.506516048667415 -17.626798570744754 0
    endloop
  endfacet
  facet normal -0.3368898533922203 0.9415440651830207 0
    outer loop
      vertex -24.506516048667415 -17.626798570744754 1.4
      vertex -24.349438164979347 -17.570595205269186 1.4
      vertex -24.349438164979347 -17.570595205269186 0
    endloop
  endfacet
  facet normal -0.42755509343027925 0.9039892931234447 0
    outer loop
      vertex -24.349438164979347 -17.570595205269186 1.4
      vertex -24.198625547395803 -17.499266149392202 1.4
      vertex -24.198625547395803 -17.499266149392202 0
    endloop
  endfacet
  facet normal -0.5141027441932153 0.8577286100002759 0
    outer loop
      vertex -24.198625547395803 -17.499266149392202 1.4
      vertex -24.055530603866675 -17.413498340914327 1.4
      vertex -24.055530603866675 -17.413498340914327 0
    endloop
  endfacet
  facet normal 0.9700312531945415 -0.24298017990327378 0
    outer loop
      vertex -26.667334976685492 -15.668346452572582 1.4
      vertex -26.667334976685492 -15.668346452572582 0
      vertex -26.626798570744754 -15.506516048667415 1.4
    endloop
  endfacet
  facet normal 0.9415440651830207 -0.3368898533922203 0
    outer loop
      vertex -26.626798570744754 -15.506516048667415 1.4
      vertex -26.626798570744754 -15.506516048667415 0
      vertex -26.570595205269186 -15.349438164979347 1.4
    endloop
  endfacet
  facet normal 0.9039892931234447 -0.42755509343027925 0
    outer loop
      vertex -26.570595205269186 -15.349438164979347 1.4
      vertex -26.570595205269186 -15.349438164979347 0
      vertex -26.499266149392202 -15.198625547395803 1.4
    endloop
  endfacet
  facet normal 0.8577286100002731 -0.51410274419322 0
    outer loop
      vertex -26.499266149392202 -15.198625547395803 1.4
      vertex -26.499266149392202 -15.198625547395803 0
      vertex -26.413498340914327 -15.055530603866677 1.4
    endloop
  endfacet
  facet normal 0.8032075314806479 -0.5956993044924292 0
    outer loop
      vertex -26.413498340914327 -15.055530603866677 1.4
      vertex -26.413498340914327 -15.055530603866677 0
      vertex -26.314117770716653 -14.921531416921802 1.4
    endloop
  endfacet
  facet normal 0.7409511253549592 -0.6715589548470182 0
    outer loop
      vertex -26.314117770716653 -14.921531416921802 1.4
      vertex -26.314117770716653 -14.921531416921802 0
      vertex -26.202081528017132 -14.79791847198287 1.4
    endloop
  endfacet
  facet normal 0.6715589548470188 -0.7409511253549587 0
    outer loop
      vertex -26.202081528017132 -14.79791847198287 1.4
      vertex -26.202081528017132 -14.79791847198287 0
      vertex -26.078468583078198 -14.685882229283347 1.4
    endloop
  endfacet
  facet normal 0.5956993044924344 -0.8032075314806443 0
    outer loop
      vertex -26.078468583078198 -14.685882229283347 1.4
      vertex -26.078468583078198 -14.685882229283347 0
      vertex -25.944469396133325 -14.586501659085673 1.4
    endloop
  endfacet
  facet normal 0.5141027441932232 -0.8577286100002711 0
    outer loop
      vertex -25.944469396133325 -14.586501659085673 1.4
      vertex -25.944469396133325 -14.586501659085673 0
      vertex -25.801374452604197 -14.500733850607796 1.4
    endloop
  endfacet
  facet normal 0.42755509343027925 -0.9039892931234447 0
    outer loop
      vertex -25.801374452604197 -14.500733850607796 1.4
      vertex -25.801374452604197 -14.500733850607796 0
      vertex -25.650561835020653 -14.429404794730813 1.4
    endloop
  endfacet
  facet normal -0.42755509343027925 -0.9039892931234447 0
    outer loop
      vertex -24.198625547395803 -14.500733850607796 1.4
      vertex -24.349438164979347 -14.429404794730813 1.4
      vertex -24.349438164979347 -14.429404794730813 0
    endloop
  endfacet
  facet normal -0.5956993044924344 -0.8032075314806443 0
    outer loop
      vertex -23.921531416921802 -14.685882229283347 1.4
      vertex -24.055530603866675 -14.586501659085673 1.4
      vertex -24.055530603866675 -14.586501659085673 0
    endloop
  endfacet
  facet normal -0.5141027441932232 -0.8577286100002711 0
    outer loop
      vertex -24.198625547395803 -14.500733850607796 1.4
      vertex -24.198625547395803 -14.500733850607796 0
      vertex -24.055530603866675 -14.586501659085673 1.4
    endloop
  endfacet
  facet normal 0.3368898533922203 -0.9415440651830207 0
    outer loop
      vertex -25.650561835020653 -14.429404794730813 1.4
      vertex -25.650561835020653 -14.429404794730813 0
      vertex -25.493483951332585 -14.373201429255245 1.4
    endloop
  endfacet
  facet normal 0.24298017990326376 -0.970031253194544 0
    outer loop
      vertex -25.493483951332585 -14.373201429255245 1.4
      vertex -25.493483951332585 -14.373201429255245 0
      vertex -25.33165354742742 -14.332665023314508 1.4
    endloop
  endfacet
  facet normal 0.14673047445535692 -0.9891765099647817 0
    outer loop
      vertex -25.33165354742742 -14.332665023314508 1.4
      vertex -25.33165354742742 -14.332665023314508 0
      vertex -25.166629138560253 -14.308185964657266 1.4
    endloop
  endfacet
  facet normal 0.04906767432741787 -0.9987954562051724 0
    outer loop
      vertex -25.166629138560253 -14.308185964657266 1.4
      vertex -25.166629138560253 -14.308185964657266 0
      vertex -25 -14.3 1.4
    endloop
  endfacet
  facet normal -0.04906767432741787 -0.9987954562051724 0
    outer loop
      vertex -25 -14.3 1.4
      vertex -25 -14.3 0
      vertex -24.833370861439747 -14.308185964657266 1.4
    endloop
  endfacet
  facet normal -0.14673047445535692 -0.9891765099647817 0
    outer loop
      vertex -24.833370861439747 -14.308185964657266 1.4
      vertex -24.833370861439747 -14.308185964657266 0
      vertex -24.66834645257258 -14.332665023314508 1.4
    endloop
  endfacet
  facet normal -0.24298017990326376 -0.970031253194544 0
    outer loop
      vertex -24.66834645257258 -14.332665023314508 1.4
      vertex -24.66834645257258 -14.332665023314508 0
      vertex -24.506516048667415 -14.373201429255245 1.4
    endloop
  endfacet
  facet normal -0.3368898533922203 -0.9415440651830207 0
    outer loop
      vertex -24.506516048667415 -14.373201429255245 1.4
      vertex -24.506516048667415 -14.373201429255245 0
      vertex -24.349438164979347 -14.429404794730813 1.4
    endloop
  endfacet
  facet normal -0.5956993044924344 0.8032075314806443 0
    outer loop
      vertex -24.055530603866675 -17.413498340914327 1.4
      vertex -23.921531416921802 -17.314117770716653 1.4
      vertex -23.921531416921802 -17.314117770716653 0
    endloop
  endfacet
  facet normal -0.6715589548470129 0.740951125354964 0
    outer loop
      vertex -23.921531416921802 -17.314117770716653 1.4
      vertex -23.797918471982868 -17.202081528017132 1.4
      vertex -23.797918471982868 -17.202081528017132 0
    endloop
  endfacet
  facet normal -0.740951125354964 0.6715589548470129 0
    outer loop
      vertex -23.797918471982868 -17.202081528017132 1.4
      vertex -23.685882229283347 -17.078468583078198 1.4
      vertex -23.685882229283347 -17.078468583078198 0
    endloop
  endfacet
  facet normal -0.8032075314806443 0.5956993044924344 0
    outer loop
      vertex -23.685882229283347 -17.078468583078198 1.4
      vertex -23.586501659085673 -16.944469396133325 1.4
      vertex -23.586501659085673 -16.944469396133325 0
    endloop
  endfacet
  facet normal -0.8577286100002759 0.5141027441932153 0
    outer loop
      vertex -23.586501659085673 -16.944469396133325 1.4
      vertex -23.500733850607798 -16.801374452604197 1.4
      vertex -23.500733850607798 -16.801374452604197 0
    endloop
  endfacet
  facet normal -0.9039892931234447 0.42755509343027925 0
    outer loop
      vertex -23.500733850607798 -16.801374452604197 1.4
      vertex -23.429404794730814 -16.650561835020653 1.4
      vertex -23.429404794730814 -16.650561835020653 0
    endloop
  endfacet
  facet normal -0.9415440651830207 0.3368898533922203 0
    outer loop
      vertex -23.429404794730814 -16.650561835020653 1.4
      vertex -23.373201429255246 -16.493483951332585 1.4
      vertex -23.373201429255246 -16.493483951332585 0
    endloop
  endfacet
  facet normal -0.9700312531945415 0.24298017990327378 0
    outer loop
      vertex -23.373201429255246 -16.493483951332585 1.4
      vertex -23.332665023314508 -16.33165354742742 1.4
      vertex -23.332665023314508 -16.33165354742742 0
    endloop
  endfacet
  facet normal -0.9891765099647817 0.14673047445535692 0
    outer loop
      vertex -23.332665023314508 -16.33165354742742 1.4
      vertex -23.308185964657266 -16.166629138560253 1.4
      vertex -23.308185964657266 -16.166629138560253 0
    endloop
  endfacet
  facet normal -0.9987954562051724 0.04906767432741787 0
    outer loop
      vertex -23.308185964657266 -16.166629138560253 1.4
      vertex -23.3 -16 1.4
      vertex -23.3 -16 0
    endloop
  endfacet
  facet normal -0.9987954562051724 -0.04906767432741787 0
    outer loop
      vertex -23.3 -16 1.4
      vertex -23.308185964657266 -15.833370861439747 1.4
      vertex -23.308185964657266 -15.833370861439747 0
    endloop
  endfacet
  facet normal -0.8577286100002731 -0.51410274419322 0
    outer loop
      vertex -23.500733850607798 -15.198625547395803 1.4
      vertex -23.586501659085673 -15.055530603866677 1.4
      vertex -23.586501659085673 -15.055530603866677 0
    endloop
  endfacet
  facet normal -0.9891765099647817 -0.14673047445535692 0
    outer loop
      vertex -23.308185964657266 -15.833370861439747 1.4
      vertex -23.332665023314508 -15.668346452572582 1.4
      vertex -23.332665023314508 -15.668346452572582 0
    endloop
  endfacet
  facet normal -0.9700312531945415 -0.24298017990327378 0
    outer loop
      vertex -23.332665023314508 -15.668346452572582 1.4
      vertex -23.373201429255246 -15.506516048667415 1.4
      vertex -23.373201429255246 -15.506516048667415 0
    endloop
  endfacet
  facet normal -0.9415440651830207 -0.3368898533922203 0
    outer loop
      vertex -23.373201429255246 -15.506516048667415 1.4
      vertex -23.429404794730814 -15.349438164979347 1.4
      vertex -23.429404794730814 -15.349438164979347 0
    endloop
  endfacet
  facet normal -0.9039892931234447 -0.42755509343027925 0
    outer loop
      vertex -23.500733850607798 -15.198625547395803 1.4
      vertex -23.500733850607798 -15.198625547395803 0
      vertex -23.429404794730814 -15.349438164979347 1.4
    endloop
  endfacet
  facet normal -0.7409511253549592 -0.6715589548470182 0
    outer loop
      vertex -23.797918471982868 -14.79791847198287 1.4
      vertex -23.797918471982868 -14.79791847198287 0
      vertex -23.685882229283347 -14.921531416921802 1.4
    endloop
  endfacet
  facet normal -0.8032075314806479 -0.5956993044924292 0
    outer loop
      vertex -23.685882229283347 -14.921531416921802 1.4
      vertex -23.685882229283347 -14.921531416921802 0
      vertex -23.586501659085673 -15.055530603866677 1.4
    endloop
  endfacet
  facet normal -0.6715589548470188 -0.7409511253549587 0
    outer loop
      vertex -23.921531416921802 -14.685882229283347 1.4
      vertex -23.921531416921802 -14.685882229283347 0
      vertex -23.797918471982868 -14.79791847198287 1.4
    endloop
  endfacet
  facet normal 0.6715589548470188 0.7409511253549587 0
    outer loop
      vertex -26.202081528017132 14.79791847198287 1.4
      vertex -26.078468583078198 14.685882229283347 0
      vertex -26.202081528017132 14.79791847198287 0
    endloop
  endfacet
  facet normal 0.5956993044924344 0.8032075314806443 0
    outer loop
      vertex -26.078468583078198 14.685882229283347 1.4
      vertex -25.944469396133325 14.586501659085673 0
      vertex -26.078468583078198 14.685882229283347 0
    endloop
  endfacet
  facet normal 0.7409511253549592 0.6715589548470182 0
    outer loop
      vertex -26.314117770716653 14.921531416921802 1.4
      vertex -26.202081528017132 14.79791847198287 0
      vertex -26.314117770716653 14.921531416921802 0
    endloop
  endfacet
  facet normal 0.8032075314806479 0.5956993044924292 0
    outer loop
      vertex -26.413498340914327 15.055530603866677 1.4
      vertex -26.314117770716653 14.921531416921802 0
      vertex -26.413498340914327 15.055530603866677 0
    endloop
  endfacet
  facet normal 0.9039892931234447 0.42755509343027925 0
    outer loop
      vertex -26.570595205269186 15.349438164979347 1.4
      vertex -26.499266149392202 15.198625547395803 0
      vertex -26.570595205269186 15.349438164979347 0
    endloop
  endfacet
  facet normal 0.9415440651830207 0.3368898533922203 0
    outer loop
      vertex -26.626798570744754 15.506516048667415 1.4
      vertex -26.570595205269186 15.349438164979347 0
      vertex -26.626798570744754 15.506516048667415 0
    endloop
  endfacet
  facet normal 0.9700312531945415 0.24298017990327378 0
    outer loop
      vertex -26.667334976685492 15.668346452572582 1.4
      vertex -26.626798570744754 15.506516048667415 0
      vertex -26.667334976685492 15.668346452572582 0
    endloop
  endfacet
  facet normal 0.8577286100002731 0.51410274419322 0
    outer loop
      vertex -26.499266149392202 15.198625547395803 1.4
      vertex -26.413498340914327 15.055530603866677 0
      vertex -26.499266149392202 15.198625547395803 0
    endloop
  endfacet
  facet normal 0.3368898533922203 0.9415440651830207 0
    outer loop
      vertex -25.650561835020653 14.429404794730813 1.4
      vertex -25.493483951332585 14.373201429255245 0
      vertex -25.650561835020653 14.429404794730813 0
    endloop
  endfacet
  facet normal 0.24298017990326376 0.970031253194544 0
    outer loop
      vertex -25.493483951332585 14.373201429255245 1.4
      vertex -25.33165354742742 14.332665023314508 0
      vertex -25.493483951332585 14.373201429255245 0
    endloop
  endfacet
  facet normal 0.14673047445535692 0.9891765099647817 0
    outer loop
      vertex -25.33165354742742 14.332665023314508 1.4
      vertex -25.166629138560253 14.308185964657266 0
      vertex -25.33165354742742 14.332665023314508 0
    endloop
  endfacet
  facet normal 0.04906767432741787 0.9987954562051724 0
    outer loop
      vertex -25.166629138560253 14.308185964657266 1.4
      vertex -25 14.3 0
      vertex -25.166629138560253 14.308185964657266 0
    endloop
  endfacet
  facet normal -0.04906767432741787 0.9987954562051724 0
    outer loop
      vertex -25 14.3 1.4
      vertex -24.833370861439747 14.308185964657266 0
      vertex -25 14.3 0
    endloop
  endfacet
  facet normal -0.14673047445535692 0.9891765099647817 0
    outer loop
      vertex -24.833370861439747 14.308185964657266 1.4
      vertex -24.66834645257258 14.332665023314508 0
      vertex -24.833370861439747 14.308185964657266 0
    endloop
  endfacet
  facet normal -0.24298017990326376 0.970031253194544 0
    outer loop
      vertex -24.66834645257258 14.332665023314508 1.4
      vertex -24.506516048667415 14.373201429255245 0
      vertex -24.66834645257258 14.332665023314508 0
    endloop
  endfacet
  facet normal -0.3368898533922203 0.9415440651830207 0
    outer loop
      vertex -24.506516048667415 14.373201429255245 1.4
      vertex -24.349438164979347 14.429404794730813 0
      vertex -24.506516048667415 14.373201429255245 0
    endloop
  endfacet
  facet normal 0.5141027441932232 0.8577286100002711 0
    outer loop
      vertex -25.944469396133325 14.586501659085673 1.4
      vertex -25.801374452604197 14.500733850607796 0
      vertex -25.944469396133325 14.586501659085673 0
    endloop
  endfacet
  facet normal 0.42755509343027925 0.9039892931234447 0
    outer loop
      vertex -25.801374452604197 14.500733850607796 1.4
      vertex -25.650561835020653 14.429404794730813 0
      vertex -25.801374452604197 14.500733850607796 0
    endloop
  endfacet
  facet normal -0.42755509343027925 0.9039892931234447 0
    outer loop
      vertex -24.349438164979347 14.429404794730813 1.4
      vertex -24.198625547395803 14.500733850607796 0
      vertex -24.349438164979347 14.429404794730813 0
    endloop
  endfacet
  facet normal -0.5141027441932232 0.8577286100002711 0
    outer loop
      vertex -24.198625547395803 14.500733850607796 1.4
      vertex -24.055530603866675 14.586501659085673 0
      vertex -24.198625547395803 14.500733850607796 0
    endloop
  endfacet
  facet normal -0.5956993044924344 0.8032075314806443 0
    outer loop
      vertex -24.055530603866675 14.586501659085673 1.4
      vertex -23.921531416921802 14.685882229283347 0
      vertex -24.055530603866675 14.586501659085673 0
    endloop
  endfacet
  facet normal 0.9891765099647817 0.14673047445535692 0
    outer loop
      vertex -26.691814035342734 15.833370861439747 1.4
      vertex -26.667334976685492 15.668346452572582 0
      vertex -26.691814035342734 15.833370861439747 0
    endloop
  endfacet
  facet normal 0.9987954562051724 0.04906767432741787 0
    outer loop
      vertex -26.7 16 1.4
      vertex -26.691814035342734 15.833370861439747 0
      vertex -26.7 16 0
    endloop
  endfacet
  facet normal 0.9987954562051724 -0.04906767432741787 0
    outer loop
      vertex -26.691814035342734 16.166629138560253 1.4
      vertex -26.7 16 0
      vertex -26.691814035342734 16.166629138560253 0
    endloop
  endfacet
  facet normal 0.9891765099647817 -0.14673047445535692 0
    outer loop
      vertex -26.667334976685492 16.33165354742742 1.4
      vertex -26.691814035342734 16.166629138560253 0
      vertex -26.667334976685492 16.33165354742742 0
    endloop
  endfacet
  facet normal 0.9700312531945415 -0.24298017990327378 0
    outer loop
      vertex -26.626798570744754 16.493483951332585 1.4
      vertex -26.667334976685492 16.33165354742742 0
      vertex -26.626798570744754 16.493483951332585 0
    endloop
  endfacet
  facet normal 0.9415440651830207 -0.3368898533922203 0
    outer loop
      vertex -26.570595205269186 16.650561835020653 1.4
      vertex -26.626798570744754 16.493483951332585 0
      vertex -26.570595205269186 16.650561835020653 0
    endloop
  endfacet
  facet normal 0.9039892931234447 -0.42755509343027925 0
    outer loop
      vertex -26.499266149392202 16.801374452604197 1.4
      vertex -26.570595205269186 16.650561835020653 0
      vertex -26.499266149392202 16.801374452604197 0
    endloop
  endfacet
  facet normal 0.8577286100002759 -0.5141027441932153 0
    outer loop
      vertex -26.413498340914327 16.944469396133325 1.4
      vertex -26.499266149392202 16.801374452604197 0
      vertex -26.413498340914327 16.944469396133325 0
    endloop
  endfacet
  facet normal 0.8032075314806443 -0.5956993044924344 0
    outer loop
      vertex -26.314117770716653 17.078468583078198 1.4
      vertex -26.413498340914327 16.944469396133325 0
      vertex -26.314117770716653 17.078468583078198 0
    endloop
  endfacet
  facet normal 0.740951125354964 -0.6715589548470129 0
    outer loop
      vertex -26.202081528017132 17.202081528017132 1.4
      vertex -26.314117770716653 17.078468583078198 0
      vertex -26.202081528017132 17.202081528017132 0
    endloop
  endfacet
  facet normal 0.6715589548470129 -0.740951125354964 0
    outer loop
      vertex -26.078468583078198 17.314117770716653 1.4
      vertex -26.202081528017132 17.202081528017132 0
      vertex -26.078468583078198 17.314117770716653 0
    endloop
  endfacet
  facet normal 0.5956993044924344 -0.8032075314806443 0
    outer loop
      vertex -25.944469396133325 17.413498340914327 1.4
      vertex -26.078468583078198 17.314117770716653 0
      vertex -25.944469396133325 17.413498340914327 0
    endloop
  endfacet
  facet normal 0.5141027441932153 -0.8577286100002759 0
    outer loop
      vertex -25.801374452604197 17.499266149392202 1.4
      vertex -25.944469396133325 17.413498340914327 0
      vertex -25.801374452604197 17.499266149392202 0
    endloop
  endfacet
  facet normal 0.42755509343027925 -0.9039892931234447 0
    outer loop
      vertex -25.650561835020653 17.570595205269186 1.4
      vertex -25.801374452604197 17.499266149392202 0
      vertex -25.650561835020653 17.570595205269186 0
    endloop
  endfacet
  facet normal 0.3368898533922203 -0.9415440651830207 0
    outer loop
      vertex -25.493483951332585 17.626798570744754 1.4
      vertex -25.650561835020653 17.570595205269186 0
      vertex -25.493483951332585 17.626798570744754 0
    endloop
  endfacet
  facet normal 0.24298017990327378 -0.9700312531945415 0
    outer loop
      vertex -25.33165354742742 17.667334976685492 1.4
      vertex -25.493483951332585 17.626798570744754 0
      vertex -25.33165354742742 17.667334976685492 0
    endloop
  endfacet
  facet normal 0.14673047445535692 -0.9891765099647817 0
    outer loop
      vertex -25.166629138560253 17.691814035342734 1.4
      vertex -25.33165354742742 17.667334976685492 0
      vertex -25.166629138560253 17.691814035342734 0
    endloop
  endfacet
  facet normal 0.04906767432741787 -0.9987954562051724 0
    outer loop
      vertex -25 17.7 1.4
      vertex -25.166629138560253 17.691814035342734 0
      vertex -25 17.7 0
    endloop
  endfacet
  facet normal -0.04906767432741787 -0.9987954562051724 0
    outer loop
      vertex -24.833370861439747 17.691814035342734 1.4
      vertex -25 17.7 0
      vertex -24.833370861439747 17.691814035342734 0
    endloop
  endfacet
  facet normal -0.14673047445535692 -0.9891765099647817 0
    outer loop
      vertex -24.66834645257258 17.667334976685492 1.4
      vertex -24.833370861439747 17.691814035342734 0
      vertex -24.66834645257258 17.667334976685492 0
    endloop
  endfacet
  facet normal -0.24298017990327378 -0.9700312531945415 0
    outer loop
      vertex -24.506516048667415 17.626798570744754 1.4
      vertex -24.66834645257258 17.667334976685492 0
      vertex -24.506516048667415 17.626798570744754 0
    endloop
  endfacet
  facet normal -0.3368898533922203 -0.9415440651830207 0
    outer loop
      vertex -24.349438164979347 17.570595205269186 1.4
      vertex -24.506516048667415 17.626798570744754 0
      vertex -24.349438164979347 17.570595205269186 0
    endloop
  endfacet
  facet normal -0.42755509343027925 -0.9039892931234447 0
    outer loop
      vertex -24.198625547395803 17.499266149392202 1.4
      vertex -24.349438164979347 17.570595205269186 0
      vertex -24.198625547395803 17.499266149392202 0
    endloop
  endfacet
  facet normal -0.5141027441932153 -0.8577286100002759 0
    outer loop
      vertex -24.055530603866675 17.413498340914327 1.4
      vertex -24.198625547395803 17.499266149392202 0
      vertex -24.055530603866675 17.413498340914327 0
    endloop
  endfacet
  facet normal -0.6715589548470188 0.7409511253549587 0
    outer loop
      vertex -23.921531416921802 14.685882229283347 1.4
      vertex -23.797918471982868 14.79791847198287 0
      vertex -23.921531416921802 14.685882229283347 0
    endloop
  endfacet
  facet normal -0.7409511253549592 0.6715589548470182 0
    outer loop
      vertex -23.797918471982868 14.79791847198287 1.4
      vertex -23.685882229283347 14.921531416921802 0
      vertex -23.797918471982868 14.79791847198287 0
    endloop
  endfacet
  facet normal -0.8032075314806479 0.5956993044924292 0
    outer loop
      vertex -23.685882229283347 14.921531416921802 1.4
      vertex -23.586501659085673 15.055530603866677 0
      vertex -23.685882229283347 14.921531416921802 0
    endloop
  endfacet
  facet normal -0.8577286100002731 0.51410274419322 0
    outer loop
      vertex -23.586501659085673 15.055530603866677 1.4
      vertex -23.500733850607798 15.198625547395803 0
      vertex -23.586501659085673 15.055530603866677 0
    endloop
  endfacet
  facet normal -0.9039892931234447 0.42755509343027925 0
    outer loop
      vertex -23.500733850607798 15.198625547395803 1.4
      vertex -23.429404794730814 15.349438164979347 0
      vertex -23.500733850607798 15.198625547395803 0
    endloop
  endfacet
  facet normal -0.9415440651830207 0.3368898533922203 0
    outer loop
      vertex -23.429404794730814 15.349438164979347 1.4
      vertex -23.373201429255246 15.506516048667415 0
      vertex -23.429404794730814 15.349438164979347 0
    endloop
  endfacet
  facet normal -0.9700312531945415 0.24298017990327378 0
    outer loop
      vertex -23.373201429255246 15.506516048667415 1.4
      vertex -23.332665023314508 15.668346452572582 0
      vertex -23.373201429255246 15.506516048667415 0
    endloop
  endfacet
  facet normal -0.9891765099647817 0.14673047445535692 0
    outer loop
      vertex -23.332665023314508 15.668346452572582 1.4
      vertex -23.308185964657266 15.833370861439747 0
      vertex -23.332665023314508 15.668346452572582 0
    endloop
  endfacet
  facet normal -0.9987954562051724 0.04906767432741787 0
    outer loop
      vertex -23.308185964657266 15.833370861439747 1.4
      vertex -23.3 16 0
      vertex -23.308185964657266 15.833370861439747 0
    endloop
  endfacet
  facet normal -0.9987954562051724 -0.04906767432741787 0
    outer loop
      vertex -23.3 16 1.4
      vertex -23.308185964657266 16.166629138560253 0
      vertex -23.3 16 0
    endloop
  endfacet
  facet normal -0.9891765099647817 -0.14673047445535692 0
    outer loop
      vertex -23.308185964657266 16.166629138560253 1.4
      vertex -23.332665023314508 16.33165354742742 0
      vertex -23.308185964657266 16.166629138560253 0
    endloop
  endfacet
  facet normal -0.9700312531945415 -0.24298017990327378 0
    outer loop
      vertex -23.332665023314508 16.33165354742742 1.4
      vertex -23.373201429255246 16.493483951332585 0
      vertex -23.332665023314508 16.33165354742742 0
    endloop
  endfacet
  facet normal -0.8577286100002759 -0.5141027441932153 0
    outer loop
      vertex -23.500733850607798 16.801374452604197 1.4
      vertex -23.586501659085673 16.944469396133325 0
      vertex -23.500733850607798 16.801374452604197 0
    endloop
  endfacet
  facet normal -0.8032075314806443 -0.5956993044924344 0
    outer loop
      vertex -23.586501659085673 16.944469396133325 1.4
      vertex -23.685882229283347 17.078468583078198 0
      vertex -23.586501659085673 16.944469396133325 0
    endloop
  endfacet
  facet normal -0.9415440651830207 -0.3368898533922203 0
    outer loop
      vertex -23.373201429255246 16.493483951332585 1.4
      vertex -23.429404794730814 16.650561835020653 0
      vertex -23.373201429255246 16.493483951332585 0
    endloop
  endfacet
  facet normal -0.9039892931234447 -0.42755509343027925 0
    outer loop
      vertex -23.429404794730814 16.650561835020653 1.4
      vertex -23.500733850607798 16.801374452604197 0
      vertex -23.429404794730814 16.650561835020653 0
    endloop
  endfacet
  facet normal -0.5956993044924344 -0.8032075314806443 0
    outer loop
      vertex -23.921531416921802 17.314117770716653 1.4
      vertex -24.055530603866675 17.413498340914327 0
      vertex -23.921531416921802 17.314117770716653 0
    endloop
  endfacet
  facet normal -0.6715589548470129 -0.740951125354964 0
    outer loop
      vertex -23.797918471982868 17.202081528017132 1.4
      vertex -23.921531416921802 17.314117770716653 0
      vertex -23.797918471982868 17.202081528017132 0
    endloop
  endfacet
  facet normal -0.740951125354964 -0.6715589548470129 0
    outer loop
      vertex -23.685882229283347 17.078468583078198 1.4
      vertex -23.797918471982868 17.202081528017132 0
      vertex -23.685882229283347 17.078468583078198 0
    endloop
  endfacet
  facet normal 0.6715589548470188 0.7409511253549587 0
    outer loop
      vertex -26.202081528017132 14.79791847198287 1.4
      vertex -26.078468583078198 14.685882229283347 1.4
      vertex -26.078468583078198 14.685882229283347 0
    endloop
  endfacet
  facet normal 0.8032075314806479 0.5956993044924292 0
    outer loop
      vertex -26.314117770716653 14.921531416921802 1.4
      vertex -26.314117770716653 14.921531416921802 0
      vertex -26.413498340914327 15.055530603866677 1.4
    endloop
  endfacet
  facet normal 0.7409511253549592 0.6715589548470182 0
    outer loop
      vertex -26.314117770716653 14.921531416921802 1.4
      vertex -26.202081528017132 14.79791847198287 1.4
      vertex -26.202081528017132 14.79791847198287 0
    endloop
  endfacet
  facet normal 0.9039892931234447 0.42755509343027925 0
    outer loop
      vertex -26.570595205269186 15.349438164979347 1.4
      vertex -26.499266149392202 15.198625547395803 1.4
      vertex -26.499266149392202 15.198625547395803 0
    endloop
  endfacet
  facet normal 0.9415440651830207 0.3368898533922203 0
    outer loop
      vertex -26.570595205269186 15.349438164979347 1.4
      vertex -26.570595205269186 15.349438164979347 0
      vertex -26.626798570744754 15.506516048667415 1.4
    endloop
  endfacet
  facet normal 0.9700312531945415 0.24298017990327378 0
    outer loop
      vertex -26.626798570744754 15.506516048667415 1.4
      vertex -26.626798570744754 15.506516048667415 0
      vertex -26.667334976685492 15.668346452572582 1.4
    endloop
  endfacet
  facet normal 0.9891765099647817 0.14673047445535692 0
    outer loop
      vertex -26.667334976685492 15.668346452572582 1.4
      vertex -26.667334976685492 15.668346452572582 0
      vertex -26.691814035342734 15.833370861439747 1.4
    endloop
  endfacet
  facet normal 0.8577286100002731 0.51410274419322 0
    outer loop
      vertex -26.413498340914327 15.055530603866677 1.4
      vertex -26.413498340914327 15.055530603866677 0
      vertex -26.499266149392202 15.198625547395803 1.4
    endloop
  endfacet
  facet normal 0.3368898533922203 0.9415440651830207 0
    outer loop
      vertex -25.650561835020653 14.429404794730813 1.4
      vertex -25.493483951332585 14.373201429255245 1.4
      vertex -25.493483951332585 14.373201429255245 0
    endloop
  endfacet
  facet normal 0.24298017990326376 0.970031253194544 0
    outer loop
      vertex -25.493483951332585 14.373201429255245 1.4
      vertex -25.33165354742742 14.332665023314508 1.4
      vertex -25.33165354742742 14.332665023314508 0
    endloop
  endfacet
  facet normal 0.14673047445535692 0.9891765099647817 0
    outer loop
      vertex -25.33165354742742 14.332665023314508 1.4
      vertex -25.166629138560253 14.308185964657266 1.4
      vertex -25.166629138560253 14.308185964657266 0
    endloop
  endfacet
  facet normal 0.04906767432741787 0.9987954562051724 0
    outer loop
      vertex -25.166629138560253 14.308185964657266 1.4
      vertex -25 14.3 1.4
      vertex -25 14.3 0
    endloop
  endfacet
  facet normal -0.04906767432741787 0.9987954562051724 0
    outer loop
      vertex -25 14.3 1.4
      vertex -24.833370861439747 14.308185964657266 1.4
      vertex -24.833370861439747 14.308185964657266 0
    endloop
  endfacet
  facet normal -0.14673047445535692 0.9891765099647817 0
    outer loop
      vertex -24.833370861439747 14.308185964657266 1.4
      vertex -24.66834645257258 14.332665023314508 1.4
      vertex -24.66834645257258 14.332665023314508 0
    endloop
  endfacet
  facet normal -0.24298017990326376 0.970031253194544 0
    outer loop
      vertex -24.66834645257258 14.332665023314508 1.4
      vertex -24.506516048667415 14.373201429255245 1.4
      vertex -24.506516048667415 14.373201429255245 0
    endloop
  endfacet
  facet normal -0.3368898533922203 0.9415440651830207 0
    outer loop
      vertex -24.506516048667415 14.373201429255245 1.4
      vertex -24.349438164979347 14.429404794730813 1.4
      vertex -24.349438164979347 14.429404794730813 0
    endloop
  endfacet
  facet normal 0.5141027441932232 0.8577286100002711 0
    outer loop
      vertex -25.944469396133325 14.586501659085673 1.4
      vertex -25.801374452604197 14.500733850607796 1.4
      vertex -25.801374452604197 14.500733850607796 0
    endloop
  endfacet
  facet normal 0.5956993044924344 0.8032075314806443 0
    outer loop
      vertex -25.944469396133325 14.586501659085673 1.4
      vertex -25.944469396133325 14.586501659085673 0
      vertex -26.078468583078198 14.685882229283347 1.4
    endloop
  endfacet
  facet normal 0.42755509343027925 0.9039892931234447 0
    outer loop
      vertex -25.650561835020653 14.429404794730813 1.4
      vertex -25.650561835020653 14.429404794730813 0
      vertex -25.801374452604197 14.500733850607796 1.4
    endloop
  endfacet
  facet normal -0.42755509343027925 0.9039892931234447 0
    outer loop
      vertex -24.349438164979347 14.429404794730813 1.4
      vertex -24.198625547395803 14.500733850607796 1.4
      vertex -24.198625547395803 14.500733850607796 0
    endloop
  endfacet
  facet normal -0.5141027441932232 0.8577286100002711 0
    outer loop
      vertex -24.198625547395803 14.500733850607796 1.4
      vertex -24.055530603866675 14.586501659085673 1.4
      vertex -24.055530603866675 14.586501659085673 0
    endloop
  endfacet
  facet normal 0.9987954562051724 0.04906767432741787 0
    outer loop
      vertex -26.691814035342734 15.833370861439747 1.4
      vertex -26.691814035342734 15.833370861439747 0
      vertex -26.7 16 1.4
    endloop
  endfacet
  facet normal 0.9987954562051724 -0.04906767432741787 0
    outer loop
      vertex -26.7 16 1.4
      vertex -26.7 16 0
      vertex -26.691814035342734 16.166629138560253 1.4
    endloop
  endfacet
  facet normal 0.9891765099647817 -0.14673047445535692 0
    outer loop
      vertex -26.691814035342734 16.166629138560253 1.4
      vertex -26.691814035342734 16.166629138560253 0
      vertex -26.667334976685492 16.33165354742742 1.4
    endloop
  endfacet
  facet normal 0.9700312531945415 -0.24298017990327378 0
    outer loop
      vertex -26.667334976685492 16.33165354742742 1.4
      vertex -26.667334976685492 16.33165354742742 0
      vertex -26.626798570744754 16.493483951332585 1.4
    endloop
  endfacet
  facet normal 0.9415440651830207 -0.3368898533922203 0
    outer loop
      vertex -26.626798570744754 16.493483951332585 1.4
      vertex -26.626798570744754 16.493483951332585 0
      vertex -26.570595205269186 16.650561835020653 1.4
    endloop
  endfacet
  facet normal 0.9039892931234447 -0.42755509343027925 0
    outer loop
      vertex -26.570595205269186 16.650561835020653 1.4
      vertex -26.570595205269186 16.650561835020653 0
      vertex -26.499266149392202 16.801374452604197 1.4
    endloop
  endfacet
  facet normal 0.8577286100002759 -0.5141027441932153 0
    outer loop
      vertex -26.499266149392202 16.801374452604197 1.4
      vertex -26.499266149392202 16.801374452604197 0
      vertex -26.413498340914327 16.944469396133325 1.4
    endloop
  endfacet
  facet normal 0.8032075314806443 -0.5956993044924344 0
    outer loop
      vertex -26.413498340914327 16.944469396133325 1.4
      vertex -26.413498340914327 16.944469396133325 0
      vertex -26.314117770716653 17.078468583078198 1.4
    endloop
  endfacet
  facet normal 0.740951125354964 -0.6715589548470129 0
    outer loop
      vertex -26.314117770716653 17.078468583078198 1.4
      vertex -26.314117770716653 17.078468583078198 0
      vertex -26.202081528017132 17.202081528017132 1.4
    endloop
  endfacet
  facet normal 0.6715589548470129 -0.740951125354964 0
    outer loop
      vertex -26.202081528017132 17.202081528017132 1.4
      vertex -26.202081528017132 17.202081528017132 0
      vertex -26.078468583078198 17.314117770716653 1.4
    endloop
  endfacet
  facet normal 0.5956993044924344 -0.8032075314806443 0
    outer loop
      vertex -26.078468583078198 17.314117770716653 1.4
      vertex -26.078468583078198 17.314117770716653 0
      vertex -25.944469396133325 17.413498340914327 1.4
    endloop
  endfacet
  facet normal 0.5141027441932153 -0.8577286100002759 0
    outer loop
      vertex -25.944469396133325 17.413498340914327 1.4
      vertex -25.944469396133325 17.413498340914327 0
      vertex -25.801374452604197 17.499266149392202 1.4
    endloop
  endfacet
  facet normal 0.42755509343027925 -0.9039892931234447 0
    outer loop
      vertex -25.801374452604197 17.499266149392202 1.4
      vertex -25.801374452604197 17.499266149392202 0
      vertex -25.650561835020653 17.570595205269186 1.4
    endloop
  endfacet
  facet normal 0.3368898533922203 -0.9415440651830207 0
    outer loop
      vertex -25.650561835020653 17.570595205269186 1.4
      vertex -25.650561835020653 17.570595205269186 0
      vertex -25.493483951332585 17.626798570744754 1.4
    endloop
  endfacet
  facet normal 0.24298017990327378 -0.9700312531945415 0
    outer loop
      vertex -25.493483951332585 17.626798570744754 1.4
      vertex -25.493483951332585 17.626798570744754 0
      vertex -25.33165354742742 17.667334976685492 1.4
    endloop
  endfacet
  facet normal 0.14673047445535692 -0.9891765099647817 0
    outer loop
      vertex -25.33165354742742 17.667334976685492 1.4
      vertex -25.33165354742742 17.667334976685492 0
      vertex -25.166629138560253 17.691814035342734 1.4
    endloop
  endfacet
  facet normal 0.04906767432741787 -0.9987954562051724 0
    outer loop
      vertex -25.166629138560253 17.691814035342734 1.4
      vertex -25.166629138560253 17.691814035342734 0
      vertex -25 17.7 1.4
    endloop
  endfacet
  facet normal -0.04906767432741787 -0.9987954562051724 0
    outer loop
      vertex -25 17.7 1.4
      vertex -25 17.7 0
      vertex -24.833370861439747 17.691814035342734 1.4
    endloop
  endfacet
  facet normal -0.14673047445535692 -0.9891765099647817 0
    outer loop
      vertex -24.833370861439747 17.691814035342734 1.4
      vertex -24.833370861439747 17.691814035342734 0
      vertex -24.66834645257258 17.667334976685492 1.4
    endloop
  endfacet
  facet normal -0.24298017990327378 -0.9700312531945415 0
    outer loop
      vertex -24.66834645257258 17.667334976685492 1.4
      vertex -24.66834645257258 17.667334976685492 0
      vertex -24.506516048667415 17.626798570744754 1.4
    endloop
  endfacet
  facet normal -0.5956993044924344 -0.8032075314806443 0
    outer loop
      vertex -23.921531416921802 17.314117770716653 1.4
      vertex -24.055530603866675 17.413498340914327 1.4
      vertex -24.055530603866675 17.413498340914327 0
    endloop
  endfacet
  facet normal -0.42755509343027925 -0.9039892931234447 0
    outer loop
      vertex -24.349438164979347 17.570595205269186 1.4
      vertex -24.349438164979347 17.570595205269186 0
      vertex -24.198625547395803 17.499266149392202 1.4
    endloop
  endfacet
  facet normal -0.3368898533922203 -0.9415440651830207 0
    outer loop
      vertex -24.506516048667415 17.626798570744754 1.4
      vertex -24.506516048667415 17.626798570744754 0
      vertex -24.349438164979347 17.570595205269186 1.4
    endloop
  endfacet
  facet normal -0.5141027441932153 -0.8577286100002759 0
    outer loop
      vertex -24.055530603866675 17.413498340914327 1.4
      vertex -24.198625547395803 17.499266149392202 1.4
      vertex -24.198625547395803 17.499266149392202 0
    endloop
  endfacet
  facet normal -0.5956993044924344 0.8032075314806443 0
    outer loop
      vertex -24.055530603866675 14.586501659085673 1.4
      vertex -23.921531416921802 14.685882229283347 1.4
      vertex -23.921531416921802 14.685882229283347 0
    endloop
  endfacet
  facet normal -0.6715589548470188 0.7409511253549587 0
    outer loop
      vertex -23.921531416921802 14.685882229283347 1.4
      vertex -23.797918471982868 14.79791847198287 1.4
      vertex -23.797918471982868 14.79791847198287 0
    endloop
  endfacet
  facet normal -0.7409511253549592 0.6715589548470182 0
    outer loop
      vertex -23.797918471982868 14.79791847198287 1.4
      vertex -23.685882229283347 14.921531416921802 1.4
      vertex -23.685882229283347 14.921531416921802 0
    endloop
  endfacet
  facet normal -0.8032075314806479 0.5956993044924292 0
    outer loop
      vertex -23.685882229283347 14.921531416921802 1.4
      vertex -23.586501659085673 15.055530603866677 1.4
      vertex -23.586501659085673 15.055530603866677 0
    endloop
  endfacet
  facet normal -0.8577286100002731 0.51410274419322 0
    outer loop
      vertex -23.586501659085673 15.055530603866677 1.4
      vertex -23.500733850607798 15.198625547395803 1.4
      vertex -23.500733850607798 15.198625547395803 0
    endloop
  endfacet
  facet normal -0.9039892931234447 0.42755509343027925 0
    outer loop
      vertex -23.500733850607798 15.198625547395803 1.4
      vertex -23.429404794730814 15.349438164979347 1.4
      vertex -23.429404794730814 15.349438164979347 0
    endloop
  endfacet
  facet normal -0.9415440651830207 0.3368898533922203 0
    outer loop
      vertex -23.429404794730814 15.349438164979347 1.4
      vertex -23.373201429255246 15.506516048667415 1.4
      vertex -23.373201429255246 15.506516048667415 0
    endloop
  endfacet
  facet normal -0.9700312531945415 0.24298017990327378 0
    outer loop
      vertex -23.373201429255246 15.506516048667415 1.4
      vertex -23.332665023314508 15.668346452572582 1.4
      vertex -23.332665023314508 15.668346452572582 0
    endloop
  endfacet
  facet normal -0.9891765099647817 0.14673047445535692 0
    outer loop
      vertex -23.332665023314508 15.668346452572582 1.4
      vertex -23.308185964657266 15.833370861439747 1.4
      vertex -23.308185964657266 15.833370861439747 0
    endloop
  endfacet
  facet normal -0.9987954562051724 0.04906767432741787 0
    outer loop
      vertex -23.308185964657266 15.833370861439747 1.4
      vertex -23.3 16 1.4
      vertex -23.3 16 0
    endloop
  endfacet
  facet normal -0.9987954562051724 -0.04906767432741787 0
    outer loop
      vertex -23.3 16 1.4
      vertex -23.308185964657266 16.166629138560253 1.4
      vertex -23.308185964657266 16.166629138560253 0
    endloop
  endfacet
  facet normal -0.9891765099647817 -0.14673047445535692 0
    outer loop
      vertex -23.308185964657266 16.166629138560253 1.4
      vertex -23.332665023314508 16.33165354742742 1.4
      vertex -23.332665023314508 16.33165354742742 0
    endloop
  endfacet
  facet normal -0.8577286100002759 -0.5141027441932153 0
    outer loop
      vertex -23.500733850607798 16.801374452604197 1.4
      vertex -23.586501659085673 16.944469396133325 1.4
      vertex -23.586501659085673 16.944469396133325 0
    endloop
  endfacet
  facet normal -0.8032075314806443 -0.5956993044924344 0
    outer loop
      vertex -23.685882229283347 17.078468583078198 1.4
      vertex -23.685882229283347 17.078468583078198 0
      vertex -23.586501659085673 16.944469396133325 1.4
    endloop
  endfacet
  facet normal -0.9700312531945415 -0.24298017990327378 0
    outer loop
      vertex -23.332665023314508 16.33165354742742 1.4
      vertex -23.373201429255246 16.493483951332585 1.4
      vertex -23.373201429255246 16.493483951332585 0
    endloop
  endfacet
  facet normal -0.9415440651830207 -0.3368898533922203 0
    outer loop
      vertex -23.373201429255246 16.493483951332585 1.4
      vertex -23.429404794730814 16.650561835020653 1.4
      vertex -23.429404794730814 16.650561835020653 0
    endloop
  endfacet
  facet normal -0.9039892931234447 -0.42755509343027925 0
    outer loop
      vertex -23.500733850607798 16.801374452604197 1.4
      vertex -23.500733850607798 16.801374452604197 0
      vertex -23.429404794730814 16.650561835020653 1.4
    endloop
  endfacet
  facet normal -0.740951125354964 -0.6715589548470129 0
    outer loop
      vertex -23.685882229283347 17.078468583078198 1.4
      vertex -23.797918471982868 17.202081528017132 1.4
      vertex -23.797918471982868 17.202081528017132 0
    endloop
  endfacet
  facet normal -0.6715589548470129 -0.740951125354964 0
    outer loop
      vertex -23.921531416921802 17.314117770716653 1.4
      vertex -23.921531416921802 17.314117770716653 0
      vertex -23.797918471982868 17.202081528017132 1.4
    endloop
  endfacet
  facet normal 0.47808841536691127 0.5274892797252295 0.7022724021823116
    outer loop
      vertex 23.797918471982868 14.79791847198287 1.4
      vertex 22.680515163441164 13.680515163441166 3
      vertex 23.921531416921802 14.685882229283347 1.4
    endloop
  endfacet
  facet normal 0.4240832982188969 0.5718101339648218 0.7022724021823117
    outer loop
      vertex 24.055530603866675 14.586501659085673 1.4
      vertex 23.921531416921802 14.685882229283347 1.4
      vertex 22.919033387626165 13.464334846191615 3
    endloop
  endfacet
  facet normal 0.36599402708152207 0.6106241440311176 0.7022724021823121
    outer loop
      vertex 24.055530603866675 14.586501659085673 1.4
      vertex 23.17759245786039 13.272574370508812 3
      vertex 24.198625547395803 14.500733850607796 1.4
    endloop
  endfacet
  facet normal 0.6435575097892843 0.3043800333906624 0.7022724021823118
    outer loop
      vertex 23.429404794730814 15.349438164979347 1.4
      vertex 21.969447014959893 14.744703852106118 3
      vertex 23.500733850607798 15.198625547395803 1.4
    endloop
  endfacet
  facet normal 0.6702930649238563 0.23983469358720372 0.7022724021823121
    outer loop
      vertex 23.429404794730814 15.349438164979347 1.4
      vertex 23.373201429255246 15.506516048667415 1.4
      vertex 21.860999417233977 15.047794583376414 3
    endloop
  endfacet
  facet normal 0.6905733314237502 0.17297961457752561 0.7022724021823114
    outer loop
      vertex 23.373201429255246 15.506516048667415 1.4
      vertex 23.332665023314508 15.668346452572582 1.4
      vertex 21.78278211107237 15.360055573337219 3
    endloop
  endfacet
  facet normal 0.7042029992362523 0.1044586473191721 0.7022724021823125
    outer loop
      vertex 23.332665023314508 15.668346452572582 1.4
      vertex 23.308185964657266 15.833370861439747 1.4
      vertex 21.735548371891323 15.678479577955997 3
    endloop
  endfacet
  facet normal 0.5718101339648247 0.4240832982188934 0.7022724021823117
    outer loop
      vertex 23.586501659085673 15.055530603866677 1.4
      vertex 22.272574370508814 14.177592457860392 3
      vertex 23.685882229283347 14.921531416921802 1.4
    endloop
  endfacet
  facet normal 0.5274892797252299 0.47808841536691093 0.7022724021823115
    outer loop
      vertex 23.685882229283347 14.921531416921802 1.4
      vertex 22.464334846191615 13.919033387626166 3
      vertex 23.797918471982868 14.79791847198287 1.4
    endloop
  endfacet
  facet normal 0.6106241440311191 0.3659940270815199 0.7022724021823119
    outer loop
      vertex 23.586501659085673 15.055530603866677 1.4
      vertex 23.500733850607798 15.198625547395803 1.4
      vertex 22.10708049460052 14.453702308954721 3
    endloop
  endfacet
  facet normal 0.7110508072095908 0.03493168618424389 0.7022724021823118
    outer loop
      vertex 23.308185964657266 15.833370861439747 1.4
      vertex 23.3 16 1.4
      vertex 21.719753086419754 16 3
    endloop
  endfacet
  facet normal 0.7110508072095904 -0.03493168618424386 0.7022724021823125
    outer loop
      vertex 23.3 16 1.4
      vertex 23.308185964657266 16.166629138560253 1.4
      vertex 21.735548371891323 16.321520422044003 3
    endloop
  endfacet
  facet normal 0.7042029992362535 -0.10445864731917229 0.7022724021823112
    outer loop
      vertex 23.308185964657266 16.166629138560253 1.4
      vertex 23.332665023314508 16.33165354742742 1.4
      vertex 21.78278211107237 16.63994442666278 3
    endloop
  endfacet
  facet normal 0.6905733314237491 -0.17297961457752534 0.7022724021823123
    outer loop
      vertex 23.332665023314508 16.33165354742742 1.4
      vertex 23.373201429255246 16.493483951332585 1.4
      vertex 21.860999417233977 16.95220541662359 3
    endloop
  endfacet
  facet normal 0.6702930649238568 -0.23983469358720388 0.7022724021823115
    outer loop
      vertex 23.373201429255246 16.493483951332585 1.4
      vertex 23.429404794730814 16.650561835020653 1.4
      vertex 21.969447014959893 17.25529614789388 3
    endloop
  endfacet
  facet normal 0.6435575097892842 -0.30438003339066233 0.7022724021823118
    outer loop
      vertex 23.429404794730814 16.650561835020653 1.4
      vertex 23.500733850607798 16.801374452604197 1.4
      vertex 22.10708049460052 17.54629769104528 3
    endloop
  endfacet
  facet normal 0.6106241440311214 -0.3659940270815167 0.7022724021823117
    outer loop
      vertex 23.500733850607798 16.801374452604197 1.4
      vertex 23.586501659085673 16.944469396133325 1.4
      vertex 22.272574370508814 17.82240754213961 3
    endloop
  endfacet
  facet normal 0.5718101339648218 -0.4240832982188969 0.7022724021823117
    outer loop
      vertex 23.586501659085673 16.944469396133325 1.4
      vertex 23.685882229283347 17.078468583078198 1.4
      vertex 22.464334846191615 18.080966612373835 3
    endloop
  endfacet
  facet normal 0.5274892797252334 -0.4780884153669072 0.7022724021823115
    outer loop
      vertex 23.685882229283347 17.078468583078198 1.4
      vertex 23.797918471982868 17.202081528017132 1.4
      vertex 22.680515163441164 18.319484836558836 3
    endloop
  endfacet
  facet normal 0.4780884153669069 -0.527489279725233 0.7022724021823119
    outer loop
      vertex 23.797918471982868 17.202081528017132 1.4
      vertex 23.921531416921802 17.314117770716653 1.4
      vertex 22.919033387626165 18.535665153808385 3
    endloop
  endfacet
  facet normal 0.4240832982188969 -0.5718101339648218 0.7022724021823117
    outer loop
      vertex 23.921531416921802 17.314117770716653 1.4
      vertex 24.055530603866675 17.413498340914327 1.4
      vertex 23.17759245786039 18.727425629491186 3
    endloop
  endfacet
  facet normal 0.36599402708151646 -0.610624144031121 0.702272402182312
    outer loop
      vertex 24.055530603866675 17.413498340914327 1.4
      vertex 24.198625547395803 17.499266149392202 1.4
      vertex 23.45370230895472 18.89291950539948 3
    endloop
  endfacet
  facet normal 0.03493168618424388 0.7110508072095907 0.7022724021823121
    outer loop
      vertex 24.833370861439747 14.308185964657266 1.4
      vertex 24.678479577955997 12.735548371891324 3
      vertex 25 14.3 1.4
    endloop
  endfacet
  facet normal 0.23983469358720383 0.6702930649238565 0.702272402182312
    outer loop
      vertex 24.349438164979347 14.429404794730813 1.4
      vertex 23.74470385210612 12.96944701495989 3
      vertex 24.506516048667415 14.373201429255245 1.4
    endloop
  endfacet
  facet normal 0.3043800333906625 0.6435575097892845 0.7022724021823115
    outer loop
      vertex 24.349438164979347 14.429404794730813 1.4
      vertex 24.198625547395803 14.500733850607796 1.4
      vertex 23.45370230895472 13.10708049460052 3
    endloop
  endfacet
  facet normal 0.17297961457751834 0.6905733314237514 0.7022724021823118
    outer loop
      vertex 24.506516048667415 14.373201429255245 1.4
      vertex 24.04779458337641 12.860999417233977 3
      vertex 24.66834645257258 14.332665023314508 1.4
    endloop
  endfacet
  facet normal 0.10445864731917222 0.7042029992362531 0.7022724021823117
    outer loop
      vertex 24.66834645257258 14.332665023314508 1.4
      vertex 24.36005557333722 12.782782111072367 3
      vertex 24.833370861439747 14.308185964657266 1.4
    endloop
  endfacet
  facet normal -0.034931686184243874 0.7110508072095906 0.7022724021823122
    outer loop
      vertex 25 14.3 1.4
      vertex 25 12.719753086419752 3
      vertex 25.166629138560253 14.308185964657266 1.4
    endloop
  endfacet
  facet normal -0.10445864731917213 0.7042029992362525 0.7022724021823121
    outer loop
      vertex 25.166629138560253 14.308185964657266 1.4
      vertex 25.321520422044003 12.735548371891324 3
      vertex 25.33165354742742 14.332665023314508 1.4
    endloop
  endfacet
  facet normal -0.17297961457751837 0.6905733314237515 0.7022724021823118
    outer loop
      vertex 25.33165354742742 14.332665023314508 1.4
      vertex 25.63994442666278 12.782782111072367 3
      vertex 25.493483951332585 14.373201429255245 1.4
    endloop
  endfacet
  facet normal -0.23983469358720383 0.6702930649238565 0.702272402182312
    outer loop
      vertex 25.493483951332585 14.373201429255245 1.4
      vertex 25.95220541662359 12.860999417233977 3
      vertex 25.650561835020653 14.429404794730813 1.4
    endloop
  endfacet
  facet normal -0.30438003339066233 0.6435575097892842 0.7022724021823118
    outer loop
      vertex 25.650561835020653 14.429404794730813 1.4
      vertex 26.25529614789388 12.96944701495989 3
      vertex 25.801374452604197 14.500733850607796 1.4
    endloop
  endfacet
  facet normal -0.36599402708152234 0.6106241440311181 0.7022724021823115
    outer loop
      vertex 25.801374452604197 14.500733850607796 1.4
      vertex 26.54629769104528 13.10708049460052 3
      vertex 25.944469396133325 14.586501659085673 1.4
    endloop
  endfacet
  facet normal -0.4240832982188968 0.5718101339648216 0.7022724021823121
    outer loop
      vertex 25.944469396133325 14.586501659085673 1.4
      vertex 26.82240754213961 13.272574370508812 3
      vertex 26.078468583078198 14.685882229283347 1.4
    endloop
  endfacet
  facet normal -0.4780884153669111 0.5274892797252293 0.7022724021823117
    outer loop
      vertex 26.078468583078198 14.685882229283347 1.4
      vertex 27.080966612373835 13.464334846191615 3
      vertex 26.202081528017132 14.79791847198287 1.4
    endloop
  endfacet
  facet normal -0.5274892797252299 0.47808841536691093 0.7022724021823116
    outer loop
      vertex 26.202081528017132 14.79791847198287 1.4
      vertex 27.319484836558836 13.680515163441166 3
      vertex 26.314117770716653 14.921531416921802 1.4
    endloop
  endfacet
  facet normal -0.5718101339648248 0.4240832982188935 0.7022724021823115
    outer loop
      vertex 26.314117770716653 14.921531416921802 1.4
      vertex 27.535665153808385 13.919033387626166 3
      vertex 26.413498340914327 15.055530603866677 1.4
    endloop
  endfacet
  facet normal -0.6106241440311194 0.3659940270815201 0.7022724021823116
    outer loop
      vertex 26.413498340914327 15.055530603866677 1.4
      vertex 27.727425629491186 14.177592457860392 3
      vertex 26.499266149392202 15.198625547395803 1.4
    endloop
  endfacet
  facet normal -0.6435575097892842 0.30438003339066233 0.7022724021823118
    outer loop
      vertex 26.499266149392202 15.198625547395803 1.4
      vertex 27.89291950539948 14.453702308954721 3
      vertex 26.570595205269186 15.349438164979347 1.4
    endloop
  endfacet
  facet normal -0.6702930649238567 0.23983469358720386 0.7022724021823117
    outer loop
      vertex 26.570595205269186 15.349438164979347 1.4
      vertex 28.030552985040107 14.744703852106118 3
      vertex 26.626798570744754 15.506516048667415 1.4
    endloop
  endfacet
  facet normal -0.6905733314237492 0.17297961457752536 0.7022724021823123
    outer loop
      vertex 26.626798570744754 15.506516048667415 1.4
      vertex 28.139000582766023 15.047794583376414 3
      vertex 26.667334976685492 15.668346452572582 1.4
    endloop
  endfacet
  facet normal -0.7042029992362534 0.10445864731917226 0.7022724021823112
    outer loop
      vertex 26.667334976685492 15.668346452572582 1.4
      vertex 28.21721788892763 15.360055573337219 3
      vertex 26.691814035342734 15.833370861439747 1.4
    endloop
  endfacet
  facet normal 0.3043800333906621 -0.6435575097892837 0.7022724021823121
    outer loop
      vertex 24.198625547395803 17.499266149392202 1.4
      vertex 24.349438164979347 17.570595205269186 1.4
      vertex 23.74470385210612 19.03055298504011 3
    endloop
  endfacet
  facet normal 0.2398346935872037 -0.6702930649238562 0.7022724021823122
    outer loop
      vertex 24.349438164979347 17.570595205269186 1.4
      vertex 24.506516048667415 17.626798570744754 1.4
      vertex 24.04779458337641 19.139000582766023 3
    endloop
  endfacet
  facet normal 0.17297961457752564 -0.6905733314237503 0.7022724021823112
    outer loop
      vertex 24.506516048667415 17.626798570744754 1.4
      vertex 24.66834645257258 17.667334976685492 1.4
      vertex 24.36005557333722 19.21721788892763 3
    endloop
  endfacet
  facet normal 0.1044586473191721 -0.7042029992362523 0.7022724021823125
    outer loop
      vertex 24.66834645257258 17.667334976685492 1.4
      vertex 24.833370861439747 17.691814035342734 1.4
      vertex 24.678479577955997 19.264451628108677 3
    endloop
  endfacet
  facet normal 0.03493168618424389 -0.7110508072095908 0.7022724021823118
    outer loop
      vertex 24.833370861439747 17.691814035342734 1.4
      vertex 25 17.7 1.4
      vertex 25 19.280246913580246 3
    endloop
  endfacet
  facet normal -0.03493168618424386 -0.7110508072095904 0.7022724021823125
    outer loop
      vertex 25 17.7 1.4
      vertex 25.166629138560253 17.691814035342734 1.4
      vertex 25.321520422044003 19.264451628108677 3
    endloop
  endfacet
  facet normal -0.10445864731917229 -0.7042029992362535 0.7022724021823112
    outer loop
      vertex 25.166629138560253 17.691814035342734 1.4
      vertex 25.33165354742742 17.667334976685492 1.4
      vertex 25.63994442666278 19.21721788892763 3
    endloop
  endfacet
  facet normal -0.30438003339066233 -0.6435575097892842 0.7022724021823118
    outer loop
      vertex 25.650561835020653 17.570595205269186 1.4
      vertex 25.801374452604197 17.499266149392202 1.4
      vertex 26.54629769104528 18.89291950539948 3
    endloop
  endfacet
  facet normal -0.17297961457752534 -0.6905733314237491 0.7022724021823123
    outer loop
      vertex 25.33165354742742 17.667334976685492 1.4
      vertex 25.493483951332585 17.626798570744754 1.4
      vertex 25.95220541662359 19.139000582766023 3
    endloop
  endfacet
  facet normal -0.23983469358720388 -0.6702930649238568 0.7022724021823115
    outer loop
      vertex 25.493483951332585 17.626798570744754 1.4
      vertex 25.650561835020653 17.570595205269186 1.4
      vertex 26.25529614789388 19.030552985040107 3
    endloop
  endfacet
  facet normal -0.7110508072095904 0.03493168618424386 0.7022724021823125
    outer loop
      vertex 26.691814035342734 15.833370861439747 1.4
      vertex 28.264451628108677 15.678479577955997 3
      vertex 26.7 16 1.4
    endloop
  endfacet
  facet normal -0.7110508072095908 -0.03493168618424389 0.7022724021823118
    outer loop
      vertex 26.7 16 1.4
      vertex 28.280246913580246 16 3
      vertex 26.691814035342734 16.166629138560253 1.4
    endloop
  endfacet
  facet normal -0.7042029992362523 -0.1044586473191721 0.7022724021823125
    outer loop
      vertex 26.691814035342734 16.166629138560253 1.4
      vertex 28.264451628108677 16.321520422044003 3
      vertex 26.667334976685492 16.33165354742742 1.4
    endloop
  endfacet
  facet normal -0.6905733314237503 -0.17297961457752564 0.7022724021823112
    outer loop
      vertex 26.667334976685492 16.33165354742742 1.4
      vertex 28.21721788892763 16.63994442666278 3
      vertex 26.626798570744754 16.493483951332585 1.4
    endloop
  endfacet
  facet normal -0.6702930649238562 -0.2398346935872037 0.7022724021823122
    outer loop
      vertex 26.626798570744754 16.493483951332585 1.4
      vertex 28.139000582766023 16.95220541662359 3
      vertex 26.570595205269186 16.650561835020653 1.4
    endloop
  endfacet
  facet normal -0.6435575097892845 -0.3043800333906625 0.7022724021823115
    outer loop
      vertex 26.499266149392202 16.801374452604197 1.4
      vertex 26.570595205269186 16.650561835020653 1.4
      vertex 28.030552985040107 17.25529614789388 3
    endloop
  endfacet
  facet normal -0.610624144031121 -0.36599402708151646 0.7022724021823121
    outer loop
      vertex 26.499266149392202 16.801374452604197 1.4
      vertex 27.89291950539948 17.54629769104528 3
      vertex 26.413498340914327 16.944469396133325 1.4
    endloop
  endfacet
  facet normal -0.5718101339648218 -0.4240832982188969 0.7022724021823117
    outer loop
      vertex 26.413498340914327 16.944469396133325 1.4
      vertex 27.727425629491186 17.82240754213961 3
      vertex 26.314117770716653 17.078468583078198 1.4
    endloop
  endfacet
  facet normal -0.527489279725233 -0.4780884153669069 0.7022724021823119
    outer loop
      vertex 26.314117770716653 17.078468583078198 1.4
      vertex 27.535665153808385 18.080966612373835 3
      vertex 26.202081528017132 17.202081528017132 1.4
    endloop
  endfacet
  facet normal -0.4780884153669072 -0.5274892797252334 0.7022724021823115
    outer loop
      vertex 26.078468583078198 17.314117770716653 1.4
      vertex 26.202081528017132 17.202081528017132 1.4
      vertex 27.319484836558836 18.319484836558836 3
    endloop
  endfacet
  facet normal -0.3659940270815167 -0.6106241440311214 0.7022724021823117
    outer loop
      vertex 25.944469396133325 17.413498340914327 1.4
      vertex 26.82240754213961 18.727425629491186 3
      vertex 25.801374452604197 17.499266149392202 1.4
    endloop
  endfacet
  facet normal -0.4240832982188969 -0.5718101339648218 0.7022724021823117
    outer loop
      vertex 26.078468583078198 17.314117770716653 1.4
      vertex 27.080966612373835 18.535665153808385 3
      vertex 25.944469396133325 17.413498340914327 1.4
    endloop
  endfacet
  facet normal 0.5274892797252303 0.4780884153669104 0.7022724021823116
    outer loop
      vertex 23.797918471982868 14.79791847198287 1.4
      vertex 22.464334846191615 13.919033387626166 3
      vertex 22.680515163441164 13.680515163441166 3
    endloop
  endfacet
  facet normal 0.5718101339648237 0.4240832982188949 0.7022724021823115
    outer loop
      vertex 23.685882229283347 14.921531416921802 1.4
      vertex 22.272574370508814 14.177592457860392 3
      vertex 22.464334846191615 13.919033387626166 3
    endloop
  endfacet
  facet normal 0.424083298218899 0.5718101339648198 0.7022724021823121
    outer loop
      vertex 24.055530603866675 14.586501659085673 1.4
      vertex 22.919033387626165 13.464334846191615 3
      vertex 23.17759245786039 13.272574370508812 3
    endloop
  endfacet
  facet normal 0.3659940270815177 0.6106241440311209 0.7022724021823117
    outer loop
      vertex 24.198625547395803 14.500733850607796 1.4
      vertex 23.17759245786039 13.272574370508812 3
      vertex 23.45370230895472 13.10708049460052 3
    endloop
  endfacet
  facet normal 0.3043800333906654 0.6435575097892826 0.7022724021823118
    outer loop
      vertex 24.349438164979347 14.429404794730813 1.4
      vertex 23.45370230895472 13.10708049460052 3
      vertex 23.74470385210612 12.96944701495989 3
    endloop
  endfacet
  facet normal 0.47808841536691243 0.5274892797252282 0.7022724021823118
    outer loop
      vertex 23.921531416921802 14.685882229283347 1.4
      vertex 22.680515163441164 13.680515163441166 3
      vertex 22.919033387626165 13.464334846191615 3
    endloop
  endfacet
  facet normal 0.6702930649238551 0.23983469358720788 0.7022724021823117
    outer loop
      vertex 23.429404794730814 15.349438164979347 1.4
      vertex 21.860999417233977 15.047794583376414 3
      vertex 21.969447014959893 14.744703852106118 3
    endloop
  endfacet
  facet normal 0.6106241440311172 0.3659940270815235 0.7022724021823118
    outer loop
      vertex 23.586501659085673 15.055530603866677 1.4
      vertex 22.10708049460052 14.453702308954721 3
      vertex 22.272574370508814 14.177592457860392 3
    endloop
  endfacet
  facet normal 0.6435575097892848 0.3043800333906609 0.7022724021823117
    outer loop
      vertex 23.500733850607798 15.198625547395803 1.4
      vertex 21.969447014959893 14.744703852106118 3
      vertex 22.10708049460052 14.453702308954721 3
    endloop
  endfacet
  facet normal 0.690573331423752 0.17297961457751548 0.702272402182312
    outer loop
      vertex 23.373201429255246 15.506516048667415 1.4
      vertex 21.78278211107237 15.360055573337219 3
      vertex 21.860999417233977 15.047794583376414 3
    endloop
  endfacet
  facet normal 0.7042029992362514 0.104458647319184 0.7022724021823116
    outer loop
      vertex 23.332665023314508 15.668346452572582 1.4
      vertex 21.735548371891323 15.678479577955997 3
      vertex 21.78278211107237 15.360055573337219 3
    endloop
  endfacet
  facet normal 0.7110508072095907 0.034931686184238586 0.7022724021823122
    outer loop
      vertex 23.308185964657266 15.833370861439747 1.4
      vertex 21.719753086419754 16 3
      vertex 21.735548371891323 15.678479577955997 3
    endloop
  endfacet
  facet normal 0.711050807209591 -0.034931686184237996 0.702272402182312
    outer loop
      vertex 23.3 16 1.4
      vertex 21.735548371891323 16.321520422044003 3
      vertex 21.719753086419754 16 3
    endloop
  endfacet
  facet normal 0.704202999236251 -0.10445864731918389 0.7022724021823121
    outer loop
      vertex 23.308185964657266 16.166629138560253 1.4
      vertex 21.78278211107237 16.63994442666278 3
      vertex 21.735548371891323 16.321520422044003 3
    endloop
  endfacet
  facet normal 0.6905733314237529 -0.17297961457751374 0.7022724021823114
    outer loop
      vertex 23.332665023314508 16.33165354742742 1.4
      vertex 21.860999417233977 16.95220541662359 3
      vertex 21.78278211107237 16.63994442666278 3
    endloop
  endfacet
  facet normal 0.670293064923854 -0.23983469358721085 0.7022724021823118
    outer loop
      vertex 23.373201429255246 16.493483951332585 1.4
      vertex 21.969447014959893 17.25529614789388 3
      vertex 21.860999417233977 16.95220541662359 3
    endloop
  endfacet
  facet normal 0.6435575097892857 -0.30438003339065944 0.7022724021823116
    outer loop
      vertex 23.429404794730814 16.650561835020653 1.4
      vertex 22.10708049460052 17.54629769104528 3
      vertex 21.969447014959893 17.25529614789388 3
    endloop
  endfacet
  facet normal 0.610624144031119 -0.3659940270815202 0.7022724021823118
    outer loop
      vertex 23.500733850607798 16.801374452604197 1.4
      vertex 22.272574370508814 17.82240754213961 3
      vertex 22.10708049460052 17.54629769104528 3
    endloop
  endfacet
  facet normal 0.5718101339648218 -0.4240832982188968 0.7022724021823118
    outer loop
      vertex 23.586501659085673 16.944469396133325 1.4
      vertex 22.464334846191615 18.080966612373835 3
      vertex 22.272574370508814 17.82240754213961 3
    endloop
  endfacet
  facet normal 0.5274892797252301 -0.47808841536691016 0.7022724021823118
    outer loop
      vertex 23.685882229283347 17.078468583078198 1.4
      vertex 22.680515163441164 18.319484836558836 3
      vertex 22.464334846191615 18.080966612373835 3
    endloop
  endfacet
  facet normal 0.4780884153669104 -0.5274892797252303 0.7022724021823116
    outer loop
      vertex 23.797918471982868 17.202081528017132 1.4
      vertex 22.919033387626165 18.535665153808385 3
      vertex 22.680515163441164 18.319484836558836 3
    endloop
  endfacet
  facet normal 0.4240832982188966 -0.5718101339648219 0.7022724021823119
    outer loop
      vertex 23.921531416921802 17.314117770716653 1.4
      vertex 23.17759245786039 18.727425629491186 3
      vertex 22.919033387626165 18.535665153808385 3
    endloop
  endfacet
  facet normal 0.36599402708152007 -0.6106241440311192 0.7022724021823117
    outer loop
      vertex 24.055530603866675 17.413498340914327 1.4
      vertex 23.45370230895472 18.89291950539948 3
      vertex 23.17759245786039 18.727425629491186 3
    endloop
  endfacet
  facet normal 0.3043800333906659 -0.6435575097892825 0.7022724021823119
    outer loop
      vertex 24.198625547395803 17.499266149392202 1.4
      vertex 23.74470385210612 19.03055298504011 3
      vertex 23.45370230895472 18.89291950539948 3
    endloop
  endfacet
  facet normal 0.23983469358720325 0.6702930649238568 0.7022724021823118
    outer loop
      vertex 24.506516048667415 14.373201429255245 1.4
      vertex 23.74470385210612 12.96944701495989 3
      vertex 24.04779458337641 12.860999417233977 3
    endloop
  endfacet
  facet normal 0.17297961457751776 0.6905733314237518 0.7022724021823117
    outer loop
      vertex 24.66834645257258 14.332665023314508 1.4
      vertex 24.04779458337641 12.860999417233977 3
      vertex 24.36005557333722 12.782782111072367 3
    endloop
  endfacet
  facet normal 0.10445864731917671 0.7042029992362522 0.7022724021823119
    outer loop
      vertex 24.833370861439747 14.308185964657266 1.4
      vertex 24.36005557333722 12.782782111072367 3
      vertex 24.678479577955997 12.735548371891324 3
    endloop
  endfacet
  facet normal 0.03493168618424656 0.7110508072095905 0.7022724021823122
    outer loop
      vertex 25 14.3 1.4
      vertex 24.678479577955997 12.735548371891324 3
      vertex 25 12.719753086419752 3
    endloop
  endfacet
  facet normal -0.03493168618424595 0.7110508072095906 0.7022724021823121
    outer loop
      vertex 25.166629138560253 14.308185964657266 1.4
      vertex 25 12.719753086419752 3
      vertex 25.321520422044003 12.735548371891324 3
    endloop
  endfacet
  facet normal -0.10445864731917674 0.7042029992362523 0.7022724021823117
    outer loop
      vertex 25.33165354742742 14.332665023314508 1.4
      vertex 25.321520422044003 12.735548371891324 3
      vertex 25.63994442666278 12.782782111072367 3
    endloop
  endfacet
  facet normal -0.17297961457751776 0.6905733314237517 0.7022724021823119
    outer loop
      vertex 25.493483951332585 14.373201429255245 1.4
      vertex 25.63994442666278 12.782782111072367 3
      vertex 25.95220541662359 12.860999417233977 3
    endloop
  endfacet
  facet normal -0.23983469358720383 0.6702930649238567 0.7022724021823117
    outer loop
      vertex 25.650561835020653 14.429404794730813 1.4
      vertex 25.95220541662359 12.860999417233977 3
      vertex 26.25529614789388 12.96944701495989 3
    endloop
  endfacet
  facet normal -0.30438003339066544 0.6435575097892828 0.7022724021823116
    outer loop
      vertex 25.801374452604197 14.500733850607796 1.4
      vertex 26.25529614789388 12.96944701495989 3
      vertex 26.54629769104528 13.10708049460052 3
    endloop
  endfacet
  facet normal -0.36599402708151724 0.6106241440311208 0.7022724021823119
    outer loop
      vertex 25.944469396133325 14.586501659085673 1.4
      vertex 26.54629769104528 13.10708049460052 3
      vertex 26.82240754213961 13.272574370508812 3
    endloop
  endfacet
  facet normal -0.42408329821889934 0.5718101339648198 0.7022724021823118
    outer loop
      vertex 26.078468583078198 14.685882229283347 1.4
      vertex 26.82240754213961 13.272574370508812 3
      vertex 27.080966612373835 13.464334846191615 3
    endloop
  endfacet
  facet normal -0.47808841536691277 0.5274892797252282 0.7022724021823115
    outer loop
      vertex 26.202081528017132 14.79791847198287 1.4
      vertex 27.080966612373835 13.464334846191615 3
      vertex 27.319484836558836 13.680515163441166 3
    endloop
  endfacet
  facet normal -0.5274892797252303 0.4780884153669104 0.7022724021823116
    outer loop
      vertex 26.314117770716653 14.921531416921802 1.4
      vertex 27.319484836558836 13.680515163441166 3
      vertex 27.535665153808385 13.919033387626166 3
    endloop
  endfacet
  facet normal -0.5718101339648234 0.424083298218895 0.7022724021823116
    outer loop
      vertex 26.413498340914327 15.055530603866677 1.4
      vertex 27.535665153808385 13.919033387626166 3
      vertex 27.727425629491186 14.177592457860392 3
    endloop
  endfacet
  facet normal -0.6106241440311171 0.3659940270815237 0.7022724021823118
    outer loop
      vertex 26.499266149392202 15.198625547395803 1.4
      vertex 27.727425629491186 14.177592457860392 3
      vertex 27.89291950539948 14.453702308954721 3
    endloop
  endfacet
  facet normal -0.6435575097892849 0.3043800333906609 0.7022724021823116
    outer loop
      vertex 26.570595205269186 15.349438164979347 1.4
      vertex 27.89291950539948 14.453702308954721 3
      vertex 28.030552985040107 14.744703852106118 3
    endloop
  endfacet
  facet normal -0.670293064923855 0.23983469358720835 0.7022724021823117
    outer loop
      vertex 26.626798570744754 15.506516048667415 1.4
      vertex 28.030552985040107 14.744703852106118 3
      vertex 28.139000582766023 15.047794583376414 3
    endloop
  endfacet
  facet normal -0.6905733314237525 0.17297961457751562 0.7022724021823115
    outer loop
      vertex 26.667334976685492 15.668346452572582 1.4
      vertex 28.139000582766023 15.047794583376414 3
      vertex 28.21721788892763 15.360055573337219 3
    endloop
  endfacet
  facet normal -0.704202999236251 0.10445864731918333 0.7022724021823123
    outer loop
      vertex 26.691814035342734 15.833370861439747 1.4
      vertex 28.21721788892763 15.360055573337219 3
      vertex 28.264451628108677 15.678479577955997 3
    endloop
  endfacet
  facet normal -0.711050807209591 0.034931686184237996 0.702272402182312
    outer loop
      vertex 26.7 16 1.4
      vertex 28.264451628108677 15.678479577955997 3
      vertex 28.280246913580246 16 3
    endloop
  endfacet
  facet normal -0.7110508072095907 -0.034931686184238586 0.7022724021823122
    outer loop
      vertex 26.691814035342734 16.166629138560253 1.4
      vertex 28.280246913580246 16 3
      vertex 28.264451628108677 16.321520422044003 3
    endloop
  endfacet
  facet normal -0.7042029992362514 -0.1044586473191846 0.7022724021823116
    outer loop
      vertex 26.667334976685492 16.33165354742742 1.4
      vertex 28.264451628108677 16.321520422044003 3
      vertex 28.21721788892763 16.63994442666278 3
    endloop
  endfacet
  facet normal -0.6905733314237523 -0.17297961457751362 0.702272402182312
    outer loop
      vertex 26.626798570744754 16.493483951332585 1.4
      vertex 28.21721788892763 16.63994442666278 3
      vertex 28.139000582766023 16.95220541662359 3
    endloop
  endfacet
  facet normal -0.6702930649238543 -0.23983469358721038 0.7022724021823117
    outer loop
      vertex 26.570595205269186 16.650561835020653 1.4
      vertex 28.139000582766023 16.95220541662359 3
      vertex 28.030552985040107 17.25529614789388 3
    endloop
  endfacet
  facet normal -0.3659940270815202 -0.610624144031119 0.7022724021823118
    outer loop
      vertex 25.801374452604197 17.499266149392202 1.4
      vertex 26.82240754213961 18.727425629491186 3
      vertex 26.54629769104528 18.89291950539948 3
    endloop
  endfacet
  facet normal -0.4240832982188968 -0.5718101339648218 0.7022724021823118
    outer loop
      vertex 25.944469396133325 17.413498340914327 1.4
      vertex 27.080966612373835 18.535665153808385 3
      vertex 26.82240754213961 18.727425629491186 3
    endloop
  endfacet
  facet normal -0.47808841536691016 -0.5274892797252301 0.7022724021823118
    outer loop
      vertex 26.078468583078198 17.314117770716653 1.4
      vertex 27.319484836558836 18.319484836558836 3
      vertex 27.080966612373835 18.535665153808385 3
    endloop
  endfacet
  facet normal -0.6435575097892857 -0.30438003339065944 0.7022724021823118
    outer loop
      vertex 26.499266149392202 16.801374452604197 1.4
      vertex 28.030552985040107 17.25529614789388 3
      vertex 27.89291950539948 17.54629769104528 3
    endloop
  endfacet
  facet normal -0.5718101339648219 -0.4240832982188966 0.7022724021823119
    outer loop
      vertex 26.314117770716653 17.078468583078198 1.4
      vertex 27.727425629491186 17.82240754213961 3
      vertex 27.535665153808385 18.080966612373835 3
    endloop
  endfacet
  facet normal -0.6106241440311192 -0.36599402708152007 0.7022724021823117
    outer loop
      vertex 26.413498340914327 16.944469396133325 1.4
      vertex 27.89291950539948 17.54629769104528 3
      vertex 27.727425629491186 17.82240754213961 3
    endloop
  endfacet
  facet normal -0.5274892797252303 -0.4780884153669104 0.7022724021823116
    outer loop
      vertex 26.202081528017132 17.202081528017132 1.4
      vertex 27.535665153808385 18.080966612373835 3
      vertex 27.319484836558836 18.319484836558836 3
    endloop
  endfacet
  facet normal 0.2398346935872031 -0.6702930649238563 0.7022724021823121
    outer loop
      vertex 24.349438164979347 17.570595205269186 1.4
      vertex 24.04779458337641 19.139000582766023 3
      vertex 23.74470385210612 19.03055298504011 3
    endloop
  endfacet
  facet normal 0.17297961457751362 -0.6905733314237523 0.702272402182312
    outer loop
      vertex 24.506516048667415 17.626798570744754 1.4
      vertex 24.36005557333722 19.21721788892763 3
      vertex 24.04779458337641 19.139000582766023 3
    endloop
  endfacet
  facet normal 0.1044586473191846 -0.7042029992362514 0.7022724021823116
    outer loop
      vertex 24.66834645257258 17.667334976685492 1.4
      vertex 24.678479577955997 19.264451628108677 3
      vertex 24.36005557333722 19.21721788892763 3
    endloop
  endfacet
  facet normal 0.034931686184238586 -0.7110508072095907 0.7022724021823122
    outer loop
      vertex 24.833370861439747 17.691814035342734 1.4
      vertex 25 19.280246913580246 3
      vertex 24.678479577955997 19.264451628108677 3
    endloop
  endfacet
  facet normal -0.034931686184237996 -0.711050807209591 0.702272402182312
    outer loop
      vertex 25 17.7 1.4
      vertex 25.321520422044003 19.264451628108677 3
      vertex 25 19.280246913580246 3
    endloop
  endfacet
  facet normal -0.10445864731918389 -0.704202999236251 0.7022724021823121
    outer loop
      vertex 25.166629138560253 17.691814035342734 1.4
      vertex 25.63994442666278 19.21721788892763 3
      vertex 25.321520422044003 19.264451628108677 3
    endloop
  endfacet
  facet normal -0.17297961457751374 -0.6905733314237529 0.7022724021823114
    outer loop
      vertex 25.33165354742742 17.667334976685492 1.4
      vertex 25.95220541662359 19.139000582766023 3
      vertex 25.63994442666278 19.21721788892763 3
    endloop
  endfacet
  facet normal -0.23983469358721085 -0.670293064923854 0.7022724021823118
    outer loop
      vertex 25.493483951332585 17.626798570744754 1.4
      vertex 26.25529614789388 19.030552985040107 3
      vertex 25.95220541662359 19.139000582766023 3
    endloop
  endfacet
  facet normal -0.30438003339065944 -0.6435575097892857 0.7022724021823116
    outer loop
      vertex 25.650561835020653 17.570595205269186 1.4
      vertex 26.54629769104528 18.89291950539948 3
      vertex 26.25529614789388 19.030552985040107 3
    endloop
  endfacet
  facet normal 0.4240832982188969 0.5718101339648218 0.7022724021823117
    outer loop
      vertex 24.055530603866675 -17.413498340914327 1.4
      vertex 23.921531416921802 -17.314117770716653 1.4
      vertex 22.919033387626165 -18.535665153808385 3
    endloop
  endfacet
  facet normal 0.3659940270815167 0.6106241440311214 0.7022724021823117
    outer loop
      vertex 24.198625547395803 -17.499266149392202 1.4
      vertex 24.055530603866675 -17.413498340914327 1.4
      vertex 23.17759245786039 -18.727425629491186 3
    endloop
  endfacet
  facet normal 0.4780884153669072 0.5274892797252334 0.7022724021823115
    outer loop
      vertex 23.797918471982868 -17.202081528017132 1.4
      vertex 22.680515163441164 -18.319484836558836 3
      vertex 23.921531416921802 -17.314117770716653 1.4
    endloop
  endfacet
  facet normal 0.5274892797252322 0.47808841536690616 0.702272402182313
    outer loop
      vertex 23.797918471982868 -17.202081528017132 1.4
      vertex 23.685882229283347 -17.078468583078198 1.4
      vertex 22.464334846191612 -18.08096661237384 3
    endloop
  endfacet
  facet normal 0.5718101339648218 0.4240832982188969 0.7022724021823117
    outer loop
      vertex 23.586501659085673 -16.944469396133325 1.4
      vertex 22.272574370508814 -17.82240754213961 3
      vertex 23.685882229283347 -17.078468583078198 1.4
    endloop
  endfacet
  facet normal 0.610624144031121 0.36599402708151646 0.702272402182312
    outer loop
      vertex 23.586501659085673 -16.944469396133325 1.4
      vertex 23.500733850607798 -16.801374452604197 1.4
      vertex 22.10708049460052 -17.54629769104528 3
    endloop
  endfacet
  facet normal 0.6435575097892845 0.3043800333906625 0.7022724021823115
    outer loop
      vertex 23.429404794730814 -16.650561835020653 1.4
      vertex 21.969447014959893 -17.25529614789388 3
      vertex 23.500733850607798 -16.801374452604197 1.4
    endloop
  endfacet
  facet normal 0.6702930649238562 0.2398346935872037 0.7022724021823122
    outer loop
      vertex 23.429404794730814 -16.650561835020653 1.4
      vertex 23.373201429255246 -16.493483951332585 1.4
      vertex 21.860999417233977 -16.95220541662359 3
    endloop
  endfacet
  facet normal 0.6905733314237503 0.17297961457752564 0.7022724021823112
    outer loop
      vertex 23.373201429255246 -16.493483951332585 1.4
      vertex 23.332665023314508 -16.33165354742742 1.4
      vertex 21.78278211107237 -16.63994442666278 3
    endloop
  endfacet
  facet normal 0.7042029992362523 0.1044586473191721 0.7022724021823125
    outer loop
      vertex 23.332665023314508 -16.33165354742742 1.4
      vertex 23.308185964657266 -16.166629138560253 1.4
      vertex 21.735548371891323 -16.321520422044003 3
    endloop
  endfacet
  facet normal 0.7110508072095908 0.03493168618424389 0.7022724021823118
    outer loop
      vertex 23.308185964657266 -16.166629138560253 1.4
      vertex 23.3 -16 1.4
      vertex 21.719753086419754 -16 3
    endloop
  endfacet
  facet normal 0.7110508072095904 -0.03493168618424386 0.7022724021823125
    outer loop
      vertex 23.3 -16 1.4
      vertex 23.308185964657266 -15.833370861439747 1.4
      vertex 21.735548371891323 -15.678479577955997 3
    endloop
  endfacet
  facet normal 0.7042029992362534 -0.10445864731917226 0.7022724021823112
    outer loop
      vertex 23.308185964657266 -15.833370861439747 1.4
      vertex 23.332665023314508 -15.668346452572582 1.4
      vertex 21.78278211107237 -15.360055573337219 3
    endloop
  endfacet
  facet normal 0.6905733314237492 -0.17297961457752536 0.7022724021823123
    outer loop
      vertex 23.332665023314508 -15.668346452572582 1.4
      vertex 23.373201429255246 -15.506516048667415 1.4
      vertex 21.860999417233977 -15.047794583376414 3
    endloop
  endfacet
  facet normal 0.6702930649238567 -0.23983469358720386 0.7022724021823117
    outer loop
      vertex 23.373201429255246 -15.506516048667415 1.4
      vertex 23.429404794730814 -15.349438164979347 1.4
      vertex 21.969447014959893 -14.744703852106118 3
    endloop
  endfacet
  facet normal 0.6435575097892842 -0.30438003339066233 0.7022724021823118
    outer loop
      vertex 23.429404794730814 -15.349438164979347 1.4
      vertex 23.500733850607798 -15.198625547395803 1.4
      vertex 22.10708049460052 -14.453702308954721 3
    endloop
  endfacet
  facet normal 0.6106241440311194 -0.3659940270815201 0.7022724021823116
    outer loop
      vertex 23.500733850607798 -15.198625547395803 1.4
      vertex 23.586501659085673 -15.055530603866677 1.4
      vertex 22.272574370508814 -14.177592457860392 3
    endloop
  endfacet
  facet normal 0.5718101339648248 -0.4240832982188935 0.7022724021823115
    outer loop
      vertex 23.586501659085673 -15.055530603866677 1.4
      vertex 23.685882229283347 -14.921531416921802 1.4
      vertex 22.464334846191615 -13.919033387626166 3
    endloop
  endfacet
  facet normal 0.5274892797252299 -0.47808841536691093 0.7022724021823116
    outer loop
      vertex 23.685882229283347 -14.921531416921802 1.4
      vertex 23.797918471982868 -14.79791847198287 1.4
      vertex 22.680515163441164 -13.680515163441166 3
    endloop
  endfacet
  facet normal 0.4780884153669111 -0.5274892797252293 0.7022724021823117
    outer loop
      vertex 23.797918471982868 -14.79791847198287 1.4
      vertex 23.921531416921802 -14.685882229283347 1.4
      vertex 22.919033387626165 -13.464334846191615 3
    endloop
  endfacet
  facet normal 0.4240832982188968 -0.5718101339648216 0.7022724021823121
    outer loop
      vertex 23.921531416921802 -14.685882229283347 1.4
      vertex 24.055530603866675 -14.586501659085673 1.4
      vertex 23.17759245786039 -13.272574370508812 3
    endloop
  endfacet
  facet normal 0.36599402708152234 -0.6106241440311181 0.7022724021823115
    outer loop
      vertex 24.055530603866675 -14.586501659085673 1.4
      vertex 24.198625547395803 -14.500733850607796 1.4
      vertex 23.45370230895472 -13.10708049460052 3
    endloop
  endfacet
  facet normal 0.23983469358720388 0.6702930649238568 0.7022724021823115
    outer loop
      vertex 24.349438164979347 -17.570595205269186 1.4
      vertex 23.74470385210612 -19.030552985040107 3
      vertex 24.506516048667415 -17.626798570744754 1.4
    endloop
  endfacet
  facet normal 0.17297961457752534 0.6905733314237491 0.7022724021823123
    outer loop
      vertex 24.506516048667415 -17.626798570744754 1.4
      vertex 24.04779458337641 -19.139000582766023 3
      vertex 24.66834645257258 -17.667334976685492 1.4
    endloop
  endfacet
  facet normal 0.30438003339066233 0.6435575097892842 0.7022724021823118
    outer loop
      vertex 24.198625547395803 -17.499266149392202 1.4
      vertex 23.45370230895472 -18.89291950539948 3
      vertex 24.349438164979347 -17.570595205269186 1.4
    endloop
  endfacet
  facet normal 0.10445864731917229 0.7042029992362535 0.7022724021823112
    outer loop
      vertex 24.66834645257258 -17.667334976685492 1.4
      vertex 24.36005557333722 -19.21721788892763 3
      vertex 24.833370861439747 -17.691814035342734 1.4
    endloop
  endfacet
  facet normal 0.03493168618424386 0.7110508072095904 0.7022724021823125
    outer loop
      vertex 24.833370861439747 -17.691814035342734 1.4
      vertex 24.678479577955997 -19.264451628108677 3
      vertex 25 -17.7 1.4
    endloop
  endfacet
  facet normal -0.03493168618424389 0.7110508072095908 0.7022724021823118
    outer loop
      vertex 25 -17.7 1.4
      vertex 25 -19.280246913580246 3
      vertex 25.166629138560253 -17.691814035342734 1.4
    endloop
  endfacet
  facet normal -0.1044586473191721 0.7042029992362523 0.7022724021823125
    outer loop
      vertex 25.166629138560253 -17.691814035342734 1.4
      vertex 25.321520422044003 -19.264451628108677 3
      vertex 25.33165354742742 -17.667334976685492 1.4
    endloop
  endfacet
  facet normal -0.17297961457752564 0.6905733314237503 0.7022724021823112
    outer loop
      vertex 25.33165354742742 -17.667334976685492 1.4
      vertex 25.63994442666278 -19.21721788892763 3
      vertex 25.493483951332585 -17.626798570744754 1.4
    endloop
  endfacet
  facet normal -0.2398346935872037 0.6702930649238562 0.7022724021823122
    outer loop
      vertex 25.493483951332585 -17.626798570744754 1.4
      vertex 25.95220541662359 -19.139000582766023 3
      vertex 25.650561835020653 -17.570595205269186 1.4
    endloop
  endfacet
  facet normal -0.3043800333906621 0.6435575097892837 0.7022724021823121
    outer loop
      vertex 25.650561835020653 -17.570595205269186 1.4
      vertex 26.25529614789388 -19.03055298504011 3
      vertex 25.801374452604197 -17.499266149392202 1.4
    endloop
  endfacet
  facet normal -0.36599402708151646 0.610624144031121 0.7022724021823121
    outer loop
      vertex 25.801374452604197 -17.499266149392202 1.4
      vertex 26.54629769104528 -18.89291950539948 3
      vertex 25.944469396133325 -17.413498340914327 1.4
    endloop
  endfacet
  facet normal -0.4240832982188973 0.5718101339648223 0.7022724021823114
    outer loop
      vertex 25.944469396133325 -17.413498340914327 1.4
      vertex 26.822407542139608 -18.727425629491186 3
      vertex 26.078468583078198 -17.314117770716653 1.4
    endloop
  endfacet
  facet normal -0.4780884153669069 0.527489279725233 0.7022724021823119
    outer loop
      vertex 26.078468583078198 -17.314117770716653 1.4
      vertex 27.080966612373835 -18.535665153808385 3
      vertex 26.202081528017132 -17.202081528017132 1.4
    endloop
  endfacet
  facet normal -0.5274892797252334 0.4780884153669072 0.7022724021823115
    outer loop
      vertex 26.202081528017132 -17.202081528017132 1.4
      vertex 27.319484836558836 -18.319484836558836 3
      vertex 26.314117770716653 -17.078468583078198 1.4
    endloop
  endfacet
  facet normal -0.5718101339648218 0.4240832982188969 0.7022724021823117
    outer loop
      vertex 26.314117770716653 -17.078468583078198 1.4
      vertex 27.535665153808385 -18.080966612373835 3
      vertex 26.413498340914327 -16.944469396133325 1.4
    endloop
  endfacet
  facet normal -0.6106241440311214 0.3659940270815167 0.7022724021823117
    outer loop
      vertex 26.413498340914327 -16.944469396133325 1.4
      vertex 27.727425629491186 -17.82240754213961 3
      vertex 26.499266149392202 -16.801374452604197 1.4
    endloop
  endfacet
  facet normal -0.6435575097892842 0.30438003339066233 0.7022724021823118
    outer loop
      vertex 26.499266149392202 -16.801374452604197 1.4
      vertex 27.89291950539948 -17.54629769104528 3
      vertex 26.570595205269186 -16.650561835020653 1.4
    endloop
  endfacet
  facet normal -0.6702930649238568 0.23983469358720388 0.7022724021823115
    outer loop
      vertex 26.570595205269186 -16.650561835020653 1.4
      vertex 28.030552985040107 -17.25529614789388 3
      vertex 26.626798570744754 -16.493483951332585 1.4
    endloop
  endfacet
  facet normal -0.6905733314237491 0.17297961457752534 0.7022724021823123
    outer loop
      vertex 26.626798570744754 -16.493483951332585 1.4
      vertex 28.139000582766023 -16.95220541662359 3
      vertex 26.667334976685492 -16.33165354742742 1.4
    endloop
  endfacet
  facet normal -0.7042029992362535 0.10445864731917229 0.7022724021823112
    outer loop
      vertex 26.667334976685492 -16.33165354742742 1.4
      vertex 28.21721788892763 -16.63994442666278 3
      vertex 26.691814035342734 -16.166629138560253 1.4
    endloop
  endfacet
  facet normal -0.7110508072095904 0.03493168618424386 0.7022724021823125
    outer loop
      vertex 26.691814035342734 -16.166629138560253 1.4
      vertex 28.264451628108677 -16.321520422044003 3
      vertex 26.7 -16 1.4
    endloop
  endfacet
  facet normal -0.7110508072095908 -0.03493168618424389 0.7022724021823118
    outer loop
      vertex 26.7 -16 1.4
      vertex 28.280246913580246 -16 3
      vertex 26.691814035342734 -15.833370861439747 1.4
    endloop
  endfacet
  facet normal 0.30438003339066233 -0.6435575097892842 0.7022724021823118
    outer loop
      vertex 24.198625547395803 -14.500733850607796 1.4
      vertex 24.349438164979347 -14.429404794730813 1.4
      vertex 23.74470385210612 -12.96944701495989 3
    endloop
  endfacet
  facet normal 0.23983469358720383 -0.6702930649238565 0.7022724021823118
    outer loop
      vertex 24.349438164979347 -14.429404794730813 1.4
      vertex 24.506516048667415 -14.373201429255245 1.4
      vertex 24.04779458337641 -12.860999417233977 3
    endloop
  endfacet
  facet normal 0.17297961457751837 -0.6905733314237515 0.7022724021823118
    outer loop
      vertex 24.506516048667415 -14.373201429255245 1.4
      vertex 24.66834645257258 -14.332665023314508 1.4
      vertex 24.36005557333722 -12.782782111072367 3
    endloop
  endfacet
  facet normal 0.10445864731917213 -0.7042029992362525 0.7022724021823121
    outer loop
      vertex 24.66834645257258 -14.332665023314508 1.4
      vertex 24.833370861439747 -14.308185964657266 1.4
      vertex 24.678479577955997 -12.735548371891324 3
    endloop
  endfacet
  facet normal 0.034931686184243874 -0.7110508072095906 0.7022724021823122
    outer loop
      vertex 24.833370861439747 -14.308185964657266 1.4
      vertex 25 -14.3 1.4
      vertex 25 -12.719753086419752 3
    endloop
  endfacet
  facet normal -0.10445864731917223 -0.7042029992362532 0.7022724021823117
    outer loop
      vertex 25.166629138560253 -14.308185964657266 1.4
      vertex 25.33165354742742 -14.332665023314508 1.4
      vertex 25.63994442666278 -12.782782111072367 3
    endloop
  endfacet
  facet normal -0.17297961457751834 -0.6905733314237514 0.7022724021823118
    outer loop
      vertex 25.33165354742742 -14.332665023314508 1.4
      vertex 25.493483951332585 -14.373201429255245 1.4
      vertex 25.95220541662359 -12.860999417233977 3
    endloop
  endfacet
  facet normal -0.3043800333906625 -0.6435575097892845 0.7022724021823115
    outer loop
      vertex 25.801374452604197 -14.500733850607796 1.4
      vertex 26.54629769104528 -13.10708049460052 3
      vertex 25.650561835020653 -14.429404794730813 1.4
    endloop
  endfacet
  facet normal -0.23983469358720383 -0.6702930649238565 0.702272402182312
    outer loop
      vertex 25.493483951332585 -14.373201429255245 1.4
      vertex 25.650561835020653 -14.429404794730813 1.4
      vertex 26.25529614789388 -12.96944701495989 3
    endloop
  endfacet
  facet normal -0.03493168618424388 -0.7110508072095907 0.7022724021823121
    outer loop
      vertex 25 -14.3 1.4
      vertex 25.166629138560253 -14.308185964657266 1.4
      vertex 25.321520422044003 -12.735548371891324 3
    endloop
  endfacet
  facet normal -0.6106241440311191 -0.3659940270815199 0.7022724021823119
    outer loop
      vertex 26.499266149392202 -15.198625547395803 1.4
      vertex 27.89291950539948 -14.453702308954721 3
      vertex 26.413498340914327 -15.055530603866677 1.4
    endloop
  endfacet
  facet normal -0.5274892797252299 -0.47808841536691093 0.7022724021823115
    outer loop
      vertex 26.202081528017132 -14.79791847198287 1.4
      vertex 26.314117770716653 -14.921531416921802 1.4
      vertex 27.535665153808385 -13.919033387626166 3
    endloop
  endfacet
  facet normal -0.5718101339648247 -0.4240832982188934 0.7022724021823117
    outer loop
      vertex 26.413498340914327 -15.055530603866677 1.4
      vertex 27.727425629491186 -14.177592457860392 3
      vertex 26.314117770716653 -14.921531416921802 1.4
    endloop
  endfacet
  facet normal -0.7042029992362523 -0.1044586473191721 0.7022724021823125
    outer loop
      vertex 26.691814035342734 -15.833370861439747 1.4
      vertex 28.264451628108677 -15.678479577955997 3
      vertex 26.667334976685492 -15.668346452572582 1.4
    endloop
  endfacet
  facet normal -0.6905733314237502 -0.17297961457752561 0.7022724021823114
    outer loop
      vertex 26.667334976685492 -15.668346452572582 1.4
      vertex 28.21721788892763 -15.360055573337219 3
      vertex 26.626798570744754 -15.506516048667415 1.4
    endloop
  endfacet
  facet normal -0.6702930649238563 -0.23983469358720372 0.7022724021823121
    outer loop
      vertex 26.626798570744754 -15.506516048667415 1.4
      vertex 28.139000582766023 -15.047794583376414 3
      vertex 26.570595205269186 -15.349438164979347 1.4
    endloop
  endfacet
  facet normal -0.6435575097892843 -0.3043800333906624 0.7022724021823118
    outer loop
      vertex 26.499266149392202 -15.198625547395803 1.4
      vertex 26.570595205269186 -15.349438164979347 1.4
      vertex 28.030552985040107 -14.744703852106118 3
    endloop
  endfacet
  facet normal -0.36599402708152207 -0.6106241440311176 0.7022724021823121
    outer loop
      vertex 25.801374452604197 -14.500733850607796 1.4
      vertex 25.944469396133325 -14.586501659085673 1.4
      vertex 26.82240754213961 -13.272574370508812 3
    endloop
  endfacet
  facet normal -0.4240832982188969 -0.5718101339648218 0.7022724021823117
    outer loop
      vertex 26.078468583078198 -14.685882229283347 1.4
      vertex 27.080966612373835 -13.464334846191615 3
      vertex 25.944469396133325 -14.586501659085673 1.4
    endloop
  endfacet
  facet normal -0.47808841536691127 -0.5274892797252295 0.7022724021823116
    outer loop
      vertex 26.078468583078198 -14.685882229283347 1.4
      vertex 26.202081528017132 -14.79791847198287 1.4
      vertex 27.319484836558836 -13.680515163441166 3
    endloop
  endfacet
  facet normal 0.30438003339065944 0.6435575097892857 0.7022724021823116
    outer loop
      vertex 24.349438164979347 -17.570595205269186 1.4
      vertex 23.45370230895472 -18.89291950539948 3
      vertex 23.74470385210612 -19.030552985040107 3
    endloop
  endfacet
  facet normal 0.5274892797252225 0.47808841536691854 0.7022724021823119
    outer loop
      vertex 23.797918471982868 -17.202081528017132 1.4
      vertex 22.464334846191612 -18.08096661237384 3
      vertex 22.680515163441164 -18.319484836558836 3
    endloop
  endfacet
  facet normal 0.6106241440311192 0.36599402708152007 0.7022724021823117
    outer loop
      vertex 23.586501659085673 -16.944469396133325 1.4
      vertex 22.10708049460052 -17.54629769104528 3
      vertex 22.272574370508814 -17.82240754213961 3
    endloop
  endfacet
  facet normal 0.571810133964828 0.4240832982188872 0.7022724021823127
    outer loop
      vertex 23.685882229283347 -17.078468583078198 1.4
      vertex 22.272574370508814 -17.82240754213961 3
      vertex 22.464334846191612 -18.08096661237384 3
    endloop
  endfacet
  facet normal 0.6435575097892857 0.30438003339065944 0.7022724021823118
    outer loop
      vertex 23.500733850607798 -16.801374452604197 1.4
      vertex 21.969447014959893 -17.25529614789388 3
      vertex 22.10708049460052 -17.54629769104528 3
    endloop
  endfacet
  facet normal 0.47808841536691016 0.5274892797252301 0.7022724021823118
    outer loop
      vertex 23.921531416921802 -17.314117770716653 1.4
      vertex 22.680515163441164 -18.319484836558836 3
      vertex 22.919033387626165 -18.535665153808385 3
    endloop
  endfacet
  facet normal 0.4240832982188968 0.5718101339648218 0.7022724021823118
    outer loop
      vertex 24.055530603866675 -17.413498340914327 1.4
      vertex 22.919033387626165 -18.535665153808385 3
      vertex 23.17759245786039 -18.727425629491186 3
    endloop
  endfacet
  facet normal 0.3659940270815202 0.610624144031119 0.7022724021823118
    outer loop
      vertex 24.198625547395803 -17.499266149392202 1.4
      vertex 23.17759245786039 -18.727425629491186 3
      vertex 23.45370230895472 -18.89291950539948 3
    endloop
  endfacet
  facet normal 0.6702930649238543 0.23983469358721038 0.7022724021823117
    outer loop
      vertex 23.429404794730814 -16.650561835020653 1.4
      vertex 21.860999417233977 -16.95220541662359 3
      vertex 21.969447014959893 -17.25529614789388 3
    endloop
  endfacet
  facet normal 0.6905733314237523 0.17297961457751362 0.702272402182312
    outer loop
      vertex 23.373201429255246 -16.493483951332585 1.4
      vertex 21.78278211107237 -16.63994442666278 3
      vertex 21.860999417233977 -16.95220541662359 3
    endloop
  endfacet
  facet normal 0.7042029992362514 0.1044586473191846 0.7022724021823116
    outer loop
      vertex 23.332665023314508 -16.33165354742742 1.4
      vertex 21.735548371891323 -16.321520422044003 3
      vertex 21.78278211107237 -16.63994442666278 3
    endloop
  endfacet
  facet normal 0.7110508072095907 0.034931686184238586 0.7022724021823122
    outer loop
      vertex 23.308185964657266 -16.166629138560253 1.4
      vertex 21.719753086419754 -16 3
      vertex 21.735548371891323 -16.321520422044003 3
    endloop
  endfacet
  facet normal 0.711050807209591 -0.034931686184237996 0.702272402182312
    outer loop
      vertex 23.3 -16 1.4
      vertex 21.735548371891323 -15.678479577955997 3
      vertex 21.719753086419754 -16 3
    endloop
  endfacet
  facet normal 0.704202999236251 -0.10445864731918333 0.7022724021823123
    outer loop
      vertex 23.308185964657266 -15.833370861439747 1.4
      vertex 21.78278211107237 -15.360055573337219 3
      vertex 21.735548371891323 -15.678479577955997 3
    endloop
  endfacet
  facet normal 0.6905733314237525 -0.17297961457751562 0.7022724021823115
    outer loop
      vertex 23.332665023314508 -15.668346452572582 1.4
      vertex 21.860999417233977 -15.047794583376414 3
      vertex 21.78278211107237 -15.360055573337219 3
    endloop
  endfacet
  facet normal 0.670293064923855 -0.23983469358720835 0.7022724021823117
    outer loop
      vertex 23.373201429255246 -15.506516048667415 1.4
      vertex 21.969447014959893 -14.744703852106118 3
      vertex 21.860999417233977 -15.047794583376414 3
    endloop
  endfacet
  facet normal 0.6435575097892849 -0.3043800333906609 0.7022724021823116
    outer loop
      vertex 23.429404794730814 -15.349438164979347 1.4
      vertex 22.10708049460052 -14.453702308954721 3
      vertex 21.969447014959893 -14.744703852106118 3
    endloop
  endfacet
  facet normal 0.6106241440311171 -0.3659940270815237 0.7022724021823118
    outer loop
      vertex 23.500733850607798 -15.198625547395803 1.4
      vertex 22.272574370508814 -14.177592457860392 3
      vertex 22.10708049460052 -14.453702308954721 3
    endloop
  endfacet
  facet normal 0.5718101339648234 -0.424083298218895 0.7022724021823116
    outer loop
      vertex 23.586501659085673 -15.055530603866677 1.4
      vertex 22.464334846191615 -13.919033387626166 3
      vertex 22.272574370508814 -14.177592457860392 3
    endloop
  endfacet
  facet normal 0.5274892797252303 -0.4780884153669104 0.7022724021823116
    outer loop
      vertex 23.685882229283347 -14.921531416921802 1.4
      vertex 22.680515163441164 -13.680515163441166 3
      vertex 22.464334846191615 -13.919033387626166 3
    endloop
  endfacet
  facet normal 0.47808841536691277 -0.5274892797252282 0.7022724021823115
    outer loop
      vertex 23.797918471982868 -14.79791847198287 1.4
      vertex 22.919033387626165 -13.464334846191615 3
      vertex 22.680515163441164 -13.680515163441166 3
    endloop
  endfacet
  facet normal 0.42408329821889934 -0.5718101339648198 0.7022724021823118
    outer loop
      vertex 23.921531416921802 -14.685882229283347 1.4
      vertex 23.17759245786039 -13.272574370508812 3
      vertex 22.919033387626165 -13.464334846191615 3
    endloop
  endfacet
  facet normal 0.36599402708151724 -0.6106241440311208 0.7022724021823119
    outer loop
      vertex 24.055530603866675 -14.586501659085673 1.4
      vertex 23.45370230895472 -13.10708049460052 3
      vertex 23.17759245786039 -13.272574370508812 3
    endloop
  endfacet
  facet normal 0.30438003339066544 -0.6435575097892828 0.7022724021823116
    outer loop
      vertex 24.198625547395803 -14.500733850607796 1.4
      vertex 23.74470385210612 -12.96944701495989 3
      vertex 23.45370230895472 -13.10708049460052 3
    endloop
  endfacet
  facet normal 0.23983469358721085 0.670293064923854 0.7022724021823118
    outer loop
      vertex 24.506516048667415 -17.626798570744754 1.4
      vertex 23.74470385210612 -19.030552985040107 3
      vertex 24.04779458337641 -19.139000582766023 3
    endloop
  endfacet
  facet normal 0.17297961457751374 0.6905733314237529 0.7022724021823114
    outer loop
      vertex 24.66834645257258 -17.667334976685492 1.4
      vertex 24.04779458337641 -19.139000582766023 3
      vertex 24.36005557333722 -19.21721788892763 3
    endloop
  endfacet
  facet normal 0.10445864731918389 0.704202999236251 0.7022724021823121
    outer loop
      vertex 24.833370861439747 -17.691814035342734 1.4
      vertex 24.36005557333722 -19.21721788892763 3
      vertex 24.678479577955997 -19.264451628108677 3
    endloop
  endfacet
  facet normal 0.034931686184237996 0.711050807209591 0.702272402182312
    outer loop
      vertex 25 -17.7 1.4
      vertex 24.678479577955997 -19.264451628108677 3
      vertex 25 -19.280246913580246 3
    endloop
  endfacet
  facet normal -0.034931686184238586 0.7110508072095907 0.7022724021823122
    outer loop
      vertex 25.166629138560253 -17.691814035342734 1.4
      vertex 25 -19.280246913580246 3
      vertex 25.321520422044003 -19.264451628108677 3
    endloop
  endfacet
  facet normal -0.1044586473191846 0.7042029992362514 0.7022724021823116
    outer loop
      vertex 25.33165354742742 -17.667334976685492 1.4
      vertex 25.321520422044003 -19.264451628108677 3
      vertex 25.63994442666278 -19.21721788892763 3
    endloop
  endfacet
  facet normal -0.17297961457751362 0.6905733314237523 0.702272402182312
    outer loop
      vertex 25.493483951332585 -17.626798570744754 1.4
      vertex 25.63994442666278 -19.21721788892763 3
      vertex 25.95220541662359 -19.139000582766023 3
    endloop
  endfacet
  facet normal -0.2398346935872031 0.6702930649238563 0.7022724021823121
    outer loop
      vertex 25.650561835020653 -17.570595205269186 1.4
      vertex 25.95220541662359 -19.139000582766023 3
      vertex 26.25529614789388 -19.03055298504011 3
    endloop
  endfacet
  facet normal -0.3043800333906659 0.6435575097892825 0.7022724021823119
    outer loop
      vertex 25.801374452604197 -17.499266149392202 1.4
      vertex 26.25529614789388 -19.03055298504011 3
      vertex 26.54629769104528 -18.89291950539948 3
    endloop
  endfacet
  facet normal -0.3659940270815237 0.6106241440311173 0.7022724021823117
    outer loop
      vertex 25.944469396133325 -17.413498340914327 1.4
      vertex 26.54629769104528 -18.89291950539948 3
      vertex 26.822407542139608 -18.727425629491186 3
    endloop
  endfacet
  facet normal -0.42408329821889285 0.5718101339648248 0.7022724021823117
    outer loop
      vertex 26.078468583078198 -17.314117770716653 1.4
      vertex 26.822407542139608 -18.727425629491186 3
      vertex 27.080966612373835 -18.535665153808385 3
    endloop
  endfacet
  facet normal -0.4780884153669104 0.5274892797252303 0.7022724021823116
    outer loop
      vertex 26.202081528017132 -17.202081528017132 1.4
      vertex 27.080966612373835 -18.535665153808385 3
      vertex 27.319484836558836 -18.319484836558836 3
    endloop
  endfacet
  facet normal -0.5274892797252301 0.47808841536691016 0.7022724021823118
    outer loop
      vertex 26.314117770716653 -17.078468583078198 1.4
      vertex 27.319484836558836 -18.319484836558836 3
      vertex 27.535665153808385 -18.080966612373835 3
    endloop
  endfacet
  facet normal -0.5718101339648218 0.4240832982188968 0.7022724021823118
    outer loop
      vertex 26.413498340914327 -16.944469396133325 1.4
      vertex 27.535665153808385 -18.080966612373835 3
      vertex 27.727425629491186 -17.82240754213961 3
    endloop
  endfacet
  facet normal -0.610624144031119 0.3659940270815202 0.7022724021823118
    outer loop
      vertex 26.499266149392202 -16.801374452604197 1.4
      vertex 27.727425629491186 -17.82240754213961 3
      vertex 27.89291950539948 -17.54629769104528 3
    endloop
  endfacet
  facet normal -0.6435575097892857 0.30438003339065944 0.7022724021823116
    outer loop
      vertex 26.570595205269186 -16.650561835020653 1.4
      vertex 27.89291950539948 -17.54629769104528 3
      vertex 28.030552985040107 -17.25529614789388 3
    endloop
  endfacet
  facet normal -0.670293064923854 0.23983469358721085 0.7022724021823118
    outer loop
      vertex 26.626798570744754 -16.493483951332585 1.4
      vertex 28.030552985040107 -17.25529614789388 3
      vertex 28.139000582766023 -16.95220541662359 3
    endloop
  endfacet
  facet normal -0.6905733314237529 0.17297961457751374 0.7022724021823114
    outer loop
      vertex 26.667334976685492 -16.33165354742742 1.4
      vertex 28.139000582766023 -16.95220541662359 3
      vertex 28.21721788892763 -16.63994442666278 3
    endloop
  endfacet
  facet normal -0.704202999236251 0.10445864731918389 0.7022724021823121
    outer loop
      vertex 26.691814035342734 -16.166629138560253 1.4
      vertex 28.21721788892763 -16.63994442666278 3
      vertex 28.264451628108677 -16.321520422044003 3
    endloop
  endfacet
  facet normal -0.711050807209591 0.034931686184237996 0.702272402182312
    outer loop
      vertex 26.7 -16 1.4
      vertex 28.264451628108677 -16.321520422044003 3
      vertex 28.280246913580246 -16 3
    endloop
  endfacet
  facet normal -0.7110508072095907 -0.034931686184238586 0.7022724021823122
    outer loop
      vertex 26.691814035342734 -15.833370861439747 1.4
      vertex 28.280246913580246 -16 3
      vertex 28.264451628108677 -15.678479577955997 3
    endloop
  endfacet
  facet normal 0.23983469358720383 -0.6702930649238567 0.7022724021823117
    outer loop
      vertex 24.349438164979347 -14.429404794730813 1.4
      vertex 24.04779458337641 -12.860999417233977 3
      vertex 23.74470385210612 -12.96944701495989 3
    endloop
  endfacet
  facet normal 0.17297961457751776 -0.6905733314237517 0.7022724021823119
    outer loop
      vertex 24.506516048667415 -14.373201429255245 1.4
      vertex 24.36005557333722 -12.782782111072367 3
      vertex 24.04779458337641 -12.860999417233977 3
    endloop
  endfacet
  facet normal 0.10445864731917674 -0.7042029992362523 0.7022724021823117
    outer loop
      vertex 24.66834645257258 -14.332665023314508 1.4
      vertex 24.678479577955997 -12.735548371891324 3
      vertex 24.36005557333722 -12.782782111072367 3
    endloop
  endfacet
  facet normal 0.03493168618424595 -0.7110508072095906 0.7022724021823121
    outer loop
      vertex 24.833370861439747 -14.308185964657266 1.4
      vertex 25 -12.719753086419752 3
      vertex 24.678479577955997 -12.735548371891324 3
    endloop
  endfacet
  facet normal -0.03493168618424656 -0.7110508072095905 0.7022724021823122
    outer loop
      vertex 25 -14.3 1.4
      vertex 25.321520422044003 -12.735548371891324 3
      vertex 25 -12.719753086419752 3
    endloop
  endfacet
  facet normal -0.10445864731917671 -0.7042029992362522 0.7022724021823119
    outer loop
      vertex 25.166629138560253 -14.308185964657266 1.4
      vertex 25.63994442666278 -12.782782111072367 3
      vertex 25.321520422044003 -12.735548371891324 3
    endloop
  endfacet
  facet normal -0.17297961457751776 -0.6905733314237518 0.7022724021823117
    outer loop
      vertex 25.33165354742742 -14.332665023314508 1.4
      vertex 25.95220541662359 -12.860999417233977 3
      vertex 25.63994442666278 -12.782782111072367 3
    endloop
  endfacet
  facet normal -0.23983469358720325 -0.6702930649238568 0.7022724021823118
    outer loop
      vertex 25.493483951332585 -14.373201429255245 1.4
      vertex 26.25529614789388 -12.96944701495989 3
      vertex 25.95220541662359 -12.860999417233977 3
    endloop
  endfacet
  facet normal -0.7042029992362514 -0.104458647319184 0.7022724021823116
    outer loop
      vertex 26.667334976685492 -15.668346452572582 1.4
      vertex 28.264451628108677 -15.678479577955997 3
      vertex 28.21721788892763 -15.360055573337219 3
    endloop
  endfacet
  facet normal -0.690573331423752 -0.17297961457751548 0.702272402182312
    outer loop
      vertex 26.626798570744754 -15.506516048667415 1.4
      vertex 28.21721788892763 -15.360055573337219 3
      vertex 28.139000582766023 -15.047794583376414 3
    endloop
  endfacet
  facet normal -0.6435575097892848 -0.3043800333906609 0.7022724021823117
    outer loop
      vertex 26.499266149392202 -15.198625547395803 1.4
      vertex 28.030552985040107 -14.744703852106118 3
      vertex 27.89291950539948 -14.453702308954721 3
    endloop
  endfacet
  facet normal -0.6106241440311172 -0.3659940270815235 0.7022724021823118
    outer loop
      vertex 26.413498340914327 -15.055530603866677 1.4
      vertex 27.89291950539948 -14.453702308954721 3
      vertex 27.727425629491186 -14.177592457860392 3
    endloop
  endfacet
  facet normal -0.6702930649238551 -0.23983469358720788 0.7022724021823117
    outer loop
      vertex 26.570595205269186 -15.349438164979347 1.4
      vertex 28.139000582766023 -15.047794583376414 3
      vertex 28.030552985040107 -14.744703852106118 3
    endloop
  endfacet
  facet normal -0.47808841536691243 -0.5274892797252282 0.7022724021823118
    outer loop
      vertex 26.078468583078198 -14.685882229283347 1.4
      vertex 27.319484836558836 -13.680515163441166 3
      vertex 27.080966612373835 -13.464334846191615 3
    endloop
  endfacet
  facet normal -0.3043800333906654 -0.6435575097892826 0.7022724021823118
    outer loop
      vertex 25.650561835020653 -14.429404794730813 1.4
      vertex 26.54629769104528 -13.10708049460052 3
      vertex 26.25529614789388 -12.96944701495989 3
    endloop
  endfacet
  facet normal -0.3659940270815177 -0.6106241440311209 0.7022724021823117
    outer loop
      vertex 25.801374452604197 -14.500733850607796 1.4
      vertex 26.82240754213961 -13.272574370508812 3
      vertex 26.54629769104528 -13.10708049460052 3
    endloop
  endfacet
  facet normal -0.424083298218899 -0.5718101339648198 0.7022724021823121
    outer loop
      vertex 25.944469396133325 -14.586501659085673 1.4
      vertex 27.080966612373835 -13.464334846191615 3
      vertex 26.82240754213961 -13.272574370508812 3
    endloop
  endfacet
  facet normal -0.5718101339648237 -0.4240832982188949 0.7022724021823115
    outer loop
      vertex 26.314117770716653 -14.921531416921802 1.4
      vertex 27.727425629491186 -14.177592457860392 3
      vertex 27.535665153808385 -13.919033387626166 3
    endloop
  endfacet
  facet normal -0.5274892797252303 -0.4780884153669104 0.7022724021823116
    outer loop
      vertex 26.202081528017132 -14.79791847198287 1.4
      vertex 27.535665153808385 -13.919033387626166 3
      vertex 27.319484836558836 -13.680515163441166 3
    endloop
  endfacet
  facet normal 0.4240832982188969 0.5718101339648218 0.7022724021823117
    outer loop
      vertex -25.944469396133325 -17.413498340914327 1.4
      vertex -26.078468583078198 -17.314117770716653 1.4
      vertex -27.080966612373835 -18.535665153808385 3
    endloop
  endfacet
  facet normal 0.3659940270815167 0.6106241440311214 0.7022724021823117
    outer loop
      vertex -25.801374452604197 -17.499266149392202 1.4
      vertex -25.944469396133325 -17.413498340914327 1.4
      vertex -26.82240754213961 -18.727425629491186 3
    endloop
  endfacet
  facet normal 0.4780884153669072 0.5274892797252334 0.7022724021823115
    outer loop
      vertex -26.202081528017132 -17.202081528017132 1.4
      vertex -27.319484836558836 -18.319484836558836 3
      vertex -26.078468583078198 -17.314117770716653 1.4
    endloop
  endfacet
  facet normal 0.527489279725233 0.4780884153669069 0.7022724021823119
    outer loop
      vertex -26.202081528017132 -17.202081528017132 1.4
      vertex -26.314117770716653 -17.078468583078198 1.4
      vertex -27.535665153808385 -18.080966612373835 3
    endloop
  endfacet
  facet normal 0.5718101339648218 0.4240832982188969 0.7022724021823117
    outer loop
      vertex -26.314117770716653 -17.078468583078198 1.4
      vertex -26.413498340914327 -16.944469396133325 1.4
      vertex -27.727425629491186 -17.82240754213961 3
    endloop
  endfacet
  facet normal 0.610624144031121 0.36599402708151646 0.702272402182312
    outer loop
      vertex -26.413498340914327 -16.944469396133325 1.4
      vertex -26.499266149392202 -16.801374452604197 1.4
      vertex -27.89291950539948 -17.54629769104528 3
    endloop
  endfacet
  facet normal 0.6435575097892845 0.3043800333906625 0.7022724021823115
    outer loop
      vertex -26.570595205269186 -16.650561835020653 1.4
      vertex -28.030552985040107 -17.25529614789388 3
      vertex -26.499266149392202 -16.801374452604197 1.4
    endloop
  endfacet
  facet normal 0.6702930649238562 0.2398346935872037 0.7022724021823122
    outer loop
      vertex -26.570595205269186 -16.650561835020653 1.4
      vertex -26.626798570744754 -16.493483951332585 1.4
      vertex -28.139000582766023 -16.95220541662359 3
    endloop
  endfacet
  facet normal 0.6905733314237503 0.17297961457752564 0.7022724021823112
    outer loop
      vertex -26.626798570744754 -16.493483951332585 1.4
      vertex -26.667334976685492 -16.33165354742742 1.4
      vertex -28.21721788892763 -16.63994442666278 3
    endloop
  endfacet
  facet normal 0.7042029992362523 0.1044586473191721 0.7022724021823125
    outer loop
      vertex -26.667334976685492 -16.33165354742742 1.4
      vertex -26.691814035342734 -16.166629138560253 1.4
      vertex -28.264451628108677 -16.321520422044003 3
    endloop
  endfacet
  facet normal 0.7110508072095908 0.03493168618424389 0.7022724021823118
    outer loop
      vertex -26.691814035342734 -16.166629138560253 1.4
      vertex -26.7 -16 1.4
      vertex -28.280246913580246 -16 3
    endloop
  endfacet
  facet normal 0.7110508072095904 -0.03493168618424386 0.7022724021823125
    outer loop
      vertex -26.7 -16 1.4
      vertex -26.691814035342734 -15.833370861439747 1.4
      vertex -28.264451628108677 -15.678479577955997 3
    endloop
  endfacet
  facet normal 0.23983469358720388 0.6702930649238568 0.7022724021823115
    outer loop
      vertex -25.650561835020653 -17.570595205269186 1.4
      vertex -26.25529614789388 -19.030552985040107 3
      vertex -25.493483951332585 -17.626798570744754 1.4
    endloop
  endfacet
  facet normal 0.17297961457752534 0.6905733314237491 0.7022724021823123
    outer loop
      vertex -25.493483951332585 -17.626798570744754 1.4
      vertex -25.95220541662359 -19.139000582766023 3
      vertex -25.33165354742742 -17.667334976685492 1.4
    endloop
  endfacet
  facet normal 0.30438003339066233 0.6435575097892842 0.7022724021823118
    outer loop
      vertex -25.801374452604197 -17.499266149392202 1.4
      vertex -26.54629769104528 -18.89291950539948 3
      vertex -25.650561835020653 -17.570595205269186 1.4
    endloop
  endfacet
  facet normal 0.10445864731917229 0.7042029992362535 0.7022724021823112
    outer loop
      vertex -25.33165354742742 -17.667334976685492 1.4
      vertex -25.63994442666278 -19.21721788892763 3
      vertex -25.166629138560253 -17.691814035342734 1.4
    endloop
  endfacet
  facet normal 0.03493168618424386 0.7110508072095904 0.7022724021823125
    outer loop
      vertex -25.166629138560253 -17.691814035342734 1.4
      vertex -25.321520422044003 -19.264451628108677 3
      vertex -25 -17.7 1.4
    endloop
  endfacet
  facet normal -0.03493168618424389 0.7110508072095908 0.7022724021823118
    outer loop
      vertex -25 -17.7 1.4
      vertex -25 -19.280246913580246 3
      vertex -24.833370861439747 -17.691814035342734 1.4
    endloop
  endfacet
  facet normal -0.1044586473191721 0.7042029992362523 0.7022724021823125
    outer loop
      vertex -24.833370861439747 -17.691814035342734 1.4
      vertex -24.678479577955997 -19.264451628108677 3
      vertex -24.66834645257258 -17.667334976685492 1.4
    endloop
  endfacet
  facet normal -0.17297961457752564 0.6905733314237503 0.7022724021823112
    outer loop
      vertex -24.66834645257258 -17.667334976685492 1.4
      vertex -24.36005557333722 -19.21721788892763 3
      vertex -24.506516048667415 -17.626798570744754 1.4
    endloop
  endfacet
  facet normal -0.2398346935872037 0.6702930649238562 0.7022724021823122
    outer loop
      vertex -24.506516048667415 -17.626798570744754 1.4
      vertex -24.04779458337641 -19.139000582766023 3
      vertex -24.349438164979347 -17.570595205269186 1.4
    endloop
  endfacet
  facet normal -0.3043800333906621 0.6435575097892837 0.7022724021823121
    outer loop
      vertex -24.349438164979347 -17.570595205269186 1.4
      vertex -23.74470385210612 -19.03055298504011 3
      vertex -24.198625547395803 -17.499266149392202 1.4
    endloop
  endfacet
  facet normal 0.7042029992362534 -0.10445864731917226 0.7022724021823112
    outer loop
      vertex -26.691814035342734 -15.833370861439747 1.4
      vertex -26.667334976685492 -15.668346452572582 1.4
      vertex -28.21721788892763 -15.360055573337219 3
    endloop
  endfacet
  facet normal 0.6905733314237492 -0.17297961457752536 0.7022724021823123
    outer loop
      vertex -26.667334976685492 -15.668346452572582 1.4
      vertex -26.626798570744754 -15.506516048667415 1.4
      vertex -28.139000582766023 -15.047794583376414 3
    endloop
  endfacet
  facet normal 0.6702930649238567 -0.23983469358720386 0.7022724021823117
    outer loop
      vertex -26.626798570744754 -15.506516048667415 1.4
      vertex -26.570595205269186 -15.349438164979347 1.4
      vertex -28.030552985040107 -14.744703852106118 3
    endloop
  endfacet
  facet normal 0.6435575097892842 -0.30438003339066233 0.7022724021823118
    outer loop
      vertex -26.570595205269186 -15.349438164979347 1.4
      vertex -26.499266149392202 -15.198625547395803 1.4
      vertex -27.89291950539948 -14.453702308954721 3
    endloop
  endfacet
  facet normal 0.6106241440311194 -0.3659940270815201 0.7022724021823116
    outer loop
      vertex -26.499266149392202 -15.198625547395803 1.4
      vertex -26.413498340914327 -15.055530603866677 1.4
      vertex -27.727425629491186 -14.177592457860392 3
    endloop
  endfacet
  facet normal 0.5718101339648248 -0.4240832982188935 0.7022724021823115
    outer loop
      vertex -26.413498340914327 -15.055530603866677 1.4
      vertex -26.314117770716653 -14.921531416921802 1.4
      vertex -27.535665153808385 -13.919033387626166 3
    endloop
  endfacet
  facet normal 0.5274892797252299 -0.47808841536691093 0.7022724021823116
    outer loop
      vertex -26.314117770716653 -14.921531416921802 1.4
      vertex -26.202081528017132 -14.79791847198287 1.4
      vertex -27.319484836558836 -13.680515163441166 3
    endloop
  endfacet
  facet normal 0.4780884153669111 -0.5274892797252293 0.7022724021823117
    outer loop
      vertex -26.202081528017132 -14.79791847198287 1.4
      vertex -26.078468583078198 -14.685882229283347 1.4
      vertex -27.080966612373835 -13.464334846191615 3
    endloop
  endfacet
  facet normal 0.4240832982188968 -0.5718101339648216 0.7022724021823121
    outer loop
      vertex -26.078468583078198 -14.685882229283347 1.4
      vertex -25.944469396133325 -14.586501659085673 1.4
      vertex -26.82240754213961 -13.272574370508812 3
    endloop
  endfacet
  facet normal 0.36599402708152234 -0.6106241440311181 0.7022724021823115
    outer loop
      vertex -25.944469396133325 -14.586501659085673 1.4
      vertex -25.801374452604197 -14.500733850607796 1.4
      vertex -26.54629769104528 -13.10708049460052 3
    endloop
  endfacet
  facet normal 0.30438003339066233 -0.6435575097892842 0.7022724021823118
    outer loop
      vertex -25.801374452604197 -14.500733850607796 1.4
      vertex -25.650561835020653 -14.429404794730813 1.4
      vertex -26.25529614789388 -12.96944701495989 3
    endloop
  endfacet
  facet normal 0.23983469358720383 -0.6702930649238565 0.7022724021823118
    outer loop
      vertex -25.650561835020653 -14.429404794730813 1.4
      vertex -25.493483951332585 -14.373201429255245 1.4
      vertex -25.95220541662359 -12.860999417233977 3
    endloop
  endfacet
  facet normal 0.17297961457751837 -0.6905733314237515 0.7022724021823118
    outer loop
      vertex -25.493483951332585 -14.373201429255245 1.4
      vertex -25.33165354742742 -14.332665023314508 1.4
      vertex -25.63994442666278 -12.782782111072367 3
    endloop
  endfacet
  facet normal 0.10445864731917213 -0.7042029992362525 0.7022724021823121
    outer loop
      vertex -25.33165354742742 -14.332665023314508 1.4
      vertex -25.166629138560253 -14.308185964657266 1.4
      vertex -25.321520422044003 -12.735548371891324 3
    endloop
  endfacet
  facet normal 0.034931686184243874 -0.7110508072095906 0.7022724021823122
    outer loop
      vertex -25.166629138560253 -14.308185964657266 1.4
      vertex -25 -14.3 1.4
      vertex -25 -12.719753086419752 3
    endloop
  endfacet
  facet normal -0.10445864731917223 -0.7042029992362532 0.7022724021823117
    outer loop
      vertex -24.833370861439747 -14.308185964657266 1.4
      vertex -24.66834645257258 -14.332665023314508 1.4
      vertex -24.36005557333722 -12.782782111072367 3
    endloop
  endfacet
  facet normal -0.17297961457751834 -0.6905733314237514 0.7022724021823118
    outer loop
      vertex -24.66834645257258 -14.332665023314508 1.4
      vertex -24.506516048667415 -14.373201429255245 1.4
      vertex -24.04779458337641 -12.860999417233977 3
    endloop
  endfacet
  facet normal -0.3043800333906625 -0.6435575097892845 0.7022724021823115
    outer loop
      vertex -24.198625547395803 -14.500733850607796 1.4
      vertex -23.45370230895472 -13.10708049460052 3
      vertex -24.349438164979347 -14.429404794730813 1.4
    endloop
  endfacet
  facet normal -0.23983469358720383 -0.6702930649238565 0.702272402182312
    outer loop
      vertex -24.506516048667415 -14.373201429255245 1.4
      vertex -24.349438164979347 -14.429404794730813 1.4
      vertex -23.74470385210612 -12.96944701495989 3
    endloop
  endfacet
  facet normal -0.03493168618424388 -0.7110508072095907 0.7022724021823121
    outer loop
      vertex -25 -14.3 1.4
      vertex -24.833370861439747 -14.308185964657266 1.4
      vertex -24.678479577955997 -12.735548371891324 3
    endloop
  endfacet
  facet normal -0.36599402708151646 0.610624144031121 0.7022724021823121
    outer loop
      vertex -24.198625547395803 -17.499266149392202 1.4
      vertex -23.45370230895472 -18.89291950539948 3
      vertex -24.055530603866675 -17.413498340914327 1.4
    endloop
  endfacet
  facet normal -0.4240832982188969 0.5718101339648218 0.7022724021823117
    outer loop
      vertex -24.055530603866675 -17.413498340914327 1.4
      vertex -23.17759245786039 -18.727425629491186 3
      vertex -23.921531416921802 -17.314117770716653 1.4
    endloop
  endfacet
  facet normal -0.4780884153669069 0.527489279725233 0.7022724021823119
    outer loop
      vertex -23.921531416921802 -17.314117770716653 1.4
      vertex -22.919033387626165 -18.535665153808385 3
      vertex -23.797918471982868 -17.202081528017132 1.4
    endloop
  endfacet
  facet normal -0.5274892797252334 0.4780884153669072 0.7022724021823115
    outer loop
      vertex -23.797918471982868 -17.202081528017132 1.4
      vertex -22.680515163441164 -18.319484836558836 3
      vertex -23.685882229283347 -17.078468583078198 1.4
    endloop
  endfacet
  facet normal -0.5718101339648218 0.4240832982188969 0.7022724021823117
    outer loop
      vertex -23.685882229283347 -17.078468583078198 1.4
      vertex -22.464334846191615 -18.080966612373835 3
      vertex -23.586501659085673 -16.944469396133325 1.4
    endloop
  endfacet
  facet normal -0.6106241440311214 0.3659940270815167 0.7022724021823117
    outer loop
      vertex -23.586501659085673 -16.944469396133325 1.4
      vertex -22.272574370508814 -17.82240754213961 3
      vertex -23.500733850607798 -16.801374452604197 1.4
    endloop
  endfacet
  facet normal -0.6435575097892842 0.30438003339066233 0.7022724021823118
    outer loop
      vertex -23.500733850607798 -16.801374452604197 1.4
      vertex -22.10708049460052 -17.54629769104528 3
      vertex -23.429404794730814 -16.650561835020653 1.4
    endloop
  endfacet
  facet normal -0.6702930649238568 0.23983469358720388 0.7022724021823115
    outer loop
      vertex -23.429404794730814 -16.650561835020653 1.4
      vertex -21.969447014959893 -17.25529614789388 3
      vertex -23.373201429255246 -16.493483951332585 1.4
    endloop
  endfacet
  facet normal -0.6905733314237491 0.17297961457752534 0.7022724021823123
    outer loop
      vertex -23.373201429255246 -16.493483951332585 1.4
      vertex -21.860999417233977 -16.95220541662359 3
      vertex -23.332665023314508 -16.33165354742742 1.4
    endloop
  endfacet
  facet normal -0.7042029992362535 0.10445864731917229 0.7022724021823112
    outer loop
      vertex -23.332665023314508 -16.33165354742742 1.4
      vertex -21.78278211107237 -16.63994442666278 3
      vertex -23.308185964657266 -16.166629138560253 1.4
    endloop
  endfacet
  facet normal -0.7110508072095904 0.03493168618424386 0.7022724021823125
    outer loop
      vertex -23.308185964657266 -16.166629138560253 1.4
      vertex -21.735548371891323 -16.321520422044003 3
      vertex -23.3 -16 1.4
    endloop
  endfacet
  facet normal -0.7110508072095908 -0.03493168618424389 0.7022724021823118
    outer loop
      vertex -23.3 -16 1.4
      vertex -21.719753086419754 -16 3
      vertex -23.308185964657266 -15.833370861439747 1.4
    endloop
  endfacet
  facet normal -0.6106241440311191 -0.3659940270815199 0.7022724021823119
    outer loop
      vertex -23.500733850607798 -15.198625547395803 1.4
      vertex -22.10708049460052 -14.453702308954721 3
      vertex -23.586501659085673 -15.055530603866677 1.4
    endloop
  endfacet
  facet normal -0.5274892797252299 -0.47808841536691093 0.7022724021823115
    outer loop
      vertex -23.797918471982868 -14.79791847198287 1.4
      vertex -23.685882229283347 -14.921531416921802 1.4
      vertex -22.464334846191615 -13.919033387626166 3
    endloop
  endfacet
  facet normal -0.5718101339648247 -0.4240832982188934 0.7022724021823117
    outer loop
      vertex -23.685882229283347 -14.921531416921802 1.4
      vertex -23.586501659085673 -15.055530603866677 1.4
      vertex -22.272574370508814 -14.177592457860392 3
    endloop
  endfacet
  facet normal -0.7042029992362523 -0.1044586473191721 0.7022724021823125
    outer loop
      vertex -23.308185964657266 -15.833370861439747 1.4
      vertex -21.735548371891323 -15.678479577955997 3
      vertex -23.332665023314508 -15.668346452572582 1.4
    endloop
  endfacet
  facet normal -0.6905733314237502 -0.17297961457752561 0.7022724021823114
    outer loop
      vertex -23.332665023314508 -15.668346452572582 1.4
      vertex -21.78278211107237 -15.360055573337219 3
      vertex -23.373201429255246 -15.506516048667415 1.4
    endloop
  endfacet
  facet normal -0.6702930649238563 -0.23983469358720372 0.7022724021823121
    outer loop
      vertex -23.373201429255246 -15.506516048667415 1.4
      vertex -21.860999417233977 -15.047794583376414 3
      vertex -23.429404794730814 -15.349438164979347 1.4
    endloop
  endfacet
  facet normal -0.6435575097892843 -0.3043800333906624 0.7022724021823118
    outer loop
      vertex -23.500733850607798 -15.198625547395803 1.4
      vertex -23.429404794730814 -15.349438164979347 1.4
      vertex -21.969447014959893 -14.744703852106118 3
    endloop
  endfacet
  facet normal -0.36599402708152207 -0.6106241440311176 0.7022724021823121
    outer loop
      vertex -24.198625547395803 -14.500733850607796 1.4
      vertex -24.055530603866675 -14.586501659085673 1.4
      vertex -23.17759245786039 -13.272574370508812 3
    endloop
  endfacet
  facet normal -0.4240832982188969 -0.5718101339648218 0.7022724021823117
    outer loop
      vertex -23.921531416921802 -14.685882229283347 1.4
      vertex -22.919033387626165 -13.464334846191615 3
      vertex -24.055530603866675 -14.586501659085673 1.4
    endloop
  endfacet
  facet normal -0.47808841536691127 -0.5274892797252295 0.7022724021823116
    outer loop
      vertex -23.921531416921802 -14.685882229283347 1.4
      vertex -23.797918471982868 -14.79791847198287 1.4
      vertex -22.680515163441164 -13.680515163441166 3
    endloop
  endfacet
  facet normal 0.30438003339065944 0.6435575097892857 0.7022724021823116
    outer loop
      vertex -25.650561835020653 -17.570595205269186 1.4
      vertex -26.54629769104528 -18.89291950539948 3
      vertex -26.25529614789388 -19.030552985040107 3
    endloop
  endfacet
  facet normal 0.23983469358721085 0.670293064923854 0.7022724021823118
    outer loop
      vertex -25.493483951332585 -17.626798570744754 1.4
      vertex -26.25529614789388 -19.030552985040107 3
      vertex -25.95220541662359 -19.139000582766023 3
    endloop
  endfacet
  facet normal 0.17297961457751374 0.6905733314237529 0.7022724021823114
    outer loop
      vertex -25.33165354742742 -17.667334976685492 1.4
      vertex -25.95220541662359 -19.139000582766023 3
      vertex -25.63994442666278 -19.21721788892763 3
    endloop
  endfacet
  facet normal 0.10445864731918389 0.704202999236251 0.7022724021823121
    outer loop
      vertex -25.166629138560253 -17.691814035342734 1.4
      vertex -25.63994442666278 -19.21721788892763 3
      vertex -25.321520422044003 -19.264451628108677 3
    endloop
  endfacet
  facet normal 0.034931686184237996 0.711050807209591 0.702272402182312
    outer loop
      vertex -25 -17.7 1.4
      vertex -25.321520422044003 -19.264451628108677 3
      vertex -25 -19.280246913580246 3
    endloop
  endfacet
  facet normal -0.034931686184238586 0.7110508072095907 0.7022724021823122
    outer loop
      vertex -24.833370861439747 -17.691814035342734 1.4
      vertex -25 -19.280246913580246 3
      vertex -24.678479577955997 -19.264451628108677 3
    endloop
  endfacet
  facet normal -0.1044586473191846 0.7042029992362514 0.7022724021823116
    outer loop
      vertex -24.66834645257258 -17.667334976685492 1.4
      vertex -24.678479577955997 -19.264451628108677 3
      vertex -24.36005557333722 -19.21721788892763 3
    endloop
  endfacet
  facet normal -0.17297961457751362 0.6905733314237523 0.702272402182312
    outer loop
      vertex -24.506516048667415 -17.626798570744754 1.4
      vertex -24.36005557333722 -19.21721788892763 3
      vertex -24.04779458337641 -19.139000582766023 3
    endloop
  endfacet
  facet normal -0.2398346935872031 0.6702930649238563 0.7022724021823121
    outer loop
      vertex -24.349438164979347 -17.570595205269186 1.4
      vertex -24.04779458337641 -19.139000582766023 3
      vertex -23.74470385210612 -19.03055298504011 3
    endloop
  endfacet
  facet normal 0.5274892797252303 0.4780884153669104 0.7022724021823116
    outer loop
      vertex -26.202081528017132 -17.202081528017132 1.4
      vertex -27.535665153808385 -18.080966612373835 3
      vertex -27.319484836558836 -18.319484836558836 3
    endloop
  endfacet
  facet normal 0.6106241440311192 0.36599402708152007 0.7022724021823117
    outer loop
      vertex -26.413498340914327 -16.944469396133325 1.4
      vertex -27.89291950539948 -17.54629769104528 3
      vertex -27.727425629491186 -17.82240754213961 3
    endloop
  endfacet
  facet normal 0.5718101339648219 0.4240832982188966 0.7022724021823119
    outer loop
      vertex -26.314117770716653 -17.078468583078198 1.4
      vertex -27.727425629491186 -17.82240754213961 3
      vertex -27.535665153808385 -18.080966612373835 3
    endloop
  endfacet
  facet normal 0.6435575097892857 0.30438003339065944 0.7022724021823118
    outer loop
      vertex -26.499266149392202 -16.801374452604197 1.4
      vertex -28.030552985040107 -17.25529614789388 3
      vertex -27.89291950539948 -17.54629769104528 3
    endloop
  endfacet
  facet normal 0.47808841536691016 0.5274892797252301 0.7022724021823118
    outer loop
      vertex -26.078468583078198 -17.314117770716653 1.4
      vertex -27.319484836558836 -18.319484836558836 3
      vertex -27.080966612373835 -18.535665153808385 3
    endloop
  endfacet
  facet normal 0.4240832982188968 0.5718101339648218 0.7022724021823118
    outer loop
      vertex -25.944469396133325 -17.413498340914327 1.4
      vertex -27.080966612373835 -18.535665153808385 3
      vertex -26.82240754213961 -18.727425629491186 3
    endloop
  endfacet
  facet normal 0.3659940270815202 0.610624144031119 0.7022724021823118
    outer loop
      vertex -25.801374452604197 -17.499266149392202 1.4
      vertex -26.82240754213961 -18.727425629491186 3
      vertex -26.54629769104528 -18.89291950539948 3
    endloop
  endfacet
  facet normal 0.6702930649238543 0.23983469358721038 0.7022724021823117
    outer loop
      vertex -26.570595205269186 -16.650561835020653 1.4
      vertex -28.139000582766023 -16.95220541662359 3
      vertex -28.030552985040107 -17.25529614789388 3
    endloop
  endfacet
  facet normal 0.6905733314237523 0.17297961457751362 0.702272402182312
    outer loop
      vertex -26.626798570744754 -16.493483951332585 1.4
      vertex -28.21721788892763 -16.63994442666278 3
      vertex -28.139000582766023 -16.95220541662359 3
    endloop
  endfacet
  facet normal 0.7042029992362514 0.1044586473191846 0.7022724021823116
    outer loop
      vertex -26.667334976685492 -16.33165354742742 1.4
      vertex -28.264451628108677 -16.321520422044003 3
      vertex -28.21721788892763 -16.63994442666278 3
    endloop
  endfacet
  facet normal 0.7110508072095907 0.034931686184238586 0.7022724021823122
    outer loop
      vertex -26.691814035342734 -16.166629138560253 1.4
      vertex -28.280246913580246 -16 3
      vertex -28.264451628108677 -16.321520422044003 3
    endloop
  endfacet
  facet normal 0.711050807209591 -0.034931686184237996 0.702272402182312
    outer loop
      vertex -26.7 -16 1.4
      vertex -28.264451628108677 -15.678479577955997 3
      vertex -28.280246913580246 -16 3
    endloop
  endfacet
  facet normal 0.704202999236251 -0.10445864731918333 0.7022724021823123
    outer loop
      vertex -26.691814035342734 -15.833370861439747 1.4
      vertex -28.21721788892763 -15.360055573337219 3
      vertex -28.264451628108677 -15.678479577955997 3
    endloop
  endfacet
  facet normal 0.6905733314237525 -0.17297961457751562 0.7022724021823115
    outer loop
      vertex -26.667334976685492 -15.668346452572582 1.4
      vertex -28.139000582766023 -15.047794583376414 3
      vertex -28.21721788892763 -15.360055573337219 3
    endloop
  endfacet
  facet normal 0.670293064923855 -0.23983469358720835 0.7022724021823117
    outer loop
      vertex -26.626798570744754 -15.506516048667415 1.4
      vertex -28.030552985040107 -14.744703852106118 3
      vertex -28.139000582766023 -15.047794583376414 3
    endloop
  endfacet
  facet normal 0.6435575097892849 -0.3043800333906609 0.7022724021823116
    outer loop
      vertex -26.570595205269186 -15.349438164979347 1.4
      vertex -27.89291950539948 -14.453702308954721 3
      vertex -28.030552985040107 -14.744703852106118 3
    endloop
  endfacet
  facet normal 0.6106241440311171 -0.3659940270815237 0.7022724021823118
    outer loop
      vertex -26.499266149392202 -15.198625547395803 1.4
      vertex -27.727425629491186 -14.177592457860392 3
      vertex -27.89291950539948 -14.453702308954721 3
    endloop
  endfacet
  facet normal 0.5718101339648234 -0.424083298218895 0.7022724021823116
    outer loop
      vertex -26.413498340914327 -15.055530603866677 1.4
      vertex -27.535665153808385 -13.919033387626166 3
      vertex -27.727425629491186 -14.177592457860392 3
    endloop
  endfacet
  facet normal 0.5274892797252303 -0.4780884153669104 0.7022724021823116
    outer loop
      vertex -26.314117770716653 -14.921531416921802 1.4
      vertex -27.319484836558836 -13.680515163441166 3
      vertex -27.535665153808385 -13.919033387626166 3
    endloop
  endfacet
  facet normal 0.47808841536691277 -0.5274892797252282 0.7022724021823115
    outer loop
      vertex -26.202081528017132 -14.79791847198287 1.4
      vertex -27.080966612373835 -13.464334846191615 3
      vertex -27.319484836558836 -13.680515163441166 3
    endloop
  endfacet
  facet normal 0.42408329821889934 -0.5718101339648198 0.7022724021823118
    outer loop
      vertex -26.078468583078198 -14.685882229283347 1.4
      vertex -26.82240754213961 -13.272574370508812 3
      vertex -27.080966612373835 -13.464334846191615 3
    endloop
  endfacet
  facet normal 0.36599402708151724 -0.6106241440311208 0.7022724021823119
    outer loop
      vertex -25.944469396133325 -14.586501659085673 1.4
      vertex -26.54629769104528 -13.10708049460052 3
      vertex -26.82240754213961 -13.272574370508812 3
    endloop
  endfacet
  facet normal 0.30438003339066544 -0.6435575097892828 0.7022724021823116
    outer loop
      vertex -25.801374452604197 -14.500733850607796 1.4
      vertex -26.25529614789388 -12.96944701495989 3
      vertex -26.54629769104528 -13.10708049460052 3
    endloop
  endfacet
  facet normal 0.23983469358720383 -0.6702930649238567 0.7022724021823117
    outer loop
      vertex -25.650561835020653 -14.429404794730813 1.4
      vertex -25.95220541662359 -12.860999417233977 3
      vertex -26.25529614789388 -12.96944701495989 3
    endloop
  endfacet
  facet normal 0.17297961457751776 -0.6905733314237517 0.7022724021823119
    outer loop
      vertex -25.493483951332585 -14.373201429255245 1.4
      vertex -25.63994442666278 -12.782782111072367 3
      vertex -25.95220541662359 -12.860999417233977 3
    endloop
  endfacet
  facet normal 0.10445864731917674 -0.7042029992362523 0.7022724021823117
    outer loop
      vertex -25.33165354742742 -14.332665023314508 1.4
      vertex -25.321520422044003 -12.735548371891324 3
      vertex -25.63994442666278 -12.782782111072367 3
    endloop
  endfacet
  facet normal 0.03493168618424595 -0.7110508072095906 0.7022724021823121
    outer loop
      vertex -25.166629138560253 -14.308185964657266 1.4
      vertex -25 -12.719753086419752 3
      vertex -25.321520422044003 -12.735548371891324 3
    endloop
  endfacet
  facet normal -0.03493168618424656 -0.7110508072095905 0.7022724021823122
    outer loop
      vertex -25 -14.3 1.4
      vertex -24.678479577955997 -12.735548371891324 3
      vertex -25 -12.719753086419752 3
    endloop
  endfacet
  facet normal -0.10445864731917671 -0.7042029992362522 0.7022724021823119
    outer loop
      vertex -24.833370861439747 -14.308185964657266 1.4
      vertex -24.36005557333722 -12.782782111072367 3
      vertex -24.678479577955997 -12.735548371891324 3
    endloop
  endfacet
  facet normal -0.17297961457751776 -0.6905733314237518 0.7022724021823117
    outer loop
      vertex -24.66834645257258 -14.332665023314508 1.4
      vertex -24.04779458337641 -12.860999417233977 3
      vertex -24.36005557333722 -12.782782111072367 3
    endloop
  endfacet
  facet normal -0.23983469358720325 -0.6702930649238568 0.7022724021823118
    outer loop
      vertex -24.506516048667415 -14.373201429255245 1.4
      vertex -23.74470385210612 -12.96944701495989 3
      vertex -24.04779458337641 -12.860999417233977 3
    endloop
  endfacet
  facet normal -0.3043800333906659 0.6435575097892825 0.7022724021823119
    outer loop
      vertex -24.198625547395803 -17.499266149392202 1.4
      vertex -23.74470385210612 -19.03055298504011 3
      vertex -23.45370230895472 -18.89291950539948 3
    endloop
  endfacet
  facet normal -0.36599402708152007 0.6106241440311192 0.7022724021823117
    outer loop
      vertex -24.055530603866675 -17.413498340914327 1.4
      vertex -23.45370230895472 -18.89291950539948 3
      vertex -23.17759245786039 -18.727425629491186 3
    endloop
  endfacet
  facet normal -0.4240832982188966 0.5718101339648219 0.7022724021823119
    outer loop
      vertex -23.921531416921802 -17.314117770716653 1.4
      vertex -23.17759245786039 -18.727425629491186 3
      vertex -22.919033387626165 -18.535665153808385 3
    endloop
  endfacet
  facet normal -0.4780884153669104 0.5274892797252303 0.7022724021823116
    outer loop
      vertex -23.797918471982868 -17.202081528017132 1.4
      vertex -22.919033387626165 -18.535665153808385 3
      vertex -22.680515163441164 -18.319484836558836 3
    endloop
  endfacet
  facet normal -0.5274892797252301 0.47808841536691016 0.7022724021823118
    outer loop
      vertex -23.685882229283347 -17.078468583078198 1.4
      vertex -22.680515163441164 -18.319484836558836 3
      vertex -22.464334846191615 -18.080966612373835 3
    endloop
  endfacet
  facet normal -0.5718101339648218 0.4240832982188968 0.7022724021823118
    outer loop
      vertex -23.586501659085673 -16.944469396133325 1.4
      vertex -22.464334846191615 -18.080966612373835 3
      vertex -22.272574370508814 -17.82240754213961 3
    endloop
  endfacet
  facet normal -0.610624144031119 0.3659940270815202 0.7022724021823118
    outer loop
      vertex -23.500733850607798 -16.801374452604197 1.4
      vertex -22.272574370508814 -17.82240754213961 3
      vertex -22.10708049460052 -17.54629769104528 3
    endloop
  endfacet
  facet normal -0.6435575097892857 0.30438003339065944 0.7022724021823116
    outer loop
      vertex -23.429404794730814 -16.650561835020653 1.4
      vertex -22.10708049460052 -17.54629769104528 3
      vertex -21.969447014959893 -17.25529614789388 3
    endloop
  endfacet
  facet normal -0.670293064923854 0.23983469358721085 0.7022724021823118
    outer loop
      vertex -23.373201429255246 -16.493483951332585 1.4
      vertex -21.969447014959893 -17.25529614789388 3
      vertex -21.860999417233977 -16.95220541662359 3
    endloop
  endfacet
  facet normal -0.6905733314237529 0.17297961457751374 0.7022724021823114
    outer loop
      vertex -23.332665023314508 -16.33165354742742 1.4
      vertex -21.860999417233977 -16.95220541662359 3
      vertex -21.78278211107237 -16.63994442666278 3
    endloop
  endfacet
  facet normal -0.704202999236251 0.10445864731918389 0.7022724021823121
    outer loop
      vertex -23.308185964657266 -16.166629138560253 1.4
      vertex -21.78278211107237 -16.63994442666278 3
      vertex -21.735548371891323 -16.321520422044003 3
    endloop
  endfacet
  facet normal -0.711050807209591 0.034931686184237996 0.702272402182312
    outer loop
      vertex -23.3 -16 1.4
      vertex -21.735548371891323 -16.321520422044003 3
      vertex -21.719753086419754 -16 3
    endloop
  endfacet
  facet normal -0.7110508072095907 -0.034931686184238586 0.7022724021823122
    outer loop
      vertex -23.308185964657266 -15.833370861439747 1.4
      vertex -21.719753086419754 -16 3
      vertex -21.735548371891323 -15.678479577955997 3
    endloop
  endfacet
  facet normal -0.7042029992362514 -0.104458647319184 0.7022724021823116
    outer loop
      vertex -23.332665023314508 -15.668346452572582 1.4
      vertex -21.735548371891323 -15.678479577955997 3
      vertex -21.78278211107237 -15.360055573337219 3
    endloop
  endfacet
  facet normal -0.690573331423752 -0.17297961457751548 0.702272402182312
    outer loop
      vertex -23.373201429255246 -15.506516048667415 1.4
      vertex -21.78278211107237 -15.360055573337219 3
      vertex -21.860999417233977 -15.047794583376414 3
    endloop
  endfacet
  facet normal -0.6435575097892848 -0.3043800333906609 0.7022724021823117
    outer loop
      vertex -23.500733850607798 -15.198625547395803 1.4
      vertex -21.969447014959893 -14.744703852106118 3
      vertex -22.10708049460052 -14.453702308954721 3
    endloop
  endfacet
  facet normal -0.6106241440311172 -0.3659940270815235 0.7022724021823118
    outer loop
      vertex -23.586501659085673 -15.055530603866677 1.4
      vertex -22.10708049460052 -14.453702308954721 3
      vertex -22.272574370508814 -14.177592457860392 3
    endloop
  endfacet
  facet normal -0.6702930649238551 -0.23983469358720788 0.7022724021823117
    outer loop
      vertex -23.429404794730814 -15.349438164979347 1.4
      vertex -21.860999417233977 -15.047794583376414 3
      vertex -21.969447014959893 -14.744703852106118 3
    endloop
  endfacet
  facet normal -0.47808841536691243 -0.5274892797252282 0.7022724021823118
    outer loop
      vertex -23.921531416921802 -14.685882229283347 1.4
      vertex -22.680515163441164 -13.680515163441166 3
      vertex -22.919033387626165 -13.464334846191615 3
    endloop
  endfacet
  facet normal -0.3043800333906654 -0.6435575097892826 0.7022724021823118
    outer loop
      vertex -24.349438164979347 -14.429404794730813 1.4
      vertex -23.45370230895472 -13.10708049460052 3
      vertex -23.74470385210612 -12.96944701495989 3
    endloop
  endfacet
  facet normal -0.3659940270815177 -0.6106241440311209 0.7022724021823117
    outer loop
      vertex -24.198625547395803 -14.500733850607796 1.4
      vertex -23.17759245786039 -13.272574370508812 3
      vertex -23.45370230895472 -13.10708049460052 3
    endloop
  endfacet
  facet normal -0.424083298218899 -0.5718101339648198 0.7022724021823121
    outer loop
      vertex -24.055530603866675 -14.586501659085673 1.4
      vertex -22.919033387626165 -13.464334846191615 3
      vertex -23.17759245786039 -13.272574370508812 3
    endloop
  endfacet
  facet normal -0.5718101339648237 -0.4240832982188949 0.7022724021823115
    outer loop
      vertex -23.685882229283347 -14.921531416921802 1.4
      vertex -22.272574370508814 -14.177592457860392 3
      vertex -22.464334846191615 -13.919033387626166 3
    endloop
  endfacet
  facet normal -0.5274892797252303 -0.4780884153669104 0.7022724021823116
    outer loop
      vertex -23.797918471982868 -14.79791847198287 1.4
      vertex -22.464334846191615 -13.919033387626166 3
      vertex -22.680515163441164 -13.680515163441166 3
    endloop
  endfacet
  facet normal 0.47808841536691127 0.5274892797252295 0.7022724021823116
    outer loop
      vertex -26.202081528017132 14.79791847198287 1.4
      vertex -27.319484836558836 13.680515163441166 3
      vertex -26.078468583078198 14.685882229283347 1.4
    endloop
  endfacet
  facet normal 0.4240832982188969 0.5718101339648218 0.7022724021823117
    outer loop
      vertex -25.944469396133325 14.586501659085673 1.4
      vertex -26.078468583078198 14.685882229283347 1.4
      vertex -27.080966612373835 13.464334846191615 3
    endloop
  endfacet
  facet normal 0.36599402708152207 0.6106241440311176 0.7022724021823121
    outer loop
      vertex -25.944469396133325 14.586501659085673 1.4
      vertex -26.82240754213961 13.272574370508812 3
      vertex -25.801374452604197 14.500733850607796 1.4
    endloop
  endfacet
  facet normal 0.6435575097892843 0.3043800333906624 0.7022724021823118
    outer loop
      vertex -26.570595205269186 15.349438164979347 1.4
      vertex -28.030552985040107 14.744703852106118 3
      vertex -26.499266149392202 15.198625547395803 1.4
    endloop
  endfacet
  facet normal 0.6702930649238563 0.23983469358720372 0.7022724021823121
    outer loop
      vertex -26.570595205269186 15.349438164979347 1.4
      vertex -26.626798570744754 15.506516048667415 1.4
      vertex -28.139000582766023 15.047794583376414 3
    endloop
  endfacet
  facet normal 0.6905733314237502 0.17297961457752561 0.7022724021823114
    outer loop
      vertex -26.626798570744754 15.506516048667415 1.4
      vertex -26.667334976685492 15.668346452572582 1.4
      vertex -28.21721788892763 15.360055573337219 3
    endloop
  endfacet
  facet normal 0.7042029992362523 0.1044586473191721 0.7022724021823125
    outer loop
      vertex -26.667334976685492 15.668346452572582 1.4
      vertex -26.691814035342734 15.833370861439747 1.4
      vertex -28.264451628108677 15.678479577955997 3
    endloop
  endfacet
  facet normal 0.5718101339648247 0.4240832982188934 0.7022724021823117
    outer loop
      vertex -26.314117770716653 14.921531416921802 1.4
      vertex -26.413498340914327 15.055530603866677 1.4
      vertex -27.727425629491186 14.177592457860392 3
    endloop
  endfacet
  facet normal 0.5274892797252299 0.47808841536691093 0.7022724021823115
    outer loop
      vertex -26.314117770716653 14.921531416921802 1.4
      vertex -27.535665153808385 13.919033387626166 3
      vertex -26.202081528017132 14.79791847198287 1.4
    endloop
  endfacet
  facet normal 0.6106241440311191 0.3659940270815199 0.7022724021823119
    outer loop
      vertex -26.413498340914327 15.055530603866677 1.4
      vertex -26.499266149392202 15.198625547395803 1.4
      vertex -27.89291950539948 14.453702308954721 3
    endloop
  endfacet
  facet normal 0.03493168618424388 0.7110508072095907 0.7022724021823121
    outer loop
      vertex -25.166629138560253 14.308185964657266 1.4
      vertex -25.321520422044003 12.735548371891324 3
      vertex -25 14.3 1.4
    endloop
  endfacet
  facet normal 0.23983469358720383 0.6702930649238565 0.702272402182312
    outer loop
      vertex -25.650561835020653 14.429404794730813 1.4
      vertex -26.25529614789388 12.96944701495989 3
      vertex -25.493483951332585 14.373201429255245 1.4
    endloop
  endfacet
  facet normal 0.3043800333906625 0.6435575097892845 0.7022724021823115
    outer loop
      vertex -25.650561835020653 14.429404794730813 1.4
      vertex -25.801374452604197 14.500733850607796 1.4
      vertex -26.54629769104528 13.10708049460052 3
    endloop
  endfacet
  facet normal 0.17297961457751834 0.6905733314237514 0.7022724021823118
    outer loop
      vertex -25.493483951332585 14.373201429255245 1.4
      vertex -25.95220541662359 12.860999417233977 3
      vertex -25.33165354742742 14.332665023314508 1.4
    endloop
  endfacet
  facet normal 0.10445864731917222 0.7042029992362531 0.7022724021823117
    outer loop
      vertex -25.33165354742742 14.332665023314508 1.4
      vertex -25.63994442666278 12.782782111072367 3
      vertex -25.166629138560253 14.308185964657266 1.4
    endloop
  endfacet
  facet normal -0.034931686184243874 0.7110508072095906 0.7022724021823122
    outer loop
      vertex -25 14.3 1.4
      vertex -25 12.719753086419752 3
      vertex -24.833370861439747 14.308185964657266 1.4
    endloop
  endfacet
  facet normal -0.10445864731917213 0.7042029992362525 0.7022724021823121
    outer loop
      vertex -24.833370861439747 14.308185964657266 1.4
      vertex -24.678479577955997 12.735548371891324 3
      vertex -24.66834645257258 14.332665023314508 1.4
    endloop
  endfacet
  facet normal -0.17297961457751837 0.6905733314237515 0.7022724021823118
    outer loop
      vertex -24.66834645257258 14.332665023314508 1.4
      vertex -24.36005557333722 12.782782111072367 3
      vertex -24.506516048667415 14.373201429255245 1.4
    endloop
  endfacet
  facet normal -0.23983469358720383 0.6702930649238565 0.702272402182312
    outer loop
      vertex -24.506516048667415 14.373201429255245 1.4
      vertex -24.04779458337641 12.860999417233977 3
      vertex -24.349438164979347 14.429404794730813 1.4
    endloop
  endfacet
  facet normal -0.30438003339066233 0.6435575097892842 0.7022724021823118
    outer loop
      vertex -24.349438164979347 14.429404794730813 1.4
      vertex -23.74470385210612 12.96944701495989 3
      vertex -24.198625547395803 14.500733850607796 1.4
    endloop
  endfacet
  facet normal 0.7110508072095908 0.03493168618424389 0.7022724021823118
    outer loop
      vertex -26.691814035342734 15.833370861439747 1.4
      vertex -26.7 16 1.4
      vertex -28.280246913580246 16 3
    endloop
  endfacet
  facet normal 0.7110508072095904 -0.03493168618424386 0.7022724021823125
    outer loop
      vertex -26.7 16 1.4
      vertex -26.691814035342734 16.166629138560253 1.4
      vertex -28.264451628108677 16.321520422044003 3
    endloop
  endfacet
  facet normal 0.7042029992362535 -0.10445864731917229 0.7022724021823112
    outer loop
      vertex -26.691814035342734 16.166629138560253 1.4
      vertex -26.667334976685492 16.33165354742742 1.4
      vertex -28.21721788892763 16.63994442666278 3
    endloop
  endfacet
  facet normal 0.6905733314237491 -0.17297961457752534 0.7022724021823123
    outer loop
      vertex -26.667334976685492 16.33165354742742 1.4
      vertex -26.626798570744754 16.493483951332585 1.4
      vertex -28.139000582766023 16.95220541662359 3
    endloop
  endfacet
  facet normal 0.6702930649238568 -0.23983469358720388 0.7022724021823115
    outer loop
      vertex -26.626798570744754 16.493483951332585 1.4
      vertex -26.570595205269186 16.650561835020653 1.4
      vertex -28.030552985040107 17.25529614789388 3
    endloop
  endfacet
  facet normal 0.6435575097892842 -0.30438003339066233 0.7022724021823118
    outer loop
      vertex -26.570595205269186 16.650561835020653 1.4
      vertex -26.499266149392202 16.801374452604197 1.4
      vertex -27.89291950539948 17.54629769104528 3
    endloop
  endfacet
  facet normal 0.6106241440311214 -0.3659940270815167 0.7022724021823117
    outer loop
      vertex -26.499266149392202 16.801374452604197 1.4
      vertex -26.413498340914327 16.944469396133325 1.4
      vertex -27.727425629491186 17.82240754213961 3
    endloop
  endfacet
  facet normal 0.5718101339648218 -0.4240832982188969 0.7022724021823117
    outer loop
      vertex -26.413498340914327 16.944469396133325 1.4
      vertex -26.314117770716653 17.078468583078198 1.4
      vertex -27.535665153808385 18.080966612373835 3
    endloop
  endfacet
  facet normal 0.5274892797252334 -0.4780884153669072 0.7022724021823115
    outer loop
      vertex -26.314117770716653 17.078468583078198 1.4
      vertex -26.202081528017132 17.202081528017132 1.4
      vertex -27.319484836558836 18.319484836558836 3
    endloop
  endfacet
  facet normal 0.4780884153669069 -0.527489279725233 0.7022724021823119
    outer loop
      vertex -26.202081528017132 17.202081528017132 1.4
      vertex -26.078468583078198 17.314117770716653 1.4
      vertex -27.080966612373835 18.535665153808385 3
    endloop
  endfacet
  facet normal 0.4240832982188973 -0.5718101339648223 0.7022724021823114
    outer loop
      vertex -26.078468583078198 17.314117770716653 1.4
      vertex -25.944469396133325 17.413498340914327 1.4
      vertex -26.822407542139608 18.727425629491186 3
    endloop
  endfacet
  facet normal 0.36599402708151646 -0.610624144031121 0.702272402182312
    outer loop
      vertex -25.944469396133325 17.413498340914327 1.4
      vertex -25.801374452604197 17.499266149392202 1.4
      vertex -26.54629769104528 18.89291950539948 3
    endloop
  endfacet
  facet normal 0.3043800333906621 -0.6435575097892837 0.7022724021823121
    outer loop
      vertex -25.801374452604197 17.499266149392202 1.4
      vertex -25.650561835020653 17.570595205269186 1.4
      vertex -26.25529614789388 19.03055298504011 3
    endloop
  endfacet
  facet normal 0.2398346935872037 -0.6702930649238562 0.7022724021823122
    outer loop
      vertex -25.650561835020653 17.570595205269186 1.4
      vertex -25.493483951332585 17.626798570744754 1.4
      vertex -25.95220541662359 19.139000582766023 3
    endloop
  endfacet
  facet normal 0.17297961457752564 -0.6905733314237503 0.7022724021823112
    outer loop
      vertex -25.493483951332585 17.626798570744754 1.4
      vertex -25.33165354742742 17.667334976685492 1.4
      vertex -25.63994442666278 19.21721788892763 3
    endloop
  endfacet
  facet normal 0.1044586473191721 -0.7042029992362523 0.7022724021823125
    outer loop
      vertex -25.33165354742742 17.667334976685492 1.4
      vertex -25.166629138560253 17.691814035342734 1.4
      vertex -25.321520422044003 19.264451628108677 3
    endloop
  endfacet
  facet normal 0.03493168618424389 -0.7110508072095908 0.7022724021823118
    outer loop
      vertex -25.166629138560253 17.691814035342734 1.4
      vertex -25 17.7 1.4
      vertex -25 19.280246913580246 3
    endloop
  endfacet
  facet normal -0.03493168618424386 -0.7110508072095904 0.7022724021823125
    outer loop
      vertex -25 17.7 1.4
      vertex -24.833370861439747 17.691814035342734 1.4
      vertex -24.678479577955997 19.264451628108677 3
    endloop
  endfacet
  facet normal -0.10445864731917229 -0.7042029992362535 0.7022724021823112
    outer loop
      vertex -24.833370861439747 17.691814035342734 1.4
      vertex -24.66834645257258 17.667334976685492 1.4
      vertex -24.36005557333722 19.21721788892763 3
    endloop
  endfacet
  facet normal -0.30438003339066233 -0.6435575097892842 0.7022724021823118
    outer loop
      vertex -24.349438164979347 17.570595205269186 1.4
      vertex -24.198625547395803 17.499266149392202 1.4
      vertex -23.45370230895472 18.89291950539948 3
    endloop
  endfacet
  facet normal -0.17297961457752534 -0.6905733314237491 0.7022724021823123
    outer loop
      vertex -24.66834645257258 17.667334976685492 1.4
      vertex -24.506516048667415 17.626798570744754 1.4
      vertex -24.04779458337641 19.139000582766023 3
    endloop
  endfacet
  facet normal -0.23983469358720388 -0.6702930649238568 0.7022724021823115
    outer loop
      vertex -24.506516048667415 17.626798570744754 1.4
      vertex -24.349438164979347 17.570595205269186 1.4
      vertex -23.74470385210612 19.030552985040107 3
    endloop
  endfacet
  facet normal -0.36599402708152234 0.6106241440311181 0.7022724021823115
    outer loop
      vertex -24.198625547395803 14.500733850607796 1.4
      vertex -23.45370230895472 13.10708049460052 3
      vertex -24.055530603866675 14.586501659085673 1.4
    endloop
  endfacet
  facet normal -0.4240832982188968 0.5718101339648216 0.7022724021823121
    outer loop
      vertex -24.055530603866675 14.586501659085673 1.4
      vertex -23.17759245786039 13.272574370508812 3
      vertex -23.921531416921802 14.685882229283347 1.4
    endloop
  endfacet
  facet normal -0.4780884153669111 0.5274892797252293 0.7022724021823117
    outer loop
      vertex -23.921531416921802 14.685882229283347 1.4
      vertex -22.919033387626165 13.464334846191615 3
      vertex -23.797918471982868 14.79791847198287 1.4
    endloop
  endfacet
  facet normal -0.5274892797252299 0.47808841536691093 0.7022724021823116
    outer loop
      vertex -23.797918471982868 14.79791847198287 1.4
      vertex -22.680515163441164 13.680515163441166 3
      vertex -23.685882229283347 14.921531416921802 1.4
    endloop
  endfacet
  facet normal -0.5718101339648248 0.4240832982188935 0.7022724021823115
    outer loop
      vertex -23.685882229283347 14.921531416921802 1.4
      vertex -22.464334846191615 13.919033387626166 3
      vertex -23.586501659085673 15.055530603866677 1.4
    endloop
  endfacet
  facet normal -0.6106241440311194 0.3659940270815201 0.7022724021823116
    outer loop
      vertex -23.586501659085673 15.055530603866677 1.4
      vertex -22.272574370508814 14.177592457860392 3
      vertex -23.500733850607798 15.198625547395803 1.4
    endloop
  endfacet
  facet normal -0.6435575097892842 0.30438003339066233 0.7022724021823118
    outer loop
      vertex -23.500733850607798 15.198625547395803 1.4
      vertex -22.10708049460052 14.453702308954721 3
      vertex -23.429404794730814 15.349438164979347 1.4
    endloop
  endfacet
  facet normal -0.6702930649238567 0.23983469358720386 0.7022724021823117
    outer loop
      vertex -23.429404794730814 15.349438164979347 1.4
      vertex -21.969447014959893 14.744703852106118 3
      vertex -23.373201429255246 15.506516048667415 1.4
    endloop
  endfacet
  facet normal -0.6905733314237492 0.17297961457752536 0.7022724021823123
    outer loop
      vertex -23.373201429255246 15.506516048667415 1.4
      vertex -21.860999417233977 15.047794583376414 3
      vertex -23.332665023314508 15.668346452572582 1.4
    endloop
  endfacet
  facet normal -0.7042029992362534 0.10445864731917226 0.7022724021823112
    outer loop
      vertex -23.332665023314508 15.668346452572582 1.4
      vertex -21.78278211107237 15.360055573337219 3
      vertex -23.308185964657266 15.833370861439747 1.4
    endloop
  endfacet
  facet normal -0.7110508072095904 0.03493168618424386 0.7022724021823125
    outer loop
      vertex -23.308185964657266 15.833370861439747 1.4
      vertex -21.735548371891323 15.678479577955997 3
      vertex -23.3 16 1.4
    endloop
  endfacet
  facet normal -0.7110508072095908 -0.03493168618424389 0.7022724021823118
    outer loop
      vertex -23.3 16 1.4
      vertex -21.719753086419754 16 3
      vertex -23.308185964657266 16.166629138560253 1.4
    endloop
  endfacet
  facet normal -0.7042029992362523 -0.1044586473191721 0.7022724021823125
    outer loop
      vertex -23.308185964657266 16.166629138560253 1.4
      vertex -21.735548371891323 16.321520422044003 3
      vertex -23.332665023314508 16.33165354742742 1.4
    endloop
  endfacet
  facet normal -0.6905733314237503 -0.17297961457752564 0.7022724021823112
    outer loop
      vertex -23.332665023314508 16.33165354742742 1.4
      vertex -21.78278211107237 16.63994442666278 3
      vertex -23.373201429255246 16.493483951332585 1.4
    endloop
  endfacet
  facet normal -0.6702930649238562 -0.2398346935872037 0.7022724021823122
    outer loop
      vertex -23.373201429255246 16.493483951332585 1.4
      vertex -21.860999417233977 16.95220541662359 3
      vertex -23.429404794730814 16.650561835020653 1.4
    endloop
  endfacet
  facet normal -0.6435575097892845 -0.3043800333906625 0.7022724021823115
    outer loop
      vertex -23.500733850607798 16.801374452604197 1.4
      vertex -23.429404794730814 16.650561835020653 1.4
      vertex -21.969447014959893 17.25529614789388 3
    endloop
  endfacet
  facet normal -0.610624144031121 -0.36599402708151646 0.7022724021823121
    outer loop
      vertex -23.500733850607798 16.801374452604197 1.4
      vertex -22.10708049460052 17.54629769104528 3
      vertex -23.586501659085673 16.944469396133325 1.4
    endloop
  endfacet
  facet normal -0.5718101339648218 -0.4240832982188969 0.7022724021823117
    outer loop
      vertex -23.685882229283347 17.078468583078198 1.4
      vertex -23.586501659085673 16.944469396133325 1.4
      vertex -22.272574370508814 17.82240754213961 3
    endloop
  endfacet
  facet normal -0.5274892797252322 -0.47808841536690616 0.702272402182313
    outer loop
      vertex -23.685882229283347 17.078468583078198 1.4
      vertex -22.464334846191612 18.08096661237384 3
      vertex -23.797918471982868 17.202081528017132 1.4
    endloop
  endfacet
  facet normal -0.4780884153669072 -0.5274892797252334 0.7022724021823115
    outer loop
      vertex -23.921531416921802 17.314117770716653 1.4
      vertex -23.797918471982868 17.202081528017132 1.4
      vertex -22.680515163441164 18.319484836558836 3
    endloop
  endfacet
  facet normal -0.3659940270815167 -0.6106241440311214 0.7022724021823117
    outer loop
      vertex -24.055530603866675 17.413498340914327 1.4
      vertex -23.17759245786039 18.727425629491186 3
      vertex -24.198625547395803 17.499266149392202 1.4
    endloop
  endfacet
  facet normal -0.4240832982188969 -0.5718101339648218 0.7022724021823117
    outer loop
      vertex -23.921531416921802 17.314117770716653 1.4
      vertex -22.919033387626165 18.535665153808385 3
      vertex -24.055530603866675 17.413498340914327 1.4
    endloop
  endfacet
  facet normal 0.5274892797252303 0.4780884153669104 0.7022724021823116
    outer loop
      vertex -26.202081528017132 14.79791847198287 1.4
      vertex -27.535665153808385 13.919033387626166 3
      vertex -27.319484836558836 13.680515163441166 3
    endloop
  endfacet
  facet normal 0.5718101339648237 0.4240832982188949 0.7022724021823115
    outer loop
      vertex -26.314117770716653 14.921531416921802 1.4
      vertex -27.727425629491186 14.177592457860392 3
      vertex -27.535665153808385 13.919033387626166 3
    endloop
  endfacet
  facet normal 0.424083298218899 0.5718101339648198 0.7022724021823121
    outer loop
      vertex -25.944469396133325 14.586501659085673 1.4
      vertex -27.080966612373835 13.464334846191615 3
      vertex -26.82240754213961 13.272574370508812 3
    endloop
  endfacet
  facet normal 0.3659940270815177 0.6106241440311209 0.7022724021823117
    outer loop
      vertex -25.801374452604197 14.500733850607796 1.4
      vertex -26.82240754213961 13.272574370508812 3
      vertex -26.54629769104528 13.10708049460052 3
    endloop
  endfacet
  facet normal 0.3043800333906654 0.6435575097892826 0.7022724021823118
    outer loop
      vertex -25.650561835020653 14.429404794730813 1.4
      vertex -26.54629769104528 13.10708049460052 3
      vertex -26.25529614789388 12.96944701495989 3
    endloop
  endfacet
  facet normal 0.47808841536691243 0.5274892797252282 0.7022724021823118
    outer loop
      vertex -26.078468583078198 14.685882229283347 1.4
      vertex -27.319484836558836 13.680515163441166 3
      vertex -27.080966612373835 13.464334846191615 3
    endloop
  endfacet
  facet normal 0.6702930649238551 0.23983469358720788 0.7022724021823117
    outer loop
      vertex -26.570595205269186 15.349438164979347 1.4
      vertex -28.139000582766023 15.047794583376414 3
      vertex -28.030552985040107 14.744703852106118 3
    endloop
  endfacet
  facet normal 0.6106241440311172 0.3659940270815235 0.7022724021823118
    outer loop
      vertex -26.413498340914327 15.055530603866677 1.4
      vertex -27.89291950539948 14.453702308954721 3
      vertex -27.727425629491186 14.177592457860392 3
    endloop
  endfacet
  facet normal 0.6435575097892848 0.3043800333906609 0.7022724021823117
    outer loop
      vertex -26.499266149392202 15.198625547395803 1.4
      vertex -28.030552985040107 14.744703852106118 3
      vertex -27.89291950539948 14.453702308954721 3
    endloop
  endfacet
  facet normal 0.690573331423752 0.17297961457751548 0.702272402182312
    outer loop
      vertex -26.626798570744754 15.506516048667415 1.4
      vertex -28.21721788892763 15.360055573337219 3
      vertex -28.139000582766023 15.047794583376414 3
    endloop
  endfacet
  facet normal 0.7042029992362514 0.104458647319184 0.7022724021823116
    outer loop
      vertex -26.667334976685492 15.668346452572582 1.4
      vertex -28.264451628108677 15.678479577955997 3
      vertex -28.21721788892763 15.360055573337219 3
    endloop
  endfacet
  facet normal 0.23983469358720325 0.6702930649238568 0.7022724021823118
    outer loop
      vertex -25.493483951332585 14.373201429255245 1.4
      vertex -26.25529614789388 12.96944701495989 3
      vertex -25.95220541662359 12.860999417233977 3
    endloop
  endfacet
  facet normal 0.17297961457751776 0.6905733314237518 0.7022724021823117
    outer loop
      vertex -25.33165354742742 14.332665023314508 1.4
      vertex -25.95220541662359 12.860999417233977 3
      vertex -25.63994442666278 12.782782111072367 3
    endloop
  endfacet
  facet normal 0.10445864731917671 0.7042029992362522 0.7022724021823119
    outer loop
      vertex -25.166629138560253 14.308185964657266 1.4
      vertex -25.63994442666278 12.782782111072367 3
      vertex -25.321520422044003 12.735548371891324 3
    endloop
  endfacet
  facet normal 0.03493168618424656 0.7110508072095905 0.7022724021823122
    outer loop
      vertex -25 14.3 1.4
      vertex -25.321520422044003 12.735548371891324 3
      vertex -25 12.719753086419752 3
    endloop
  endfacet
  facet normal -0.03493168618424595 0.7110508072095906 0.7022724021823121
    outer loop
      vertex -24.833370861439747 14.308185964657266 1.4
      vertex -25 12.719753086419752 3
      vertex -24.678479577955997 12.735548371891324 3
    endloop
  endfacet
  facet normal -0.10445864731917674 0.7042029992362523 0.7022724021823117
    outer loop
      vertex -24.66834645257258 14.332665023314508 1.4
      vertex -24.678479577955997 12.735548371891324 3
      vertex -24.36005557333722 12.782782111072367 3
    endloop
  endfacet
  facet normal -0.17297961457751776 0.6905733314237517 0.7022724021823119
    outer loop
      vertex -24.506516048667415 14.373201429255245 1.4
      vertex -24.36005557333722 12.782782111072367 3
      vertex -24.04779458337641 12.860999417233977 3
    endloop
  endfacet
  facet normal -0.23983469358720383 0.6702930649238567 0.7022724021823117
    outer loop
      vertex -24.349438164979347 14.429404794730813 1.4
      vertex -24.04779458337641 12.860999417233977 3
      vertex -23.74470385210612 12.96944701495989 3
    endloop
  endfacet
  facet normal 0.7110508072095907 0.034931686184238586 0.7022724021823122
    outer loop
      vertex -26.691814035342734 15.833370861439747 1.4
      vertex -28.280246913580246 16 3
      vertex -28.264451628108677 15.678479577955997 3
    endloop
  endfacet
  facet normal 0.711050807209591 -0.034931686184237996 0.702272402182312
    outer loop
      vertex -26.7 16 1.4
      vertex -28.264451628108677 16.321520422044003 3
      vertex -28.280246913580246 16 3
    endloop
  endfacet
  facet normal 0.704202999236251 -0.10445864731918389 0.7022724021823121
    outer loop
      vertex -26.691814035342734 16.166629138560253 1.4
      vertex -28.21721788892763 16.63994442666278 3
      vertex -28.264451628108677 16.321520422044003 3
    endloop
  endfacet
  facet normal 0.6905733314237529 -0.17297961457751374 0.7022724021823114
    outer loop
      vertex -26.667334976685492 16.33165354742742 1.4
      vertex -28.139000582766023 16.95220541662359 3
      vertex -28.21721788892763 16.63994442666278 3
    endloop
  endfacet
  facet normal 0.670293064923854 -0.23983469358721085 0.7022724021823118
    outer loop
      vertex -26.626798570744754 16.493483951332585 1.4
      vertex -28.030552985040107 17.25529614789388 3
      vertex -28.139000582766023 16.95220541662359 3
    endloop
  endfacet
  facet normal 0.6435575097892857 -0.30438003339065944 0.7022724021823116
    outer loop
      vertex -26.570595205269186 16.650561835020653 1.4
      vertex -27.89291950539948 17.54629769104528 3
      vertex -28.030552985040107 17.25529614789388 3
    endloop
  endfacet
  facet normal 0.610624144031119 -0.3659940270815202 0.7022724021823118
    outer loop
      vertex -26.499266149392202 16.801374452604197 1.4
      vertex -27.727425629491186 17.82240754213961 3
      vertex -27.89291950539948 17.54629769104528 3
    endloop
  endfacet
  facet normal 0.5718101339648218 -0.4240832982188968 0.7022724021823118
    outer loop
      vertex -26.413498340914327 16.944469396133325 1.4
      vertex -27.535665153808385 18.080966612373835 3
      vertex -27.727425629491186 17.82240754213961 3
    endloop
  endfacet
  facet normal 0.5274892797252301 -0.47808841536691016 0.7022724021823118
    outer loop
      vertex -26.314117770716653 17.078468583078198 1.4
      vertex -27.319484836558836 18.319484836558836 3
      vertex -27.535665153808385 18.080966612373835 3
    endloop
  endfacet
  facet normal 0.4780884153669104 -0.5274892797252303 0.7022724021823116
    outer loop
      vertex -26.202081528017132 17.202081528017132 1.4
      vertex -27.080966612373835 18.535665153808385 3
      vertex -27.319484836558836 18.319484836558836 3
    endloop
  endfacet
  facet normal 0.42408329821889285 -0.5718101339648248 0.7022724021823117
    outer loop
      vertex -26.078468583078198 17.314117770716653 1.4
      vertex -26.822407542139608 18.727425629491186 3
      vertex -27.080966612373835 18.535665153808385 3
    endloop
  endfacet
  facet normal 0.3659940270815237 -0.6106241440311173 0.7022724021823117
    outer loop
      vertex -25.944469396133325 17.413498340914327 1.4
      vertex -26.54629769104528 18.89291950539948 3
      vertex -26.822407542139608 18.727425629491186 3
    endloop
  endfacet
  facet normal 0.3043800333906659 -0.6435575097892825 0.7022724021823119
    outer loop
      vertex -25.801374452604197 17.499266149392202 1.4
      vertex -26.25529614789388 19.03055298504011 3
      vertex -26.54629769104528 18.89291950539948 3
    endloop
  endfacet
  facet normal 0.2398346935872031 -0.6702930649238563 0.7022724021823121
    outer loop
      vertex -25.650561835020653 17.570595205269186 1.4
      vertex -25.95220541662359 19.139000582766023 3
      vertex -26.25529614789388 19.03055298504011 3
    endloop
  endfacet
  facet normal 0.17297961457751362 -0.6905733314237523 0.702272402182312
    outer loop
      vertex -25.493483951332585 17.626798570744754 1.4
      vertex -25.63994442666278 19.21721788892763 3
      vertex -25.95220541662359 19.139000582766023 3
    endloop
  endfacet
  facet normal 0.1044586473191846 -0.7042029992362514 0.7022724021823116
    outer loop
      vertex -25.33165354742742 17.667334976685492 1.4
      vertex -25.321520422044003 19.264451628108677 3
      vertex -25.63994442666278 19.21721788892763 3
    endloop
  endfacet
  facet normal 0.034931686184238586 -0.7110508072095907 0.7022724021823122
    outer loop
      vertex -25.166629138560253 17.691814035342734 1.4
      vertex -25 19.280246913580246 3
      vertex -25.321520422044003 19.264451628108677 3
    endloop
  endfacet
  facet normal -0.034931686184237996 -0.711050807209591 0.702272402182312
    outer loop
      vertex -25 17.7 1.4
      vertex -24.678479577955997 19.264451628108677 3
      vertex -25 19.280246913580246 3
    endloop
  endfacet
  facet normal -0.10445864731918389 -0.704202999236251 0.7022724021823121
    outer loop
      vertex -24.833370861439747 17.691814035342734 1.4
      vertex -24.36005557333722 19.21721788892763 3
      vertex -24.678479577955997 19.264451628108677 3
    endloop
  endfacet
  facet normal -0.17297961457751374 -0.6905733314237529 0.7022724021823114
    outer loop
      vertex -24.66834645257258 17.667334976685492 1.4
      vertex -24.04779458337641 19.139000582766023 3
      vertex -24.36005557333722 19.21721788892763 3
    endloop
  endfacet
  facet normal -0.23983469358721085 -0.670293064923854 0.7022724021823118
    outer loop
      vertex -24.506516048667415 17.626798570744754 1.4
      vertex -23.74470385210612 19.030552985040107 3
      vertex -24.04779458337641 19.139000582766023 3
    endloop
  endfacet
  facet normal -0.30438003339066544 0.6435575097892828 0.7022724021823116
    outer loop
      vertex -24.198625547395803 14.500733850607796 1.4
      vertex -23.74470385210612 12.96944701495989 3
      vertex -23.45370230895472 13.10708049460052 3
    endloop
  endfacet
  facet normal -0.36599402708151724 0.6106241440311208 0.7022724021823119
    outer loop
      vertex -24.055530603866675 14.586501659085673 1.4
      vertex -23.45370230895472 13.10708049460052 3
      vertex -23.17759245786039 13.272574370508812 3
    endloop
  endfacet
  facet normal -0.42408329821889934 0.5718101339648198 0.7022724021823118
    outer loop
      vertex -23.921531416921802 14.685882229283347 1.4
      vertex -23.17759245786039 13.272574370508812 3
      vertex -22.919033387626165 13.464334846191615 3
    endloop
  endfacet
  facet normal -0.47808841536691277 0.5274892797252282 0.7022724021823115
    outer loop
      vertex -23.797918471982868 14.79791847198287 1.4
      vertex -22.919033387626165 13.464334846191615 3
      vertex -22.680515163441164 13.680515163441166 3
    endloop
  endfacet
  facet normal -0.5274892797252303 0.4780884153669104 0.7022724021823116
    outer loop
      vertex -23.685882229283347 14.921531416921802 1.4
      vertex -22.680515163441164 13.680515163441166 3
      vertex -22.464334846191615 13.919033387626166 3
    endloop
  endfacet
  facet normal -0.5718101339648234 0.424083298218895 0.7022724021823116
    outer loop
      vertex -23.586501659085673 15.055530603866677 1.4
      vertex -22.464334846191615 13.919033387626166 3
      vertex -22.272574370508814 14.177592457860392 3
    endloop
  endfacet
  facet normal -0.6106241440311171 0.3659940270815237 0.7022724021823118
    outer loop
      vertex -23.500733850607798 15.198625547395803 1.4
      vertex -22.272574370508814 14.177592457860392 3
      vertex -22.10708049460052 14.453702308954721 3
    endloop
  endfacet
  facet normal -0.6435575097892849 0.3043800333906609 0.7022724021823116
    outer loop
      vertex -23.429404794730814 15.349438164979347 1.4
      vertex -22.10708049460052 14.453702308954721 3
      vertex -21.969447014959893 14.744703852106118 3
    endloop
  endfacet
  facet normal -0.670293064923855 0.23983469358720835 0.7022724021823117
    outer loop
      vertex -23.373201429255246 15.506516048667415 1.4
      vertex -21.969447014959893 14.744703852106118 3
      vertex -21.860999417233977 15.047794583376414 3
    endloop
  endfacet
  facet normal -0.6905733314237525 0.17297961457751562 0.7022724021823115
    outer loop
      vertex -23.332665023314508 15.668346452572582 1.4
      vertex -21.860999417233977 15.047794583376414 3
      vertex -21.78278211107237 15.360055573337219 3
    endloop
  endfacet
  facet normal -0.704202999236251 0.10445864731918333 0.7022724021823123
    outer loop
      vertex -23.308185964657266 15.833370861439747 1.4
      vertex -21.78278211107237 15.360055573337219 3
      vertex -21.735548371891323 15.678479577955997 3
    endloop
  endfacet
  facet normal -0.711050807209591 0.034931686184237996 0.702272402182312
    outer loop
      vertex -23.3 16 1.4
      vertex -21.735548371891323 15.678479577955997 3
      vertex -21.719753086419754 16 3
    endloop
  endfacet
  facet normal -0.7110508072095907 -0.034931686184238586 0.7022724021823122
    outer loop
      vertex -23.308185964657266 16.166629138560253 1.4
      vertex -21.719753086419754 16 3
      vertex -21.735548371891323 16.321520422044003 3
    endloop
  endfacet
  facet normal -0.7042029992362514 -0.1044586473191846 0.7022724021823116
    outer loop
      vertex -23.332665023314508 16.33165354742742 1.4
      vertex -21.735548371891323 16.321520422044003 3
      vertex -21.78278211107237 16.63994442666278 3
    endloop
  endfacet
  facet normal -0.6905733314237523 -0.17297961457751362 0.702272402182312
    outer loop
      vertex -23.373201429255246 16.493483951332585 1.4
      vertex -21.78278211107237 16.63994442666278 3
      vertex -21.860999417233977 16.95220541662359 3
    endloop
  endfacet
  facet normal -0.6702930649238543 -0.23983469358721038 0.7022724021823117
    outer loop
      vertex -23.429404794730814 16.650561835020653 1.4
      vertex -21.860999417233977 16.95220541662359 3
      vertex -21.969447014959893 17.25529614789388 3
    endloop
  endfacet
  facet normal -0.3659940270815202 -0.610624144031119 0.7022724021823118
    outer loop
      vertex -24.198625547395803 17.499266149392202 1.4
      vertex -23.17759245786039 18.727425629491186 3
      vertex -23.45370230895472 18.89291950539948 3
    endloop
  endfacet
  facet normal -0.4240832982188968 -0.5718101339648218 0.7022724021823118
    outer loop
      vertex -24.055530603866675 17.413498340914327 1.4
      vertex -22.919033387626165 18.535665153808385 3
      vertex -23.17759245786039 18.727425629491186 3
    endloop
  endfacet
  facet normal -0.47808841536691016 -0.5274892797252301 0.7022724021823118
    outer loop
      vertex -23.921531416921802 17.314117770716653 1.4
      vertex -22.680515163441164 18.319484836558836 3
      vertex -22.919033387626165 18.535665153808385 3
    endloop
  endfacet
  facet normal -0.6435575097892857 -0.30438003339065944 0.7022724021823118
    outer loop
      vertex -23.500733850607798 16.801374452604197 1.4
      vertex -21.969447014959893 17.25529614789388 3
      vertex -22.10708049460052 17.54629769104528 3
    endloop
  endfacet
  facet normal -0.571810133964828 -0.4240832982188872 0.7022724021823127
    outer loop
      vertex -23.685882229283347 17.078468583078198 1.4
      vertex -22.272574370508814 17.82240754213961 3
      vertex -22.464334846191612 18.08096661237384 3
    endloop
  endfacet
  facet normal -0.6106241440311192 -0.36599402708152007 0.7022724021823117
    outer loop
      vertex -23.586501659085673 16.944469396133325 1.4
      vertex -22.10708049460052 17.54629769104528 3
      vertex -22.272574370508814 17.82240754213961 3
    endloop
  endfacet
  facet normal -0.5274892797252225 -0.47808841536691854 0.7022724021823119
    outer loop
      vertex -23.797918471982868 17.202081528017132 1.4
      vertex -22.464334846191612 18.08096661237384 3
      vertex -22.680515163441164 18.319484836558836 3
    endloop
  endfacet
  facet normal -0.30438003339065944 -0.6435575097892857 0.7022724021823116
    outer loop
      vertex -24.349438164979347 17.570595205269186 1.4
      vertex -23.45370230895472 18.89291950539948 3
      vertex -23.74470385210612 19.030552985040107 3
    endloop
  endfacet
  facet normal 0 0 -1
    outer loop
      vertex -31.94235584139824 -18.58527096360922 0
      vertex -31.985554181039333 -18.29405142366886 0
      vertex -26.667334976685492 -15.668346452572582 0
    endloop
  endfacet
  facet normal 0 0 -1
    outer loop
      vertex -31.985554181039333 -18.29405142366886 0
      vertex -32 -18 0
      vertex -26.499266149392202 -15.198625547395803 0
    endloop
  endfacet
  facet normal 0 0 -1
    outer loop
      vertex -31.94235584139824 -18.58527096360922 0
      vertex -26.499266149392202 -16.801374452604197 0
      vertex -26.413498340914327 -16.944469396133325 0
    endloop
  endfacet
  facet normal 0 0 -1
    outer loop
      vertex -31.94235584139824 -18.58527096360922 0
      vertex -26.314117770716653 -17.078468583078198 0
      vertex -26.202081528017132 -17.202081528017132 0
    endloop
  endfacet
  facet normal 0 0 -1
    outer loop
      vertex -31.94235584139824 -18.58527096360922 0
      vertex -26.202081528017132 -17.202081528017132 0
      vertex -26.078468583078198 -17.314117770716653 0
    endloop
  endfacet
  facet normal 0 0 -1
    outer loop
      vertex -31.94235584139824 -18.58527096360922 0
      vertex -26.413498340914327 -16.944469396133325 0
      vertex -26.314117770716653 -17.078468583078198 0
    endloop
  endfacet
  facet normal 0 0 -1
    outer loop
      vertex -31.94235584139824 -18.58527096360922 0
      vertex -26.626798570744754 -16.493483951332585 0
      vertex -26.570595205269186 -16.650561835020653 0
    endloop
  endfacet
  facet normal 0 0 -1
    outer loop
      vertex -31.94235584139824 -18.58527096360922 0
      vertex -26.570595205269186 -16.650561835020653 0
      vertex -26.499266149392202 -16.801374452604197 0
    endloop
  endfacet
  facet normal 0 0 -1
    outer loop
      vertex -31.94235584139824 -18.58527096360922 0
      vertex -26.667334976685492 -16.33165354742742 0
      vertex -26.626798570744754 -16.493483951332585 0
    endloop
  endfacet
  facet normal 0 0 -1
    outer loop
      vertex -31.94235584139824 -18.58527096360922 0
      vertex -26.691814035342734 -16.166629138560253 0
      vertex -26.667334976685492 -16.33165354742742 0
    endloop
  endfacet
  facet normal 0 0 -1
    outer loop
      vertex -31.94235584139824 -18.58527096360922 0
      vertex -26.7 -16 0
      vertex -26.691814035342734 -16.166629138560253 0
    endloop
  endfacet
  facet normal 0 0 -1
    outer loop
      vertex -31.94235584139824 -18.58527096360922 0
      vertex -26.691814035342734 -15.833370861439747 0
      vertex -26.7 -16 0
    endloop
  endfacet
  facet normal 0 0 -1
    outer loop
      vertex -31.94235584139824 -18.58527096360922 0
      vertex -26.667334976685492 -15.668346452572582 0
      vertex -26.691814035342734 -15.833370861439747 0
    endloop
  endfacet
  facet normal 0 0 -1
    outer loop
      vertex -31.985554181039333 -18.29405142366886 0
      vertex -26.626798570744754 -15.506516048667415 0
      vertex -26.667334976685492 -15.668346452572582 0
    endloop
  endfacet
  facet normal 0 0 -1
    outer loop
      vertex -31.985554181039333 -18.29405142366886 0
      vertex -26.570595205269186 -15.349438164979347 0
      vertex -26.626798570744754 -15.506516048667415 0
    endloop
  endfacet
  facet normal 0 0 -1
    outer loop
      vertex -31.985554181039333 -18.29405142366886 0
      vertex -26.499266149392202 -15.198625547395803 0
      vertex -26.570595205269186 -15.349438164979347 0
    endloop
  endfacet
  facet normal 0 0 -1
    outer loop
      vertex -32 -18 0
      vertex -26.413498340914327 -15.055530603866677 0
      vertex -26.499266149392202 -15.198625547395803 0
    endloop
  endfacet
  facet normal 0 0 -1
    outer loop
      vertex -32 -18 0
      vertex -26.314117770716653 -14.921531416921802 0
      vertex -26.413498340914327 -15.055530603866677 0
    endloop
  endfacet
  facet normal 0 0 -1
    outer loop
      vertex -32 -18 0
      vertex -26.202081528017132 -14.79791847198287 0
      vertex -26.314117770716653 -14.921531416921802 0
    endloop
  endfacet
  facet normal 0 0 -1
    outer loop
      vertex -32 -18 0
      vertex -26.078468583078198 -14.685882229283347 0
      vertex -26.202081528017132 -14.79791847198287 0
    endloop
  endfacet
  facet normal 0 0 -1
    outer loop
      vertex -32 -18 0
      vertex -25.944469396133325 -14.586501659085673 0
      vertex -26.078468583078198 -14.685882229283347 0
    endloop
  endfacet
  facet normal 0 0 -1
    outer loop
      vertex -31.94235584139824 -18.58527096360922 0
      vertex -25.801374452604197 -17.499266149392202 0
      vertex -25.650561835020653 -17.570595205269186 0
    endloop
  endfacet
  facet normal 0 0 -1
    outer loop
      vertex -31.94235584139824 -18.58527096360922 0
      vertex -25.944469396133325 -17.413498340914327 0
      vertex -25.801374452604197 -17.499266149392202 0
    endloop
  endfacet
  facet normal 0 0 -1
    outer loop
      vertex -31.94235584139824 -18.58527096360922 0
      vertex -26.078468583078198 -17.314117770716653 0
      vertex -25.944469396133325 -17.413498340914327 0
    endloop
  endfacet
  facet normal 0 0 -1
    outer loop
      vertex -31.94235584139824 -18.58527096360922 0
      vertex -25.650561835020653 -17.570595205269186 0
      vertex -25.493483951332585 -17.626798570744754 0
    endloop
  endfacet
  facet normal 0 0 -1
    outer loop
      vertex -31.94235584139824 -18.58527096360922 0
      vertex -25.493483951332585 -17.626798570744754 0
      vertex -25.33165354742742 -17.667334976685492 0
    endloop
  endfacet
  facet normal 0 0 -1
    outer loop
      vertex -31.94235584139824 -18.58527096360922 0
      vertex -25.33165354742742 -17.667334976685492 0
      vertex -25.166629138560253 -17.691814035342734 0
    endloop
  endfacet
  facet normal 0 0 -1
    outer loop
      vertex -31.94235584139824 -18.58527096360922 0
      vertex -25.166629138560253 -17.691814035342734 0
      vertex -25 -17.7 0
    endloop
  endfacet
  facet normal 0 0 -1
    outer loop
      vertex -32 -18 0
      vertex -25.801374452604197 -14.500733850607796 0
      vertex -25.944469396133325 -14.586501659085673 0
    endloop
  endfacet
  facet normal -0.6715589499566086 -0.7409511297873682 0
    outer loop
      vertex -31.121320344507694 -20.121320344507694 0
      vertex -30.903179854154587 -20.319031357765198 0
      vertex -31.121320344507694 -20.121320344507694 3
    endloop
  endfacet
  facet normal -0.7409511297873682 -0.6715589499566086 0
    outer loop
      vertex -31.121320344507694 -20.121320344507694 0
      vertex -31.319031357765198 -19.903179854154587 3
      vertex -31.319031357765198 -19.903179854154587 0
    endloop
  endfacet
  facet normal -0.8032075295459704 -0.59569930710104 0
    outer loop
      vertex -31.319031357765198 -19.903179854154587 0
      vertex -31.49440883845091 -19.666710697114468 3
      vertex -31.49440883845091 -19.666710697114468 0
    endloop
  endfacet
  facet normal -0.59569930710104 -0.8032075295459704 0
    outer loop
      vertex -30.666710697114468 -20.49440883845091 0
      vertex -30.903179854154587 -20.319031357765198 3
      vertex -30.903179854154587 -20.319031357765198 0
    endloop
  endfacet
  facet normal -0.5141027407673995 -0.8577286120536309 0
    outer loop
      vertex -30.666710697114468 -20.49440883845091 0
      vertex -30.414190210402012 -20.64576379209757 0
      vertex -30.666710697114468 -20.49440883845091 3
    endloop
  endfacet
  facet normal -0.42755509276037695 -0.9039892934402849 0
    outer loop
      vertex -30.14805030077696 -20.771638594567776 0
      vertex -30.414190210402012 -20.64576379209757 3
      vertex -30.414190210402012 -20.64576379209757 0
    endloop
  endfacet
  facet normal -0.3368898600571534 -0.9415440627982695 0
    outer loop
      vertex -30.14805030077696 -20.771638594567776 0
      vertex -29.870854035019875 -20.87082100659609 0
      vertex -30.14805030077696 -20.771638594567776 3
    endloop
  endfacet
  facet normal -0.8577286120536309 -0.5141027407673995 0
    outer loop
      vertex -31.64576379209757 -19.414190210402012 0
      vertex -31.49440883845091 -19.666710697114468 0
      vertex -31.64576379209757 -19.414190210402012 3
    endloop
  endfacet
  facet normal -0.9039892934402849 -0.42755509276037695 0
    outer loop
      vertex -31.64576379209757 -19.414190210402012 0
      vertex -31.771638594567776 -19.14805030077696 3
      vertex -31.771638594567776 -19.14805030077696 0
    endloop
  endfacet
  facet normal -0.9415440627982695 -0.3368898600571534 0
    outer loop
      vertex -31.771638594567776 -19.14805030077696 0
      vertex -31.87082100659609 -18.870854035019875 3
      vertex -31.87082100659609 -18.870854035019875 0
    endloop
  endfacet
  facet normal -0.9700312537050008 -0.2429801778654069 0
    outer loop
      vertex -31.87082100659609 -18.870854035019875 0
      vertex -31.94235584139824 -18.58527096360922 3
      vertex -31.94235584139824 -18.58527096360922 0
    endloop
  endfacet
  facet normal -0.9891765091791461 -0.14673047975168188 0
    outer loop
      vertex -31.94235584139824 -18.58527096360922 0
      vertex -31.985554181039333 -18.29405142366886 3
      vertex -31.985554181039333 -18.29405142366886 0
    endloop
  endfacet
  facet normal -0.2429801778654069 -0.9700312537050008 0
    outer loop
      vertex -29.870854035019875 -20.87082100659609 0
      vertex -29.58527096360922 -20.94235584139824 0
      vertex -29.870854035019875 -20.87082100659609 3
    endloop
  endfacet
  facet normal -0.14673047975168188 -0.9891765091791461 0
    outer loop
      vertex -29.58527096360922 -20.94235584139824 0
      vertex -29.29405142366886 -20.985554181039333 0
      vertex -29.58527096360922 -20.94235584139824 3
    endloop
  endfacet
  facet normal -0.0490676704157047 -0.9987954563973426 0
    outer loop
      vertex -29.29405142366886 -20.985554181039333 0
      vertex -29 -21 0
      vertex -29.29405142366886 -20.985554181039333 3
    endloop
  endfacet
  facet normal -0.9987954563973426 -0.0490676704157047 0
    outer loop
      vertex -31.985554181039333 -18.29405142366886 0
      vertex -32 -18 3
      vertex -32 -18 0
    endloop
  endfacet
  facet normal 0 0 -1
    outer loop
      vertex -30.666710697114468 -20.49440883845091 0
      vertex -30.903179854154587 -20.319031357765198 0
      vertex 31.319031357765198 -19.903179854154587 0
    endloop
  endfacet
  facet normal 0 0 -1
    outer loop
      vertex -31.121320344507694 -20.121320344507694 0
      vertex 31.49440883845091 -19.666710697114468 0
      vertex -30.903179854154587 -20.319031357765198 0
    endloop
  endfacet
  facet normal 0 0 -1
    outer loop
      vertex -31.121320344507694 -20.121320344507694 0
      vertex -31.319031357765198 -19.903179854154587 0
      vertex 31.64576379209757 -19.414190210402012 0
    endloop
  endfacet
  facet normal 0 0 -1
    outer loop
      vertex -31.319031357765198 -19.903179854154587 0
      vertex -31.49440883845091 -19.666710697114468 0
      vertex 31.771638594567776 -19.14805030077696 0
    endloop
  endfacet
  facet normal 0 0 -1
    outer loop
      vertex -31.64576379209757 -19.414190210402012 0
      vertex 31.87082100659609 -18.870854035019875 0
      vertex -31.49440883845091 -19.666710697114468 0
    endloop
  endfacet
  facet normal 0 0 -1
    outer loop
      vertex -31.64576379209757 -19.414190210402012 0
      vertex -31.771638594567776 -19.14805030077696 0
      vertex 31.94235584139824 -18.58527096360922 0
    endloop
  endfacet
  facet normal 0 0 -1
    outer loop
      vertex -31.771638594567776 -19.14805030077696 0
      vertex -31.87082100659609 -18.870854035019875 0
      vertex 31.985554181039333 -18.29405142366886 0
    endloop
  endfacet
  facet normal 0 0 -1
    outer loop
      vertex -31.87082100659609 -18.870854035019875 0
      vertex -31.94235584139824 -18.58527096360922 0
      vertex 32 -18 0
    endloop
  endfacet
  facet normal 0 0 -1
    outer loop
      vertex -30.14805030077696 -20.771638594567776 0
      vertex 30.666710697114468 -20.49440883845091 0
      vertex -29.870854035019875 -20.87082100659609 0
    endloop
  endfacet
  facet normal 0 0 -1
    outer loop
      vertex -29.58527096360922 -20.94235584139824 0
      vertex 30.14805030077696 -20.771638594567776 0
      vertex -29.29405142366886 -20.985554181039333 0
    endloop
  endfacet
  facet normal 0 0 -1
    outer loop
      vertex -29.870854035019875 -20.87082100659609 0
      vertex 30.414190210402012 -20.64576379209757 0
      vertex -29.58527096360922 -20.94235584139824 0
    endloop
  endfacet
  facet normal 0 0 -1
    outer loop
      vertex -30.14805030077696 -20.771638594567776 0
      vertex -30.414190210402012 -20.64576379209757 0
      vertex 30.903179854154587 -20.319031357765198 0
    endloop
  endfacet
  facet normal 0 0 -1
    outer loop
      vertex -30.666710697114468 -20.49440883845091 0
      vertex 31.121320344507694 -20.121320344507694 0
      vertex -30.414190210402012 -20.64576379209757 0
    endloop
  endfacet
  facet normal 0 0 -1
    outer loop
      vertex -29.29405142366886 -20.985554181039333 0
      vertex 29.870854035019875 -20.87082100659609 0
      vertex -29 -21 0
    endloop
  endfacet
  facet normal 0 0 -1
    outer loop
      vertex -31.94235584139824 -18.58527096360922 0
      vertex -25 -17.7 0
      vertex 32 -18 0
    endloop
  endfacet
  facet normal 0 0 -1
    outer loop
      vertex -24.506516048667415 -17.626798570744754 0
      vertex 24.66834645257258 -17.667334976685492 0
      vertex -24.66834645257258 -17.667334976685492 0
    endloop
  endfacet
  facet normal 0 0 -1
    outer loop
      vertex -24.349438164979347 -17.570595205269186 0
      vertex 24.506516048667415 -17.626798570744754 0
      vertex -24.506516048667415 -17.626798570744754 0
    endloop
  endfacet
  facet normal 0 0 -1
    outer loop
      vertex -24.198625547395803 -17.499266149392202 0
      vertex 24.349438164979347 -17.570595205269186 0
      vertex -24.349438164979347 -17.570595205269186 0
    endloop
  endfacet
  facet normal 0 0 -1
    outer loop
      vertex -24.055530603866675 -17.413498340914327 0
      vertex 24.198625547395803 -17.499266149392202 0
      vertex -24.198625547395803 -17.499266149392202 0
    endloop
  endfacet
  facet normal 0 0 -1
    outer loop
      vertex -23.921531416921802 -17.314117770716653 0
      vertex 24.055530603866675 -17.413498340914327 0
      vertex -24.055530603866675 -17.413498340914327 0
    endloop
  endfacet
  facet normal 0 0 -1
    outer loop
      vertex -23.797918471982868 -17.202081528017132 0
      vertex 23.921531416921802 -17.314117770716653 0
      vertex -23.921531416921802 -17.314117770716653 0
    endloop
  endfacet
  facet normal 0 0 -1
    outer loop
      vertex -23.685882229283347 -17.078468583078198 0
      vertex 23.797918471982868 -17.202081528017132 0
      vertex -23.797918471982868 -17.202081528017132 0
    endloop
  endfacet
  facet normal 0 0 -1
    outer loop
      vertex -23.586501659085673 -16.944469396133325 0
      vertex 23.685882229283347 -17.078468583078198 0
      vertex -23.685882229283347 -17.078468583078198 0
    endloop
  endfacet
  facet normal 0 0 -1
    outer loop
      vertex -23.500733850607798 -16.801374452604197 0
      vertex 23.586501659085673 -16.944469396133325 0
      vertex -23.586501659085673 -16.944469396133325 0
    endloop
  endfacet
  facet normal 0 0 -1
    outer loop
      vertex -23.429404794730814 -16.650561835020653 0
      vertex 23.500733850607798 -16.801374452604197 0
      vertex -23.500733850607798 -16.801374452604197 0
    endloop
  endfacet
  facet normal 0 0 -1
    outer loop
      vertex -23.373201429255246 -16.493483951332585 0
      vertex 23.429404794730814 -16.650561835020653 0
      vertex -23.429404794730814 -16.650561835020653 0
    endloop
  endfacet
  facet normal 0 0 -1
    outer loop
      vertex -23.332665023314508 -16.33165354742742 0
      vertex 23.373201429255246 -16.493483951332585 0
      vertex -23.373201429255246 -16.493483951332585 0
    endloop
  endfacet
  facet normal 0 0 -1
    outer loop
      vertex -23.308185964657266 -16.166629138560253 0
      vertex 23.332665023314508 -16.33165354742742 0
      vertex -23.332665023314508 -16.33165354742742 0
    endloop
  endfacet
  facet normal 0 0 -1
    outer loop
      vertex -23.3 -16 0
      vertex 23.308185964657266 -16.166629138560253 0
      vertex -23.308185964657266 -16.166629138560253 0
    endloop
  endfacet
  facet normal 0 0 -1
    outer loop
      vertex -23.308185964657266 -15.833370861439747 0
      vertex 23.3 -16 0
      vertex -23.3 -16 0
    endloop
  endfacet
  facet normal 0 0 -1
    outer loop
      vertex -23.332665023314508 -15.668346452572582 0
      vertex 23.308185964657266 -15.833370861439747 0
      vertex -23.308185964657266 -15.833370861439747 0
    endloop
  endfacet
  facet normal 0 0 -1
    outer loop
      vertex 32 -18 0
      vertex -25 -17.7 0
      vertex -24.833370861439747 -17.691814035342734 0
    endloop
  endfacet
  facet normal 0 0 -1
    outer loop
      vertex 32 -18 0
      vertex -24.833370861439747 -17.691814035342734 0
      vertex -24.66834645257258 -17.667334976685492 0
    endloop
  endfacet
  facet normal 0 0 -1
    outer loop
      vertex -23.373201429255246 -15.506516048667415 0
      vertex 23.332665023314508 -15.668346452572582 0
      vertex -23.332665023314508 -15.668346452572582 0
    endloop
  endfacet
  facet normal 0 0 -1
    outer loop
      vertex -23.429404794730814 -15.349438164979347 0
      vertex 23.373201429255246 -15.506516048667415 0
      vertex -23.373201429255246 -15.506516048667415 0
    endloop
  endfacet
  facet normal 0 -1 0
    outer loop
      vertex -29 -21 0
      vertex 29 -21 0
      vertex -29 -21 3
    endloop
  endfacet
  facet normal 0 0 -1
    outer loop
      vertex -32 -18 0
      vertex 25 14.3 0
      vertex -25.801374452604197 -14.500733850607796 0
    endloop
  endfacet
  facet normal 0 0 -1
    outer loop
      vertex 25 14.3 0
      vertex -25.650561835020653 -14.429404794730813 0
      vertex -25.801374452604197 -14.500733850607796 0
    endloop
  endfacet
  facet normal 0 0 -1
    outer loop
      vertex 25 14.3 0
      vertex -25.493483951332585 -14.373201429255245 0
      vertex -25.650561835020653 -14.429404794730813 0
    endloop
  endfacet
  facet normal 0 0 -1
    outer loop
      vertex 25 14.3 0
      vertex -25.33165354742742 -14.332665023314508 0
      vertex -25.493483951332585 -14.373201429255245 0
    endloop
  endfacet
  facet normal 0 0 -1
    outer loop
      vertex 25 14.3 0
      vertex -25.166629138560253 -14.308185964657266 0
      vertex -25.33165354742742 -14.332665023314508 0
    endloop
  endfacet
  facet normal 0 0 -1
    outer loop
      vertex -25.166629138560253 -14.308185964657266 0
      vertex 25.166629138560253 14.308185964657266 0
      vertex -25 -14.3 0
    endloop
  endfacet
  facet normal 0 0 -1
    outer loop
      vertex 32 18 0
      vertex -23.500733850607798 -15.198625547395803 0
      vertex -23.586501659085673 -15.055530603866677 0
    endloop
  endfacet
  facet normal 0 0 -1
    outer loop
      vertex 32 18 0
      vertex -23.586501659085673 -15.055530603866677 0
      vertex -23.685882229283347 -14.921531416921802 0
    endloop
  endfacet
  facet normal 0 0 -1
    outer loop
      vertex 32 18 0
      vertex -23.429404794730814 -15.349438164979347 0
      vertex -23.500733850607798 -15.198625547395803 0
    endloop
  endfacet
  facet normal 0 0 -1
    outer loop
      vertex 32 18 0
      vertex -24.198625547395803 -14.500733850607796 0
      vertex -24.349438164979347 -14.429404794730813 0
    endloop
  endfacet
  facet normal 0 0 -1
    outer loop
      vertex 32 18 0
      vertex -24.833370861439747 -14.308185964657266 0
      vertex -25 -14.3 0
    endloop
  endfacet
  facet normal 0 0 -1
    outer loop
      vertex 32 18 0
      vertex -24.66834645257258 -14.332665023314508 0
      vertex -24.833370861439747 -14.308185964657266 0
    endloop
  endfacet
  facet normal 0 0 -1
    outer loop
      vertex 32 18 0
      vertex -24.506516048667415 -14.373201429255245 0
      vertex -24.66834645257258 -14.332665023314508 0
    endloop
  endfacet
  facet normal 0 0 -1
    outer loop
      vertex 32 18 0
      vertex -24.349438164979347 -14.429404794730813 0
      vertex -24.506516048667415 -14.373201429255245 0
    endloop
  endfacet
  facet normal 0 0 -1
    outer loop
      vertex 32 18 0
      vertex -24.055530603866675 -14.586501659085673 0
      vertex -24.198625547395803 -14.500733850607796 0
    endloop
  endfacet
  facet normal 0 0 -1
    outer loop
      vertex 32 18 0
      vertex -23.921531416921802 -14.685882229283347 0
      vertex -24.055530603866675 -14.586501659085673 0
    endloop
  endfacet
  facet normal 0 0 -1
    outer loop
      vertex 32 18 0
      vertex -23.685882229283347 -14.921531416921802 0
      vertex -23.797918471982868 -14.79791847198287 0
    endloop
  endfacet
  facet normal 0 0 -1
    outer loop
      vertex 32 18 0
      vertex -23.797918471982868 -14.79791847198287 0
      vertex -23.921531416921802 -14.685882229283347 0
    endloop
  endfacet
  facet normal -0.7409511297873682 -0.6715589499566086 0
    outer loop
      vertex -31.121320344507694 -20.121320344507694 0
      vertex -31.121320344507694 -20.121320344507694 3
      vertex -31.319031357765198 -19.903179854154587 3
    endloop
  endfacet
  facet normal -0.8032075295459704 -0.59569930710104 0
    outer loop
      vertex -31.319031357765198 -19.903179854154587 0
      vertex -31.319031357765198 -19.903179854154587 3
      vertex -31.49440883845091 -19.666710697114468 3
    endloop
  endfacet
  facet normal -0.59569930710104 -0.8032075295459704 0
    outer loop
      vertex -30.666710697114468 -20.49440883845091 0
      vertex -30.666710697114468 -20.49440883845091 3
      vertex -30.903179854154587 -20.319031357765198 3
    endloop
  endfacet
  facet normal -0.42755509276037695 -0.9039892934402849 0
    outer loop
      vertex -30.14805030077696 -20.771638594567776 0
      vertex -30.14805030077696 -20.771638594567776 3
      vertex -30.414190210402012 -20.64576379209757 3
    endloop
  endfacet
  facet normal -0.5141027407673995 -0.8577286120536309 0
    outer loop
      vertex -30.414190210402012 -20.64576379209757 0
      vertex -30.414190210402012 -20.64576379209757 3
      vertex -30.666710697114468 -20.49440883845091 3
    endloop
  endfacet
  facet normal -0.6715589499566086 -0.7409511297873682 0
    outer loop
      vertex -30.903179854154587 -20.319031357765198 0
      vertex -30.903179854154587 -20.319031357765198 3
      vertex -31.121320344507694 -20.121320344507694 3
    endloop
  endfacet
  facet normal -0.8577286120536309 -0.5141027407673995 0
    outer loop
      vertex -31.49440883845091 -19.666710697114468 0
      vertex -31.49440883845091 -19.666710697114468 3
      vertex -31.64576379209757 -19.414190210402012 3
    endloop
  endfacet
  facet normal -0.9415440627982695 -0.3368898600571534 0
    outer loop
      vertex -31.771638594567776 -19.14805030077696 0
      vertex -31.771638594567776 -19.14805030077696 3
      vertex -31.87082100659609 -18.870854035019875 3
    endloop
  endfacet
  facet normal -0.9039892934402849 -0.42755509276037695 0
    outer loop
      vertex -31.64576379209757 -19.414190210402012 0
      vertex -31.64576379209757 -19.414190210402012 3
      vertex -31.771638594567776 -19.14805030077696 3
    endloop
  endfacet
  facet normal -0.9700312537050008 -0.2429801778654069 0
    outer loop
      vertex -31.87082100659609 -18.870854035019875 0
      vertex -31.87082100659609 -18.870854035019875 3
      vertex -31.94235584139824 -18.58527096360922 3
    endloop
  endfacet
  facet normal -0.9891765091791461 -0.14673047975168188 0
    outer loop
      vertex -31.94235584139824 -18.58527096360922 0
      vertex -31.94235584139824 -18.58527096360922 3
      vertex -31.985554181039333 -18.29405142366886 3
    endloop
  endfacet
  facet normal -0.3368898600571534 -0.9415440627982695 0
    outer loop
      vertex -29.870854035019875 -20.87082100659609 0
      vertex -29.870854035019875 -20.87082100659609 3
      vertex -30.14805030077696 -20.771638594567776 3
    endloop
  endfacet
  facet normal -0.2429801778654069 -0.9700312537050008 0
    outer loop
      vertex -29.58527096360922 -20.94235584139824 0
      vertex -29.58527096360922 -20.94235584139824 3
      vertex -29.870854035019875 -20.87082100659609 3
    endloop
  endfacet
  facet normal -0.14673047975168188 -0.9891765091791461 0
    outer loop
      vertex -29.29405142366886 -20.985554181039333 0
      vertex -29.29405142366886 -20.985554181039333 3
      vertex -29.58527096360922 -20.94235584139824 3
    endloop
  endfacet
  facet normal -0.0490676704157047 -0.9987954563973426 0
    outer loop
      vertex -29 -21 0
      vertex -29 -21 3
      vertex -29.29405142366886 -20.985554181039333 3
    endloop
  endfacet
  facet normal -0.9987954563973426 -0.0490676704157047 0
    outer loop
      vertex -31.985554181039333 -18.29405142366886 0
      vertex -31.985554181039333 -18.29405142366886 3
      vertex -32 -18 3
    endloop
  endfacet
  facet normal 0 0 1
    outer loop
      vertex -31.771638594567776 -19.14805030077696 3
      vertex -26.82240754213961 -18.727425629491186 3
      vertex -31.87082100659609 -18.870854035019875 3
    endloop
  endfacet
  facet normal 0 0 1
    outer loop
      vertex -31.87082100659609 -18.870854035019875 3
      vertex -27.080966612373835 -18.535665153808385 3
      vertex -31.94235584139824 -18.58527096360922 3
    endloop
  endfacet
  facet normal 0 0 1
    outer loop
      vertex -31.64576379209757 -19.414190210402012 3
      vertex -26.25529614789388 -19.030552985040107 3
      vertex -31.771638594567776 -19.14805030077696 3
    endloop
  endfacet
  facet normal 0 0 1
    outer loop
      vertex -31.87082100659609 -18.870854035019875 3
      vertex -26.82240754213961 -18.727425629491186 3
      vertex -27.080966612373835 -18.535665153808385 3
    endloop
  endfacet
  facet normal 0 0 1
    outer loop
      vertex -31.94235584139824 -18.58527096360922 3
      vertex -27.080966612373835 -18.535665153808385 3
      vertex -27.319484836558836 -18.319484836558836 3
    endloop
  endfacet
  facet normal 0 0 1
    outer loop
      vertex -31.771638594567776 -19.14805030077696 3
      vertex -26.54629769104528 -18.89291950539948 3
      vertex -26.82240754213961 -18.727425629491186 3
    endloop
  endfacet
  facet normal 0 0 1
    outer loop
      vertex -31.771638594567776 -19.14805030077696 3
      vertex -26.25529614789388 -19.030552985040107 3
      vertex -26.54629769104528 -18.89291950539948 3
    endloop
  endfacet
  facet normal 0 0 1
    outer loop
      vertex -31.94235584139824 -18.58527096360922 3
      vertex -28.264451628108677 -16.321520422044003 3
      vertex -31.985554181039333 -18.29405142366886 3
    endloop
  endfacet
  facet normal 0 0 1
    outer loop
      vertex -31.985554181039333 -18.29405142366886 3
      vertex -28.280246913580246 -16 3
      vertex -32 -18 3
    endloop
  endfacet
  facet normal 0 0 1
    outer loop
      vertex -31.94235584139824 -18.58527096360922 3
      vertex -27.535665153808385 -18.080966612373835 3
      vertex -27.727425629491186 -17.82240754213961 3
    endloop
  endfacet
  facet normal 0 0 1
    outer loop
      vertex -31.94235584139824 -18.58527096360922 3
      vertex -27.89291950539948 -17.54629769104528 3
      vertex -28.030552985040107 -17.25529614789388 3
    endloop
  endfacet
  facet normal 0 0 1
    outer loop
      vertex -31.94235584139824 -18.58527096360922 3
      vertex -27.727425629491186 -17.82240754213961 3
      vertex -27.89291950539948 -17.54629769104528 3
    endloop
  endfacet
  facet normal 0 0 1
    outer loop
      vertex -31.94235584139824 -18.58527096360922 3
      vertex -28.030552985040107 -17.25529614789388 3
      vertex -28.139000582766023 -16.95220541662359 3
    endloop
  endfacet
  facet normal 0 0 1
    outer loop
      vertex -31.94235584139824 -18.58527096360922 3
      vertex -28.139000582766023 -16.95220541662359 3
      vertex -28.21721788892763 -16.63994442666278 3
    endloop
  endfacet
  facet normal 0 0 1
    outer loop
      vertex -31.94235584139824 -18.58527096360922 3
      vertex -28.21721788892763 -16.63994442666278 3
      vertex -28.264451628108677 -16.321520422044003 3
    endloop
  endfacet
  facet normal 0 0 1
    outer loop
      vertex -31.94235584139824 -18.58527096360922 3
      vertex -27.319484836558836 -18.319484836558836 3
      vertex -27.535665153808385 -18.080966612373835 3
    endloop
  endfacet
  facet normal 0 0 1
    outer loop
      vertex -31.985554181039333 -18.29405142366886 3
      vertex -28.264451628108677 -16.321520422044003 3
      vertex -28.280246913580246 -16 3
    endloop
  endfacet
  facet normal 0 0 1
    outer loop
      vertex -32 -18 3
      vertex -28.280246913580246 -16 3
      vertex -28.264451628108677 -15.678479577955997 3
    endloop
  endfacet
  facet normal 0 0 1
    outer loop
      vertex -31.64576379209757 -19.414190210402012 3
      vertex -25.95220541662359 -19.139000582766023 3
      vertex -26.25529614789388 -19.030552985040107 3
    endloop
  endfacet
  facet normal 0 0 1
    outer loop
      vertex -31.64576379209757 -19.414190210402012 3
      vertex -25.63994442666278 -19.21721788892763 3
      vertex -25.95220541662359 -19.139000582766023 3
    endloop
  endfacet
  facet normal 0 0 1
    outer loop
      vertex -31.64576379209757 -19.414190210402012 3
      vertex -25.321520422044003 -19.264451628108677 3
      vertex -25.63994442666278 -19.21721788892763 3
    endloop
  endfacet
  facet normal 0 0 1
    outer loop
      vertex -31.64576379209757 -19.414190210402012 3
      vertex -25 -19.280246913580246 3
      vertex -25.321520422044003 -19.264451628108677 3
    endloop
  endfacet
  facet normal -1 0 0
    outer loop
      vertex -32 -18 0
      vertex -32 -18 3
      vertex -32 18 3
    endloop
  endfacet
  facet normal 0 0 1
    outer loop
      vertex -32 -18 3
      vertex -28.264451628108677 -15.678479577955997 3
      vertex -28.280246913580246 16 3
    endloop
  endfacet
  facet normal 0 0 1
    outer loop
      vertex -28.264451628108677 -15.678479577955997 3
      vertex -28.21721788892763 -15.360055573337219 3
      vertex -28.264451628108677 15.678479577955997 3
    endloop
  endfacet
  facet normal 0 0 1
    outer loop
      vertex -28.139000582766023 -15.047794583376414 3
      vertex -28.21721788892763 15.360055573337219 3
      vertex -28.21721788892763 -15.360055573337219 3
    endloop
  endfacet
  facet normal 0 0 1
    outer loop
      vertex -28.030552985040107 -14.744703852106118 3
      vertex -28.139000582766023 15.047794583376414 3
      vertex -28.139000582766023 -15.047794583376414 3
    endloop
  endfacet
  facet normal 0 0 1
    outer loop
      vertex -27.89291950539948 -14.453702308954721 3
      vertex -28.030552985040107 14.744703852106118 3
      vertex -28.030552985040107 -14.744703852106118 3
    endloop
  endfacet
  facet normal 0 0 1
    outer loop
      vertex -27.727425629491186 -14.177592457860392 3
      vertex -27.89291950539948 14.453702308954721 3
      vertex -27.89291950539948 -14.453702308954721 3
    endloop
  endfacet
  facet normal 0 0 1
    outer loop
      vertex -27.535665153808385 -13.919033387626166 3
      vertex -27.727425629491186 14.177592457860392 3
      vertex -27.727425629491186 -14.177592457860392 3
    endloop
  endfacet
  facet normal 0 0 1
    outer loop
      vertex -27.319484836558836 -13.680515163441166 3
      vertex -27.535665153808385 13.919033387626166 3
      vertex -27.535665153808385 -13.919033387626166 3
    endloop
  endfacet
  facet normal 0 0 1
    outer loop
      vertex -27.080966612373835 -13.464334846191615 3
      vertex -27.319484836558836 13.680515163441166 3
      vertex -27.319484836558836 -13.680515163441166 3
    endloop
  endfacet
  facet normal 0 0 1
    outer loop
      vertex -26.82240754213961 -13.272574370508812 3
      vertex -27.080966612373835 13.464334846191615 3
      vertex -27.080966612373835 -13.464334846191615 3
    endloop
  endfacet
  facet normal 0 0 1
    outer loop
      vertex -26.54629769104528 -13.10708049460052 3
      vertex -26.82240754213961 13.272574370508812 3
      vertex -26.82240754213961 -13.272574370508812 3
    endloop
  endfacet
  facet normal 0 0 1
    outer loop
      vertex -26.25529614789388 -12.96944701495989 3
      vertex -26.54629769104528 13.10708049460052 3
      vertex -26.54629769104528 -13.10708049460052 3
    endloop
  endfacet
  facet normal 0 0 1
    outer loop
      vertex -25.95220541662359 -12.860999417233977 3
      vertex -26.25529614789388 12.96944701495989 3
      vertex -26.25529614789388 -12.96944701495989 3
    endloop
  endfacet
  facet normal 0 0 1
    outer loop
      vertex -25.63994442666278 -12.782782111072367 3
      vertex -25.95220541662359 12.860999417233977 3
      vertex -25.95220541662359 -12.860999417233977 3
    endloop
  endfacet
  facet normal 0 0 1
    outer loop
      vertex -25.321520422044003 -12.735548371891324 3
      vertex -25.63994442666278 12.782782111072367 3
      vertex -25.63994442666278 -12.782782111072367 3
    endloop
  endfacet
  facet normal 0 0 1
    outer loop
      vertex -25 -12.719753086419752 3
      vertex -25.321520422044003 12.735548371891324 3
      vertex -25.321520422044003 -12.735548371891324 3
    endloop
  endfacet
  facet normal 0 0 1
    outer loop
      vertex -25 -12.719753086419752 3
      vertex -24.678479577955997 -12.735548371891324 3
      vertex -25 12.719753086419752 3
    endloop
  endfacet
  facet normal 0 0 1
    outer loop
      vertex -24.678479577955997 -12.735548371891324 3
      vertex -24.36005557333722 -12.782782111072367 3
      vertex -24.678479577955997 12.735548371891324 3
    endloop
  endfacet
  facet normal 0 0 1
    outer loop
      vertex -24.36005557333722 -12.782782111072367 3
      vertex -24.04779458337641 -12.860999417233977 3
      vertex -24.36005557333722 12.782782111072367 3
    endloop
  endfacet
  facet normal 0 0 1
    outer loop
      vertex -24.04779458337641 -12.860999417233977 3
      vertex -23.74470385210612 -12.96944701495989 3
      vertex -24.04779458337641 12.860999417233977 3
    endloop
  endfacet
  facet normal 0 0 1
    outer loop
      vertex -23.74470385210612 -12.96944701495989 3
      vertex -23.45370230895472 -13.10708049460052 3
      vertex -23.74470385210612 12.96944701495989 3
    endloop
  endfacet
  facet normal 0 0 1
    outer loop
      vertex -23.45370230895472 -13.10708049460052 3
      vertex -23.17759245786039 -13.272574370508812 3
      vertex -23.45370230895472 13.10708049460052 3
    endloop
  endfacet
  facet normal 0 0 1
    outer loop
      vertex -31.64576379209757 -19.414190210402012 3
      vertex -31.49440883845091 -19.666710697114468 3
      vertex 23.45370230895472 -18.89291950539948 3
    endloop
  endfacet
  facet normal 0 0 1
    outer loop
      vertex -31.319031357765198 -19.903179854154587 3
      vertex 24.04779458337641 -19.139000582766023 3
      vertex -31.49440883845091 -19.666710697114468 3
    endloop
  endfacet
  facet normal 0 0 1
    outer loop
      vertex -30.666710697114468 -20.49440883845091 3
      vertex 31.319031357765198 -19.903179854154587 3
      vertex -30.903179854154587 -20.319031357765198 3
    endloop
  endfacet
  facet normal 0 0 1
    outer loop
      vertex -31.121320344507694 -20.121320344507694 3
      vertex -30.903179854154587 -20.319031357765198 3
      vertex 31.49440883845091 -19.666710697114468 3
    endloop
  endfacet
  facet normal 0 0 1
    outer loop
      vertex -31.121320344507694 -20.121320344507694 3
      vertex 31.64576379209757 -19.414190210402012 3
      vertex -31.319031357765198 -19.903179854154587 3
    endloop
  endfacet
  facet normal 0 0 1
    outer loop
      vertex -31.64576379209757 -19.414190210402012 3
      vertex 22.919033387626165 -18.535665153808385 3
      vertex -25 -19.280246913580246 3
    endloop
  endfacet
  facet normal 0 0 1
    outer loop
      vertex -30.14805030077696 -20.771638594567776 3
      vertex -29.870854035019875 -20.87082100659609 3
      vertex 30.666710697114468 -20.49440883845091 3
    endloop
  endfacet
  facet normal 0 0 1
    outer loop
      vertex -29.58527096360922 -20.94235584139824 3
      vertex -29.29405142366886 -20.985554181039333 3
      vertex 30.14805030077696 -20.771638594567776 3
    endloop
  endfacet
  facet normal 0 0 1
    outer loop
      vertex -29.870854035019875 -20.87082100659609 3
      vertex -29.58527096360922 -20.94235584139824 3
      vertex 30.414190210402012 -20.64576379209757 3
    endloop
  endfacet
  facet normal 0 0 1
    outer loop
      vertex -30.14805030077696 -20.771638594567776 3
      vertex 30.903179854154587 -20.319031357765198 3
      vertex -30.414190210402012 -20.64576379209757 3
    endloop
  endfacet
  facet normal 0 0 1
    outer loop
      vertex -30.666710697114468 -20.49440883845091 3
      vertex -30.414190210402012 -20.64576379209757 3
      vertex 31.121320344507694 -20.121320344507694 3
    endloop
  endfacet
  facet normal 0 0 1
    outer loop
      vertex -29.29405142366886 -20.985554181039333 3
      vertex -29 -21 3
      vertex 29.870854035019875 -20.87082100659609 3
    endloop
  endfacet
  facet normal 0 0 1
    outer loop
      vertex 22.919033387626165 -18.535665153808385 3
      vertex -24.678479577955997 -19.264451628108677 3
      vertex -25 -19.280246913580246 3
    endloop
  endfacet
  facet normal 0 0 1
    outer loop
      vertex 22.919033387626165 -18.535665153808385 3
      vertex -24.36005557333722 -19.21721788892763 3
      vertex -24.678479577955997 -19.264451628108677 3
    endloop
  endfacet
  facet normal 0 0 1
    outer loop
      vertex 22.919033387626165 -18.535665153808385 3
      vertex -24.04779458337641 -19.139000582766023 3
      vertex -24.36005557333722 -19.21721788892763 3
    endloop
  endfacet
  facet normal 0 0 1
    outer loop
      vertex -24.04779458337641 -19.139000582766023 3
      vertex 22.680515163441164 -18.319484836558836 3
      vertex -23.74470385210612 -19.03055298504011 3
    endloop
  endfacet
  facet normal 0 0 1
    outer loop
      vertex 22.680515163441164 -18.319484836558836 3
      vertex -23.45370230895472 -18.89291950539948 3
      vertex -23.74470385210612 -19.03055298504011 3
    endloop
  endfacet
  facet normal 0 0 1
    outer loop
      vertex -23.45370230895472 -18.89291950539948 3
      vertex 22.464334846191612 -18.08096661237384 3
      vertex -23.17759245786039 -18.727425629491186 3
    endloop
  endfacet
  facet normal 0 0 1
    outer loop
      vertex 22.464334846191612 -18.08096661237384 3
      vertex -22.919033387626165 -18.535665153808385 3
      vertex -23.17759245786039 -18.727425629491186 3
    endloop
  endfacet
  facet normal 0 0 1
    outer loop
      vertex -22.919033387626165 -18.535665153808385 3
      vertex 22.464334846191612 -18.08096661237384 3
      vertex -22.680515163441164 -18.319484836558836 3
    endloop
  endfacet
  facet normal 0 0 1
    outer loop
      vertex 22.464334846191612 -18.08096661237384 3
      vertex -22.464334846191615 -18.080966612373835 3
      vertex -22.680515163441164 -18.319484836558836 3
    endloop
  endfacet
  facet normal 0 0 1
    outer loop
      vertex -22.464334846191615 -18.080966612373835 3
      vertex 22.272574370508814 -17.82240754213961 3
      vertex -22.272574370508814 -17.82240754213961 3
    endloop
  endfacet
  facet normal 0 0 1
    outer loop
      vertex -22.272574370508814 -17.82240754213961 3
      vertex 22.10708049460052 -17.54629769104528 3
      vertex -22.10708049460052 -17.54629769104528 3
    endloop
  endfacet
  facet normal 0 0 1
    outer loop
      vertex -22.10708049460052 -17.54629769104528 3
      vertex 21.969447014959893 -17.25529614789388 3
      vertex -21.969447014959893 -17.25529614789388 3
    endloop
  endfacet
  facet normal 0 0 1
    outer loop
      vertex -21.969447014959893 -17.25529614789388 3
      vertex 21.860999417233977 -16.95220541662359 3
      vertex -21.860999417233977 -16.95220541662359 3
    endloop
  endfacet
  facet normal 0 0 1
    outer loop
      vertex -21.860999417233977 -16.95220541662359 3
      vertex 21.78278211107237 -16.63994442666278 3
      vertex -21.78278211107237 -16.63994442666278 3
    endloop
  endfacet
  facet normal 0 0 1
    outer loop
      vertex -21.735548371891323 -16.321520422044003 3
      vertex -21.78278211107237 -16.63994442666278 3
      vertex 21.735548371891323 -16.321520422044003 3
    endloop
  endfacet
  facet normal 0 0 1
    outer loop
      vertex -21.719753086419754 -16 3
      vertex -21.735548371891323 -16.321520422044003 3
      vertex 21.719753086419754 -16 3
    endloop
  endfacet
  facet normal 0 0 1
    outer loop
      vertex -21.719753086419754 -16 3
      vertex 21.735548371891323 -15.678479577955997 3
      vertex -21.735548371891323 -15.678479577955997 3
    endloop
  endfacet
  facet normal 0 0 1
    outer loop
      vertex -21.735548371891323 -15.678479577955997 3
      vertex 21.78278211107237 -15.360055573337219 3
      vertex -21.78278211107237 -15.360055573337219 3
    endloop
  endfacet
  facet normal 0 0 1
    outer loop
      vertex -21.860999417233977 -15.047794583376414 3
      vertex -21.78278211107237 -15.360055573337219 3
      vertex 21.860999417233977 -15.047794583376414 3
    endloop
  endfacet
  facet normal 0 0 1
    outer loop
      vertex 23.17759245786039 13.272574370508812 3
      vertex -21.969447014959893 -14.744703852106118 3
      vertex -21.860999417233977 -15.047794583376414 3
    endloop
  endfacet
  facet normal 0 0 1
    outer loop
      vertex 23.17759245786039 13.272574370508812 3
      vertex -22.10708049460052 -14.453702308954721 3
      vertex -21.969447014959893 -14.744703852106118 3
    endloop
  endfacet
  facet normal 0 0 1
    outer loop
      vertex 23.17759245786039 13.272574370508812 3
      vertex -22.272574370508814 -14.177592457860392 3
      vertex -22.10708049460052 -14.453702308954721 3
    endloop
  endfacet
  facet normal 0 0 1
    outer loop
      vertex 23.17759245786039 13.272574370508812 3
      vertex -22.464334846191615 -13.919033387626166 3
      vertex -22.272574370508814 -14.177592457860392 3
    endloop
  endfacet
  facet normal 0 0 1
    outer loop
      vertex 23.17759245786039 13.272574370508812 3
      vertex -22.680515163441164 -13.680515163441166 3
      vertex -22.464334846191615 -13.919033387626166 3
    endloop
  endfacet
  facet normal 0 0 1
    outer loop
      vertex 23.17759245786039 13.272574370508812 3
      vertex -22.919033387626165 -13.464334846191615 3
      vertex -22.680515163441164 -13.680515163441166 3
    endloop
  endfacet
  facet normal 0 0 1
    outer loop
      vertex 23.17759245786039 13.272574370508812 3
      vertex -23.17759245786039 -13.272574370508812 3
      vertex -22.919033387626165 -13.464334846191615 3
    endloop
  endfacet
  facet normal 0 0 -1
    outer loop
      vertex -32 -18 0
      vertex -26.078468583078198 14.685882229283347 0
      vertex -25.944469396133325 14.586501659085673 0
    endloop
  endfacet
  facet normal 0 0 -1
    outer loop
      vertex -32 -18 0
      vertex -26.314117770716653 14.921531416921802 0
      vertex -26.202081528017132 14.79791847198287 0
    endloop
  endfacet
  facet normal 0 0 -1
    outer loop
      vertex -32 -18 0
      vertex -26.202081528017132 14.79791847198287 0
      vertex -26.078468583078198 14.685882229283347 0
    endloop
  endfacet
  facet normal 0 0 -1
    outer loop
      vertex -32 -18 0
      vertex -26.499266149392202 15.198625547395803 0
      vertex -26.413498340914327 15.055530603866677 0
    endloop
  endfacet
  facet normal 0 0 -1
    outer loop
      vertex -32 -18 0
      vertex -26.570595205269186 15.349438164979347 0
      vertex -26.499266149392202 15.198625547395803 0
    endloop
  endfacet
  facet normal 0 0 -1
    outer loop
      vertex -32 -18 0
      vertex -26.413498340914327 15.055530603866677 0
      vertex -26.314117770716653 14.921531416921802 0
    endloop
  endfacet
  facet normal 0 0 -1
    outer loop
      vertex -32 -18 0
      vertex -26.626798570744754 15.506516048667415 0
      vertex -26.570595205269186 15.349438164979347 0
    endloop
  endfacet
  facet normal 0 0 -1
    outer loop
      vertex -32 -18 0
      vertex -26.667334976685492 15.668346452572582 0
      vertex -26.626798570744754 15.506516048667415 0
    endloop
  endfacet
  facet normal 0 0 -1
    outer loop
      vertex -32 -18 0
      vertex -26.691814035342734 15.833370861439747 0
      vertex -26.667334976685492 15.668346452572582 0
    endloop
  endfacet
  facet normal 0 0 -1
    outer loop
      vertex -32 -18 0
      vertex -26.7 16 0
      vertex -26.691814035342734 15.833370861439747 0
    endloop
  endfacet
  facet normal 0 0 -1
    outer loop
      vertex -32 -18 0
      vertex -25.650561835020653 14.429404794730813 0
      vertex -25.493483951332585 14.373201429255245 0
    endloop
  endfacet
  facet normal 0 0 -1
    outer loop
      vertex -32 -18 0
      vertex -25.493483951332585 14.373201429255245 0
      vertex -25.33165354742742 14.332665023314508 0
    endloop
  endfacet
  facet normal 0 0 -1
    outer loop
      vertex -32 -18 0
      vertex -25.944469396133325 14.586501659085673 0
      vertex -25.801374452604197 14.500733850607796 0
    endloop
  endfacet
  facet normal 0 0 -1
    outer loop
      vertex -32 -18 0
      vertex -25.801374452604197 14.500733850607796 0
      vertex -25.650561835020653 14.429404794730813 0
    endloop
  endfacet
  facet normal 0 0 -1
    outer loop
      vertex -32 -18 0
      vertex -25.33165354742742 14.332665023314508 0
      vertex -25.166629138560253 14.308185964657266 0
    endloop
  endfacet
  facet normal 0 0 -1
    outer loop
      vertex -32 -18 0
      vertex -25.166629138560253 14.308185964657266 0
      vertex -25 14.3 0
    endloop
  endfacet
  facet normal 0 0 -1
    outer loop
      vertex -32 -18 0
      vertex -32 18 0
      vertex -26.7 16 0
    endloop
  endfacet
  facet normal -1 0 0
    outer loop
      vertex -32 -18 0
      vertex -32 18 3
      vertex -32 18 0
    endloop
  endfacet
  facet normal 0 0 -1
    outer loop
      vertex -32 18 0
      vertex -26.691814035342734 16.166629138560253 0
      vertex -26.7 16 0
    endloop
  endfacet
  facet normal 0 0 -1
    outer loop
      vertex -32 18 0
      vertex -26.667334976685492 16.33165354742742 0
      vertex -26.691814035342734 16.166629138560253 0
    endloop
  endfacet
  facet normal 0 0 -1
    outer loop
      vertex -32 18 0
      vertex -26.626798570744754 16.493483951332585 0
      vertex -26.667334976685492 16.33165354742742 0
    endloop
  endfacet
  facet normal 0 0 -1
    outer loop
      vertex -32 18 0
      vertex -26.570595205269186 16.650561835020653 0
      vertex -26.626798570744754 16.493483951332585 0
    endloop
  endfacet
  facet normal 0 0 -1
    outer loop
      vertex -32 18 0
      vertex -26.499266149392202 16.801374452604197 0
      vertex -26.570595205269186 16.650561835020653 0
    endloop
  endfacet
  facet normal 0 0 -1
    outer loop
      vertex -32 18 0
      vertex -26.413498340914327 16.944469396133325 0
      vertex -26.499266149392202 16.801374452604197 0
    endloop
  endfacet
  facet normal 0 0 -1
    outer loop
      vertex -32 18 0
      vertex -26.314117770716653 17.078468583078198 0
      vertex -26.413498340914327 16.944469396133325 0
    endloop
  endfacet
  facet normal 0 0 -1
    outer loop
      vertex -32 18 0
      vertex -26.202081528017132 17.202081528017132 0
      vertex -26.314117770716653 17.078468583078198 0
    endloop
  endfacet
  facet normal 0 0 -1
    outer loop
      vertex -32 18 0
      vertex -26.078468583078198 17.314117770716653 0
      vertex -26.202081528017132 17.202081528017132 0
    endloop
  endfacet
  facet normal 0 0 -1
    outer loop
      vertex -32 18 0
      vertex -25.944469396133325 17.413498340914327 0
      vertex -26.078468583078198 17.314117770716653 0
    endloop
  endfacet
  facet normal 0 0 -1
    outer loop
      vertex -29.58527096360922 20.94235584139824 0
      vertex -29.29405142366886 20.985554181039333 0
      vertex -29 21 0
    endloop
  endfacet
  facet normal 0 0 -1
    outer loop
      vertex -32 18 0
      vertex -25.801374452604197 17.499266149392202 0
      vertex -25.944469396133325 17.413498340914327 0
    endloop
  endfacet
  facet normal 0 0 -1
    outer loop
      vertex -32 18 0
      vertex -25.650561835020653 17.570595205269186 0
      vertex -25.801374452604197 17.499266149392202 0
    endloop
  endfacet
  facet normal 0 0 -1
    outer loop
      vertex -32 18 0
      vertex -25.493483951332585 17.626798570744754 0
      vertex -25.650561835020653 17.570595205269186 0
    endloop
  endfacet
  facet normal 0 0 -1
    outer loop
      vertex -32 18 0
      vertex -25.33165354742742 17.667334976685492 0
      vertex -25.493483951332585 17.626798570744754 0
    endloop
  endfacet
  facet normal 0 0 -1
    outer loop
      vertex -32 18 0
      vertex -25.166629138560253 17.691814035342734 0
      vertex -25.33165354742742 17.667334976685492 0
    endloop
  endfacet
  facet normal 0 0 -1
    outer loop
      vertex -32 18 0
      vertex -25 17.7 0
      vertex -25.166629138560253 17.691814035342734 0
    endloop
  endfacet
  facet normal -0.9987954563973426 0.0490676704157047 0
    outer loop
      vertex -32 18 0
      vertex -31.985554181039333 18.29405142366886 3
      vertex -31.985554181039333 18.29405142366886 0
    endloop
  endfacet
  facet normal -0.9891765091791461 0.14673047975168188 0
    outer loop
      vertex -31.985554181039333 18.29405142366886 0
      vertex -31.94235584139824 18.58527096360922 3
      vertex -31.94235584139824 18.58527096360922 0
    endloop
  endfacet
  facet normal -0.9700312537050008 0.2429801778654069 0
    outer loop
      vertex -31.94235584139824 18.58527096360922 0
      vertex -31.87082100659609 18.870854035019875 3
      vertex -31.87082100659609 18.870854035019875 0
    endloop
  endfacet
  facet normal -0.9415440627982695 0.3368898600571534 0
    outer loop
      vertex -31.87082100659609 18.870854035019875 0
      vertex -31.771638594567776 19.14805030077696 3
      vertex -31.771638594567776 19.14805030077696 0
    endloop
  endfacet
  facet normal -0.9039892934402849 0.42755509276037695 0
    outer loop
      vertex -31.771638594567776 19.14805030077696 0
      vertex -31.64576379209757 19.414190210402012 3
      vertex -31.64576379209757 19.414190210402012 0
    endloop
  endfacet
  facet normal -0.8577286120536309 0.5141027407673995 0
    outer loop
      vertex -31.64576379209757 19.414190210402012 0
      vertex -31.49440883845091 19.666710697114468 3
      vertex -31.49440883845091 19.666710697114468 0
    endloop
  endfacet
  facet normal -0.8032075295459704 0.59569930710104 0
    outer loop
      vertex -31.49440883845091 19.666710697114468 0
      vertex -31.319031357765198 19.903179854154587 3
      vertex -31.319031357765198 19.903179854154587 0
    endloop
  endfacet
  facet normal -0.7409511297873682 0.6715589499566086 0
    outer loop
      vertex -31.319031357765198 19.903179854154587 0
      vertex -31.121320344507694 20.121320344507694 3
      vertex -31.121320344507694 20.121320344507694 0
    endloop
  endfacet
  facet normal -0.6715589499566086 0.7409511297873682 0
    outer loop
      vertex -31.121320344507694 20.121320344507694 0
      vertex -30.903179854154587 20.319031357765198 3
      vertex -30.903179854154587 20.319031357765198 0
    endloop
  endfacet
  facet normal -0.59569930710104 0.8032075295459704 0
    outer loop
      vertex -30.903179854154587 20.319031357765198 0
      vertex -30.666710697114468 20.49440883845091 3
      vertex -30.666710697114468 20.49440883845091 0
    endloop
  endfacet
  facet normal -0.5141027407673995 0.8577286120536309 0
    outer loop
      vertex -30.666710697114468 20.49440883845091 0
      vertex -30.414190210402012 20.64576379209757 3
      vertex -30.414190210402012 20.64576379209757 0
    endloop
  endfacet
  facet normal -0.42755509276037695 0.9039892934402849 0
    outer loop
      vertex -30.414190210402012 20.64576379209757 0
      vertex -30.14805030077696 20.771638594567776 3
      vertex -30.14805030077696 20.771638594567776 0
    endloop
  endfacet
  facet normal -0.3368898600571534 0.9415440627982695 0
    outer loop
      vertex -30.14805030077696 20.771638594567776 0
      vertex -29.870854035019875 20.87082100659609 3
      vertex -29.870854035019875 20.87082100659609 0
    endloop
  endfacet
  facet normal -0.2429801778654069 0.9700312537050008 0
    outer loop
      vertex -29.870854035019875 20.87082100659609 0
      vertex -29.58527096360922 20.94235584139824 3
      vertex -29.58527096360922 20.94235584139824 0
    endloop
  endfacet
  facet normal -0.14673047975168188 0.9891765091791461 0
    outer loop
      vertex -29.58527096360922 20.94235584139824 0
      vertex -29.29405142366886 20.985554181039333 3
      vertex -29.29405142366886 20.985554181039333 0
    endloop
  endfacet
  facet normal -0.0490676704157047 0.9987954563973426 0
    outer loop
      vertex -29.29405142366886 20.985554181039333 0
      vertex -29 21 3
      vertex -29 21 0
    endloop
  endfacet
  facet normal 0 0 -1
    outer loop
      vertex -32 -18 0
      vertex -25 14.3 0
      vertex 24.66834645257258 14.332665023314508 0
    endloop
  endfacet
  facet normal 0 0 -1
    outer loop
      vertex 24.66834645257258 14.332665023314508 0
      vertex -25 14.3 0
      vertex -24.833370861439747 14.308185964657266 0
    endloop
  endfacet
  facet normal 0 0 -1
    outer loop
      vertex 24.66834645257258 14.332665023314508 0
      vertex -24.833370861439747 14.308185964657266 0
      vertex -24.66834645257258 14.332665023314508 0
    endloop
  endfacet
  facet normal 0 0 -1
    outer loop
      vertex 24.66834645257258 14.332665023314508 0
      vertex -24.66834645257258 14.332665023314508 0
      vertex -24.506516048667415 14.373201429255245 0
    endloop
  endfacet
  facet normal 0 0 -1
    outer loop
      vertex -24.349438164979347 14.429404794730813 0
      vertex 24.506516048667415 14.373201429255245 0
      vertex -24.506516048667415 14.373201429255245 0
    endloop
  endfacet
  facet normal 0 0 -1
    outer loop
      vertex -24.198625547395803 14.500733850607796 0
      vertex 24.349438164979347 14.429404794730813 0
      vertex -24.349438164979347 14.429404794730813 0
    endloop
  endfacet
  facet normal 0 0 -1
    outer loop
      vertex -24.055530603866675 14.586501659085673 0
      vertex 24.198625547395803 14.500733850607796 0
      vertex -24.198625547395803 14.500733850607796 0
    endloop
  endfacet
  facet normal 0 0 -1
    outer loop
      vertex -32 18 0
      vertex 24.66834645257258 17.667334976685492 0
      vertex -25 17.7 0
    endloop
  endfacet
  facet normal 0 0 -1
    outer loop
      vertex -24.055530603866675 17.413498340914327 0
      vertex 23.921531416921802 17.314117770716653 0
      vertex -23.921531416921802 17.314117770716653 0
    endloop
  endfacet
  facet normal 0 0 -1
    outer loop
      vertex -25 17.7 0
      vertex 24.66834645257258 17.667334976685492 0
      vertex -24.833370861439747 17.691814035342734 0
    endloop
  endfacet
  facet normal 0 0 -1
    outer loop
      vertex -24.833370861439747 17.691814035342734 0
      vertex 24.66834645257258 17.667334976685492 0
      vertex -24.66834645257258 17.667334976685492 0
    endloop
  endfacet
  facet normal 0 0 -1
    outer loop
      vertex -24.198625547395803 17.499266149392202 0
      vertex 24.055530603866675 17.413498340914327 0
      vertex -24.055530603866675 17.413498340914327 0
    endloop
  endfacet
  facet normal 0 0 -1
    outer loop
      vertex -24.349438164979347 17.570595205269186 0
      vertex 24.198625547395803 17.499266149392202 0
      vertex -24.198625547395803 17.499266149392202 0
    endloop
  endfacet
  facet normal 0 0 -1
    outer loop
      vertex -24.506516048667415 17.626798570744754 0
      vertex 24.349438164979347 17.570595205269186 0
      vertex -24.349438164979347 17.570595205269186 0
    endloop
  endfacet
  facet normal 0 0 -1
    outer loop
      vertex -24.66834645257258 17.667334976685492 0
      vertex 24.506516048667415 17.626798570744754 0
      vertex -24.506516048667415 17.626798570744754 0
    endloop
  endfacet
  facet normal 0 0 -1
    outer loop
      vertex -32 18 0
      vertex -31.985554181039333 18.29405142366886 0
      vertex 31.87082100659609 18.870854035019875 0
    endloop
  endfacet
  facet normal 0 0 -1
    outer loop
      vertex -31.985554181039333 18.29405142366886 0
      vertex -31.94235584139824 18.58527096360922 0
      vertex 31.771638594567776 19.14805030077696 0
    endloop
  endfacet
  facet normal 0 0 -1
    outer loop
      vertex -31.94235584139824 18.58527096360922 0
      vertex -31.87082100659609 18.870854035019875 0
      vertex 31.64576379209757 19.414190210402012 0
    endloop
  endfacet
  facet normal 0 0 -1
    outer loop
      vertex -31.87082100659609 18.870854035019875 0
      vertex -31.771638594567776 19.14805030077696 0
      vertex 31.49440883845091 19.666710697114468 0
    endloop
  endfacet
  facet normal 0 0 -1
    outer loop
      vertex -31.771638594567776 19.14805030077696 0
      vertex -31.64576379209757 19.414190210402012 0
      vertex 31.319031357765198 19.903179854154587 0
    endloop
  endfacet
  facet normal 0 0 -1
    outer loop
      vertex -31.64576379209757 19.414190210402012 0
      vertex -31.49440883845091 19.666710697114468 0
      vertex 31.121320344507694 20.121320344507694 0
    endloop
  endfacet
  facet normal 0 0 -1
    outer loop
      vertex -31.49440883845091 19.666710697114468 0
      vertex -31.319031357765198 19.903179854154587 0
      vertex 30.903179854154587 20.319031357765198 0
    endloop
  endfacet
  facet normal 0 0 -1
    outer loop
      vertex -31.319031357765198 19.903179854154587 0
      vertex -31.121320344507694 20.121320344507694 0
      vertex 30.666710697114468 20.49440883845091 0
    endloop
  endfacet
  facet normal 0 0 -1
    outer loop
      vertex -31.121320344507694 20.121320344507694 0
      vertex -30.903179854154587 20.319031357765198 0
      vertex 30.414190210402012 20.64576379209757 0
    endloop
  endfacet
  facet normal 0 0 -1
    outer loop
      vertex -30.903179854154587 20.319031357765198 0
      vertex -30.666710697114468 20.49440883845091 0
      vertex 30.14805030077696 20.771638594567776 0
    endloop
  endfacet
  facet normal 0 0 -1
    outer loop
      vertex -30.666710697114468 20.49440883845091 0
      vertex -30.414190210402012 20.64576379209757 0
      vertex 29.870854035019875 20.87082100659609 0
    endloop
  endfacet
  facet normal 0 0 -1
    outer loop
      vertex -30.414190210402012 20.64576379209757 0
      vertex -30.14805030077696 20.771638594567776 0
      vertex 29.58527096360922 20.94235584139824 0
    endloop
  endfacet
  facet normal 0 0 -1
    outer loop
      vertex -30.14805030077696 20.771638594567776 0
      vertex -29.870854035019875 20.87082100659609 0
      vertex 29.29405142366886 20.985554181039333 0
    endloop
  endfacet
  facet normal 0 0 -1
    outer loop
      vertex -29.870854035019875 20.87082100659609 0
      vertex -29.58527096360922 20.94235584139824 0
      vertex 29 21 0
    endloop
  endfacet
  facet normal 0 0 -1
    outer loop
      vertex -29.58527096360922 20.94235584139824 0
      vertex -29 21 0
      vertex 29 21 0
    endloop
  endfacet
  facet normal 0 0 -1
    outer loop
      vertex -23.921531416921802 14.685882229283347 0
      vertex 24.055530603866675 14.586501659085673 0
      vertex -24.055530603866675 14.586501659085673 0
    endloop
  endfacet
  facet normal 0 0 -1
    outer loop
      vertex -23.797918471982868 14.79791847198287 0
      vertex 23.921531416921802 14.685882229283347 0
      vertex -23.921531416921802 14.685882229283347 0
    endloop
  endfacet
  facet normal 0 0 -1
    outer loop
      vertex -23.685882229283347 14.921531416921802 0
      vertex 23.797918471982868 14.79791847198287 0
      vertex -23.797918471982868 14.79791847198287 0
    endloop
  endfacet
  facet normal 0 0 -1
    outer loop
      vertex -23.586501659085673 15.055530603866677 0
      vertex 23.685882229283347 14.921531416921802 0
      vertex -23.685882229283347 14.921531416921802 0
    endloop
  endfacet
  facet normal 0 0 -1
    outer loop
      vertex -23.500733850607798 15.198625547395803 0
      vertex 23.586501659085673 15.055530603866677 0
      vertex -23.586501659085673 15.055530603866677 0
    endloop
  endfacet
  facet normal 0 0 -1
    outer loop
      vertex -23.429404794730814 15.349438164979347 0
      vertex 23.500733850607798 15.198625547395803 0
      vertex -23.500733850607798 15.198625547395803 0
    endloop
  endfacet
  facet normal 0 0 -1
    outer loop
      vertex -23.373201429255246 15.506516048667415 0
      vertex 23.429404794730814 15.349438164979347 0
      vertex -23.429404794730814 15.349438164979347 0
    endloop
  endfacet
  facet normal 0 0 -1
    outer loop
      vertex -23.332665023314508 15.668346452572582 0
      vertex 23.373201429255246 15.506516048667415 0
      vertex -23.373201429255246 15.506516048667415 0
    endloop
  endfacet
  facet normal 0 0 -1
    outer loop
      vertex -23.308185964657266 15.833370861439747 0
      vertex 23.332665023314508 15.668346452572582 0
      vertex -23.332665023314508 15.668346452572582 0
    endloop
  endfacet
  facet normal 0 0 -1
    outer loop
      vertex -23.3 16 0
      vertex 23.308185964657266 15.833370861439747 0
      vertex -23.308185964657266 15.833370861439747 0
    endloop
  endfacet
  facet normal 0 0 -1
    outer loop
      vertex -23.308185964657266 16.166629138560253 0
      vertex 23.3 16 0
      vertex -23.3 16 0
    endloop
  endfacet
  facet normal 0 0 -1
    outer loop
      vertex -23.332665023314508 16.33165354742742 0
      vertex 23.308185964657266 16.166629138560253 0
      vertex -23.308185964657266 16.166629138560253 0
    endloop
  endfacet
  facet normal 0 0 -1
    outer loop
      vertex -23.373201429255246 16.493483951332585 0
      vertex 23.332665023314508 16.33165354742742 0
      vertex -23.332665023314508 16.33165354742742 0
    endloop
  endfacet
  facet normal 0 0 -1
    outer loop
      vertex -23.429404794730814 16.650561835020653 0
      vertex 23.373201429255246 16.493483951332585 0
      vertex -23.373201429255246 16.493483951332585 0
    endloop
  endfacet
  facet normal 0 0 -1
    outer loop
      vertex -23.500733850607798 16.801374452604197 0
      vertex 23.429404794730814 16.650561835020653 0
      vertex -23.429404794730814 16.650561835020653 0
    endloop
  endfacet
  facet normal 0 0 -1
    outer loop
      vertex -23.586501659085673 16.944469396133325 0
      vertex 23.500733850607798 16.801374452604197 0
      vertex -23.500733850607798 16.801374452604197 0
    endloop
  endfacet
  facet normal 0 0 -1
    outer loop
      vertex -23.685882229283347 17.078468583078198 0
      vertex 23.586501659085673 16.944469396133325 0
      vertex -23.586501659085673 16.944469396133325 0
    endloop
  endfacet
  facet normal 0 0 -1
    outer loop
      vertex -23.797918471982868 17.202081528017132 0
      vertex 23.685882229283347 17.078468583078198 0
      vertex -23.685882229283347 17.078468583078198 0
    endloop
  endfacet
  facet normal 0 0 -1
    outer loop
      vertex -23.921531416921802 17.314117770716653 0
      vertex 23.797918471982868 17.202081528017132 0
      vertex -23.797918471982868 17.202081528017132 0
    endloop
  endfacet
  facet normal 0 0 1
    outer loop
      vertex -28.030552985040107 -14.744703852106118 3
      vertex -28.030552985040107 14.744703852106118 3
      vertex -28.139000582766023 15.047794583376414 3
    endloop
  endfacet
  facet normal 0 0 1
    outer loop
      vertex -28.139000582766023 -15.047794583376414 3
      vertex -28.139000582766023 15.047794583376414 3
      vertex -28.21721788892763 15.360055573337219 3
    endloop
  endfacet
  facet normal 0 0 1
    outer loop
      vertex -28.21721788892763 -15.360055573337219 3
      vertex -28.21721788892763 15.360055573337219 3
      vertex -28.264451628108677 15.678479577955997 3
    endloop
  endfacet
  facet normal 0 0 1
    outer loop
      vertex -27.080966612373835 -13.464334846191615 3
      vertex -27.080966612373835 13.464334846191615 3
      vertex -27.319484836558836 13.680515163441166 3
    endloop
  endfacet
  facet normal 0 0 1
    outer loop
      vertex -27.89291950539948 -14.453702308954721 3
      vertex -27.89291950539948 14.453702308954721 3
      vertex -28.030552985040107 14.744703852106118 3
    endloop
  endfacet
  facet normal 0 0 1
    outer loop
      vertex -27.727425629491186 -14.177592457860392 3
      vertex -27.727425629491186 14.177592457860392 3
      vertex -27.89291950539948 14.453702308954721 3
    endloop
  endfacet
  facet normal 0 0 1
    outer loop
      vertex -27.535665153808385 -13.919033387626166 3
      vertex -27.535665153808385 13.919033387626166 3
      vertex -27.727425629491186 14.177592457860392 3
    endloop
  endfacet
  facet normal 0 0 1
    outer loop
      vertex -27.319484836558836 -13.680515163441166 3
      vertex -27.319484836558836 13.680515163441166 3
      vertex -27.535665153808385 13.919033387626166 3
    endloop
  endfacet
  facet normal 0 0 1
    outer loop
      vertex -26.82240754213961 -13.272574370508812 3
      vertex -26.82240754213961 13.272574370508812 3
      vertex -27.080966612373835 13.464334846191615 3
    endloop
  endfacet
  facet normal 0 0 1
    outer loop
      vertex -26.54629769104528 -13.10708049460052 3
      vertex -26.54629769104528 13.10708049460052 3
      vertex -26.82240754213961 13.272574370508812 3
    endloop
  endfacet
  facet normal 0 0 1
    outer loop
      vertex -26.25529614789388 -12.96944701495989 3
      vertex -26.25529614789388 12.96944701495989 3
      vertex -26.54629769104528 13.10708049460052 3
    endloop
  endfacet
  facet normal 0 0 1
    outer loop
      vertex -25.95220541662359 -12.860999417233977 3
      vertex -25.95220541662359 12.860999417233977 3
      vertex -26.25529614789388 12.96944701495989 3
    endloop
  endfacet
  facet normal 0 0 1
    outer loop
      vertex -25.63994442666278 -12.782782111072367 3
      vertex -25.63994442666278 12.782782111072367 3
      vertex -25.95220541662359 12.860999417233977 3
    endloop
  endfacet
  facet normal 0 0 1
    outer loop
      vertex -25.321520422044003 -12.735548371891324 3
      vertex -25.321520422044003 12.735548371891324 3
      vertex -25.63994442666278 12.782782111072367 3
    endloop
  endfacet
  facet normal 0 0 1
    outer loop
      vertex -25 -12.719753086419752 3
      vertex -25 12.719753086419752 3
      vertex -25.321520422044003 12.735548371891324 3
    endloop
  endfacet
  facet normal 0 0 1
    outer loop
      vertex -24.678479577955997 -12.735548371891324 3
      vertex -24.678479577955997 12.735548371891324 3
      vertex -25 12.719753086419752 3
    endloop
  endfacet
  facet normal 0 0 1
    outer loop
      vertex -24.36005557333722 -12.782782111072367 3
      vertex -24.36005557333722 12.782782111072367 3
      vertex -24.678479577955997 12.735548371891324 3
    endloop
  endfacet
  facet normal 0 0 1
    outer loop
      vertex -24.04779458337641 -12.860999417233977 3
      vertex -24.04779458337641 12.860999417233977 3
      vertex -24.36005557333722 12.782782111072367 3
    endloop
  endfacet
  facet normal 0 0 1
    outer loop
      vertex -32 -18 3
      vertex -28.280246913580246 16 3
      vertex -32 18 3
    endloop
  endfacet
  facet normal 0 0 1
    outer loop
      vertex -28.264451628108677 -15.678479577955997 3
      vertex -28.264451628108677 15.678479577955997 3
      vertex -28.280246913580246 16 3
    endloop
  endfacet
  facet normal 0 0 1
    outer loop
      vertex -23.74470385210612 -12.96944701495989 3
      vertex -23.74470385210612 12.96944701495989 3
      vertex -24.04779458337641 12.860999417233977 3
    endloop
  endfacet
  facet normal 0 0 1
    outer loop
      vertex -23.45370230895472 -13.10708049460052 3
      vertex -23.45370230895472 13.10708049460052 3
      vertex -23.74470385210612 12.96944701495989 3
    endloop
  endfacet
  facet normal 0 0 1
    outer loop
      vertex -23.17759245786039 -13.272574370508812 3
      vertex -23.17759245786039 13.272574370508812 3
      vertex -23.45370230895472 13.10708049460052 3
    endloop
  endfacet
  facet normal 0 0 1
    outer loop
      vertex -23.17759245786039 -13.272574370508812 3
      vertex -22.919033387626165 13.464334846191615 3
      vertex -23.17759245786039 13.272574370508812 3
    endloop
  endfacet
  facet normal 0 0 1
    outer loop
      vertex -23.17759245786039 -13.272574370508812 3
      vertex -22.680515163441164 13.680515163441166 3
      vertex -22.919033387626165 13.464334846191615 3
    endloop
  endfacet
  facet normal 0 0 1
    outer loop
      vertex -23.17759245786039 -13.272574370508812 3
      vertex -22.464334846191615 13.919033387626166 3
      vertex -22.680515163441164 13.680515163441166 3
    endloop
  endfacet
  facet normal 0 0 1
    outer loop
      vertex -23.17759245786039 -13.272574370508812 3
      vertex -22.272574370508814 14.177592457860392 3
      vertex -22.464334846191615 13.919033387626166 3
    endloop
  endfacet
  facet normal 0 0 1
    outer loop
      vertex -23.17759245786039 -13.272574370508812 3
      vertex -22.10708049460052 14.453702308954721 3
      vertex -22.272574370508814 14.177592457860392 3
    endloop
  endfacet
  facet normal 0 0 1
    outer loop
      vertex -23.17759245786039 -13.272574370508812 3
      vertex -21.969447014959893 14.744703852106118 3
      vertex -22.10708049460052 14.453702308954721 3
    endloop
  endfacet
  facet normal 0 0 1
    outer loop
      vertex -23.17759245786039 -13.272574370508812 3
      vertex -21.860999417233977 15.047794583376414 3
      vertex -21.969447014959893 14.744703852106118 3
    endloop
  endfacet
  facet normal -0.9987954563973426 0.0490676704157047 0
    outer loop
      vertex -32 18 0
      vertex -32 18 3
      vertex -31.985554181039333 18.29405142366886 3
    endloop
  endfacet
  facet normal -0.9891765091791461 0.14673047975168188 0
    outer loop
      vertex -31.985554181039333 18.29405142366886 0
      vertex -31.985554181039333 18.29405142366886 3
      vertex -31.94235584139824 18.58527096360922 3
    endloop
  endfacet
  facet normal -0.9700312537050008 0.2429801778654069 0
    outer loop
      vertex -31.94235584139824 18.58527096360922 0
      vertex -31.94235584139824 18.58527096360922 3
      vertex -31.87082100659609 18.870854035019875 3
    endloop
  endfacet
  facet normal -0.9415440627982695 0.3368898600571534 0
    outer loop
      vertex -31.87082100659609 18.870854035019875 0
      vertex -31.87082100659609 18.870854035019875 3
      vertex -31.771638594567776 19.14805030077696 3
    endloop
  endfacet
  facet normal -0.9039892934402849 0.42755509276037695 0
    outer loop
      vertex -31.771638594567776 19.14805030077696 0
      vertex -31.771638594567776 19.14805030077696 3
      vertex -31.64576379209757 19.414190210402012 3
    endloop
  endfacet
  facet normal -0.8577286120536309 0.5141027407673995 0
    outer loop
      vertex -31.64576379209757 19.414190210402012 0
      vertex -31.64576379209757 19.414190210402012 3
      vertex -31.49440883845091 19.666710697114468 3
    endloop
  endfacet
  facet normal -0.8032075295459704 0.59569930710104 0
    outer loop
      vertex -31.49440883845091 19.666710697114468 0
      vertex -31.49440883845091 19.666710697114468 3
      vertex -31.319031357765198 19.903179854154587 3
    endloop
  endfacet
  facet normal -0.7409511297873682 0.6715589499566086 0
    outer loop
      vertex -31.319031357765198 19.903179854154587 0
      vertex -31.319031357765198 19.903179854154587 3
      vertex -31.121320344507694 20.121320344507694 3
    endloop
  endfacet
  facet normal -0.6715589499566086 0.7409511297873682 0
    outer loop
      vertex -31.121320344507694 20.121320344507694 0
      vertex -31.121320344507694 20.121320344507694 3
      vertex -30.903179854154587 20.319031357765198 3
    endloop
  endfacet
  facet normal -0.59569930710104 0.8032075295459704 0
    outer loop
      vertex -30.903179854154587 20.319031357765198 0
      vertex -30.903179854154587 20.319031357765198 3
      vertex -30.666710697114468 20.49440883845091 3
    endloop
  endfacet
  facet normal -0.5141027407673995 0.8577286120536309 0
    outer loop
      vertex -30.666710697114468 20.49440883845091 0
      vertex -30.666710697114468 20.49440883845091 3
      vertex -30.414190210402012 20.64576379209757 3
    endloop
  endfacet
  facet normal -0.42755509276037695 0.9039892934402849 0
    outer loop
      vertex -30.414190210402012 20.64576379209757 0
      vertex -30.414190210402012 20.64576379209757 3
      vertex -30.14805030077696 20.771638594567776 3
    endloop
  endfacet
  facet normal -0.3368898600571534 0.9415440627982695 0
    outer loop
      vertex -30.14805030077696 20.771638594567776 0
      vertex -30.14805030077696 20.771638594567776 3
      vertex -29.870854035019875 20.87082100659609 3
    endloop
  endfacet
  facet normal -0.2429801778654069 0.9700312537050008 0
    outer loop
      vertex -29.870854035019875 20.87082100659609 0
      vertex -29.870854035019875 20.87082100659609 3
      vertex -29.58527096360922 20.94235584139824 3
    endloop
  endfacet
  facet normal -0.14673047975168188 0.9891765091791461 0
    outer loop
      vertex -29.58527096360922 20.94235584139824 0
      vertex -29.58527096360922 20.94235584139824 3
      vertex -29.29405142366886 20.985554181039333 3
    endloop
  endfacet
  facet normal -0.0490676704157047 0.9987954563973426 0
    outer loop
      vertex -29.29405142366886 20.985554181039333 0
      vertex -29.29405142366886 20.985554181039333 3
      vertex -29 21 3
    endloop
  endfacet
  facet normal 0 0 1
    outer loop
      vertex -32 18 3
      vertex -27.535665153808385 18.080966612373835 3
      vertex -31.985554181039333 18.29405142366886 3
    endloop
  endfacet
  facet normal 0 0 1
    outer loop
      vertex -32 18 3
      vertex -28.280246913580246 16 3
      vertex -28.264451628108677 16.321520422044003 3
    endloop
  endfacet
  facet normal 0 0 1
    outer loop
      vertex -32 18 3
      vertex -28.264451628108677 16.321520422044003 3
      vertex -28.21721788892763 16.63994442666278 3
    endloop
  endfacet
  facet normal 0 0 1
    outer loop
      vertex -32 18 3
      vertex -28.21721788892763 16.63994442666278 3
      vertex -28.139000582766023 16.95220541662359 3
    endloop
  endfacet
  facet normal 0 0 1
    outer loop
      vertex -32 18 3
      vertex -28.139000582766023 16.95220541662359 3
      vertex -28.030552985040107 17.25529614789388 3
    endloop
  endfacet
  facet normal 0 0 1
    outer loop
      vertex -32 18 3
      vertex -28.030552985040107 17.25529614789388 3
      vertex -27.89291950539948 17.54629769104528 3
    endloop
  endfacet
  facet normal 0 0 1
    outer loop
      vertex -32 18 3
      vertex -27.89291950539948 17.54629769104528 3
      vertex -27.727425629491186 17.82240754213961 3
    endloop
  endfacet
  facet normal 0 0 1
    outer loop
      vertex -32 18 3
      vertex -27.727425629491186 17.82240754213961 3
      vertex -27.535665153808385 18.080966612373835 3
    endloop
  endfacet
  facet normal 0 0 1
    outer loop
      vertex -31.985554181039333 18.29405142366886 3
      vertex -27.535665153808385 18.080966612373835 3
      vertex -27.319484836558836 18.319484836558836 3
    endloop
  endfacet
  facet normal 0 0 1
    outer loop
      vertex -31.985554181039333 18.29405142366886 3
      vertex -27.080966612373835 18.535665153808385 3
      vertex -31.94235584139824 18.58527096360922 3
    endloop
  endfacet
  facet normal 0 0 1
    outer loop
      vertex -31.94235584139824 18.58527096360922 3
      vertex -26.822407542139608 18.727425629491186 3
      vertex -31.87082100659609 18.870854035019875 3
    endloop
  endfacet
  facet normal 0 0 1
    outer loop
      vertex -31.87082100659609 18.870854035019875 3
      vertex -26.25529614789388 19.03055298504011 3
      vertex -31.771638594567776 19.14805030077696 3
    endloop
  endfacet
  facet normal 0 0 1
    outer loop
      vertex -31.771638594567776 19.14805030077696 3
      vertex -25.321520422044003 19.264451628108677 3
      vertex -31.64576379209757 19.414190210402012 3
    endloop
  endfacet
  facet normal 0 0 1
    outer loop
      vertex -31.985554181039333 18.29405142366886 3
      vertex -27.319484836558836 18.319484836558836 3
      vertex -27.080966612373835 18.535665153808385 3
    endloop
  endfacet
  facet normal 0 0 1
    outer loop
      vertex -31.94235584139824 18.58527096360922 3
      vertex -27.080966612373835 18.535665153808385 3
      vertex -26.822407542139608 18.727425629491186 3
    endloop
  endfacet
  facet normal 0 0 1
    outer loop
      vertex -31.87082100659609 18.870854035019875 3
      vertex -26.822407542139608 18.727425629491186 3
      vertex -26.54629769104528 18.89291950539948 3
    endloop
  endfacet
  facet normal 0 0 1
    outer loop
      vertex -31.87082100659609 18.870854035019875 3
      vertex -26.54629769104528 18.89291950539948 3
      vertex -26.25529614789388 19.03055298504011 3
    endloop
  endfacet
  facet normal 0 0 1
    outer loop
      vertex -29.58527096360922 20.94235584139824 3
      vertex -29 21 3
      vertex -29.29405142366886 20.985554181039333 3
    endloop
  endfacet
  facet normal 0 0 1
    outer loop
      vertex -31.771638594567776 19.14805030077696 3
      vertex -26.25529614789388 19.03055298504011 3
      vertex -25.95220541662359 19.139000582766023 3
    endloop
  endfacet
  facet normal 0 0 1
    outer loop
      vertex -31.771638594567776 19.14805030077696 3
      vertex -25.95220541662359 19.139000582766023 3
      vertex -25.63994442666278 19.21721788892763 3
    endloop
  endfacet
  facet normal 0 0 1
    outer loop
      vertex -31.771638594567776 19.14805030077696 3
      vertex -25.63994442666278 19.21721788892763 3
      vertex -25.321520422044003 19.264451628108677 3
    endloop
  endfacet
  facet normal 0 0 1
    outer loop
      vertex -31.64576379209757 19.414190210402012 3
      vertex -25.321520422044003 19.264451628108677 3
      vertex -25 19.280246913580246 3
    endloop
  endfacet
  facet normal 0 0 1
    outer loop
      vertex -23.17759245786039 -13.272574370508812 3
      vertex 21.860999417233977 15.047794583376414 3
      vertex -21.860999417233977 15.047794583376414 3
    endloop
  endfacet
  facet normal 0 1 0
    outer loop
      vertex -29 21 0
      vertex -29 21 3
      vertex 29 21 3
    endloop
  endfacet
  facet normal 0 0 1
    outer loop
      vertex -31.64576379209757 19.414190210402012 3
      vertex 31.121320344507694 20.121320344507694 3
      vertex -31.49440883845091 19.666710697114468 3
    endloop
  endfacet
  facet normal 0 0 1
    outer loop
      vertex -31.49440883845091 19.666710697114468 3
      vertex 30.903179854154587 20.319031357765198 3
      vertex -31.319031357765198 19.903179854154587 3
    endloop
  endfacet
  facet normal 0 0 1
    outer loop
      vertex -31.319031357765198 19.903179854154587 3
      vertex 30.666710697114468 20.49440883845091 3
      vertex -31.121320344507694 20.121320344507694 3
    endloop
  endfacet
  facet normal 0 0 1
    outer loop
      vertex -31.121320344507694 20.121320344507694 3
      vertex 30.414190210402012 20.64576379209757 3
      vertex -30.903179854154587 20.319031357765198 3
    endloop
  endfacet
  facet normal 0 0 1
    outer loop
      vertex -30.903179854154587 20.319031357765198 3
      vertex 30.14805030077696 20.771638594567776 3
      vertex -30.666710697114468 20.49440883845091 3
    endloop
  endfacet
  facet normal 0 0 1
    outer loop
      vertex -30.666710697114468 20.49440883845091 3
      vertex 29.870854035019875 20.87082100659609 3
      vertex -30.414190210402012 20.64576379209757 3
    endloop
  endfacet
  facet normal 0 0 1
    outer loop
      vertex -30.414190210402012 20.64576379209757 3
      vertex 29.58527096360922 20.94235584139824 3
      vertex -30.14805030077696 20.771638594567776 3
    endloop
  endfacet
  facet normal 0 0 1
    outer loop
      vertex -30.14805030077696 20.771638594567776 3
      vertex 29.29405142366886 20.985554181039333 3
      vertex -29.870854035019875 20.87082100659609 3
    endloop
  endfacet
  facet normal 0 0 1
    outer loop
      vertex -29.870854035019875 20.87082100659609 3
      vertex 29 21 3
      vertex -29.58527096360922 20.94235584139824 3
    endloop
  endfacet
  facet normal 0 0 1
    outer loop
      vertex -31.64576379209757 19.414190210402012 3
      vertex -25 19.280246913580246 3
      vertex 31.319031357765198 19.903179854154587 3
    endloop
  endfacet
  facet normal 0 0 1
    outer loop
      vertex -29.58527096360922 20.94235584139824 3
      vertex 29 21 3
      vertex -29 21 3
    endloop
  endfacet
  facet normal 0 0 1
    outer loop
      vertex -21.860999417233977 15.047794583376414 3
      vertex 21.78278211107237 15.360055573337219 3
      vertex -21.78278211107237 15.360055573337219 3
    endloop
  endfacet
  facet normal 0 0 1
    outer loop
      vertex -21.735548371891323 15.678479577955997 3
      vertex -21.78278211107237 15.360055573337219 3
      vertex 21.735548371891323 15.678479577955997 3
    endloop
  endfacet
  facet normal 0 0 1
    outer loop
      vertex -21.719753086419754 16 3
      vertex -21.735548371891323 15.678479577955997 3
      vertex 21.719753086419754 16 3
    endloop
  endfacet
  facet normal 0 0 1
    outer loop
      vertex -21.719753086419754 16 3
      vertex 21.735548371891323 16.321520422044003 3
      vertex -21.735548371891323 16.321520422044003 3
    endloop
  endfacet
  facet normal 0 0 1
    outer loop
      vertex -21.735548371891323 16.321520422044003 3
      vertex 21.78278211107237 16.63994442666278 3
      vertex -21.78278211107237 16.63994442666278 3
    endloop
  endfacet
  facet normal 0 0 1
    outer loop
      vertex -21.860999417233977 16.95220541662359 3
      vertex -21.78278211107237 16.63994442666278 3
      vertex 21.860999417233977 16.95220541662359 3
    endloop
  endfacet
  facet normal 0 0 1
    outer loop
      vertex -21.969447014959893 17.25529614789388 3
      vertex -21.860999417233977 16.95220541662359 3
      vertex 21.969447014959893 17.25529614789388 3
    endloop
  endfacet
  facet normal 0 0 1
    outer loop
      vertex -22.10708049460052 17.54629769104528 3
      vertex -21.969447014959893 17.25529614789388 3
      vertex 22.10708049460052 17.54629769104528 3
    endloop
  endfacet
  facet normal 0 0 1
    outer loop
      vertex -22.272574370508814 17.82240754213961 3
      vertex -22.10708049460052 17.54629769104528 3
      vertex 22.272574370508814 17.82240754213961 3
    endloop
  endfacet
  facet normal 0 0 1
    outer loop
      vertex -22.464334846191612 18.08096661237384 3
      vertex -22.272574370508814 17.82240754213961 3
      vertex 22.464334846191615 18.080966612373835 3
    endloop
  endfacet
  facet normal 0 0 1
    outer loop
      vertex 23.45370230895472 18.89291950539948 3
      vertex -22.680515163441164 18.319484836558836 3
      vertex -22.464334846191612 18.08096661237384 3
    endloop
  endfacet
  facet normal 0 0 1
    outer loop
      vertex 24.04779458337641 19.139000582766023 3
      vertex -22.919033387626165 18.535665153808385 3
      vertex -22.680515163441164 18.319484836558836 3
    endloop
  endfacet
  facet normal 0 0 1
    outer loop
      vertex 31.319031357765198 19.903179854154587 3
      vertex -25 19.280246913580246 3
      vertex -24.678479577955997 19.264451628108677 3
    endloop
  endfacet
  facet normal 0 0 1
    outer loop
      vertex 31.319031357765198 19.903179854154587 3
      vertex -24.678479577955997 19.264451628108677 3
      vertex -24.36005557333722 19.21721788892763 3
    endloop
  endfacet
  facet normal 0 0 1
    outer loop
      vertex 31.319031357765198 19.903179854154587 3
      vertex -24.36005557333722 19.21721788892763 3
      vertex -24.04779458337641 19.139000582766023 3
    endloop
  endfacet
  facet normal 0 0 1
    outer loop
      vertex 31.49440883845091 19.666710697114468 3
      vertex -24.04779458337641 19.139000582766023 3
      vertex -23.74470385210612 19.030552985040107 3
    endloop
  endfacet
  facet normal 0 0 1
    outer loop
      vertex 31.49440883845091 19.666710697114468 3
      vertex -23.74470385210612 19.030552985040107 3
      vertex -23.45370230895472 18.89291950539948 3
    endloop
  endfacet
  facet normal 0 0 1
    outer loop
      vertex 31.64576379209757 19.414190210402012 3
      vertex -23.45370230895472 18.89291950539948 3
      vertex -23.17759245786039 18.727425629491186 3
    endloop
  endfacet
  facet normal 0 0 1
    outer loop
      vertex 31.64576379209757 19.414190210402012 3
      vertex -23.17759245786039 18.727425629491186 3
      vertex -22.919033387626165 18.535665153808385 3
    endloop
  endfacet
  facet normal 0 0 -1
    outer loop
      vertex -23.797918471982868 -17.202081528017132 0
      vertex 23.797918471982868 -17.202081528017132 0
      vertex 23.921531416921802 -17.314117770716653 0
    endloop
  endfacet
  facet normal 0 0 -1
    outer loop
      vertex -23.685882229283347 -17.078468583078198 0
      vertex 23.685882229283347 -17.078468583078198 0
      vertex 23.797918471982868 -17.202081528017132 0
    endloop
  endfacet
  facet normal 0 0 -1
    outer loop
      vertex -23.586501659085673 -16.944469396133325 0
      vertex 23.586501659085673 -16.944469396133325 0
      vertex 23.685882229283347 -17.078468583078198 0
    endloop
  endfacet
  facet normal 0 0 -1
    outer loop
      vertex -23.500733850607798 -16.801374452604197 0
      vertex 23.500733850607798 -16.801374452604197 0
      vertex 23.586501659085673 -16.944469396133325 0
    endloop
  endfacet
  facet normal 0 0 -1
    outer loop
      vertex -23.429404794730814 -16.650561835020653 0
      vertex 23.429404794730814 -16.650561835020653 0
      vertex 23.500733850607798 -16.801374452604197 0
    endloop
  endfacet
  facet normal 0 0 -1
    outer loop
      vertex -23.373201429255246 -16.493483951332585 0
      vertex 23.373201429255246 -16.493483951332585 0
      vertex 23.429404794730814 -16.650561835020653 0
    endloop
  endfacet
  facet normal 0 0 -1
    outer loop
      vertex -23.332665023314508 -16.33165354742742 0
      vertex 23.332665023314508 -16.33165354742742 0
      vertex 23.373201429255246 -16.493483951332585 0
    endloop
  endfacet
  facet normal 0 0 -1
    outer loop
      vertex -23.308185964657266 -16.166629138560253 0
      vertex 23.308185964657266 -16.166629138560253 0
      vertex 23.332665023314508 -16.33165354742742 0
    endloop
  endfacet
  facet normal 0 0 -1
    outer loop
      vertex -23.3 -16 0
      vertex 23.3 -16 0
      vertex 23.308185964657266 -16.166629138560253 0
    endloop
  endfacet
  facet normal 0 0 -1
    outer loop
      vertex -23.308185964657266 -15.833370861439747 0
      vertex 23.308185964657266 -15.833370861439747 0
      vertex 23.3 -16 0
    endloop
  endfacet
  facet normal 0 0 -1
    outer loop
      vertex -23.332665023314508 -15.668346452572582 0
      vertex 23.332665023314508 -15.668346452572582 0
      vertex 23.308185964657266 -15.833370861439747 0
    endloop
  endfacet
  facet normal 0 0 -1
    outer loop
      vertex -23.373201429255246 -15.506516048667415 0
      vertex 23.373201429255246 -15.506516048667415 0
      vertex 23.332665023314508 -15.668346452572582 0
    endloop
  endfacet
  facet normal 0 0 -1
    outer loop
      vertex -23.429404794730814 -15.349438164979347 0
      vertex 23.429404794730814 -15.349438164979347 0
      vertex 23.373201429255246 -15.506516048667415 0
    endloop
  endfacet
  facet normal 0 0 -1
    outer loop
      vertex -29 -21 0
      vertex 29.58527096360922 -20.94235584139824 0
      vertex 29 -21 0
    endloop
  endfacet
  facet normal 0 0 -1
    outer loop
      vertex -29 -21 0
      vertex 29.870854035019875 -20.87082100659609 0
      vertex 29.58527096360922 -20.94235584139824 0
    endloop
  endfacet
  facet normal 0 0 -1
    outer loop
      vertex -29.29405142366886 -20.985554181039333 0
      vertex 30.14805030077696 -20.771638594567776 0
      vertex 29.870854035019875 -20.87082100659609 0
    endloop
  endfacet
  facet normal 0 0 -1
    outer loop
      vertex -29.58527096360922 -20.94235584139824 0
      vertex 30.414190210402012 -20.64576379209757 0
      vertex 30.14805030077696 -20.771638594567776 0
    endloop
  endfacet
  facet normal 0 0 -1
    outer loop
      vertex -29.870854035019875 -20.87082100659609 0
      vertex 30.666710697114468 -20.49440883845091 0
      vertex 30.414190210402012 -20.64576379209757 0
    endloop
  endfacet
  facet normal 0 0 -1
    outer loop
      vertex -30.14805030077696 -20.771638594567776 0
      vertex 30.903179854154587 -20.319031357765198 0
      vertex 30.666710697114468 -20.49440883845091 0
    endloop
  endfacet
  facet normal 0 0 -1
    outer loop
      vertex -30.414190210402012 -20.64576379209757 0
      vertex 31.121320344507694 -20.121320344507694 0
      vertex 30.903179854154587 -20.319031357765198 0
    endloop
  endfacet
  facet normal 0 0 -1
    outer loop
      vertex -30.666710697114468 -20.49440883845091 0
      vertex 31.319031357765198 -19.903179854154587 0
      vertex 31.121320344507694 -20.121320344507694 0
    endloop
  endfacet
  facet normal 0 0 -1
    outer loop
      vertex -30.903179854154587 -20.319031357765198 0
      vertex 31.49440883845091 -19.666710697114468 0
      vertex 31.319031357765198 -19.903179854154587 0
    endloop
  endfacet
  facet normal 0 0 -1
    outer loop
      vertex -31.121320344507694 -20.121320344507694 0
      vertex 31.64576379209757 -19.414190210402012 0
      vertex 31.49440883845091 -19.666710697114468 0
    endloop
  endfacet
  facet normal 0 0 -1
    outer loop
      vertex -31.319031357765198 -19.903179854154587 0
      vertex 31.771638594567776 -19.14805030077696 0
      vertex 31.64576379209757 -19.414190210402012 0
    endloop
  endfacet
  facet normal 0 0 -1
    outer loop
      vertex -31.49440883845091 -19.666710697114468 0
      vertex 31.87082100659609 -18.870854035019875 0
      vertex 31.771638594567776 -19.14805030077696 0
    endloop
  endfacet
  facet normal 0 0 -1
    outer loop
      vertex -31.64576379209757 -19.414190210402012 0
      vertex 31.94235584139824 -18.58527096360922 0
      vertex 31.87082100659609 -18.870854035019875 0
    endloop
  endfacet
  facet normal 0 0 -1
    outer loop
      vertex -31.771638594567776 -19.14805030077696 0
      vertex 31.985554181039333 -18.29405142366886 0
      vertex 31.94235584139824 -18.58527096360922 0
    endloop
  endfacet
  facet normal 0 0 -1
    outer loop
      vertex -31.87082100659609 -18.870854035019875 0
      vertex 32 -18 0
      vertex 31.985554181039333 -18.29405142366886 0
    endloop
  endfacet
  facet normal 0 0 -1
    outer loop
      vertex -24.506516048667415 -17.626798570744754 0
      vertex 24.506516048667415 -17.626798570744754 0
      vertex 24.66834645257258 -17.667334976685492 0
    endloop
  endfacet
  facet normal 0 0 -1
    outer loop
      vertex -24.349438164979347 -17.570595205269186 0
      vertex 24.349438164979347 -17.570595205269186 0
      vertex 24.506516048667415 -17.626798570744754 0
    endloop
  endfacet
  facet normal 0 0 -1
    outer loop
      vertex -24.198625547395803 -17.499266149392202 0
      vertex 24.198625547395803 -17.499266149392202 0
      vertex 24.349438164979347 -17.570595205269186 0
    endloop
  endfacet
  facet normal 0 0 -1
    outer loop
      vertex -24.055530603866675 -17.413498340914327 0
      vertex 24.055530603866675 -17.413498340914327 0
      vertex 24.198625547395803 -17.499266149392202 0
    endloop
  endfacet
  facet normal 0 0 -1
    outer loop
      vertex -24.66834645257258 -17.667334976685492 0
      vertex 24.66834645257258 -17.667334976685492 0
      vertex 24.833370861439747 -17.691814035342734 0
    endloop
  endfacet
  facet normal 0 0 -1
    outer loop
      vertex -24.66834645257258 -17.667334976685492 0
      vertex 24.833370861439747 -17.691814035342734 0
      vertex 25 -17.7 0
    endloop
  endfacet
  facet normal 0 0 -1
    outer loop
      vertex -23.921531416921802 -17.314117770716653 0
      vertex 23.921531416921802 -17.314117770716653 0
      vertex 24.055530603866675 -17.413498340914327 0
    endloop
  endfacet
  facet normal 0 0 -1
    outer loop
      vertex 32 -18 0
      vertex -24.66834645257258 -17.667334976685492 0
      vertex 25 -17.7 0
    endloop
  endfacet
  facet normal 0 0 -1
    outer loop
      vertex 32 18 0
      vertex 23.429404794730814 -15.349438164979347 0
      vertex -23.429404794730814 -15.349438164979347 0
    endloop
  endfacet
  facet normal 0 0 -1
    outer loop
      vertex 32 -18 0
      vertex 25 -17.7 0
      vertex 25.166629138560253 -17.691814035342734 0
    endloop
  endfacet
  facet normal 0 0 -1
    outer loop
      vertex 32 -18 0
      vertex 25.166629138560253 -17.691814035342734 0
      vertex 25.33165354742742 -17.667334976685492 0
    endloop
  endfacet
  facet normal 0 0 -1
    outer loop
      vertex 32 -18 0
      vertex 25.33165354742742 -17.667334976685492 0
      vertex 25.493483951332585 -17.626798570744754 0
    endloop
  endfacet
  facet normal 0 0 -1
    outer loop
      vertex 32 -18 0
      vertex 25.493483951332585 -17.626798570744754 0
      vertex 25.650561835020653 -17.570595205269186 0
    endloop
  endfacet
  facet normal 0 0 -1
    outer loop
      vertex 32 -18 0
      vertex 25.650561835020653 -17.570595205269186 0
      vertex 25.801374452604197 -17.499266149392202 0
    endloop
  endfacet
  facet normal 0 0 -1
    outer loop
      vertex 32 -18 0
      vertex 25.801374452604197 -17.499266149392202 0
      vertex 25.944469396133325 -17.413498340914327 0
    endloop
  endfacet
  facet normal 0 0 -1
    outer loop
      vertex 29 -21 0
      vertex 29.58527096360922 -20.94235584139824 0
      vertex 29.29405142366886 -20.985554181039333 0
    endloop
  endfacet
  facet normal 0 0 -1
    outer loop
      vertex 32 -18 0
      vertex 25.944469396133325 -17.413498340914327 0
      vertex 26.078468583078198 -17.314117770716653 0
    endloop
  endfacet
  facet normal 0 0 -1
    outer loop
      vertex 32 -18 0
      vertex 26.078468583078198 -17.314117770716653 0
      vertex 26.202081528017132 -17.202081528017132 0
    endloop
  endfacet
  facet normal 0 0 -1
    outer loop
      vertex 32 -18 0
      vertex 26.202081528017132 -17.202081528017132 0
      vertex 26.314117770716653 -17.078468583078198 0
    endloop
  endfacet
  facet normal 0 0 -1
    outer loop
      vertex 32 -18 0
      vertex 26.314117770716653 -17.078468583078198 0
      vertex 26.413498340914327 -16.944469396133325 0
    endloop
  endfacet
  facet normal 0 0 -1
    outer loop
      vertex 32 -18 0
      vertex 26.413498340914327 -16.944469396133325 0
      vertex 26.499266149392202 -16.801374452604197 0
    endloop
  endfacet
  facet normal 0 0 -1
    outer loop
      vertex 32 -18 0
      vertex 26.499266149392202 -16.801374452604197 0
      vertex 26.570595205269186 -16.650561835020653 0
    endloop
  endfacet
  facet normal 0 0 -1
    outer loop
      vertex 32 -18 0
      vertex 26.570595205269186 -16.650561835020653 0
      vertex 26.626798570744754 -16.493483951332585 0
    endloop
  endfacet
  facet normal 0 0 -1
    outer loop
      vertex 32 -18 0
      vertex 26.626798570744754 -16.493483951332585 0
      vertex 26.667334976685492 -16.33165354742742 0
    endloop
  endfacet
  facet normal 0 0 -1
    outer loop
      vertex 32 -18 0
      vertex 26.667334976685492 -16.33165354742742 0
      vertex 26.691814035342734 -16.166629138560253 0
    endloop
  endfacet
  facet normal 0 0 -1
    outer loop
      vertex 32 -18 0
      vertex 26.691814035342734 -16.166629138560253 0
      vertex 26.7 -16 0
    endloop
  endfacet
  facet normal 0 0 -1
    outer loop
      vertex 32 -18 0
      vertex 26.7 -16 0
      vertex 26.691814035342734 -15.833370861439747 0
    endloop
  endfacet
  facet normal 0 0 -1
    outer loop
      vertex 32 -18 0
      vertex 26.691814035342734 -15.833370861439747 0
      vertex 26.667334976685492 -15.668346452572582 0
    endloop
  endfacet
  facet normal 0 0 -1
    outer loop
      vertex 32 -18 0
      vertex 26.667334976685492 -15.668346452572582 0
      vertex 26.626798570744754 -15.506516048667415 0
    endloop
  endfacet
  facet normal 0 0 -1
    outer loop
      vertex 32 -18 0
      vertex 26.626798570744754 -15.506516048667415 0
      vertex 26.570595205269186 -15.349438164979347 0
    endloop
  endfacet
  facet normal 0 0 -1
    outer loop
      vertex 32 -18 0
      vertex 26.570595205269186 -15.349438164979347 0
      vertex 26.499266149392202 -15.198625547395803 0
    endloop
  endfacet
  facet normal 0 0 -1
    outer loop
      vertex 32 -18 0
      vertex 26.499266149392202 -15.198625547395803 0
      vertex 26.413498340914327 -15.055530603866677 0
    endloop
  endfacet
  facet normal 0 0 -1
    outer loop
      vertex 32 -18 0
      vertex 26.413498340914327 -15.055530603866677 0
      vertex 26.314117770716653 -14.921531416921802 0
    endloop
  endfacet
  facet normal 0 0 -1
    outer loop
      vertex 32 -18 0
      vertex 26.202081528017132 -14.79791847198287 0
      vertex 26.078468583078198 -14.685882229283347 0
    endloop
  endfacet
  facet normal 0 0 -1
    outer loop
      vertex 32 -18 0
      vertex 26.314117770716653 -14.921531416921802 0
      vertex 26.202081528017132 -14.79791847198287 0
    endloop
  endfacet
  facet normal 0.0490676704157047 -0.9987954563973426 0
    outer loop
      vertex 29 -21 0
      vertex 29.29405142366886 -20.985554181039333 0
      vertex 29 -21 3
    endloop
  endfacet
  facet normal 0.14673047975168188 -0.9891765091791461 0
    outer loop
      vertex 29.29405142366886 -20.985554181039333 0
      vertex 29.58527096360922 -20.94235584139824 0
      vertex 29.29405142366886 -20.985554181039333 3
    endloop
  endfacet
  facet normal 0.2429801778654069 -0.9700312537050008 0
    outer loop
      vertex 29.58527096360922 -20.94235584139824 0
      vertex 29.870854035019875 -20.87082100659609 0
      vertex 29.58527096360922 -20.94235584139824 3
    endloop
  endfacet
  facet normal 0.3368898600571534 -0.9415440627982695 0
    outer loop
      vertex 29.870854035019875 -20.87082100659609 0
      vertex 30.14805030077696 -20.771638594567776 0
      vertex 29.870854035019875 -20.87082100659609 3
    endloop
  endfacet
  facet normal 0.42755509276037695 -0.9039892934402849 0
    outer loop
      vertex 30.14805030077696 -20.771638594567776 0
      vertex 30.414190210402012 -20.64576379209757 0
      vertex 30.14805030077696 -20.771638594567776 3
    endloop
  endfacet
  facet normal 0.5141027407673995 -0.8577286120536309 0
    outer loop
      vertex 30.414190210402012 -20.64576379209757 0
      vertex 30.666710697114468 -20.49440883845091 0
      vertex 30.414190210402012 -20.64576379209757 3
    endloop
  endfacet
  facet normal 0.59569930710104 -0.8032075295459704 0
    outer loop
      vertex 30.666710697114468 -20.49440883845091 0
      vertex 30.903179854154587 -20.319031357765198 0
      vertex 30.666710697114468 -20.49440883845091 3
    endloop
  endfacet
  facet normal 0.6715589499566086 -0.7409511297873682 0
    outer loop
      vertex 30.903179854154587 -20.319031357765198 0
      vertex 31.121320344507694 -20.121320344507694 0
      vertex 30.903179854154587 -20.319031357765198 3
    endloop
  endfacet
  facet normal 0.7409511297873682 -0.6715589499566086 0
    outer loop
      vertex 31.121320344507694 -20.121320344507694 0
      vertex 31.319031357765198 -19.903179854154587 0
      vertex 31.121320344507694 -20.121320344507694 3
    endloop
  endfacet
  facet normal 0.8032075295459704 -0.59569930710104 0
    outer loop
      vertex 31.319031357765198 -19.903179854154587 0
      vertex 31.49440883845091 -19.666710697114468 0
      vertex 31.319031357765198 -19.903179854154587 3
    endloop
  endfacet
  facet normal 0.8577286120536309 -0.5141027407673995 0
    outer loop
      vertex 31.49440883845091 -19.666710697114468 0
      vertex 31.64576379209757 -19.414190210402012 0
      vertex 31.49440883845091 -19.666710697114468 3
    endloop
  endfacet
  facet normal 0.9039892934402849 -0.42755509276037695 0
    outer loop
      vertex 31.64576379209757 -19.414190210402012 0
      vertex 31.771638594567776 -19.14805030077696 0
      vertex 31.64576379209757 -19.414190210402012 3
    endloop
  endfacet
  facet normal 0.9415440627982695 -0.3368898600571534 0
    outer loop
      vertex 31.771638594567776 -19.14805030077696 0
      vertex 31.87082100659609 -18.870854035019875 0
      vertex 31.771638594567776 -19.14805030077696 3
    endloop
  endfacet
  facet normal 0.9700312537050008 -0.2429801778654069 0
    outer loop
      vertex 31.87082100659609 -18.870854035019875 0
      vertex 31.94235584139824 -18.58527096360922 0
      vertex 31.87082100659609 -18.870854035019875 3
    endloop
  endfacet
  facet normal 0.9891765091791461 -0.14673047975168188 0
    outer loop
      vertex 31.94235584139824 -18.58527096360922 0
      vertex 31.985554181039333 -18.29405142366886 0
      vertex 31.94235584139824 -18.58527096360922 3
    endloop
  endfacet
  facet normal 0.9987954563973426 -0.0490676704157047 0
    outer loop
      vertex 31.985554181039333 -18.29405142366886 0
      vertex 32 -18 0
      vertex 31.985554181039333 -18.29405142366886 3
    endloop
  endfacet
  facet normal 0 0 -1
    outer loop
      vertex 32 18 0
      vertex 23.500733850607798 -15.198625547395803 0
      vertex 23.429404794730814 -15.349438164979347 0
    endloop
  endfacet
  facet normal 0 0 -1
    outer loop
      vertex 32 18 0
      vertex 23.586501659085673 -15.055530603866677 0
      vertex 23.500733850607798 -15.198625547395803 0
    endloop
  endfacet
  facet normal 0 0 -1
    outer loop
      vertex 32 18 0
      vertex 23.685882229283347 -14.921531416921802 0
      vertex 23.586501659085673 -15.055530603866677 0
    endloop
  endfacet
  facet normal 0 0 -1
    outer loop
      vertex 32 18 0
      vertex 23.797918471982868 -14.79791847198287 0
      vertex 23.685882229283347 -14.921531416921802 0
    endloop
  endfacet
  facet normal 0 0 -1
    outer loop
      vertex 32 18 0
      vertex 23.921531416921802 -14.685882229283347 0
      vertex 23.797918471982868 -14.79791847198287 0
    endloop
  endfacet
  facet normal 0 0 -1
    outer loop
      vertex 32 18 0
      vertex 24.055530603866675 -14.586501659085673 0
      vertex 23.921531416921802 -14.685882229283347 0
    endloop
  endfacet
  facet normal 0 0 -1
    outer loop
      vertex 32 18 0
      vertex 24.198625547395803 -14.500733850607796 0
      vertex 24.055530603866675 -14.586501659085673 0
    endloop
  endfacet
  facet normal 0 0 -1
    outer loop
      vertex 32 18 0
      vertex 24.349438164979347 -14.429404794730813 0
      vertex 24.198625547395803 -14.500733850607796 0
    endloop
  endfacet
  facet normal 0 0 -1
    outer loop
      vertex 32 18 0
      vertex 24.506516048667415 -14.373201429255245 0
      vertex 24.349438164979347 -14.429404794730813 0
    endloop
  endfacet
  facet normal 0 0 -1
    outer loop
      vertex 32 18 0
      vertex 24.66834645257258 -14.332665023314508 0
      vertex 24.506516048667415 -14.373201429255245 0
    endloop
  endfacet
  facet normal 0 0 -1
    outer loop
      vertex 32 18 0
      vertex 24.833370861439747 -14.308185964657266 0
      vertex 24.66834645257258 -14.332665023314508 0
    endloop
  endfacet
  facet normal 0 0 -1
    outer loop
      vertex 32 18 0
      vertex 25 -14.3 0
      vertex 24.833370861439747 -14.308185964657266 0
    endloop
  endfacet
  facet normal 0 0 -1
    outer loop
      vertex 32 18 0
      vertex 25.166629138560253 -14.308185964657266 0
      vertex 25 -14.3 0
    endloop
  endfacet
  facet normal 0 0 -1
    outer loop
      vertex 32 18 0
      vertex 25.33165354742742 -14.332665023314508 0
      vertex 25.166629138560253 -14.308185964657266 0
    endloop
  endfacet
  facet normal 0 0 -1
    outer loop
      vertex 32 18 0
      vertex 25.801374452604197 -14.500733850607796 0
      vertex 25.650561835020653 -14.429404794730813 0
    endloop
  endfacet
  facet normal 0 0 -1
    outer loop
      vertex 32 18 0
      vertex 25.944469396133325 -14.586501659085673 0
      vertex 25.801374452604197 -14.500733850607796 0
    endloop
  endfacet
  facet normal 0 0 -1
    outer loop
      vertex 32 18 0
      vertex 25.493483951332585 -14.373201429255245 0
      vertex 25.33165354742742 -14.332665023314508 0
    endloop
  endfacet
  facet normal 0 0 -1
    outer loop
      vertex 32 18 0
      vertex 25.650561835020653 -14.429404794730813 0
      vertex 25.493483951332585 -14.373201429255245 0
    endloop
  endfacet
  facet normal 0 0 -1
    outer loop
      vertex 32 18 0
      vertex 26.078468583078198 -14.685882229283347 0
      vertex 25.944469396133325 -14.586501659085673 0
    endloop
  endfacet
  facet normal 0 0 -1
    outer loop
      vertex 32 -18 0
      vertex 26.078468583078198 -14.685882229283347 0
      vertex 32 18 0
    endloop
  endfacet
  facet normal 1 0 0
    outer loop
      vertex 32 -18 0
      vertex 32 18 0
      vertex 32 -18 3
    endloop
  endfacet
  facet normal 0 -1 0
    outer loop
      vertex -29 -21 3
      vertex 29 -21 0
      vertex 29 -21 3
    endloop
  endfacet
  facet normal 0 0 1
    outer loop
      vertex -31.64576379209757 -19.414190210402012 3
      vertex 23.17759245786039 -18.727425629491186 3
      vertex 22.919033387626165 -18.535665153808385 3
    endloop
  endfacet
  facet normal 0 0 1
    outer loop
      vertex -31.64576379209757 -19.414190210402012 3
      vertex 23.45370230895472 -18.89291950539948 3
      vertex 23.17759245786039 -18.727425629491186 3
    endloop
  endfacet
  facet normal 0 0 1
    outer loop
      vertex -31.49440883845091 -19.666710697114468 3
      vertex 23.74470385210612 -19.030552985040107 3
      vertex 23.45370230895472 -18.89291950539948 3
    endloop
  endfacet
  facet normal 0 0 1
    outer loop
      vertex -31.49440883845091 -19.666710697114468 3
      vertex 24.04779458337641 -19.139000582766023 3
      vertex 23.74470385210612 -19.030552985040107 3
    endloop
  endfacet
  facet normal 0 0 1
    outer loop
      vertex -31.319031357765198 -19.903179854154587 3
      vertex 24.36005557333722 -19.21721788892763 3
      vertex 24.04779458337641 -19.139000582766023 3
    endloop
  endfacet
  facet normal 0 0 1
    outer loop
      vertex -31.319031357765198 -19.903179854154587 3
      vertex 24.678479577955997 -19.264451628108677 3
      vertex 24.36005557333722 -19.21721788892763 3
    endloop
  endfacet
  facet normal 0 0 1
    outer loop
      vertex -31.319031357765198 -19.903179854154587 3
      vertex 25 -19.280246913580246 3
      vertex 24.678479577955997 -19.264451628108677 3
    endloop
  endfacet
  facet normal 0 0 1
    outer loop
      vertex -24.04779458337641 -19.139000582766023 3
      vertex 22.919033387626165 -18.535665153808385 3
      vertex 22.680515163441164 -18.319484836558836 3
    endloop
  endfacet
  facet normal 0 0 1
    outer loop
      vertex -23.45370230895472 -18.89291950539948 3
      vertex 22.680515163441164 -18.319484836558836 3
      vertex 22.464334846191612 -18.08096661237384 3
    endloop
  endfacet
  facet normal 0 0 1
    outer loop
      vertex -22.464334846191615 -18.080966612373835 3
      vertex 22.464334846191612 -18.08096661237384 3
      vertex 22.272574370508814 -17.82240754213961 3
    endloop
  endfacet
  facet normal 0 0 1
    outer loop
      vertex -22.272574370508814 -17.82240754213961 3
      vertex 22.272574370508814 -17.82240754213961 3
      vertex 22.10708049460052 -17.54629769104528 3
    endloop
  endfacet
  facet normal 0 0 1
    outer loop
      vertex -22.10708049460052 -17.54629769104528 3
      vertex 22.10708049460052 -17.54629769104528 3
      vertex 21.969447014959893 -17.25529614789388 3
    endloop
  endfacet
  facet normal 0 0 1
    outer loop
      vertex -21.969447014959893 -17.25529614789388 3
      vertex 21.969447014959893 -17.25529614789388 3
      vertex 21.860999417233977 -16.95220541662359 3
    endloop
  endfacet
  facet normal 0 0 1
    outer loop
      vertex -21.860999417233977 -16.95220541662359 3
      vertex 21.860999417233977 -16.95220541662359 3
      vertex 21.78278211107237 -16.63994442666278 3
    endloop
  endfacet
  facet normal 0 0 1
    outer loop
      vertex -21.78278211107237 -16.63994442666278 3
      vertex 21.78278211107237 -16.63994442666278 3
      vertex 21.735548371891323 -16.321520422044003 3
    endloop
  endfacet
  facet normal 0 0 1
    outer loop
      vertex -21.735548371891323 -16.321520422044003 3
      vertex 21.735548371891323 -16.321520422044003 3
      vertex 21.719753086419754 -16 3
    endloop
  endfacet
  facet normal 0 0 1
    outer loop
      vertex -21.719753086419754 -16 3
      vertex 21.719753086419754 -16 3
      vertex 21.735548371891323 -15.678479577955997 3
    endloop
  endfacet
  facet normal 0 0 1
    outer loop
      vertex -21.735548371891323 -15.678479577955997 3
      vertex 21.735548371891323 -15.678479577955997 3
      vertex 21.78278211107237 -15.360055573337219 3
    endloop
  endfacet
  facet normal 0 0 1
    outer loop
      vertex -21.78278211107237 -15.360055573337219 3
      vertex 21.78278211107237 -15.360055573337219 3
      vertex 21.860999417233977 -15.047794583376414 3
    endloop
  endfacet
  facet normal 0 0 1
    outer loop
      vertex -29 -21 3
      vertex 29 -21 3
      vertex 29.58527096360922 -20.94235584139824 3
    endloop
  endfacet
  facet normal 0 0 1
    outer loop
      vertex -31.319031357765198 -19.903179854154587 3
      vertex 31.64576379209757 -19.414190210402012 3
      vertex 25 -19.280246913580246 3
    endloop
  endfacet
  facet normal 0 0 1
    outer loop
      vertex -29 -21 3
      vertex 29.58527096360922 -20.94235584139824 3
      vertex 29.870854035019875 -20.87082100659609 3
    endloop
  endfacet
  facet normal 0 0 1
    outer loop
      vertex -29.29405142366886 -20.985554181039333 3
      vertex 29.870854035019875 -20.87082100659609 3
      vertex 30.14805030077696 -20.771638594567776 3
    endloop
  endfacet
  facet normal 0 0 1
    outer loop
      vertex -29.58527096360922 -20.94235584139824 3
      vertex 30.14805030077696 -20.771638594567776 3
      vertex 30.414190210402012 -20.64576379209757 3
    endloop
  endfacet
  facet normal 0 0 1
    outer loop
      vertex -29.870854035019875 -20.87082100659609 3
      vertex 30.414190210402012 -20.64576379209757 3
      vertex 30.666710697114468 -20.49440883845091 3
    endloop
  endfacet
  facet normal 0 0 1
    outer loop
      vertex -30.14805030077696 -20.771638594567776 3
      vertex 30.666710697114468 -20.49440883845091 3
      vertex 30.903179854154587 -20.319031357765198 3
    endloop
  endfacet
  facet normal 0 0 1
    outer loop
      vertex -30.414190210402012 -20.64576379209757 3
      vertex 30.903179854154587 -20.319031357765198 3
      vertex 31.121320344507694 -20.121320344507694 3
    endloop
  endfacet
  facet normal 0 0 1
    outer loop
      vertex -30.666710697114468 -20.49440883845091 3
      vertex 31.121320344507694 -20.121320344507694 3
      vertex 31.319031357765198 -19.903179854154587 3
    endloop
  endfacet
  facet normal 0 0 1
    outer loop
      vertex -30.903179854154587 -20.319031357765198 3
      vertex 31.319031357765198 -19.903179854154587 3
      vertex 31.49440883845091 -19.666710697114468 3
    endloop
  endfacet
  facet normal 0 0 1
    outer loop
      vertex -31.121320344507694 -20.121320344507694 3
      vertex 31.49440883845091 -19.666710697114468 3
      vertex 31.64576379209757 -19.414190210402012 3
    endloop
  endfacet
  facet normal 0 0 1
    outer loop
      vertex 23.17759245786039 13.272574370508812 3
      vertex -21.860999417233977 -15.047794583376414 3
      vertex 21.860999417233977 -15.047794583376414 3
    endloop
  endfacet
  facet normal 0.0490676704157047 -0.9987954563973426 0
    outer loop
      vertex 29.29405142366886 -20.985554181039333 0
      vertex 29.29405142366886 -20.985554181039333 3
      vertex 29 -21 3
    endloop
  endfacet
  facet normal 0.14673047975168188 -0.9891765091791461 0
    outer loop
      vertex 29.58527096360922 -20.94235584139824 0
      vertex 29.58527096360922 -20.94235584139824 3
      vertex 29.29405142366886 -20.985554181039333 3
    endloop
  endfacet
  facet normal 0.2429801778654069 -0.9700312537050008 0
    outer loop
      vertex 29.870854035019875 -20.87082100659609 0
      vertex 29.870854035019875 -20.87082100659609 3
      vertex 29.58527096360922 -20.94235584139824 3
    endloop
  endfacet
  facet normal 0.3368898600571534 -0.9415440627982695 0
    outer loop
      vertex 30.14805030077696 -20.771638594567776 0
      vertex 30.14805030077696 -20.771638594567776 3
      vertex 29.870854035019875 -20.87082100659609 3
    endloop
  endfacet
  facet normal 0.42755509276037695 -0.9039892934402849 0
    outer loop
      vertex 30.414190210402012 -20.64576379209757 0
      vertex 30.414190210402012 -20.64576379209757 3
      vertex 30.14805030077696 -20.771638594567776 3
    endloop
  endfacet
  facet normal 0.5141027407673995 -0.8577286120536309 0
    outer loop
      vertex 30.666710697114468 -20.49440883845091 0
      vertex 30.666710697114468 -20.49440883845091 3
      vertex 30.414190210402012 -20.64576379209757 3
    endloop
  endfacet
  facet normal 0.59569930710104 -0.8032075295459704 0
    outer loop
      vertex 30.903179854154587 -20.319031357765198 0
      vertex 30.903179854154587 -20.319031357765198 3
      vertex 30.666710697114468 -20.49440883845091 3
    endloop
  endfacet
  facet normal 0.6715589499566086 -0.7409511297873682 0
    outer loop
      vertex 31.121320344507694 -20.121320344507694 0
      vertex 31.121320344507694 -20.121320344507694 3
      vertex 30.903179854154587 -20.319031357765198 3
    endloop
  endfacet
  facet normal 0.7409511297873682 -0.6715589499566086 0
    outer loop
      vertex 31.319031357765198 -19.903179854154587 0
      vertex 31.319031357765198 -19.903179854154587 3
      vertex 31.121320344507694 -20.121320344507694 3
    endloop
  endfacet
  facet normal 0.8032075295459704 -0.59569930710104 0
    outer loop
      vertex 31.49440883845091 -19.666710697114468 0
      vertex 31.49440883845091 -19.666710697114468 3
      vertex 31.319031357765198 -19.903179854154587 3
    endloop
  endfacet
  facet normal 0.8577286120536309 -0.5141027407673995 0
    outer loop
      vertex 31.64576379209757 -19.414190210402012 0
      vertex 31.64576379209757 -19.414190210402012 3
      vertex 31.49440883845091 -19.666710697114468 3
    endloop
  endfacet
  facet normal 0.9039892934402849 -0.42755509276037695 0
    outer loop
      vertex 31.771638594567776 -19.14805030077696 0
      vertex 31.771638594567776 -19.14805030077696 3
      vertex 31.64576379209757 -19.414190210402012 3
    endloop
  endfacet
  facet normal 0.9415440627982695 -0.3368898600571534 0
    outer loop
      vertex 31.87082100659609 -18.870854035019875 0
      vertex 31.87082100659609 -18.870854035019875 3
      vertex 31.771638594567776 -19.14805030077696 3
    endloop
  endfacet
  facet normal 0.9700312537050008 -0.2429801778654069 0
    outer loop
      vertex 31.94235584139824 -18.58527096360922 0
      vertex 31.94235584139824 -18.58527096360922 3
      vertex 31.87082100659609 -18.870854035019875 3
    endloop
  endfacet
  facet normal 0.9891765091791461 -0.14673047975168188 0
    outer loop
      vertex 31.985554181039333 -18.29405142366886 0
      vertex 31.985554181039333 -18.29405142366886 3
      vertex 31.94235584139824 -18.58527096360922 3
    endloop
  endfacet
  facet normal 0.9987954563973426 -0.0490676704157047 0
    outer loop
      vertex 32 -18 0
      vertex 32 -18 3
      vertex 31.985554181039333 -18.29405142366886 3
    endloop
  endfacet
  facet normal 0 0 1
    outer loop
      vertex 31.64576379209757 -19.414190210402012 3
      vertex 25.321520422044003 -19.264451628108677 3
      vertex 25 -19.280246913580246 3
    endloop
  endfacet
  facet normal 0 0 1
    outer loop
      vertex 31.771638594567776 -19.14805030077696 3
      vertex 25.63994442666278 -19.21721788892763 3
      vertex 25.321520422044003 -19.264451628108677 3
    endloop
  endfacet
  facet normal 0 0 1
    outer loop
      vertex 31.771638594567776 -19.14805030077696 3
      vertex 25.95220541662359 -19.139000582766023 3
      vertex 25.63994442666278 -19.21721788892763 3
    endloop
  endfacet
  facet normal 0 0 1
    outer loop
      vertex 31.771638594567776 -19.14805030077696 3
      vertex 26.25529614789388 -19.03055298504011 3
      vertex 25.95220541662359 -19.139000582766023 3
    endloop
  endfacet
  facet normal 0 0 1
    outer loop
      vertex 29 -21 3
      vertex 29.29405142366886 -20.985554181039333 3
      vertex 29.58527096360922 -20.94235584139824 3
    endloop
  endfacet
  facet normal 0 0 1
    outer loop
      vertex 31.87082100659609 -18.870854035019875 3
      vertex 26.54629769104528 -18.89291950539948 3
      vertex 26.25529614789388 -19.03055298504011 3
    endloop
  endfacet
  facet normal 0 0 1
    outer loop
      vertex 31.87082100659609 -18.870854035019875 3
      vertex 26.822407542139608 -18.727425629491186 3
      vertex 26.54629769104528 -18.89291950539948 3
    endloop
  endfacet
  facet normal 0 0 1
    outer loop
      vertex 31.94235584139824 -18.58527096360922 3
      vertex 27.080966612373835 -18.535665153808385 3
      vertex 26.822407542139608 -18.727425629491186 3
    endloop
  endfacet
  facet normal 0 0 1
    outer loop
      vertex 31.985554181039333 -18.29405142366886 3
      vertex 27.319484836558836 -18.319484836558836 3
      vertex 27.080966612373835 -18.535665153808385 3
    endloop
  endfacet
  facet normal 0 0 1
    outer loop
      vertex 31.64576379209757 -19.414190210402012 3
      vertex 31.771638594567776 -19.14805030077696 3
      vertex 25.321520422044003 -19.264451628108677 3
    endloop
  endfacet
  facet normal 0 0 1
    outer loop
      vertex 31.771638594567776 -19.14805030077696 3
      vertex 31.87082100659609 -18.870854035019875 3
      vertex 26.25529614789388 -19.03055298504011 3
    endloop
  endfacet
  facet normal 0 0 1
    outer loop
      vertex 31.87082100659609 -18.870854035019875 3
      vertex 31.94235584139824 -18.58527096360922 3
      vertex 26.822407542139608 -18.727425629491186 3
    endloop
  endfacet
  facet normal 0 0 1
    outer loop
      vertex 31.94235584139824 -18.58527096360922 3
      vertex 31.985554181039333 -18.29405142366886 3
      vertex 27.080966612373835 -18.535665153808385 3
    endloop
  endfacet
  facet normal 0 0 1
    outer loop
      vertex 31.985554181039333 -18.29405142366886 3
      vertex 27.535665153808385 -18.080966612373835 3
      vertex 27.319484836558836 -18.319484836558836 3
    endloop
  endfacet
  facet normal 0 0 1
    outer loop
      vertex 32 -18 3
      vertex 27.727425629491186 -17.82240754213961 3
      vertex 27.535665153808385 -18.080966612373835 3
    endloop
  endfacet
  facet normal 0 0 1
    outer loop
      vertex 32 -18 3
      vertex 27.89291950539948 -17.54629769104528 3
      vertex 27.727425629491186 -17.82240754213961 3
    endloop
  endfacet
  facet normal 0 0 1
    outer loop
      vertex 32 -18 3
      vertex 28.030552985040107 -17.25529614789388 3
      vertex 27.89291950539948 -17.54629769104528 3
    endloop
  endfacet
  facet normal 0 0 1
    outer loop
      vertex 32 -18 3
      vertex 28.139000582766023 -16.95220541662359 3
      vertex 28.030552985040107 -17.25529614789388 3
    endloop
  endfacet
  facet normal 0 0 1
    outer loop
      vertex 32 -18 3
      vertex 28.21721788892763 -16.63994442666278 3
      vertex 28.139000582766023 -16.95220541662359 3
    endloop
  endfacet
  facet normal 0 0 1
    outer loop
      vertex 32 -18 3
      vertex 28.264451628108677 -16.321520422044003 3
      vertex 28.21721788892763 -16.63994442666278 3
    endloop
  endfacet
  facet normal 0 0 1
    outer loop
      vertex 32 -18 3
      vertex 28.280246913580246 -16 3
      vertex 28.264451628108677 -16.321520422044003 3
    endloop
  endfacet
  facet normal 0 0 1
    outer loop
      vertex 31.985554181039333 -18.29405142366886 3
      vertex 32 -18 3
      vertex 27.535665153808385 -18.080966612373835 3
    endloop
  endfacet
  facet normal 0 0 1
    outer loop
      vertex 23.17759245786039 13.272574370508812 3
      vertex 21.860999417233977 -15.047794583376414 3
      vertex 21.969447014959893 -14.744703852106118 3
    endloop
  endfacet
  facet normal 0 0 1
    outer loop
      vertex 23.17759245786039 13.272574370508812 3
      vertex 21.969447014959893 -14.744703852106118 3
      vertex 22.10708049460052 -14.453702308954721 3
    endloop
  endfacet
  facet normal 0 0 1
    outer loop
      vertex 23.17759245786039 13.272574370508812 3
      vertex 22.10708049460052 -14.453702308954721 3
      vertex 22.272574370508814 -14.177592457860392 3
    endloop
  endfacet
  facet normal 0 0 1
    outer loop
      vertex 23.17759245786039 13.272574370508812 3
      vertex 22.272574370508814 -14.177592457860392 3
      vertex 22.464334846191615 -13.919033387626166 3
    endloop
  endfacet
  facet normal 0 0 1
    outer loop
      vertex 23.17759245786039 13.272574370508812 3
      vertex 22.464334846191615 -13.919033387626166 3
      vertex 22.680515163441164 -13.680515163441166 3
    endloop
  endfacet
  facet normal 0 0 1
    outer loop
      vertex 23.17759245786039 13.272574370508812 3
      vertex 22.680515163441164 -13.680515163441166 3
      vertex 22.919033387626165 -13.464334846191615 3
    endloop
  endfacet
  facet normal 0 0 1
    outer loop
      vertex 23.17759245786039 13.272574370508812 3
      vertex 22.919033387626165 -13.464334846191615 3
      vertex 23.17759245786039 -13.272574370508812 3
    endloop
  endfacet
  facet normal 0 0 1
    outer loop
      vertex 23.17759245786039 13.272574370508812 3
      vertex 23.17759245786039 -13.272574370508812 3
      vertex 23.45370230895472 -13.10708049460052 3
    endloop
  endfacet
  facet normal 0 0 1
    outer loop
      vertex 23.74470385210612 -12.96944701495989 3
      vertex 23.45370230895472 13.10708049460052 3
      vertex 23.45370230895472 -13.10708049460052 3
    endloop
  endfacet
  facet normal 0 0 1
    outer loop
      vertex 24.04779458337641 -12.860999417233977 3
      vertex 23.74470385210612 12.96944701495989 3
      vertex 23.74470385210612 -12.96944701495989 3
    endloop
  endfacet
  facet normal 0 0 1
    outer loop
      vertex 28.264451628108677 15.678479577955997 3
      vertex 28.264451628108677 -15.678479577955997 3
      vertex 28.280246913580246 -16 3
    endloop
  endfacet
  facet normal 0 0 1
    outer loop
      vertex 32 -18 3
      vertex 32 18 3
      vertex 28.280246913580246 -16 3
    endloop
  endfacet
  facet normal 0 0 1
    outer loop
      vertex 24.36005557333722 -12.782782111072367 3
      vertex 24.04779458337641 12.860999417233977 3
      vertex 24.04779458337641 -12.860999417233977 3
    endloop
  endfacet
  facet normal 0 0 1
    outer loop
      vertex 24.678479577955997 -12.735548371891324 3
      vertex 24.36005557333722 12.782782111072367 3
      vertex 24.36005557333722 -12.782782111072367 3
    endloop
  endfacet
  facet normal 0 0 1
    outer loop
      vertex 25 -12.719753086419752 3
      vertex 24.678479577955997 12.735548371891324 3
      vertex 24.678479577955997 -12.735548371891324 3
    endloop
  endfacet
  facet normal 0 0 1
    outer loop
      vertex 25 -12.719753086419752 3
      vertex 25.321520422044003 -12.735548371891324 3
      vertex 25 12.719753086419752 3
    endloop
  endfacet
  facet normal 0 0 1
    outer loop
      vertex 25.321520422044003 -12.735548371891324 3
      vertex 25.63994442666278 -12.782782111072367 3
      vertex 25.321520422044003 12.735548371891324 3
    endloop
  endfacet
  facet normal 0 0 1
    outer loop
      vertex 25.63994442666278 -12.782782111072367 3
      vertex 25.95220541662359 -12.860999417233977 3
      vertex 25.63994442666278 12.782782111072367 3
    endloop
  endfacet
  facet normal 0 0 1
    outer loop
      vertex 25.95220541662359 -12.860999417233977 3
      vertex 26.25529614789388 -12.96944701495989 3
      vertex 25.95220541662359 12.860999417233977 3
    endloop
  endfacet
  facet normal 0 0 1
    outer loop
      vertex 26.25529614789388 -12.96944701495989 3
      vertex 26.54629769104528 -13.10708049460052 3
      vertex 26.25529614789388 12.96944701495989 3
    endloop
  endfacet
  facet normal 0 0 1
    outer loop
      vertex 26.54629769104528 -13.10708049460052 3
      vertex 26.82240754213961 -13.272574370508812 3
      vertex 26.54629769104528 13.10708049460052 3
    endloop
  endfacet
  facet normal 0 0 1
    outer loop
      vertex 26.82240754213961 -13.272574370508812 3
      vertex 27.080966612373835 -13.464334846191615 3
      vertex 26.82240754213961 13.272574370508812 3
    endloop
  endfacet
  facet normal 0 0 1
    outer loop
      vertex 27.319484836558836 -13.680515163441166 3
      vertex 27.535665153808385 -13.919033387626166 3
      vertex 27.319484836558836 13.680515163441166 3
    endloop
  endfacet
  facet normal 0 0 1
    outer loop
      vertex 27.535665153808385 -13.919033387626166 3
      vertex 27.727425629491186 -14.177592457860392 3
      vertex 27.535665153808385 13.919033387626166 3
    endloop
  endfacet
  facet normal 0 0 1
    outer loop
      vertex 27.727425629491186 -14.177592457860392 3
      vertex 27.89291950539948 -14.453702308954721 3
      vertex 27.727425629491186 14.177592457860392 3
    endloop
  endfacet
  facet normal 0 0 1
    outer loop
      vertex 27.89291950539948 -14.453702308954721 3
      vertex 28.030552985040107 -14.744703852106118 3
      vertex 27.89291950539948 14.453702308954721 3
    endloop
  endfacet
  facet normal 0 0 1
    outer loop
      vertex 27.080966612373835 -13.464334846191615 3
      vertex 27.319484836558836 -13.680515163441166 3
      vertex 27.080966612373835 13.464334846191615 3
    endloop
  endfacet
  facet normal 0 0 1
    outer loop
      vertex 28.264451628108677 -15.678479577955997 3
      vertex 28.21721788892763 15.360055573337219 3
      vertex 28.21721788892763 -15.360055573337219 3
    endloop
  endfacet
  facet normal 0 0 1
    outer loop
      vertex 28.139000582766023 -15.047794583376414 3
      vertex 28.21721788892763 -15.360055573337219 3
      vertex 28.139000582766023 15.047794583376414 3
    endloop
  endfacet
  facet normal 0 0 1
    outer loop
      vertex 28.030552985040107 -14.744703852106118 3
      vertex 28.139000582766023 -15.047794583376414 3
      vertex 28.030552985040107 14.744703852106118 3
    endloop
  endfacet
  facet normal 0 0 -1
    outer loop
      vertex -32 -18 0
      vertex 24.66834645257258 14.332665023314508 0
      vertex 24.833370861439747 14.308185964657266 0
    endloop
  endfacet
  facet normal 0 0 -1
    outer loop
      vertex -32 -18 0
      vertex 24.833370861439747 14.308185964657266 0
      vertex 25 14.3 0
    endloop
  endfacet
  facet normal 0 0 -1
    outer loop
      vertex -25.166629138560253 -14.308185964657266 0
      vertex 25 14.3 0
      vertex 25.166629138560253 14.308185964657266 0
    endloop
  endfacet
  facet normal 0 0 -1
    outer loop
      vertex -25 -14.3 0
      vertex 25.166629138560253 14.308185964657266 0
      vertex 25.33165354742742 14.332665023314508 0
    endloop
  endfacet
  facet normal 0 0 -1
    outer loop
      vertex -25 -14.3 0
      vertex 25.33165354742742 14.332665023314508 0
      vertex 25.493483951332585 14.373201429255245 0
    endloop
  endfacet
  facet normal 0 0 -1
    outer loop
      vertex -25 -14.3 0
      vertex 25.493483951332585 14.373201429255245 0
      vertex 25.650561835020653 14.429404794730813 0
    endloop
  endfacet
  facet normal 0 0 -1
    outer loop
      vertex -25 -14.3 0
      vertex 25.650561835020653 14.429404794730813 0
      vertex 25.801374452604197 14.500733850607796 0
    endloop
  endfacet
  facet normal 0 0 -1
    outer loop
      vertex 32 18 0
      vertex -25 -14.3 0
      vertex 25.801374452604197 14.500733850607796 0
    endloop
  endfacet
  facet normal 0 0 -1
    outer loop
      vertex -23.797918471982868 14.79791847198287 0
      vertex 23.797918471982868 14.79791847198287 0
      vertex 23.921531416921802 14.685882229283347 0
    endloop
  endfacet
  facet normal 0 0 -1
    outer loop
      vertex -23.685882229283347 14.921531416921802 0
      vertex 23.685882229283347 14.921531416921802 0
      vertex 23.797918471982868 14.79791847198287 0
    endloop
  endfacet
  facet normal 0 0 -1
    outer loop
      vertex -23.586501659085673 15.055530603866677 0
      vertex 23.586501659085673 15.055530603866677 0
      vertex 23.685882229283347 14.921531416921802 0
    endloop
  endfacet
  facet normal 0 0 -1
    outer loop
      vertex -23.500733850607798 15.198625547395803 0
      vertex 23.500733850607798 15.198625547395803 0
      vertex 23.586501659085673 15.055530603866677 0
    endloop
  endfacet
  facet normal 0 0 -1
    outer loop
      vertex -23.429404794730814 15.349438164979347 0
      vertex 23.429404794730814 15.349438164979347 0
      vertex 23.500733850607798 15.198625547395803 0
    endloop
  endfacet
  facet normal 0 0 -1
    outer loop
      vertex -23.373201429255246 15.506516048667415 0
      vertex 23.373201429255246 15.506516048667415 0
      vertex 23.429404794730814 15.349438164979347 0
    endloop
  endfacet
  facet normal 0 0 -1
    outer loop
      vertex -23.332665023314508 15.668346452572582 0
      vertex 23.332665023314508 15.668346452572582 0
      vertex 23.373201429255246 15.506516048667415 0
    endloop
  endfacet
  facet normal 0 0 -1
    outer loop
      vertex -32 18 0
      vertex 24.833370861439747 17.691814035342734 0
      vertex 24.66834645257258 17.667334976685492 0
    endloop
  endfacet
  facet normal 0 0 -1
    outer loop
      vertex -32 18 0
      vertex 25 17.7 0
      vertex 24.833370861439747 17.691814035342734 0
    endloop
  endfacet
  facet normal 0 0 -1
    outer loop
      vertex -23.308185964657266 15.833370861439747 0
      vertex 23.308185964657266 15.833370861439747 0
      vertex 23.332665023314508 15.668346452572582 0
    endloop
  endfacet
  facet normal 0 0 -1
    outer loop
      vertex -23.3 16 0
      vertex 23.3 16 0
      vertex 23.308185964657266 15.833370861439747 0
    endloop
  endfacet
  facet normal 0 0 -1
    outer loop
      vertex -23.308185964657266 16.166629138560253 0
      vertex 23.308185964657266 16.166629138560253 0
      vertex 23.3 16 0
    endloop
  endfacet
  facet normal 0 0 -1
    outer loop
      vertex -23.332665023314508 16.33165354742742 0
      vertex 23.332665023314508 16.33165354742742 0
      vertex 23.308185964657266 16.166629138560253 0
    endloop
  endfacet
  facet normal 0 0 -1
    outer loop
      vertex -23.373201429255246 16.493483951332585 0
      vertex 23.373201429255246 16.493483951332585 0
      vertex 23.332665023314508 16.33165354742742 0
    endloop
  endfacet
  facet normal 0 0 -1
    outer loop
      vertex -23.429404794730814 16.650561835020653 0
      vertex 23.429404794730814 16.650561835020653 0
      vertex 23.373201429255246 16.493483951332585 0
    endloop
  endfacet
  facet normal 0 0 -1
    outer loop
      vertex -23.500733850607798 16.801374452604197 0
      vertex 23.500733850607798 16.801374452604197 0
      vertex 23.429404794730814 16.650561835020653 0
    endloop
  endfacet
  facet normal 0 0 -1
    outer loop
      vertex -23.586501659085673 16.944469396133325 0
      vertex 23.586501659085673 16.944469396133325 0
      vertex 23.500733850607798 16.801374452604197 0
    endloop
  endfacet
  facet normal 0 0 -1
    outer loop
      vertex -23.685882229283347 17.078468583078198 0
      vertex 23.685882229283347 17.078468583078198 0
      vertex 23.586501659085673 16.944469396133325 0
    endloop
  endfacet
  facet normal 0 0 -1
    outer loop
      vertex -23.797918471982868 17.202081528017132 0
      vertex 23.797918471982868 17.202081528017132 0
      vertex 23.685882229283347 17.078468583078198 0
    endloop
  endfacet
  facet normal 0 0 -1
    outer loop
      vertex -23.921531416921802 17.314117770716653 0
      vertex 23.921531416921802 17.314117770716653 0
      vertex 23.797918471982868 17.202081528017132 0
    endloop
  endfacet
  facet normal 0 0 -1
    outer loop
      vertex -24.055530603866675 17.413498340914327 0
      vertex 24.055530603866675 17.413498340914327 0
      vertex 23.921531416921802 17.314117770716653 0
    endloop
  endfacet
  facet normal 0 0 -1
    outer loop
      vertex -24.349438164979347 14.429404794730813 0
      vertex 24.349438164979347 14.429404794730813 0
      vertex 24.506516048667415 14.373201429255245 0
    endloop
  endfacet
  facet normal 0 0 -1
    outer loop
      vertex 24.66834645257258 14.332665023314508 0
      vertex -24.506516048667415 14.373201429255245 0
      vertex 24.506516048667415 14.373201429255245 0
    endloop
  endfacet
  facet normal 0 0 -1
    outer loop
      vertex -24.198625547395803 14.500733850607796 0
      vertex 24.198625547395803 14.500733850607796 0
      vertex 24.349438164979347 14.429404794730813 0
    endloop
  endfacet
  facet normal 0 0 -1
    outer loop
      vertex -24.055530603866675 14.586501659085673 0
      vertex 24.055530603866675 14.586501659085673 0
      vertex 24.198625547395803 14.500733850607796 0
    endloop
  endfacet
  facet normal 0 0 -1
    outer loop
      vertex -23.921531416921802 14.685882229283347 0
      vertex 23.921531416921802 14.685882229283347 0
      vertex 24.055530603866675 14.586501659085673 0
    endloop
  endfacet
  facet normal 0 0 -1
    outer loop
      vertex -24.198625547395803 17.499266149392202 0
      vertex 24.198625547395803 17.499266149392202 0
      vertex 24.055530603866675 17.413498340914327 0
    endloop
  endfacet
  facet normal 0 0 -1
    outer loop
      vertex -24.349438164979347 17.570595205269186 0
      vertex 24.349438164979347 17.570595205269186 0
      vertex 24.198625547395803 17.499266149392202 0
    endloop
  endfacet
  facet normal 0 0 -1
    outer loop
      vertex -24.506516048667415 17.626798570744754 0
      vertex 24.506516048667415 17.626798570744754 0
      vertex 24.349438164979347 17.570595205269186 0
    endloop
  endfacet
  facet normal 0 0 -1
    outer loop
      vertex -24.66834645257258 17.667334976685492 0
      vertex 24.66834645257258 17.667334976685492 0
      vertex 24.506516048667415 17.626798570744754 0
    endloop
  endfacet
  facet normal 0 0 -1
    outer loop
      vertex -32 18 0
      vertex 31.94235584139824 18.58527096360922 0
      vertex 25 17.7 0
    endloop
  endfacet
  facet normal 0 0 -1
    outer loop
      vertex -29.870854035019875 20.87082100659609 0
      vertex 29 21 0
      vertex 29.29405142366886 20.985554181039333 0
    endloop
  endfacet
  facet normal 0 0 -1
    outer loop
      vertex -31.121320344507694 20.121320344507694 0
      vertex 30.414190210402012 20.64576379209757 0
      vertex 30.666710697114468 20.49440883845091 0
    endloop
  endfacet
  facet normal 0 0 -1
    outer loop
      vertex -30.903179854154587 20.319031357765198 0
      vertex 30.14805030077696 20.771638594567776 0
      vertex 30.414190210402012 20.64576379209757 0
    endloop
  endfacet
  facet normal 0 0 -1
    outer loop
      vertex -30.414190210402012 20.64576379209757 0
      vertex 29.58527096360922 20.94235584139824 0
      vertex 29.870854035019875 20.87082100659609 0
    endloop
  endfacet
  facet normal 0 0 -1
    outer loop
      vertex -30.14805030077696 20.771638594567776 0
      vertex 29.29405142366886 20.985554181039333 0
      vertex 29.58527096360922 20.94235584139824 0
    endloop
  endfacet
  facet normal 0 0 -1
    outer loop
      vertex -30.666710697114468 20.49440883845091 0
      vertex 29.870854035019875 20.87082100659609 0
      vertex 30.14805030077696 20.771638594567776 0
    endloop
  endfacet
  facet normal 0 0 -1
    outer loop
      vertex -32 18 0
      vertex 31.87082100659609 18.870854035019875 0
      vertex 31.94235584139824 18.58527096360922 0
    endloop
  endfacet
  facet normal 0 0 -1
    outer loop
      vertex -31.985554181039333 18.29405142366886 0
      vertex 31.771638594567776 19.14805030077696 0
      vertex 31.87082100659609 18.870854035019875 0
    endloop
  endfacet
  facet normal 0 0 -1
    outer loop
      vertex -31.94235584139824 18.58527096360922 0
      vertex 31.64576379209757 19.414190210402012 0
      vertex 31.771638594567776 19.14805030077696 0
    endloop
  endfacet
  facet normal 0 0 -1
    outer loop
      vertex -31.87082100659609 18.870854035019875 0
      vertex 31.49440883845091 19.666710697114468 0
      vertex 31.64576379209757 19.414190210402012 0
    endloop
  endfacet
  facet normal 0 0 -1
    outer loop
      vertex -31.771638594567776 19.14805030077696 0
      vertex 31.319031357765198 19.903179854154587 0
      vertex 31.49440883845091 19.666710697114468 0
    endloop
  endfacet
  facet normal 0 0 -1
    outer loop
      vertex -31.64576379209757 19.414190210402012 0
      vertex 31.121320344507694 20.121320344507694 0
      vertex 31.319031357765198 19.903179854154587 0
    endloop
  endfacet
  facet normal 0 0 -1
    outer loop
      vertex -31.49440883845091 19.666710697114468 0
      vertex 30.903179854154587 20.319031357765198 0
      vertex 31.121320344507694 20.121320344507694 0
    endloop
  endfacet
  facet normal 0 0 -1
    outer loop
      vertex -31.319031357765198 19.903179854154587 0
      vertex 30.666710697114468 20.49440883845091 0
      vertex 30.903179854154587 20.319031357765198 0
    endloop
  endfacet
  facet normal 0 1 0
    outer loop
      vertex -29 21 0
      vertex 29 21 3
      vertex 29 21 0
    endloop
  endfacet
  facet normal 0 0 -1
    outer loop
      vertex 32 18 0
      vertex 25.801374452604197 14.500733850607796 0
      vertex 25.944469396133325 14.586501659085673 0
    endloop
  endfacet
  facet normal 0 0 -1
    outer loop
      vertex 31.94235584139824 18.58527096360922 0
      vertex 25.166629138560253 17.691814035342734 0
      vertex 25 17.7 0
    endloop
  endfacet
  facet normal 0 0 -1
    outer loop
      vertex 31.94235584139824 18.58527096360922 0
      vertex 25.33165354742742 17.667334976685492 0
      vertex 25.166629138560253 17.691814035342734 0
    endloop
  endfacet
  facet normal 0 0 -1
    outer loop
      vertex 31.94235584139824 18.58527096360922 0
      vertex 25.493483951332585 17.626798570744754 0
      vertex 25.33165354742742 17.667334976685492 0
    endloop
  endfacet
  facet normal 0 0 -1
    outer loop
      vertex 31.94235584139824 18.58527096360922 0
      vertex 25.650561835020653 17.570595205269186 0
      vertex 25.493483951332585 17.626798570744754 0
    endloop
  endfacet
  facet normal 0 0 -1
    outer loop
      vertex 31.94235584139824 18.58527096360922 0
      vertex 26.078468583078198 17.314117770716653 0
      vertex 25.944469396133325 17.413498340914327 0
    endloop
  endfacet
  facet normal 0 0 -1
    outer loop
      vertex 31.94235584139824 18.58527096360922 0
      vertex 25.944469396133325 17.413498340914327 0
      vertex 25.801374452604197 17.499266149392202 0
    endloop
  endfacet
  facet normal 0 0 -1
    outer loop
      vertex 31.94235584139824 18.58527096360922 0
      vertex 25.801374452604197 17.499266149392202 0
      vertex 25.650561835020653 17.570595205269186 0
    endloop
  endfacet
  facet normal 0 0 -1
    outer loop
      vertex 32 18 0
      vertex 25.944469396133325 14.586501659085673 0
      vertex 26.078468583078198 14.685882229283347 0
    endloop
  endfacet
  facet normal 0 0 -1
    outer loop
      vertex 32 18 0
      vertex 26.078468583078198 14.685882229283347 0
      vertex 26.202081528017132 14.79791847198287 0
    endloop
  endfacet
  facet normal 0 0 -1
    outer loop
      vertex 32 18 0
      vertex 26.202081528017132 14.79791847198287 0
      vertex 26.314117770716653 14.921531416921802 0
    endloop
  endfacet
  facet normal 0 0 -1
    outer loop
      vertex 32 18 0
      vertex 26.314117770716653 14.921531416921802 0
      vertex 26.413498340914327 15.055530603866677 0
    endloop
  endfacet
  facet normal 0 0 -1
    outer loop
      vertex 32 18 0
      vertex 26.413498340914327 15.055530603866677 0
      vertex 26.499266149392202 15.198625547395803 0
    endloop
  endfacet
  facet normal 0 0 -1
    outer loop
      vertex 31.985554181039333 18.29405142366886 0
      vertex 26.499266149392202 15.198625547395803 0
      vertex 26.570595205269186 15.349438164979347 0
    endloop
  endfacet
  facet normal 0 0 -1
    outer loop
      vertex 31.985554181039333 18.29405142366886 0
      vertex 26.570595205269186 15.349438164979347 0
      vertex 26.626798570744754 15.506516048667415 0
    endloop
  endfacet
  facet normal 0 0 -1
    outer loop
      vertex 31.985554181039333 18.29405142366886 0
      vertex 26.626798570744754 15.506516048667415 0
      vertex 26.667334976685492 15.668346452572582 0
    endloop
  endfacet
  facet normal 0 0 -1
    outer loop
      vertex 31.94235584139824 18.58527096360922 0
      vertex 26.667334976685492 15.668346452572582 0
      vertex 26.691814035342734 15.833370861439747 0
    endloop
  endfacet
  facet normal 0 0 -1
    outer loop
      vertex 31.94235584139824 18.58527096360922 0
      vertex 26.691814035342734 15.833370861439747 0
      vertex 26.7 16 0
    endloop
  endfacet
  facet normal 0 0 -1
    outer loop
      vertex 31.94235584139824 18.58527096360922 0
      vertex 26.7 16 0
      vertex 26.691814035342734 16.166629138560253 0
    endloop
  endfacet
  facet normal 0 0 -1
    outer loop
      vertex 31.94235584139824 18.58527096360922 0
      vertex 26.691814035342734 16.166629138560253 0
      vertex 26.667334976685492 16.33165354742742 0
    endloop
  endfacet
  facet normal 0 0 -1
    outer loop
      vertex 31.94235584139824 18.58527096360922 0
      vertex 26.667334976685492 16.33165354742742 0
      vertex 26.626798570744754 16.493483951332585 0
    endloop
  endfacet
  facet normal 0 0 -1
    outer loop
      vertex 31.94235584139824 18.58527096360922 0
      vertex 26.570595205269186 16.650561835020653 0
      vertex 26.499266149392202 16.801374452604197 0
    endloop
  endfacet
  facet normal 0 0 -1
    outer loop
      vertex 31.94235584139824 18.58527096360922 0
      vertex 26.626798570744754 16.493483951332585 0
      vertex 26.570595205269186 16.650561835020653 0
    endloop
  endfacet
  facet normal 0 0 -1
    outer loop
      vertex 31.94235584139824 18.58527096360922 0
      vertex 26.413498340914327 16.944469396133325 0
      vertex 26.314117770716653 17.078468583078198 0
    endloop
  endfacet
  facet normal 0 0 -1
    outer loop
      vertex 31.94235584139824 18.58527096360922 0
      vertex 26.202081528017132 17.202081528017132 0
      vertex 26.078468583078198 17.314117770716653 0
    endloop
  endfacet
  facet normal 0 0 -1
    outer loop
      vertex 31.94235584139824 18.58527096360922 0
      vertex 26.314117770716653 17.078468583078198 0
      vertex 26.202081528017132 17.202081528017132 0
    endloop
  endfacet
  facet normal 0 0 -1
    outer loop
      vertex 31.94235584139824 18.58527096360922 0
      vertex 26.499266149392202 16.801374452604197 0
      vertex 26.413498340914327 16.944469396133325 0
    endloop
  endfacet
  facet normal 0 0 -1
    outer loop
      vertex 32 18 0
      vertex 26.499266149392202 15.198625547395803 0
      vertex 31.985554181039333 18.29405142366886 0
    endloop
  endfacet
  facet normal 0 0 -1
    outer loop
      vertex 31.985554181039333 18.29405142366886 0
      vertex 26.667334976685492 15.668346452572582 0
      vertex 31.94235584139824 18.58527096360922 0
    endloop
  endfacet
  facet normal 0.9987954563973426 0.0490676704157047 0
    outer loop
      vertex 32 18 0
      vertex 31.985554181039333 18.29405142366886 0
      vertex 32 18 3
    endloop
  endfacet
  facet normal 0.0490676704157047 0.9987954563973426 0
    outer loop
      vertex 29 21 0
      vertex 29.29405142366886 20.985554181039333 3
      vertex 29.29405142366886 20.985554181039333 0
    endloop
  endfacet
  facet normal 0.14673047975168188 0.9891765091791461 0
    outer loop
      vertex 29.29405142366886 20.985554181039333 0
      vertex 29.58527096360922 20.94235584139824 3
      vertex 29.58527096360922 20.94235584139824 0
    endloop
  endfacet
  facet normal 0.2429801778654069 0.9700312537050008 0
    outer loop
      vertex 29.58527096360922 20.94235584139824 0
      vertex 29.870854035019875 20.87082100659609 3
      vertex 29.870854035019875 20.87082100659609 0
    endloop
  endfacet
  facet normal 0.9891765091791461 0.14673047975168188 0
    outer loop
      vertex 31.985554181039333 18.29405142366886 0
      vertex 31.94235584139824 18.58527096360922 0
      vertex 31.985554181039333 18.29405142366886 3
    endloop
  endfacet
  facet normal 0.9700312537050008 0.2429801778654069 0
    outer loop
      vertex 31.94235584139824 18.58527096360922 0
      vertex 31.87082100659609 18.870854035019875 0
      vertex 31.94235584139824 18.58527096360922 3
    endloop
  endfacet
  facet normal 0.9415440627982695 0.3368898600571534 0
    outer loop
      vertex 31.87082100659609 18.870854035019875 0
      vertex 31.771638594567776 19.14805030077696 0
      vertex 31.87082100659609 18.870854035019875 3
    endloop
  endfacet
  facet normal 0.9039892934402849 0.42755509276037695 0
    outer loop
      vertex 31.771638594567776 19.14805030077696 0
      vertex 31.64576379209757 19.414190210402012 0
      vertex 31.771638594567776 19.14805030077696 3
    endloop
  endfacet
  facet normal 0.8577286120536309 0.5141027407673995 0
    outer loop
      vertex 31.49440883845091 19.666710697114468 0
      vertex 31.64576379209757 19.414190210402012 3
      vertex 31.64576379209757 19.414190210402012 0
    endloop
  endfacet
  facet normal 0.3368898600571534 0.9415440627982695 0
    outer loop
      vertex 29.870854035019875 20.87082100659609 0
      vertex 30.14805030077696 20.771638594567776 3
      vertex 30.14805030077696 20.771638594567776 0
    endloop
  endfacet
  facet normal 0.42755509276037695 0.9039892934402849 0
    outer loop
      vertex 30.414190210402012 20.64576379209757 0
      vertex 30.14805030077696 20.771638594567776 0
      vertex 30.414190210402012 20.64576379209757 3
    endloop
  endfacet
  facet normal 0.5141027407673995 0.8577286120536309 0
    outer loop
      vertex 30.414190210402012 20.64576379209757 0
      vertex 30.666710697114468 20.49440883845091 3
      vertex 30.666710697114468 20.49440883845091 0
    endloop
  endfacet
  facet normal 0.59569930710104 0.8032075295459704 0
    outer loop
      vertex 30.903179854154587 20.319031357765198 0
      vertex 30.666710697114468 20.49440883845091 0
      vertex 30.903179854154587 20.319031357765198 3
    endloop
  endfacet
  facet normal 0.8032075295459704 0.59569930710104 0
    outer loop
      vertex 31.49440883845091 19.666710697114468 0
      vertex 31.319031357765198 19.903179854154587 0
      vertex 31.49440883845091 19.666710697114468 3
    endloop
  endfacet
  facet normal 0.7409511297873682 0.6715589499566086 0
    outer loop
      vertex 31.319031357765198 19.903179854154587 0
      vertex 31.121320344507694 20.121320344507694 0
      vertex 31.319031357765198 19.903179854154587 3
    endloop
  endfacet
  facet normal 0.6715589499566086 0.7409511297873682 0
    outer loop
      vertex 30.903179854154587 20.319031357765198 0
      vertex 31.121320344507694 20.121320344507694 3
      vertex 31.121320344507694 20.121320344507694 0
    endloop
  endfacet
  facet normal 0 0 1
    outer loop
      vertex -23.17759245786039 -13.272574370508812 3
      vertex 23.17759245786039 13.272574370508812 3
      vertex 22.919033387626165 13.464334846191615 3
    endloop
  endfacet
  facet normal 0 0 1
    outer loop
      vertex -23.17759245786039 -13.272574370508812 3
      vertex 22.919033387626165 13.464334846191615 3
      vertex 22.680515163441164 13.680515163441166 3
    endloop
  endfacet
  facet normal 0 0 1
    outer loop
      vertex -23.17759245786039 -13.272574370508812 3
      vertex 22.680515163441164 13.680515163441166 3
      vertex 22.464334846191615 13.919033387626166 3
    endloop
  endfacet
  facet normal 0 0 1
    outer loop
      vertex -23.17759245786039 -13.272574370508812 3
      vertex 22.464334846191615 13.919033387626166 3
      vertex 22.272574370508814 14.177592457860392 3
    endloop
  endfacet
  facet normal 0 0 1
    outer loop
      vertex -23.17759245786039 -13.272574370508812 3
      vertex 22.272574370508814 14.177592457860392 3
      vertex 22.10708049460052 14.453702308954721 3
    endloop
  endfacet
  facet normal 0 0 1
    outer loop
      vertex -23.17759245786039 -13.272574370508812 3
      vertex 22.10708049460052 14.453702308954721 3
      vertex 21.969447014959893 14.744703852106118 3
    endloop
  endfacet
  facet normal 0 0 1
    outer loop
      vertex -23.17759245786039 -13.272574370508812 3
      vertex 21.969447014959893 14.744703852106118 3
      vertex 21.860999417233977 15.047794583376414 3
    endloop
  endfacet
  facet normal 0 0 1
    outer loop
      vertex -21.860999417233977 15.047794583376414 3
      vertex 21.860999417233977 15.047794583376414 3
      vertex 21.78278211107237 15.360055573337219 3
    endloop
  endfacet
  facet normal 0 0 1
    outer loop
      vertex -21.78278211107237 15.360055573337219 3
      vertex 21.78278211107237 15.360055573337219 3
      vertex 21.735548371891323 15.678479577955997 3
    endloop
  endfacet
  facet normal 0 0 1
    outer loop
      vertex -21.735548371891323 15.678479577955997 3
      vertex 21.735548371891323 15.678479577955997 3
      vertex 21.719753086419754 16 3
    endloop
  endfacet
  facet normal 0 0 1
    outer loop
      vertex -21.719753086419754 16 3
      vertex 21.719753086419754 16 3
      vertex 21.735548371891323 16.321520422044003 3
    endloop
  endfacet
  facet normal 0 0 1
    outer loop
      vertex -21.735548371891323 16.321520422044003 3
      vertex 21.735548371891323 16.321520422044003 3
      vertex 21.78278211107237 16.63994442666278 3
    endloop
  endfacet
  facet normal 0 0 1
    outer loop
      vertex -21.78278211107237 16.63994442666278 3
      vertex 21.78278211107237 16.63994442666278 3
      vertex 21.860999417233977 16.95220541662359 3
    endloop
  endfacet
  facet normal 0 0 1
    outer loop
      vertex -21.860999417233977 16.95220541662359 3
      vertex 21.860999417233977 16.95220541662359 3
      vertex 21.969447014959893 17.25529614789388 3
    endloop
  endfacet
  facet normal 0 0 1
    outer loop
      vertex -21.969447014959893 17.25529614789388 3
      vertex 21.969447014959893 17.25529614789388 3
      vertex 22.10708049460052 17.54629769104528 3
    endloop
  endfacet
  facet normal 0 0 1
    outer loop
      vertex -22.10708049460052 17.54629769104528 3
      vertex 22.10708049460052 17.54629769104528 3
      vertex 22.272574370508814 17.82240754213961 3
    endloop
  endfacet
  facet normal 0 0 1
    outer loop
      vertex -22.272574370508814 17.82240754213961 3
      vertex 22.272574370508814 17.82240754213961 3
      vertex 22.464334846191615 18.080966612373835 3
    endloop
  endfacet
  facet normal 0 0 1
    outer loop
      vertex -22.464334846191612 18.08096661237384 3
      vertex 22.464334846191615 18.080966612373835 3
      vertex 22.680515163441164 18.319484836558836 3
    endloop
  endfacet
  facet normal 0 0 1
    outer loop
      vertex -22.464334846191612 18.08096661237384 3
      vertex 22.680515163441164 18.319484836558836 3
      vertex 22.919033387626165 18.535665153808385 3
    endloop
  endfacet
  facet normal 0 0 1
    outer loop
      vertex -22.464334846191612 18.08096661237384 3
      vertex 22.919033387626165 18.535665153808385 3
      vertex 23.17759245786039 18.727425629491186 3
    endloop
  endfacet
  facet normal 0 0 1
    outer loop
      vertex -22.464334846191612 18.08096661237384 3
      vertex 23.17759245786039 18.727425629491186 3
      vertex 23.45370230895472 18.89291950539948 3
    endloop
  endfacet
  facet normal 0 0 1
    outer loop
      vertex -22.680515163441164 18.319484836558836 3
      vertex 23.45370230895472 18.89291950539948 3
      vertex 23.74470385210612 19.03055298504011 3
    endloop
  endfacet
  facet normal 0 0 1
    outer loop
      vertex -22.680515163441164 18.319484836558836 3
      vertex 23.74470385210612 19.03055298504011 3
      vertex 24.04779458337641 19.139000582766023 3
    endloop
  endfacet
  facet normal 0 0 1
    outer loop
      vertex -22.919033387626165 18.535665153808385 3
      vertex 24.04779458337641 19.139000582766023 3
      vertex 24.36005557333722 19.21721788892763 3
    endloop
  endfacet
  facet normal 0 0 1
    outer loop
      vertex -22.919033387626165 18.535665153808385 3
      vertex 24.36005557333722 19.21721788892763 3
      vertex 24.678479577955997 19.264451628108677 3
    endloop
  endfacet
  facet normal 0 0 1
    outer loop
      vertex -22.919033387626165 18.535665153808385 3
      vertex 24.678479577955997 19.264451628108677 3
      vertex 25 19.280246913580246 3
    endloop
  endfacet
  facet normal 0 0 1
    outer loop
      vertex -29.870854035019875 20.87082100659609 3
      vertex 29.29405142366886 20.985554181039333 3
      vertex 29 21 3
    endloop
  endfacet
  facet normal 0 0 1
    outer loop
      vertex -31.121320344507694 20.121320344507694 3
      vertex 30.666710697114468 20.49440883845091 3
      vertex 30.414190210402012 20.64576379209757 3
    endloop
  endfacet
  facet normal 0 0 1
    outer loop
      vertex -30.903179854154587 20.319031357765198 3
      vertex 30.414190210402012 20.64576379209757 3
      vertex 30.14805030077696 20.771638594567776 3
    endloop
  endfacet
  facet normal 0 0 1
    outer loop
      vertex -30.414190210402012 20.64576379209757 3
      vertex 29.870854035019875 20.87082100659609 3
      vertex 29.58527096360922 20.94235584139824 3
    endloop
  endfacet
  facet normal 0 0 1
    outer loop
      vertex -30.14805030077696 20.771638594567776 3
      vertex 29.58527096360922 20.94235584139824 3
      vertex 29.29405142366886 20.985554181039333 3
    endloop
  endfacet
  facet normal 0 0 1
    outer loop
      vertex -30.666710697114468 20.49440883845091 3
      vertex 30.14805030077696 20.771638594567776 3
      vertex 29.870854035019875 20.87082100659609 3
    endloop
  endfacet
  facet normal 0 0 1
    outer loop
      vertex 31.64576379209757 19.414190210402012 3
      vertex -22.919033387626165 18.535665153808385 3
      vertex 25 19.280246913580246 3
    endloop
  endfacet
  facet normal 0 0 1
    outer loop
      vertex -31.64576379209757 19.414190210402012 3
      vertex 31.319031357765198 19.903179854154587 3
      vertex 31.121320344507694 20.121320344507694 3
    endloop
  endfacet
  facet normal 0 0 1
    outer loop
      vertex -31.49440883845091 19.666710697114468 3
      vertex 31.121320344507694 20.121320344507694 3
      vertex 30.903179854154587 20.319031357765198 3
    endloop
  endfacet
  facet normal 0 0 1
    outer loop
      vertex -31.319031357765198 19.903179854154587 3
      vertex 30.903179854154587 20.319031357765198 3
      vertex 30.666710697114468 20.49440883845091 3
    endloop
  endfacet
  facet normal 0 0 1
    outer loop
      vertex 31.49440883845091 19.666710697114468 3
      vertex 31.319031357765198 19.903179854154587 3
      vertex -24.04779458337641 19.139000582766023 3
    endloop
  endfacet
  facet normal 0 0 1
    outer loop
      vertex 31.49440883845091 19.666710697114468 3
      vertex -23.45370230895472 18.89291950539948 3
      vertex 31.64576379209757 19.414190210402012 3
    endloop
  endfacet
  facet normal 1 0 0
    outer loop
      vertex 32 -18 3
      vertex 32 18 0
      vertex 32 18 3
    endloop
  endfacet
  facet normal 0 0 1
    outer loop
      vertex 23.45370230895472 -13.10708049460052 3
      vertex 23.45370230895472 13.10708049460052 3
      vertex 23.17759245786039 13.272574370508812 3
    endloop
  endfacet
  facet normal 0 0 1
    outer loop
      vertex 23.74470385210612 -12.96944701495989 3
      vertex 23.74470385210612 12.96944701495989 3
      vertex 23.45370230895472 13.10708049460052 3
    endloop
  endfacet
  facet normal 0 0 1
    outer loop
      vertex 24.04779458337641 -12.860999417233977 3
      vertex 24.04779458337641 12.860999417233977 3
      vertex 23.74470385210612 12.96944701495989 3
    endloop
  endfacet
  facet normal 0 0 1
    outer loop
      vertex 24.36005557333722 -12.782782111072367 3
      vertex 24.36005557333722 12.782782111072367 3
      vertex 24.04779458337641 12.860999417233977 3
    endloop
  endfacet
  facet normal 0 0 1
    outer loop
      vertex 24.678479577955997 -12.735548371891324 3
      vertex 24.678479577955997 12.735548371891324 3
      vertex 24.36005557333722 12.782782111072367 3
    endloop
  endfacet
  facet normal 0 0 1
    outer loop
      vertex 25 -12.719753086419752 3
      vertex 25 12.719753086419752 3
      vertex 24.678479577955997 12.735548371891324 3
    endloop
  endfacet
  facet normal 0 0 1
    outer loop
      vertex 25.321520422044003 -12.735548371891324 3
      vertex 25.321520422044003 12.735548371891324 3
      vertex 25 12.719753086419752 3
    endloop
  endfacet
  facet normal 0 0 1
    outer loop
      vertex 25.63994442666278 -12.782782111072367 3
      vertex 25.63994442666278 12.782782111072367 3
      vertex 25.321520422044003 12.735548371891324 3
    endloop
  endfacet
  facet normal 0 0 1
    outer loop
      vertex 25.95220541662359 -12.860999417233977 3
      vertex 25.95220541662359 12.860999417233977 3
      vertex 25.63994442666278 12.782782111072367 3
    endloop
  endfacet
  facet normal 0 0 1
    outer loop
      vertex 26.25529614789388 -12.96944701495989 3
      vertex 26.25529614789388 12.96944701495989 3
      vertex 25.95220541662359 12.860999417233977 3
    endloop
  endfacet
  facet normal 0 0 1
    outer loop
      vertex 26.54629769104528 -13.10708049460052 3
      vertex 26.54629769104528 13.10708049460052 3
      vertex 26.25529614789388 12.96944701495989 3
    endloop
  endfacet
  facet normal 0 0 1
    outer loop
      vertex 26.82240754213961 -13.272574370508812 3
      vertex 26.82240754213961 13.272574370508812 3
      vertex 26.54629769104528 13.10708049460052 3
    endloop
  endfacet
  facet normal 0 0 1
    outer loop
      vertex 27.080966612373835 -13.464334846191615 3
      vertex 27.080966612373835 13.464334846191615 3
      vertex 26.82240754213961 13.272574370508812 3
    endloop
  endfacet
  facet normal 0 0 1
    outer loop
      vertex 27.319484836558836 -13.680515163441166 3
      vertex 27.319484836558836 13.680515163441166 3
      vertex 27.080966612373835 13.464334846191615 3
    endloop
  endfacet
  facet normal 0 0 1
    outer loop
      vertex 27.535665153808385 -13.919033387626166 3
      vertex 27.535665153808385 13.919033387626166 3
      vertex 27.319484836558836 13.680515163441166 3
    endloop
  endfacet
  facet normal 0 0 1
    outer loop
      vertex 27.727425629491186 -14.177592457860392 3
      vertex 27.727425629491186 14.177592457860392 3
      vertex 27.535665153808385 13.919033387626166 3
    endloop
  endfacet
  facet normal 0 0 1
    outer loop
      vertex 27.89291950539948 -14.453702308954721 3
      vertex 27.89291950539948 14.453702308954721 3
      vertex 27.727425629491186 14.177592457860392 3
    endloop
  endfacet
  facet normal 0 0 1
    outer loop
      vertex 28.030552985040107 -14.744703852106118 3
      vertex 28.030552985040107 14.744703852106118 3
      vertex 27.89291950539948 14.453702308954721 3
    endloop
  endfacet
  facet normal 0 0 1
    outer loop
      vertex 28.139000582766023 -15.047794583376414 3
      vertex 28.139000582766023 15.047794583376414 3
      vertex 28.030552985040107 14.744703852106118 3
    endloop
  endfacet
  facet normal 0 0 1
    outer loop
      vertex 28.21721788892763 -15.360055573337219 3
      vertex 28.21721788892763 15.360055573337219 3
      vertex 28.139000582766023 15.047794583376414 3
    endloop
  endfacet
  facet normal 0 0 1
    outer loop
      vertex 28.264451628108677 -15.678479577955997 3
      vertex 28.264451628108677 15.678479577955997 3
      vertex 28.21721788892763 15.360055573337219 3
    endloop
  endfacet
  facet normal 0 0 1
    outer loop
      vertex 32 18 3
      vertex 28.264451628108677 15.678479577955997 3
      vertex 28.280246913580246 -16 3
    endloop
  endfacet
  facet normal 0.9987954563973426 0.0490676704157047 0
    outer loop
      vertex 31.985554181039333 18.29405142366886 0
      vertex 31.985554181039333 18.29405142366886 3
      vertex 32 18 3
    endloop
  endfacet
  facet normal 0.0490676704157047 0.9987954563973426 0
    outer loop
      vertex 29 21 0
      vertex 29 21 3
      vertex 29.29405142366886 20.985554181039333 3
    endloop
  endfacet
  facet normal 0.14673047975168188 0.9891765091791461 0
    outer loop
      vertex 29.29405142366886 20.985554181039333 0
      vertex 29.29405142366886 20.985554181039333 3
      vertex 29.58527096360922 20.94235584139824 3
    endloop
  endfacet
  facet normal 0.2429801778654069 0.9700312537050008 0
    outer loop
      vertex 29.58527096360922 20.94235584139824 0
      vertex 29.58527096360922 20.94235584139824 3
      vertex 29.870854035019875 20.87082100659609 3
    endloop
  endfacet
  facet normal 0.3368898600571534 0.9415440627982695 0
    outer loop
      vertex 29.870854035019875 20.87082100659609 0
      vertex 29.870854035019875 20.87082100659609 3
      vertex 30.14805030077696 20.771638594567776 3
    endloop
  endfacet
  facet normal 0.9891765091791461 0.14673047975168188 0
    outer loop
      vertex 31.94235584139824 18.58527096360922 0
      vertex 31.94235584139824 18.58527096360922 3
      vertex 31.985554181039333 18.29405142366886 3
    endloop
  endfacet
  facet normal 0.9700312537050008 0.2429801778654069 0
    outer loop
      vertex 31.87082100659609 18.870854035019875 0
      vertex 31.87082100659609 18.870854035019875 3
      vertex 31.94235584139824 18.58527096360922 3
    endloop
  endfacet
  facet normal 0.9039892934402849 0.42755509276037695 0
    outer loop
      vertex 31.64576379209757 19.414190210402012 0
      vertex 31.64576379209757 19.414190210402012 3
      vertex 31.771638594567776 19.14805030077696 3
    endloop
  endfacet
  facet normal 0.9415440627982695 0.3368898600571534 0
    outer loop
      vertex 31.771638594567776 19.14805030077696 0
      vertex 31.771638594567776 19.14805030077696 3
      vertex 31.87082100659609 18.870854035019875 3
    endloop
  endfacet
  facet normal 0.8577286120536309 0.5141027407673995 0
    outer loop
      vertex 31.49440883845091 19.666710697114468 0
      vertex 31.49440883845091 19.666710697114468 3
      vertex 31.64576379209757 19.414190210402012 3
    endloop
  endfacet
  facet normal 0.6715589499566086 0.7409511297873682 0
    outer loop
      vertex 30.903179854154587 20.319031357765198 0
      vertex 30.903179854154587 20.319031357765198 3
      vertex 31.121320344507694 20.121320344507694 3
    endloop
  endfacet
  facet normal 0.5141027407673995 0.8577286120536309 0
    outer loop
      vertex 30.414190210402012 20.64576379209757 0
      vertex 30.414190210402012 20.64576379209757 3
      vertex 30.666710697114468 20.49440883845091 3
    endloop
  endfacet
  facet normal 0.42755509276037695 0.9039892934402849 0
    outer loop
      vertex 30.14805030077696 20.771638594567776 0
      vertex 30.14805030077696 20.771638594567776 3
      vertex 30.414190210402012 20.64576379209757 3
    endloop
  endfacet
  facet normal 0.59569930710104 0.8032075295459704 0
    outer loop
      vertex 30.666710697114468 20.49440883845091 0
      vertex 30.666710697114468 20.49440883845091 3
      vertex 30.903179854154587 20.319031357765198 3
    endloop
  endfacet
  facet normal 0.8032075295459704 0.59569930710104 0
    outer loop
      vertex 31.319031357765198 19.903179854154587 0
      vertex 31.319031357765198 19.903179854154587 3
      vertex 31.49440883845091 19.666710697114468 3
    endloop
  endfacet
  facet normal 0.7409511297873682 0.6715589499566086 0
    outer loop
      vertex 31.121320344507694 20.121320344507694 0
      vertex 31.121320344507694 20.121320344507694 3
      vertex 31.319031357765198 19.903179854154587 3
    endloop
  endfacet
  facet normal 0 0 1
    outer loop
      vertex 31.64576379209757 19.414190210402012 3
      vertex 25 19.280246913580246 3
      vertex 25.321520422044003 19.264451628108677 3
    endloop
  endfacet
  facet normal 0 0 1
    outer loop
      vertex 31.64576379209757 19.414190210402012 3
      vertex 25.321520422044003 19.264451628108677 3
      vertex 25.63994442666278 19.21721788892763 3
    endloop
  endfacet
  facet normal 0 0 1
    outer loop
      vertex 31.64576379209757 19.414190210402012 3
      vertex 25.63994442666278 19.21721788892763 3
      vertex 25.95220541662359 19.139000582766023 3
    endloop
  endfacet
  facet normal 0 0 1
    outer loop
      vertex 31.64576379209757 19.414190210402012 3
      vertex 25.95220541662359 19.139000582766023 3
      vertex 26.25529614789388 19.030552985040107 3
    endloop
  endfacet
  facet normal 0 0 1
    outer loop
      vertex 32 18 3
      vertex 28.280246913580246 16 3
      vertex 28.264451628108677 15.678479577955997 3
    endloop
  endfacet
  facet normal 0 0 1
    outer loop
      vertex 31.985554181039333 18.29405142366886 3
      vertex 28.264451628108677 16.321520422044003 3
      vertex 28.280246913580246 16 3
    endloop
  endfacet
  facet normal 0 0 1
    outer loop
      vertex 31.94235584139824 18.58527096360922 3
      vertex 27.319484836558836 18.319484836558836 3
      vertex 27.535665153808385 18.080966612373835 3
    endloop
  endfacet
  facet normal 0 0 1
    outer loop
      vertex 31.94235584139824 18.58527096360922 3
      vertex 28.21721788892763 16.63994442666278 3
      vertex 28.264451628108677 16.321520422044003 3
    endloop
  endfacet
  facet normal 0 0 1
    outer loop
      vertex 31.94235584139824 18.58527096360922 3
      vertex 28.139000582766023 16.95220541662359 3
      vertex 28.21721788892763 16.63994442666278 3
    endloop
  endfacet
  facet normal 0 0 1
    outer loop
      vertex 31.94235584139824 18.58527096360922 3
      vertex 28.030552985040107 17.25529614789388 3
      vertex 28.139000582766023 16.95220541662359 3
    endloop
  endfacet
  facet normal 0 0 1
    outer loop
      vertex 31.94235584139824 18.58527096360922 3
      vertex 27.727425629491186 17.82240754213961 3
      vertex 27.89291950539948 17.54629769104528 3
    endloop
  endfacet
  facet normal 0 0 1
    outer loop
      vertex 31.94235584139824 18.58527096360922 3
      vertex 27.89291950539948 17.54629769104528 3
      vertex 28.030552985040107 17.25529614789388 3
    endloop
  endfacet
  facet normal 0 0 1
    outer loop
      vertex 31.94235584139824 18.58527096360922 3
      vertex 27.535665153808385 18.080966612373835 3
      vertex 27.727425629491186 17.82240754213961 3
    endloop
  endfacet
  facet normal 0 0 1
    outer loop
      vertex 32 18 3
      vertex 31.985554181039333 18.29405142366886 3
      vertex 28.280246913580246 16 3
    endloop
  endfacet
  facet normal 0 0 1
    outer loop
      vertex 31.985554181039333 18.29405142366886 3
      vertex 31.94235584139824 18.58527096360922 3
      vertex 28.264451628108677 16.321520422044003 3
    endloop
  endfacet
  facet normal 0 0 1
    outer loop
      vertex 31.771638594567776 19.14805030077696 3
      vertex 26.25529614789388 19.030552985040107 3
      vertex 26.54629769104528 18.89291950539948 3
    endloop
  endfacet
  facet normal 0 0 1
    outer loop
      vertex 31.771638594567776 19.14805030077696 3
      vertex 26.54629769104528 18.89291950539948 3
      vertex 26.82240754213961 18.727425629491186 3
    endloop
  endfacet
  facet normal 0 0 1
    outer loop
      vertex 31.94235584139824 18.58527096360922 3
      vertex 27.080966612373835 18.535665153808385 3
      vertex 27.319484836558836 18.319484836558836 3
    endloop
  endfacet
  facet normal 0 0 1
    outer loop
      vertex 31.87082100659609 18.870854035019875 3
      vertex 26.82240754213961 18.727425629491186 3
      vertex 27.080966612373835 18.535665153808385 3
    endloop
  endfacet
  facet normal 0 0 1
    outer loop
      vertex 31.771638594567776 19.14805030077696 3
      vertex 31.64576379209757 19.414190210402012 3
      vertex 26.25529614789388 19.030552985040107 3
    endloop
  endfacet
  facet normal 0 0 1
    outer loop
      vertex 31.94235584139824 18.58527096360922 3
      vertex 31.87082100659609 18.870854035019875 3
      vertex 27.080966612373835 18.535665153808385 3
    endloop
  endfacet
  facet normal 0 0 1
    outer loop
      vertex 31.87082100659609 18.870854035019875 3
      vertex 31.771638594567776 19.14805030077696 3
      vertex 26.82240754213961 18.727425629491186 3
    endloop
  endfacet
endsolid OpenSCAD_Model
