solid OpenSCAD_Model
  facet normal 0.8032075314806314 0.5956993044924516 0
    outer loop
      vertex -77.31411777071665 -43.0784685830782 0
      vertex -77.41349834091433 -42.94446939613332 0
      vertex -77.41349834091433 -42.94446939613332 5
    endloop
  endfacet
  facet normal 0.8577286100002947 0.514102744193184 0
    outer loop
      vertex -77.41349834091433 -42.94446939613332 0
      vertex -77.4992661493922 -42.80137445260419 0
      vertex -77.4992661493922 -42.80137445260419 5
    endloop
  endfacet
  facet normal 0.9039892931234325 0.42755509343030496 0
    outer loop
      vertex -77.4992661493922 -42.80137445260419 0
      vertex -77.57059520526919 -42.65056183502065 0
      vertex -77.57059520526919 -42.65056183502065 5
    endloop
  endfacet
  facet normal 0.9415440651830207 0.3368898533922202 0
    outer loop
      vertex -77.57059520526919 -42.65056183502065 0
      vertex -77.62679857074475 -42.493483951332585 0
      vertex -77.62679857074475 -42.493483951332585 5
    endloop
  endfacet
  facet normal 0.9700312531945378 0.2429801799032888 0
    outer loop
      vertex -77.62679857074475 -42.493483951332585 0
      vertex -77.6673349766855 -42.331653547427415 0
      vertex -77.6673349766855 -42.331653547427415 5
    endloop
  endfacet
  facet normal 0.9891765099647875 0.14673047445531834 0
    outer loop
      vertex -77.6673349766855 -42.331653547427415 0
      vertex -77.69181403534273 -42.16662913856025 0
      vertex -77.69181403534273 -42.16662913856025 5
    endloop
  endfacet
  facet normal 0.42755509343027015 0.903989293123449 0
    outer loop
      vertex -76.8013744526042 -43.499266149392206 0
      vertex -76.8013744526042 -43.499266149392206 5
      vertex -76.65056183502065 -43.570595205269186 0
    endloop
  endfacet
  facet normal 0.5956993044924649 0.8032075314806215 0
    outer loop
      vertex -77.07846858307819 -43.314117770716656 0
      vertex -77.07846858307819 -43.314117770716656 5
      vertex -76.94446939613333 -43.41349834091433 0
    endloop
  endfacet
  facet normal 0.7409511253549745 0.6715589548470012 0
    outer loop
      vertex -77.20208152801713 -43.20208152801713 0
      vertex -77.31411777071665 -43.0784685830782 0
      vertex -77.31411777071665 -43.0784685830782 5
    endloop
  endfacet
  facet normal 0.6715589548470035 0.7409511253549727 0
    outer loop
      vertex -77.07846858307819 -43.314117770716656 0
      vertex -77.20208152801713 -43.20208152801713 0
      vertex -77.20208152801713 -43.20208152801713 5
    endloop
  endfacet
  facet normal 0.5141027441931966 0.8577286100002871 0
    outer loop
      vertex -76.94446939613333 -43.41349834091433 0
      vertex -76.94446939613333 -43.41349834091433 5
      vertex -76.8013744526042 -43.499266149392206 0
    endloop
  endfacet
  facet normal 0.33688985339223376 0.9415440651830158 0
    outer loop
      vertex -76.65056183502065 -43.570595205269186 0
      vertex -76.65056183502065 -43.570595205269186 5
      vertex -76.49348395133259 -43.626798570744754 0
    endloop
  endfacet
  facet normal 0.24298017990324874 0.9700312531945479 0
    outer loop
      vertex -76.49348395133259 -43.626798570744754 0
      vertex -76.49348395133259 -43.626798570744754 5
      vertex -76.33165354742742 -43.66733497668549 0
    endloop
  endfacet
  facet normal 0.1467304744553955 0.9891765099647759 0
    outer loop
      vertex -76.33165354742742 -43.66733497668549 0
      vertex -76.33165354742742 -43.66733497668549 5
      vertex -76.16662913856025 -43.69181403534274 0
    endloop
  endfacet
  facet normal 0.04906767432741787 0.9987954562051725 0
    outer loop
      vertex -76.16662913856025 -43.69181403534274 0
      vertex -76.16662913856025 -43.69181403534274 5
      vertex -76 -43.7 0
    endloop
  endfacet
  facet normal -0.04906767432741787 0.9987954562051725 0
    outer loop
      vertex -76 -43.7 0
      vertex -76 -43.7 5
      vertex -75.83337086143975 -43.69181403534274 0
    endloop
  endfacet
  facet normal 0.9987954562051702 0.04906767432746035 0
    outer loop
      vertex -77.69181403534273 -42.16662913856025 0
      vertex -77.7 -42 0
      vertex -77.7 -42 5
    endloop
  endfacet
  facet normal 0.9987954562051702 -0.04906767432746035 0
    outer loop
      vertex -77.7 -42 0
      vertex -77.69181403534273 -41.83337086143975 0
      vertex -77.69181403534273 -41.83337086143975 5
    endloop
  endfacet
  facet normal 0.9891765099647875 -0.14673047445531834 0
    outer loop
      vertex -77.69181403534273 -41.83337086143975 0
      vertex -77.6673349766855 -41.668346452572585 0
      vertex -77.6673349766855 -41.668346452572585 5
    endloop
  endfacet
  facet normal 0.9700312531945378 -0.2429801799032888 0
    outer loop
      vertex -77.6673349766855 -41.668346452572585 0
      vertex -77.62679857074475 -41.506516048667415 0
      vertex -77.62679857074475 -41.506516048667415 5
    endloop
  endfacet
  facet normal 0.9415440651830207 -0.3368898533922202 0
    outer loop
      vertex -77.62679857074475 -41.506516048667415 0
      vertex -77.57059520526919 -41.34943816497935 0
      vertex -77.57059520526919 -41.34943816497935 5
    endloop
  endfacet
  facet normal 0.9039892931234325 -0.42755509343030496 0
    outer loop
      vertex -77.57059520526919 -41.34943816497935 0
      vertex -77.4992661493922 -41.19862554739581 0
      vertex -77.4992661493922 -41.19862554739581 5
    endloop
  endfacet
  facet normal 0.8577286100002947 -0.514102744193184 0
    outer loop
      vertex -77.4992661493922 -41.19862554739581 0
      vertex -77.41349834091433 -41.05553060386668 0
      vertex -77.41349834091433 -41.05553060386668 5
    endloop
  endfacet
  facet normal 0.8032075314806314 -0.5956993044924516 0
    outer loop
      vertex -77.41349834091433 -41.05553060386668 0
      vertex -77.31411777071665 -40.9215314169218 0
      vertex -77.31411777071665 -40.9215314169218 5
    endloop
  endfacet
  facet normal 0.7409511253549745 -0.6715589548470012 0
    outer loop
      vertex -77.31411777071665 -40.9215314169218 0
      vertex -77.20208152801713 -40.79791847198287 0
      vertex -77.20208152801713 -40.79791847198287 5
    endloop
  endfacet
  facet normal 0.6715589548470035 -0.7409511253549727 0
    outer loop
      vertex -77.07846858307819 -40.685882229283344 0
      vertex -77.07846858307819 -40.685882229283344 5
      vertex -77.20208152801713 -40.79791847198287 0
    endloop
  endfacet
  facet normal 0.5956993044924649 -0.8032075314806215 0
    outer loop
      vertex -76.94446939613333 -40.58650165908567 0
      vertex -76.94446939613333 -40.58650165908567 5
      vertex -77.07846858307819 -40.685882229283344 0
    endloop
  endfacet
  facet normal 0.5141027441931966 -0.8577286100002871 0
    outer loop
      vertex -76.8013744526042 -40.500733850607794 0
      vertex -76.8013744526042 -40.500733850607794 5
      vertex -76.94446939613333 -40.58650165908567 0
    endloop
  endfacet
  facet normal -0.1467304744553955 0.9891765099647759 0
    outer loop
      vertex -75.83337086143975 -43.69181403534274 0
      vertex -75.83337086143975 -43.69181403534274 5
      vertex -75.66834645257258 -43.66733497668549 0
    endloop
  endfacet
  facet normal -0.24298017990324874 0.9700312531945479 0
    outer loop
      vertex -75.66834645257258 -43.66733497668549 0
      vertex -75.66834645257258 -43.66733497668549 5
      vertex -75.50651604866741 -43.626798570744754 0
    endloop
  endfacet
  facet normal -0.33688985339223376 0.9415440651830158 0
    outer loop
      vertex -75.50651604866741 -43.626798570744754 0
      vertex -75.50651604866741 -43.626798570744754 5
      vertex -75.34943816497935 -43.570595205269186 0
    endloop
  endfacet
  facet normal -0.42755509343027015 0.903989293123449 0
    outer loop
      vertex -75.34943816497935 -43.570595205269186 0
      vertex -75.34943816497935 -43.570595205269186 5
      vertex -75.1986255473958 -43.499266149392206 0
    endloop
  endfacet
  facet normal -0.5141027441931966 0.8577286100002871 0
    outer loop
      vertex -75.1986255473958 -43.499266149392206 0
      vertex -75.1986255473958 -43.499266149392206 5
      vertex -75.05553060386667 -43.41349834091433 0
    endloop
  endfacet
  facet normal -0.5956993044924649 0.8032075314806215 0
    outer loop
      vertex -75.05553060386667 -43.41349834091433 0
      vertex -75.05553060386667 -43.41349834091433 5
      vertex -74.92153141692181 -43.314117770716656 0
    endloop
  endfacet
  facet normal -0.6715589548470035 0.7409511253549727 0
    outer loop
      vertex -74.92153141692181 -43.314117770716656 0
      vertex -74.92153141692181 -43.314117770716656 5
      vertex -74.79791847198287 -43.20208152801713 0
    endloop
  endfacet
  facet normal -0.7409511253549745 0.6715589548470012 0
    outer loop
      vertex -74.79791847198287 -43.20208152801713 0
      vertex -74.79791847198287 -43.20208152801713 5
      vertex -74.68588222928335 -43.0784685830782 0
    endloop
  endfacet
  facet normal -0.8032075314806314 0.5956993044924516 0
    outer loop
      vertex -74.58650165908567 -42.94446939613332 0
      vertex -74.68588222928335 -43.0784685830782 0
      vertex -74.68588222928335 -43.0784685830782 5
    endloop
  endfacet
  facet normal -0.8577286100002947 0.514102744193184 0
    outer loop
      vertex -74.5007338506078 -42.80137445260419 0
      vertex -74.58650165908567 -42.94446939613332 0
      vertex -74.58650165908567 -42.94446939613332 5
    endloop
  endfacet
  facet normal -0.9039892931234325 0.42755509343030496 0
    outer loop
      vertex -74.42940479473081 -42.65056183502065 0
      vertex -74.5007338506078 -42.80137445260419 0
      vertex -74.5007338506078 -42.80137445260419 5
    endloop
  endfacet
  facet normal -0.9415440651830207 0.3368898533922202 0
    outer loop
      vertex -74.37320142925525 -42.493483951332585 0
      vertex -74.42940479473081 -42.65056183502065 0
      vertex -74.42940479473081 -42.65056183502065 5
    endloop
  endfacet
  facet normal -0.9700312531945378 0.2429801799032888 0
    outer loop
      vertex -74.3326650233145 -42.331653547427415 0
      vertex -74.37320142925525 -42.493483951332585 0
      vertex -74.37320142925525 -42.493483951332585 5
    endloop
  endfacet
  facet normal -0.9891765099647875 0.14673047445531834 0
    outer loop
      vertex -74.30818596465727 -42.16662913856025 0
      vertex -74.3326650233145 -42.331653547427415 0
      vertex -74.3326650233145 -42.331653547427415 5
    endloop
  endfacet
  facet normal -0.8032075314806314 -0.5956993044924516 0
    outer loop
      vertex -74.68588222928335 -40.9215314169218 0
      vertex -74.58650165908567 -41.05553060386668 0
      vertex -74.58650165908567 -41.05553060386668 5
    endloop
  endfacet
  facet normal -0.5141027441931966 -0.8577286100002871 0
    outer loop
      vertex -75.05553060386667 -40.58650165908567 0
      vertex -75.05553060386667 -40.58650165908567 5
      vertex -75.1986255473958 -40.500733850607794 0
    endloop
  endfacet
  facet normal -0.5956993044924649 -0.8032075314806215 0
    outer loop
      vertex -74.92153141692181 -40.685882229283344 0
      vertex -74.92153141692181 -40.685882229283344 5
      vertex -75.05553060386667 -40.58650165908567 0
    endloop
  endfacet
  facet normal -0.7409511253549745 -0.6715589548470012 0
    outer loop
      vertex -74.79791847198287 -40.79791847198287 0
      vertex -74.68588222928335 -40.9215314169218 0
      vertex -74.68588222928335 -40.9215314169218 5
    endloop
  endfacet
  facet normal -0.6715589548470035 -0.7409511253549727 0
    outer loop
      vertex -74.92153141692181 -40.685882229283344 0
      vertex -74.79791847198287 -40.79791847198287 0
      vertex -74.79791847198287 -40.79791847198287 5
    endloop
  endfacet
  facet normal -0.9987954562051702 0.04906767432746035 0
    outer loop
      vertex -74.3 -42 0
      vertex -74.30818596465727 -42.16662913856025 0
      vertex -74.30818596465727 -42.16662913856025 5
    endloop
  endfacet
  facet normal -0.9987954562051702 -0.04906767432746035 0
    outer loop
      vertex -74.30818596465727 -41.83337086143975 0
      vertex -74.3 -42 0
      vertex -74.3 -42 5
    endloop
  endfacet
  facet normal -0.9891765099647875 -0.14673047445531834 0
    outer loop
      vertex -74.3326650233145 -41.668346452572585 0
      vertex -74.30818596465727 -41.83337086143975 0
      vertex -74.30818596465727 -41.83337086143975 5
    endloop
  endfacet
  facet normal -0.9700312531945378 -0.2429801799032888 0
    outer loop
      vertex -74.37320142925525 -41.506516048667415 0
      vertex -74.3326650233145 -41.668346452572585 0
      vertex -74.3326650233145 -41.668346452572585 5
    endloop
  endfacet
  facet normal -0.9415440651830207 -0.3368898533922202 0
    outer loop
      vertex -74.42940479473081 -41.34943816497935 0
      vertex -74.37320142925525 -41.506516048667415 0
      vertex -74.37320142925525 -41.506516048667415 5
    endloop
  endfacet
  facet normal -0.9039892931234325 -0.42755509343030496 0
    outer loop
      vertex -74.5007338506078 -41.19862554739581 0
      vertex -74.42940479473081 -41.34943816497935 0
      vertex -74.42940479473081 -41.34943816497935 5
    endloop
  endfacet
  facet normal -0.8577286100002947 -0.514102744193184 0
    outer loop
      vertex -74.58650165908567 -41.05553060386668 0
      vertex -74.5007338506078 -41.19862554739581 0
      vertex -74.5007338506078 -41.19862554739581 5
    endloop
  endfacet
  facet normal 0.42755509343027015 -0.903989293123449 0
    outer loop
      vertex -76.65056183502065 -40.429404794730814 0
      vertex -76.65056183502065 -40.429404794730814 5
      vertex -76.8013744526042 -40.500733850607794 0
    endloop
  endfacet
  facet normal 0.33688985339223376 -0.9415440651830158 0
    outer loop
      vertex -76.49348395133259 -40.373201429255246 0
      vertex -76.49348395133259 -40.373201429255246 5
      vertex -76.65056183502065 -40.429404794730814 0
    endloop
  endfacet
  facet normal 0.24298017990324874 -0.9700312531945479 0
    outer loop
      vertex -76.33165354742742 -40.33266502331451 0
      vertex -76.33165354742742 -40.33266502331451 5
      vertex -76.49348395133259 -40.373201429255246 0
    endloop
  endfacet
  facet normal 0.1467304744553955 -0.9891765099647759 0
    outer loop
      vertex -76.16662913856025 -40.30818596465726 0
      vertex -76.16662913856025 -40.30818596465726 5
      vertex -76.33165354742742 -40.33266502331451 0
    endloop
  endfacet
  facet normal 0.04906767432741787 -0.9987954562051725 0
    outer loop
      vertex -76 -40.3 0
      vertex -76 -40.3 5
      vertex -76.16662913856025 -40.30818596465726 0
    endloop
  endfacet
  facet normal -0.04906767432741787 -0.9987954562051725 0
    outer loop
      vertex -75.83337086143975 -40.30818596465726 0
      vertex -75.83337086143975 -40.30818596465726 5
      vertex -76 -40.3 0
    endloop
  endfacet
  facet normal -0.1467304744553955 -0.9891765099647759 0
    outer loop
      vertex -75.66834645257258 -40.33266502331451 0
      vertex -75.66834645257258 -40.33266502331451 5
      vertex -75.83337086143975 -40.30818596465726 0
    endloop
  endfacet
  facet normal -0.24298017990324874 -0.9700312531945479 0
    outer loop
      vertex -75.50651604866741 -40.373201429255246 0
      vertex -75.50651604866741 -40.373201429255246 5
      vertex -75.66834645257258 -40.33266502331451 0
    endloop
  endfacet
  facet normal -0.42755509343027015 -0.903989293123449 0
    outer loop
      vertex -75.1986255473958 -40.500733850607794 0
      vertex -75.1986255473958 -40.500733850607794 5
      vertex -75.34943816497935 -40.429404794730814 0
    endloop
  endfacet
  facet normal -0.33688985339223376 -0.9415440651830158 0
    outer loop
      vertex -75.34943816497935 -40.429404794730814 0
      vertex -75.34943816497935 -40.429404794730814 5
      vertex -75.50651604866741 -40.373201429255246 0
    endloop
  endfacet
  facet normal 0.8032075314806314 0.5956993044924516 0
    outer loop
      vertex -77.31411777071665 -43.0784685830782 0
      vertex -77.41349834091433 -42.94446939613332 5
      vertex -77.31411777071665 -43.0784685830782 5
    endloop
  endfacet
  facet normal 0.8577286100002947 0.514102744193184 0
    outer loop
      vertex -77.41349834091433 -42.94446939613332 0
      vertex -77.4992661493922 -42.80137445260419 5
      vertex -77.41349834091433 -42.94446939613332 5
    endloop
  endfacet
  facet normal 0.9039892931234325 0.42755509343030496 0
    outer loop
      vertex -77.4992661493922 -42.80137445260419 0
      vertex -77.57059520526919 -42.65056183502065 5
      vertex -77.4992661493922 -42.80137445260419 5
    endloop
  endfacet
  facet normal 0.9415440651830207 0.3368898533922202 0
    outer loop
      vertex -77.57059520526919 -42.65056183502065 0
      vertex -77.62679857074475 -42.493483951332585 5
      vertex -77.57059520526919 -42.65056183502065 5
    endloop
  endfacet
  facet normal 0.9700312531945378 0.2429801799032888 0
    outer loop
      vertex -77.62679857074475 -42.493483951332585 0
      vertex -77.6673349766855 -42.331653547427415 5
      vertex -77.62679857074475 -42.493483951332585 5
    endloop
  endfacet
  facet normal 0.9891765099647875 0.14673047445531834 0
    outer loop
      vertex -77.6673349766855 -42.331653547427415 0
      vertex -77.69181403534273 -42.16662913856025 5
      vertex -77.6673349766855 -42.331653547427415 5
    endloop
  endfacet
  facet normal 0.5141027441931966 0.8577286100002871 0
    outer loop
      vertex -76.8013744526042 -43.499266149392206 0
      vertex -76.94446939613333 -43.41349834091433 5
      vertex -76.8013744526042 -43.499266149392206 5
    endloop
  endfacet
  facet normal 0.42755509343027015 0.903989293123449 0
    outer loop
      vertex -76.65056183502065 -43.570595205269186 0
      vertex -76.8013744526042 -43.499266149392206 5
      vertex -76.65056183502065 -43.570595205269186 5
    endloop
  endfacet
  facet normal 0.6715589548470035 0.7409511253549727 0
    outer loop
      vertex -77.07846858307819 -43.314117770716656 0
      vertex -77.20208152801713 -43.20208152801713 5
      vertex -77.07846858307819 -43.314117770716656 5
    endloop
  endfacet
  facet normal 0.7409511253549745 0.6715589548470012 0
    outer loop
      vertex -77.20208152801713 -43.20208152801713 0
      vertex -77.31411777071665 -43.0784685830782 5
      vertex -77.20208152801713 -43.20208152801713 5
    endloop
  endfacet
  facet normal 0.5956993044924649 0.8032075314806215 0
    outer loop
      vertex -76.94446939613333 -43.41349834091433 0
      vertex -77.07846858307819 -43.314117770716656 5
      vertex -76.94446939613333 -43.41349834091433 5
    endloop
  endfacet
  facet normal 0.33688985339223376 0.9415440651830158 0
    outer loop
      vertex -76.49348395133259 -43.626798570744754 0
      vertex -76.65056183502065 -43.570595205269186 5
      vertex -76.49348395133259 -43.626798570744754 5
    endloop
  endfacet
  facet normal 0.24298017990324874 0.9700312531945479 0
    outer loop
      vertex -76.33165354742742 -43.66733497668549 0
      vertex -76.49348395133259 -43.626798570744754 5
      vertex -76.33165354742742 -43.66733497668549 5
    endloop
  endfacet
  facet normal 0.1467304744553955 0.9891765099647759 0
    outer loop
      vertex -76.16662913856025 -43.69181403534274 0
      vertex -76.33165354742742 -43.66733497668549 5
      vertex -76.16662913856025 -43.69181403534274 5
    endloop
  endfacet
  facet normal 0.04906767432741787 0.9987954562051725 0
    outer loop
      vertex -76 -43.7 0
      vertex -76.16662913856025 -43.69181403534274 5
      vertex -76 -43.7 5
    endloop
  endfacet
  facet normal 0.9987954562051702 -0.04906767432746035 0
    outer loop
      vertex -77.7 -42 0
      vertex -77.69181403534273 -41.83337086143975 5
      vertex -77.7 -42 5
    endloop
  endfacet
  facet normal 0.9987954562051702 0.04906767432746035 0
    outer loop
      vertex -77.69181403534273 -42.16662913856025 0
      vertex -77.7 -42 5
      vertex -77.69181403534273 -42.16662913856025 5
    endloop
  endfacet
  facet normal 0.9891765099647875 -0.14673047445531834 0
    outer loop
      vertex -77.69181403534273 -41.83337086143975 0
      vertex -77.6673349766855 -41.668346452572585 5
      vertex -77.69181403534273 -41.83337086143975 5
    endloop
  endfacet
  facet normal 0.9700312531945378 -0.2429801799032888 0
    outer loop
      vertex -77.6673349766855 -41.668346452572585 0
      vertex -77.62679857074475 -41.506516048667415 5
      vertex -77.6673349766855 -41.668346452572585 5
    endloop
  endfacet
  facet normal 0.9415440651830207 -0.3368898533922202 0
    outer loop
      vertex -77.62679857074475 -41.506516048667415 0
      vertex -77.57059520526919 -41.34943816497935 5
      vertex -77.62679857074475 -41.506516048667415 5
    endloop
  endfacet
  facet normal 0.9039892931234325 -0.42755509343030496 0
    outer loop
      vertex -77.57059520526919 -41.34943816497935 0
      vertex -77.4992661493922 -41.19862554739581 5
      vertex -77.57059520526919 -41.34943816497935 5
    endloop
  endfacet
  facet normal 0.8577286100002947 -0.514102744193184 0
    outer loop
      vertex -77.41349834091433 -41.05553060386668 5
      vertex -77.4992661493922 -41.19862554739581 5
      vertex -77.4992661493922 -41.19862554739581 0
    endloop
  endfacet
  facet normal 0.8032075314806314 -0.5956993044924516 0
    outer loop
      vertex -77.41349834091433 -41.05553060386668 0
      vertex -77.31411777071665 -40.9215314169218 5
      vertex -77.41349834091433 -41.05553060386668 5
    endloop
  endfacet
  facet normal 0.7409511253549745 -0.6715589548470012 0
    outer loop
      vertex -77.31411777071665 -40.9215314169218 0
      vertex -77.20208152801713 -40.79791847198287 5
      vertex -77.31411777071665 -40.9215314169218 5
    endloop
  endfacet
  facet normal 0.6715589548470035 -0.7409511253549727 0
    outer loop
      vertex -77.20208152801713 -40.79791847198287 0
      vertex -77.07846858307819 -40.685882229283344 5
      vertex -77.20208152801713 -40.79791847198287 5
    endloop
  endfacet
  facet normal 0.5956993044924649 -0.8032075314806215 0
    outer loop
      vertex -77.07846858307819 -40.685882229283344 0
      vertex -76.94446939613333 -40.58650165908567 5
      vertex -77.07846858307819 -40.685882229283344 5
    endloop
  endfacet
  facet normal 0.5141027441931966 -0.8577286100002871 0
    outer loop
      vertex -76.94446939613333 -40.58650165908567 0
      vertex -76.8013744526042 -40.500733850607794 5
      vertex -76.94446939613333 -40.58650165908567 5
    endloop
  endfacet
  facet normal -0.04906767432741787 0.9987954562051725 0
    outer loop
      vertex -75.83337086143975 -43.69181403534274 0
      vertex -76 -43.7 5
      vertex -75.83337086143975 -43.69181403534274 5
    endloop
  endfacet
  facet normal -0.1467304744553955 0.9891765099647759 0
    outer loop
      vertex -75.66834645257258 -43.66733497668549 0
      vertex -75.83337086143975 -43.69181403534274 5
      vertex -75.66834645257258 -43.66733497668549 5
    endloop
  endfacet
  facet normal -0.24298017990324874 0.9700312531945479 0
    outer loop
      vertex -75.50651604866741 -43.626798570744754 0
      vertex -75.66834645257258 -43.66733497668549 5
      vertex -75.50651604866741 -43.626798570744754 5
    endloop
  endfacet
  facet normal -0.33688985339223376 0.9415440651830158 0
    outer loop
      vertex -75.34943816497935 -43.570595205269186 0
      vertex -75.50651604866741 -43.626798570744754 5
      vertex -75.34943816497935 -43.570595205269186 5
    endloop
  endfacet
  facet normal -0.42755509343027015 0.903989293123449 0
    outer loop
      vertex -75.1986255473958 -43.499266149392206 0
      vertex -75.34943816497935 -43.570595205269186 5
      vertex -75.1986255473958 -43.499266149392206 5
    endloop
  endfacet
  facet normal -0.5141027441931966 0.8577286100002871 0
    outer loop
      vertex -75.05553060386667 -43.41349834091433 0
      vertex -75.1986255473958 -43.499266149392206 5
      vertex -75.05553060386667 -43.41349834091433 5
    endloop
  endfacet
  facet normal -0.5956993044924649 0.8032075314806215 0
    outer loop
      vertex -74.92153141692181 -43.314117770716656 0
      vertex -75.05553060386667 -43.41349834091433 5
      vertex -74.92153141692181 -43.314117770716656 5
    endloop
  endfacet
  facet normal -0.6715589548470035 0.7409511253549727 0
    outer loop
      vertex -74.79791847198287 -43.20208152801713 0
      vertex -74.92153141692181 -43.314117770716656 5
      vertex -74.79791847198287 -43.20208152801713 5
    endloop
  endfacet
  facet normal -0.7409511253549745 0.6715589548470012 0
    outer loop
      vertex -74.68588222928335 -43.0784685830782 0
      vertex -74.79791847198287 -43.20208152801713 5
      vertex -74.68588222928335 -43.0784685830782 5
    endloop
  endfacet
  facet normal -0.8032075314806314 0.5956993044924516 0
    outer loop
      vertex -74.58650165908567 -42.94446939613332 0
      vertex -74.68588222928335 -43.0784685830782 5
      vertex -74.58650165908567 -42.94446939613332 5
    endloop
  endfacet
  facet normal -0.8577286100002947 0.514102744193184 0
    outer loop
      vertex -74.5007338506078 -42.80137445260419 0
      vertex -74.58650165908567 -42.94446939613332 5
      vertex -74.5007338506078 -42.80137445260419 5
    endloop
  endfacet
  facet normal -0.9039892931234325 0.42755509343030496 0
    outer loop
      vertex -74.42940479473081 -42.65056183502065 0
      vertex -74.5007338506078 -42.80137445260419 5
      vertex -74.42940479473081 -42.65056183502065 5
    endloop
  endfacet
  facet normal -0.9415440651830207 0.3368898533922202 0
    outer loop
      vertex -74.37320142925525 -42.493483951332585 0
      vertex -74.42940479473081 -42.65056183502065 5
      vertex -74.37320142925525 -42.493483951332585 5
    endloop
  endfacet
  facet normal -0.9700312531945378 0.2429801799032888 0
    outer loop
      vertex -74.3326650233145 -42.331653547427415 0
      vertex -74.37320142925525 -42.493483951332585 5
      vertex -74.3326650233145 -42.331653547427415 5
    endloop
  endfacet
  facet normal -0.9891765099647875 0.14673047445531834 0
    outer loop
      vertex -74.30818596465727 -42.16662913856025 0
      vertex -74.3326650233145 -42.331653547427415 5
      vertex -74.30818596465727 -42.16662913856025 5
    endloop
  endfacet
  facet normal -0.8577286100002947 -0.514102744193184 0
    outer loop
      vertex -74.58650165908567 -41.05553060386668 0
      vertex -74.5007338506078 -41.19862554739581 5
      vertex -74.58650165908567 -41.05553060386668 5
    endloop
  endfacet
  facet normal -0.8032075314806314 -0.5956993044924516 0
    outer loop
      vertex -74.68588222928335 -40.9215314169218 0
      vertex -74.58650165908567 -41.05553060386668 5
      vertex -74.68588222928335 -40.9215314169218 5
    endloop
  endfacet
  facet normal -0.5141027441931966 -0.8577286100002871 0
    outer loop
      vertex -75.1986255473958 -40.500733850607794 0
      vertex -75.05553060386667 -40.58650165908567 5
      vertex -75.1986255473958 -40.500733850607794 5
    endloop
  endfacet
  facet normal -0.5956993044924649 -0.8032075314806215 0
    outer loop
      vertex -75.05553060386667 -40.58650165908567 0
      vertex -74.92153141692181 -40.685882229283344 5
      vertex -75.05553060386667 -40.58650165908567 5
    endloop
  endfacet
  facet normal -0.7409511253549745 -0.6715589548470012 0
    outer loop
      vertex -74.79791847198287 -40.79791847198287 0
      vertex -74.68588222928335 -40.9215314169218 5
      vertex -74.79791847198287 -40.79791847198287 5
    endloop
  endfacet
  facet normal -0.6715589548470035 -0.7409511253549727 0
    outer loop
      vertex -74.92153141692181 -40.685882229283344 0
      vertex -74.79791847198287 -40.79791847198287 5
      vertex -74.92153141692181 -40.685882229283344 5
    endloop
  endfacet
  facet normal -0.9987954562051702 0.04906767432746035 0
    outer loop
      vertex -74.3 -42 0
      vertex -74.30818596465727 -42.16662913856025 5
      vertex -74.3 -42 5
    endloop
  endfacet
  facet normal -0.9987954562051702 -0.04906767432746035 0
    outer loop
      vertex -74.30818596465727 -41.83337086143975 0
      vertex -74.3 -42 5
      vertex -74.30818596465727 -41.83337086143975 5
    endloop
  endfacet
  facet normal -0.9700312531945378 -0.2429801799032888 0
    outer loop
      vertex -74.37320142925525 -41.506516048667415 0
      vertex -74.3326650233145 -41.668346452572585 5
      vertex -74.37320142925525 -41.506516048667415 5
    endloop
  endfacet
  facet normal -0.9891765099647875 -0.14673047445531834 0
    outer loop
      vertex -74.3326650233145 -41.668346452572585 0
      vertex -74.30818596465727 -41.83337086143975 5
      vertex -74.3326650233145 -41.668346452572585 5
    endloop
  endfacet
  facet normal -0.9415440651830207 -0.3368898533922202 0
    outer loop
      vertex -74.42940479473081 -41.34943816497935 0
      vertex -74.37320142925525 -41.506516048667415 5
      vertex -74.42940479473081 -41.34943816497935 5
    endloop
  endfacet
  facet normal -0.9039892931234325 -0.42755509343030496 0
    outer loop
      vertex -74.5007338506078 -41.19862554739581 0
      vertex -74.42940479473081 -41.34943816497935 5
      vertex -74.5007338506078 -41.19862554739581 5
    endloop
  endfacet
  facet normal 0.42755509343027015 -0.903989293123449 0
    outer loop
      vertex -76.8013744526042 -40.500733850607794 0
      vertex -76.65056183502065 -40.429404794730814 5
      vertex -76.8013744526042 -40.500733850607794 5
    endloop
  endfacet
  facet normal 0.33688985339223376 -0.9415440651830158 0
    outer loop
      vertex -76.65056183502065 -40.429404794730814 0
      vertex -76.49348395133259 -40.373201429255246 5
      vertex -76.65056183502065 -40.429404794730814 5
    endloop
  endfacet
  facet normal 0.24298017990324874 -0.9700312531945479 0
    outer loop
      vertex -76.49348395133259 -40.373201429255246 0
      vertex -76.33165354742742 -40.33266502331451 5
      vertex -76.49348395133259 -40.373201429255246 5
    endloop
  endfacet
  facet normal 0.1467304744553955 -0.9891765099647759 0
    outer loop
      vertex -76.33165354742742 -40.33266502331451 0
      vertex -76.16662913856025 -40.30818596465726 5
      vertex -76.33165354742742 -40.33266502331451 5
    endloop
  endfacet
  facet normal 0.04906767432741787 -0.9987954562051725 0
    outer loop
      vertex -76.16662913856025 -40.30818596465726 0
      vertex -76 -40.3 5
      vertex -76.16662913856025 -40.30818596465726 5
    endloop
  endfacet
  facet normal -0.04906767432741787 -0.9987954562051725 0
    outer loop
      vertex -76 -40.3 0
      vertex -75.83337086143975 -40.30818596465726 5
      vertex -76 -40.3 5
    endloop
  endfacet
  facet normal -0.1467304744553955 -0.9891765099647759 0
    outer loop
      vertex -75.83337086143975 -40.30818596465726 0
      vertex -75.66834645257258 -40.33266502331451 5
      vertex -75.83337086143975 -40.30818596465726 5
    endloop
  endfacet
  facet normal -0.24298017990324874 -0.9700312531945479 0
    outer loop
      vertex -75.66834645257258 -40.33266502331451 0
      vertex -75.50651604866741 -40.373201429255246 5
      vertex -75.66834645257258 -40.33266502331451 5
    endloop
  endfacet
  facet normal -0.33688985339223376 -0.9415440651830158 0
    outer loop
      vertex -75.50651604866741 -40.373201429255246 0
      vertex -75.34943816497935 -40.429404794730814 5
      vertex -75.50651604866741 -40.373201429255246 5
    endloop
  endfacet
  facet normal -0.42755509343027015 -0.903989293123449 0
    outer loop
      vertex -75.34943816497935 -40.429404794730814 0
      vertex -75.1986255473958 -40.500733850607794 5
      vertex -75.34943816497935 -40.429404794730814 5
    endloop
  endfacet
  facet normal 0.42755509343027015 0.903989293123449 0
    outer loop
      vertex -76.8013744526042 40.500733850607794 0
      vertex -76.8013744526042 40.500733850607794 5
      vertex -76.65056183502065 40.429404794730814 0
    endloop
  endfacet
  facet normal 0.33688985339223376 0.9415440651830158 0
    outer loop
      vertex -76.65056183502065 40.429404794730814 0
      vertex -76.65056183502065 40.429404794730814 5
      vertex -76.49348395133259 40.373201429255246 0
    endloop
  endfacet
  facet normal 0.24298017990324874 0.9700312531945479 0
    outer loop
      vertex -76.49348395133259 40.373201429255246 0
      vertex -76.49348395133259 40.373201429255246 5
      vertex -76.33165354742742 40.33266502331451 0
    endloop
  endfacet
  facet normal 0.1467304744553955 0.9891765099647759 0
    outer loop
      vertex -76.33165354742742 40.33266502331451 0
      vertex -76.33165354742742 40.33266502331451 5
      vertex -76.16662913856025 40.30818596465726 0
    endloop
  endfacet
  facet normal 0.04906767432741787 0.9987954562051725 0
    outer loop
      vertex -76.16662913856025 40.30818596465726 0
      vertex -76.16662913856025 40.30818596465726 5
      vertex -76 40.3 0
    endloop
  endfacet
  facet normal -0.04906767432741787 0.9987954562051725 0
    outer loop
      vertex -76 40.3 0
      vertex -76 40.3 5
      vertex -75.83337086143975 40.30818596465726 0
    endloop
  endfacet
  facet normal -0.1467304744553955 0.9891765099647759 0
    outer loop
      vertex -75.83337086143975 40.30818596465726 0
      vertex -75.83337086143975 40.30818596465726 5
      vertex -75.66834645257258 40.33266502331451 0
    endloop
  endfacet
  facet normal -0.24298017990324874 0.9700312531945479 0
    outer loop
      vertex -75.66834645257258 40.33266502331451 0
      vertex -75.66834645257258 40.33266502331451 5
      vertex -75.50651604866741 40.373201429255246 0
    endloop
  endfacet
  facet normal -0.33688985339223376 0.9415440651830158 0
    outer loop
      vertex -75.50651604866741 40.373201429255246 0
      vertex -75.50651604866741 40.373201429255246 5
      vertex -75.34943816497935 40.429404794730814 0
    endloop
  endfacet
  facet normal -0.42755509343027015 0.903989293123449 0
    outer loop
      vertex -75.34943816497935 40.429404794730814 0
      vertex -75.34943816497935 40.429404794730814 5
      vertex -75.1986255473958 40.500733850607794 0
    endloop
  endfacet
  facet normal 0.8032075314806314 0.5956993044924516 0
    outer loop
      vertex -77.31411777071665 40.9215314169218 0
      vertex -77.41349834091433 41.05553060386668 0
      vertex -77.41349834091433 41.05553060386668 5
    endloop
  endfacet
  facet normal 0.9039892931234325 0.42755509343030496 0
    outer loop
      vertex -77.4992661493922 41.19862554739581 0
      vertex -77.57059520526919 41.34943816497935 0
      vertex -77.57059520526919 41.34943816497935 5
    endloop
  endfacet
  facet normal 0.8577286100002947 0.514102744193184 0
    outer loop
      vertex -77.41349834091433 41.05553060386668 0
      vertex -77.4992661493922 41.19862554739581 0
      vertex -77.4992661493922 41.19862554739581 5
    endloop
  endfacet
  facet normal 0.9415440651830207 0.3368898533922202 0
    outer loop
      vertex -77.57059520526919 41.34943816497935 0
      vertex -77.62679857074475 41.506516048667415 0
      vertex -77.62679857074475 41.506516048667415 5
    endloop
  endfacet
  facet normal 0.9700312531945378 0.2429801799032888 0
    outer loop
      vertex -77.62679857074475 41.506516048667415 0
      vertex -77.6673349766855 41.668346452572585 0
      vertex -77.6673349766855 41.668346452572585 5
    endloop
  endfacet
  facet normal 0.9987954562051702 0.04906767432746035 0
    outer loop
      vertex -77.69181403534273 41.83337086143975 0
      vertex -77.7 42 0
      vertex -77.7 42 5
    endloop
  endfacet
  facet normal 0.9891765099647875 0.14673047445531834 0
    outer loop
      vertex -77.6673349766855 41.668346452572585 0
      vertex -77.69181403534273 41.83337086143975 0
      vertex -77.69181403534273 41.83337086143975 5
    endloop
  endfacet
  facet normal 0.9987954562051702 -0.04906767432746035 0
    outer loop
      vertex -77.7 42 0
      vertex -77.69181403534273 42.16662913856025 0
      vertex -77.69181403534273 42.16662913856025 5
    endloop
  endfacet
  facet normal 0.5956993044924649 0.8032075314806215 0
    outer loop
      vertex -77.07846858307819 40.685882229283344 0
      vertex -77.07846858307819 40.685882229283344 5
      vertex -76.94446939613333 40.58650165908567 0
    endloop
  endfacet
  facet normal 0.7409511253549745 0.6715589548470012 0
    outer loop
      vertex -77.20208152801713 40.79791847198287 0
      vertex -77.31411777071665 40.9215314169218 0
      vertex -77.31411777071665 40.9215314169218 5
    endloop
  endfacet
  facet normal 0.6715589548470035 0.7409511253549727 0
    outer loop
      vertex -77.07846858307819 40.685882229283344 0
      vertex -77.20208152801713 40.79791847198287 0
      vertex -77.20208152801713 40.79791847198287 5
    endloop
  endfacet
  facet normal 0.5141027441931966 0.8577286100002871 0
    outer loop
      vertex -76.94446939613333 40.58650165908567 0
      vertex -76.94446939613333 40.58650165908567 5
      vertex -76.8013744526042 40.500733850607794 0
    endloop
  endfacet
  facet normal 0.9891765099647875 -0.14673047445531834 0
    outer loop
      vertex -77.69181403534273 42.16662913856025 0
      vertex -77.6673349766855 42.331653547427415 0
      vertex -77.6673349766855 42.331653547427415 5
    endloop
  endfacet
  facet normal 0.9700312531945378 -0.2429801799032888 0
    outer loop
      vertex -77.6673349766855 42.331653547427415 0
      vertex -77.62679857074475 42.493483951332585 0
      vertex -77.62679857074475 42.493483951332585 5
    endloop
  endfacet
  facet normal 0.9415440651830207 -0.3368898533922202 0
    outer loop
      vertex -77.62679857074475 42.493483951332585 0
      vertex -77.57059520526919 42.65056183502065 0
      vertex -77.57059520526919 42.65056183502065 5
    endloop
  endfacet
  facet normal 0.9039892931234325 -0.42755509343030496 0
    outer loop
      vertex -77.57059520526919 42.65056183502065 0
      vertex -77.4992661493922 42.80137445260419 0
      vertex -77.4992661493922 42.80137445260419 5
    endloop
  endfacet
  facet normal 0.8577286100002947 -0.514102744193184 0
    outer loop
      vertex -77.4992661493922 42.80137445260419 0
      vertex -77.41349834091433 42.94446939613332 0
      vertex -77.41349834091433 42.94446939613332 5
    endloop
  endfacet
  facet normal 0.8032075314806314 -0.5956993044924516 0
    outer loop
      vertex -77.41349834091433 42.94446939613332 0
      vertex -77.31411777071665 43.0784685830782 0
      vertex -77.31411777071665 43.0784685830782 5
    endloop
  endfacet
  facet normal 0.7409511253549745 -0.6715589548470012 0
    outer loop
      vertex -77.31411777071665 43.0784685830782 0
      vertex -77.20208152801713 43.20208152801713 0
      vertex -77.20208152801713 43.20208152801713 5
    endloop
  endfacet
  facet normal 0.6715589548470035 -0.7409511253549727 0
    outer loop
      vertex -77.07846858307819 43.314117770716656 0
      vertex -77.07846858307819 43.314117770716656 5
      vertex -77.20208152801713 43.20208152801713 0
    endloop
  endfacet
  facet normal 0.5956993044924649 -0.8032075314806215 0
    outer loop
      vertex -76.94446939613333 43.41349834091433 0
      vertex -76.94446939613333 43.41349834091433 5
      vertex -77.07846858307819 43.314117770716656 0
    endloop
  endfacet
  facet normal 0.5141027441931966 -0.8577286100002871 0
    outer loop
      vertex -76.8013744526042 43.499266149392206 0
      vertex -76.8013744526042 43.499266149392206 5
      vertex -76.94446939613333 43.41349834091433 0
    endloop
  endfacet
  facet normal 0.42755509343027015 -0.903989293123449 0
    outer loop
      vertex -76.65056183502065 43.570595205269186 0
      vertex -76.65056183502065 43.570595205269186 5
      vertex -76.8013744526042 43.499266149392206 0
    endloop
  endfacet
  facet normal 0.33688985339223376 -0.9415440651830158 0
    outer loop
      vertex -76.49348395133259 43.626798570744754 0
      vertex -76.49348395133259 43.626798570744754 5
      vertex -76.65056183502065 43.570595205269186 0
    endloop
  endfacet
  facet normal 0.24298017990324874 -0.9700312531945479 0
    outer loop
      vertex -76.33165354742742 43.66733497668549 0
      vertex -76.33165354742742 43.66733497668549 5
      vertex -76.49348395133259 43.626798570744754 0
    endloop
  endfacet
  facet normal 0.1467304744553955 -0.9891765099647759 0
    outer loop
      vertex -76.16662913856025 43.69181403534274 0
      vertex -76.16662913856025 43.69181403534274 5
      vertex -76.33165354742742 43.66733497668549 0
    endloop
  endfacet
  facet normal 0.04906767432741787 -0.9987954562051725 0
    outer loop
      vertex -76 43.7 0
      vertex -76 43.7 5
      vertex -76.16662913856025 43.69181403534274 0
    endloop
  endfacet
  facet normal -0.5141027441931966 0.8577286100002871 0
    outer loop
      vertex -75.1986255473958 40.500733850607794 0
      vertex -75.1986255473958 40.500733850607794 5
      vertex -75.05553060386667 40.58650165908567 0
    endloop
  endfacet
  facet normal -0.5956993044924649 0.8032075314806215 0
    outer loop
      vertex -75.05553060386667 40.58650165908567 0
      vertex -75.05553060386667 40.58650165908567 5
      vertex -74.92153141692181 40.685882229283344 0
    endloop
  endfacet
  facet normal -0.6715589548470035 0.7409511253549727 0
    outer loop
      vertex -74.92153141692181 40.685882229283344 0
      vertex -74.92153141692181 40.685882229283344 5
      vertex -74.79791847198287 40.79791847198287 0
    endloop
  endfacet
  facet normal -0.7409511253549745 0.6715589548470012 0
    outer loop
      vertex -74.79791847198287 40.79791847198287 0
      vertex -74.79791847198287 40.79791847198287 5
      vertex -74.68588222928335 40.9215314169218 0
    endloop
  endfacet
  facet normal -0.8032075314806314 0.5956993044924516 0
    outer loop
      vertex -74.58650165908567 41.05553060386668 0
      vertex -74.68588222928335 40.9215314169218 0
      vertex -74.68588222928335 40.9215314169218 5
    endloop
  endfacet
  facet normal -0.8577286100002947 0.514102744193184 0
    outer loop
      vertex -74.5007338506078 41.19862554739581 0
      vertex -74.58650165908567 41.05553060386668 0
      vertex -74.58650165908567 41.05553060386668 5
    endloop
  endfacet
  facet normal -0.9039892931234325 0.42755509343030496 0
    outer loop
      vertex -74.42940479473081 41.34943816497935 0
      vertex -74.5007338506078 41.19862554739581 0
      vertex -74.5007338506078 41.19862554739581 5
    endloop
  endfacet
  facet normal -0.9415440651830207 0.3368898533922202 0
    outer loop
      vertex -74.37320142925525 41.506516048667415 0
      vertex -74.42940479473081 41.34943816497935 0
      vertex -74.42940479473081 41.34943816497935 5
    endloop
  endfacet
  facet normal -0.9700312531945378 0.2429801799032888 0
    outer loop
      vertex -74.3326650233145 41.668346452572585 0
      vertex -74.37320142925525 41.506516048667415 0
      vertex -74.37320142925525 41.506516048667415 5
    endloop
  endfacet
  facet normal -0.9891765099647875 0.14673047445531834 0
    outer loop
      vertex -74.30818596465727 41.83337086143975 0
      vertex -74.3326650233145 41.668346452572585 0
      vertex -74.3326650233145 41.668346452572585 5
    endloop
  endfacet
  facet normal -0.9987954562051702 0.04906767432746035 0
    outer loop
      vertex -74.3 42 0
      vertex -74.30818596465727 41.83337086143975 0
      vertex -74.30818596465727 41.83337086143975 5
    endloop
  endfacet
  facet normal -0.9987954562051702 -0.04906767432746035 0
    outer loop
      vertex -74.30818596465727 42.16662913856025 0
      vertex -74.3 42 0
      vertex -74.3 42 5
    endloop
  endfacet
  facet normal -0.8032075314806314 -0.5956993044924516 0
    outer loop
      vertex -74.68588222928335 43.0784685830782 0
      vertex -74.58650165908567 42.94446939613332 0
      vertex -74.58650165908567 42.94446939613332 5
    endloop
  endfacet
  facet normal -0.04906767432741787 -0.9987954562051725 0
    outer loop
      vertex -75.83337086143975 43.69181403534274 0
      vertex -75.83337086143975 43.69181403534274 5
      vertex -76 43.7 0
    endloop
  endfacet
  facet normal -0.1467304744553955 -0.9891765099647759 0
    outer loop
      vertex -75.66834645257258 43.66733497668549 0
      vertex -75.66834645257258 43.66733497668549 5
      vertex -75.83337086143975 43.69181403534274 0
    endloop
  endfacet
  facet normal -0.24298017990324874 -0.9700312531945479 0
    outer loop
      vertex -75.50651604866741 43.626798570744754 0
      vertex -75.50651604866741 43.626798570744754 5
      vertex -75.66834645257258 43.66733497668549 0
    endloop
  endfacet
  facet normal -0.42755509343027015 -0.903989293123449 0
    outer loop
      vertex -75.1986255473958 43.499266149392206 0
      vertex -75.1986255473958 43.499266149392206 5
      vertex -75.34943816497935 43.570595205269186 0
    endloop
  endfacet
  facet normal -0.33688985339223376 -0.9415440651830158 0
    outer loop
      vertex -75.34943816497935 43.570595205269186 0
      vertex -75.34943816497935 43.570595205269186 5
      vertex -75.50651604866741 43.626798570744754 0
    endloop
  endfacet
  facet normal -0.5141027441931966 -0.8577286100002871 0
    outer loop
      vertex -75.05553060386667 43.41349834091433 0
      vertex -75.05553060386667 43.41349834091433 5
      vertex -75.1986255473958 43.499266149392206 0
    endloop
  endfacet
  facet normal -0.5956993044924649 -0.8032075314806215 0
    outer loop
      vertex -74.92153141692181 43.314117770716656 0
      vertex -74.92153141692181 43.314117770716656 5
      vertex -75.05553060386667 43.41349834091433 0
    endloop
  endfacet
  facet normal -0.7409511253549745 -0.6715589548470012 0
    outer loop
      vertex -74.79791847198287 43.20208152801713 0
      vertex -74.68588222928335 43.0784685830782 0
      vertex -74.68588222928335 43.0784685830782 5
    endloop
  endfacet
  facet normal -0.6715589548470035 -0.7409511253549727 0
    outer loop
      vertex -74.92153141692181 43.314117770716656 0
      vertex -74.79791847198287 43.20208152801713 0
      vertex -74.79791847198287 43.20208152801713 5
    endloop
  endfacet
  facet normal -0.9891765099647875 -0.14673047445531834 0
    outer loop
      vertex -74.3326650233145 42.331653547427415 0
      vertex -74.30818596465727 42.16662913856025 0
      vertex -74.30818596465727 42.16662913856025 5
    endloop
  endfacet
  facet normal -0.9700312531945378 -0.2429801799032888 0
    outer loop
      vertex -74.37320142925525 42.493483951332585 0
      vertex -74.3326650233145 42.331653547427415 0
      vertex -74.3326650233145 42.331653547427415 5
    endloop
  endfacet
  facet normal -0.9415440651830207 -0.3368898533922202 0
    outer loop
      vertex -74.42940479473081 42.65056183502065 0
      vertex -74.37320142925525 42.493483951332585 0
      vertex -74.37320142925525 42.493483951332585 5
    endloop
  endfacet
  facet normal -0.9039892931234325 -0.42755509343030496 0
    outer loop
      vertex -74.5007338506078 42.80137445260419 0
      vertex -74.42940479473081 42.65056183502065 0
      vertex -74.42940479473081 42.65056183502065 5
    endloop
  endfacet
  facet normal -0.8577286100002947 -0.514102744193184 0
    outer loop
      vertex -74.58650165908567 42.94446939613332 0
      vertex -74.5007338506078 42.80137445260419 0
      vertex -74.5007338506078 42.80137445260419 5
    endloop
  endfacet
  facet normal 0.42755509343027015 0.903989293123449 0
    outer loop
      vertex -76.65056183502065 40.429404794730814 0
      vertex -76.8013744526042 40.500733850607794 5
      vertex -76.65056183502065 40.429404794730814 5
    endloop
  endfacet
  facet normal 0.33688985339223376 0.9415440651830158 0
    outer loop
      vertex -76.49348395133259 40.373201429255246 0
      vertex -76.65056183502065 40.429404794730814 5
      vertex -76.49348395133259 40.373201429255246 5
    endloop
  endfacet
  facet normal 0.24298017990324874 0.9700312531945479 0
    outer loop
      vertex -76.33165354742742 40.33266502331451 0
      vertex -76.49348395133259 40.373201429255246 5
      vertex -76.33165354742742 40.33266502331451 5
    endloop
  endfacet
  facet normal 0.1467304744553955 0.9891765099647759 0
    outer loop
      vertex -76.16662913856025 40.30818596465726 0
      vertex -76.33165354742742 40.33266502331451 5
      vertex -76.16662913856025 40.30818596465726 5
    endloop
  endfacet
  facet normal 0.04906767432741787 0.9987954562051725 0
    outer loop
      vertex -76 40.3 0
      vertex -76.16662913856025 40.30818596465726 5
      vertex -76 40.3 5
    endloop
  endfacet
  facet normal -0.04906767432741787 0.9987954562051725 0
    outer loop
      vertex -75.83337086143975 40.30818596465726 0
      vertex -76 40.3 5
      vertex -75.83337086143975 40.30818596465726 5
    endloop
  endfacet
  facet normal -0.1467304744553955 0.9891765099647759 0
    outer loop
      vertex -75.66834645257258 40.33266502331451 0
      vertex -75.83337086143975 40.30818596465726 5
      vertex -75.66834645257258 40.33266502331451 5
    endloop
  endfacet
  facet normal -0.24298017990324874 0.9700312531945479 0
    outer loop
      vertex -75.50651604866741 40.373201429255246 0
      vertex -75.66834645257258 40.33266502331451 5
      vertex -75.50651604866741 40.373201429255246 5
    endloop
  endfacet
  facet normal -0.33688985339223376 0.9415440651830158 0
    outer loop
      vertex -75.34943816497935 40.429404794730814 0
      vertex -75.50651604866741 40.373201429255246 5
      vertex -75.34943816497935 40.429404794730814 5
    endloop
  endfacet
  facet normal -0.42755509343027015 0.903989293123449 0
    outer loop
      vertex -75.1986255473958 40.500733850607794 0
      vertex -75.34943816497935 40.429404794730814 5
      vertex -75.1986255473958 40.500733850607794 5
    endloop
  endfacet
  facet normal 0.8032075314806314 0.5956993044924516 0
    outer loop
      vertex -77.31411777071665 40.9215314169218 0
      vertex -77.41349834091433 41.05553060386668 5
      vertex -77.31411777071665 40.9215314169218 5
    endloop
  endfacet
  facet normal 0.8577286100002947 0.514102744193184 0
    outer loop
      vertex -77.41349834091433 41.05553060386668 0
      vertex -77.4992661493922 41.19862554739581 5
      vertex -77.41349834091433 41.05553060386668 5
    endloop
  endfacet
  facet normal 0.9039892931234325 0.42755509343030496 0
    outer loop
      vertex -77.4992661493922 41.19862554739581 0
      vertex -77.57059520526919 41.34943816497935 5
      vertex -77.4992661493922 41.19862554739581 5
    endloop
  endfacet
  facet normal 0.9415440651830207 0.3368898533922202 0
    outer loop
      vertex -77.57059520526919 41.34943816497935 0
      vertex -77.62679857074475 41.506516048667415 5
      vertex -77.57059520526919 41.34943816497935 5
    endloop
  endfacet
  facet normal 0.9700312531945378 0.2429801799032888 0
    outer loop
      vertex -77.62679857074475 41.506516048667415 0
      vertex -77.6673349766855 41.668346452572585 5
      vertex -77.62679857074475 41.506516048667415 5
    endloop
  endfacet
  facet normal 0.9891765099647875 0.14673047445531834 0
    outer loop
      vertex -77.6673349766855 41.668346452572585 0
      vertex -77.69181403534273 41.83337086143975 5
      vertex -77.6673349766855 41.668346452572585 5
    endloop
  endfacet
  facet normal 0.9987954562051702 -0.04906767432746035 0
    outer loop
      vertex -77.7 42 0
      vertex -77.69181403534273 42.16662913856025 5
      vertex -77.7 42 5
    endloop
  endfacet
  facet normal 0.9987954562051702 0.04906767432746035 0
    outer loop
      vertex -77.69181403534273 41.83337086143975 0
      vertex -77.7 42 5
      vertex -77.69181403534273 41.83337086143975 5
    endloop
  endfacet
  facet normal 0.7409511253549745 0.6715589548470012 0
    outer loop
      vertex -77.20208152801713 40.79791847198287 0
      vertex -77.31411777071665 40.9215314169218 5
      vertex -77.20208152801713 40.79791847198287 5
    endloop
  endfacet
  facet normal 0.6715589548470035 0.7409511253549727 0
    outer loop
      vertex -77.07846858307819 40.685882229283344 0
      vertex -77.20208152801713 40.79791847198287 5
      vertex -77.07846858307819 40.685882229283344 5
    endloop
  endfacet
  facet normal 0.5141027441931966 0.8577286100002871 0
    outer loop
      vertex -76.8013744526042 40.500733850607794 0
      vertex -76.94446939613333 40.58650165908567 5
      vertex -76.8013744526042 40.500733850607794 5
    endloop
  endfacet
  facet normal 0.5956993044924649 0.8032075314806215 0
    outer loop
      vertex -76.94446939613333 40.58650165908567 0
      vertex -77.07846858307819 40.685882229283344 5
      vertex -76.94446939613333 40.58650165908567 5
    endloop
  endfacet
  facet normal 0.9891765099647875 -0.14673047445531834 0
    outer loop
      vertex -77.69181403534273 42.16662913856025 0
      vertex -77.6673349766855 42.331653547427415 5
      vertex -77.69181403534273 42.16662913856025 5
    endloop
  endfacet
  facet normal 0.9700312531945378 -0.2429801799032888 0
    outer loop
      vertex -77.6673349766855 42.331653547427415 0
      vertex -77.62679857074475 42.493483951332585 5
      vertex -77.6673349766855 42.331653547427415 5
    endloop
  endfacet
  facet normal 0.9415440651830207 -0.3368898533922202 0
    outer loop
      vertex -77.62679857074475 42.493483951332585 0
      vertex -77.57059520526919 42.65056183502065 5
      vertex -77.62679857074475 42.493483951332585 5
    endloop
  endfacet
  facet normal 0.9039892931234325 -0.42755509343030496 0
    outer loop
      vertex -77.57059520526919 42.65056183502065 0
      vertex -77.4992661493922 42.80137445260419 5
      vertex -77.57059520526919 42.65056183502065 5
    endloop
  endfacet
  facet normal 0.8577286100002947 -0.514102744193184 0
    outer loop
      vertex -77.4992661493922 42.80137445260419 0
      vertex -77.41349834091433 42.94446939613332 5
      vertex -77.4992661493922 42.80137445260419 5
    endloop
  endfacet
  facet normal 0.8032075314806314 -0.5956993044924516 0
    outer loop
      vertex -77.41349834091433 42.94446939613332 0
      vertex -77.31411777071665 43.0784685830782 5
      vertex -77.41349834091433 42.94446939613332 5
    endloop
  endfacet
  facet normal 0.7409511253549745 -0.6715589548470012 0
    outer loop
      vertex -77.31411777071665 43.0784685830782 0
      vertex -77.20208152801713 43.20208152801713 5
      vertex -77.31411777071665 43.0784685830782 5
    endloop
  endfacet
  facet normal 0.6715589548470035 -0.7409511253549727 0
    outer loop
      vertex -77.20208152801713 43.20208152801713 0
      vertex -77.07846858307819 43.314117770716656 5
      vertex -77.20208152801713 43.20208152801713 5
    endloop
  endfacet
  facet normal 0.5956993044924649 -0.8032075314806215 0
    outer loop
      vertex -77.07846858307819 43.314117770716656 0
      vertex -76.94446939613333 43.41349834091433 5
      vertex -77.07846858307819 43.314117770716656 5
    endloop
  endfacet
  facet normal 0.5141027441931966 -0.8577286100002871 0
    outer loop
      vertex -76.94446939613333 43.41349834091433 0
      vertex -76.8013744526042 43.499266149392206 5
      vertex -76.94446939613333 43.41349834091433 5
    endloop
  endfacet
  facet normal 0.42755509343027015 -0.903989293123449 0
    outer loop
      vertex -76.8013744526042 43.499266149392206 0
      vertex -76.65056183502065 43.570595205269186 5
      vertex -76.8013744526042 43.499266149392206 5
    endloop
  endfacet
  facet normal 0.33688985339223376 -0.9415440651830158 0
    outer loop
      vertex -76.65056183502065 43.570595205269186 0
      vertex -76.49348395133259 43.626798570744754 5
      vertex -76.65056183502065 43.570595205269186 5
    endloop
  endfacet
  facet normal 0.24298017990324874 -0.9700312531945479 0
    outer loop
      vertex -76.49348395133259 43.626798570744754 0
      vertex -76.33165354742742 43.66733497668549 5
      vertex -76.49348395133259 43.626798570744754 5
    endloop
  endfacet
  facet normal 0.1467304744553955 -0.9891765099647759 0
    outer loop
      vertex -76.33165354742742 43.66733497668549 0
      vertex -76.16662913856025 43.69181403534274 5
      vertex -76.33165354742742 43.66733497668549 5
    endloop
  endfacet
  facet normal 0.04906767432741787 -0.9987954562051725 0
    outer loop
      vertex -76.16662913856025 43.69181403534274 0
      vertex -76 43.7 5
      vertex -76.16662913856025 43.69181403534274 5
    endloop
  endfacet
  facet normal -0.04906767432741787 -0.9987954562051725 0
    outer loop
      vertex -76 43.7 0
      vertex -75.83337086143975 43.69181403534274 5
      vertex -76 43.7 5
    endloop
  endfacet
  facet normal -0.5141027441931966 0.8577286100002871 0
    outer loop
      vertex -75.05553060386667 40.58650165908567 0
      vertex -75.1986255473958 40.500733850607794 5
      vertex -75.05553060386667 40.58650165908567 5
    endloop
  endfacet
  facet normal -0.5956993044924649 0.8032075314806215 0
    outer loop
      vertex -74.92153141692181 40.685882229283344 0
      vertex -75.05553060386667 40.58650165908567 5
      vertex -74.92153141692181 40.685882229283344 5
    endloop
  endfacet
  facet normal -0.6715589548470035 0.7409511253549727 0
    outer loop
      vertex -74.79791847198287 40.79791847198287 0
      vertex -74.92153141692181 40.685882229283344 5
      vertex -74.79791847198287 40.79791847198287 5
    endloop
  endfacet
  facet normal -0.7409511253549745 0.6715589548470012 0
    outer loop
      vertex -74.68588222928335 40.9215314169218 0
      vertex -74.79791847198287 40.79791847198287 5
      vertex -74.68588222928335 40.9215314169218 5
    endloop
  endfacet
  facet normal -0.8032075314806314 0.5956993044924516 0
    outer loop
      vertex -74.58650165908567 41.05553060386668 0
      vertex -74.68588222928335 40.9215314169218 5
      vertex -74.58650165908567 41.05553060386668 5
    endloop
  endfacet
  facet normal -0.8577286100002947 0.514102744193184 0
    outer loop
      vertex -74.5007338506078 41.19862554739581 0
      vertex -74.58650165908567 41.05553060386668 5
      vertex -74.5007338506078 41.19862554739581 5
    endloop
  endfacet
  facet normal -0.9039892931234325 0.42755509343030496 0
    outer loop
      vertex -74.42940479473081 41.34943816497935 0
      vertex -74.5007338506078 41.19862554739581 5
      vertex -74.42940479473081 41.34943816497935 5
    endloop
  endfacet
  facet normal -0.9415440651830207 0.3368898533922202 0
    outer loop
      vertex -74.37320142925525 41.506516048667415 0
      vertex -74.42940479473081 41.34943816497935 5
      vertex -74.37320142925525 41.506516048667415 5
    endloop
  endfacet
  facet normal -0.9700312531945378 0.2429801799032888 0
    outer loop
      vertex -74.3326650233145 41.668346452572585 0
      vertex -74.37320142925525 41.506516048667415 5
      vertex -74.3326650233145 41.668346452572585 5
    endloop
  endfacet
  facet normal -0.9891765099647875 0.14673047445531834 0
    outer loop
      vertex -74.30818596465727 41.83337086143975 0
      vertex -74.3326650233145 41.668346452572585 5
      vertex -74.30818596465727 41.83337086143975 5
    endloop
  endfacet
  facet normal -0.9987954562051702 0.04906767432746035 0
    outer loop
      vertex -74.3 42 0
      vertex -74.30818596465727 41.83337086143975 5
      vertex -74.3 42 5
    endloop
  endfacet
  facet normal -0.9987954562051702 -0.04906767432746035 0
    outer loop
      vertex -74.30818596465727 42.16662913856025 0
      vertex -74.3 42 5
      vertex -74.30818596465727 42.16662913856025 5
    endloop
  endfacet
  facet normal -0.8577286100002947 -0.514102744193184 0
    outer loop
      vertex -74.58650165908567 42.94446939613332 0
      vertex -74.5007338506078 42.80137445260419 5
      vertex -74.58650165908567 42.94446939613332 5
    endloop
  endfacet
  facet normal -0.24298017990324874 -0.9700312531945479 0
    outer loop
      vertex -75.66834645257258 43.66733497668549 0
      vertex -75.50651604866741 43.626798570744754 5
      vertex -75.66834645257258 43.66733497668549 5
    endloop
  endfacet
  facet normal -0.1467304744553955 -0.9891765099647759 0
    outer loop
      vertex -75.83337086143975 43.69181403534274 0
      vertex -75.66834645257258 43.66733497668549 5
      vertex -75.83337086143975 43.69181403534274 5
    endloop
  endfacet
  facet normal -0.33688985339223376 -0.9415440651830158 0
    outer loop
      vertex -75.50651604866741 43.626798570744754 0
      vertex -75.34943816497935 43.570595205269186 5
      vertex -75.50651604866741 43.626798570744754 5
    endloop
  endfacet
  facet normal -0.42755509343027015 -0.903989293123449 0
    outer loop
      vertex -75.34943816497935 43.570595205269186 0
      vertex -75.1986255473958 43.499266149392206 5
      vertex -75.34943816497935 43.570595205269186 5
    endloop
  endfacet
  facet normal -0.5956993044924649 -0.8032075314806215 0
    outer loop
      vertex -75.05553060386667 43.41349834091433 0
      vertex -74.92153141692181 43.314117770716656 5
      vertex -75.05553060386667 43.41349834091433 5
    endloop
  endfacet
  facet normal -0.7409511253549745 -0.6715589548470012 0
    outer loop
      vertex -74.79791847198287 43.20208152801713 0
      vertex -74.68588222928335 43.0784685830782 5
      vertex -74.79791847198287 43.20208152801713 5
    endloop
  endfacet
  facet normal -0.8032075314806314 -0.5956993044924516 0
    outer loop
      vertex -74.68588222928335 43.0784685830782 0
      vertex -74.58650165908567 42.94446939613332 5
      vertex -74.68588222928335 43.0784685830782 5
    endloop
  endfacet
  facet normal -0.6715589548470035 -0.7409511253549727 0
    outer loop
      vertex -74.92153141692181 43.314117770716656 0
      vertex -74.79791847198287 43.20208152801713 5
      vertex -74.92153141692181 43.314117770716656 5
    endloop
  endfacet
  facet normal -0.5141027441931966 -0.8577286100002871 0
    outer loop
      vertex -75.1986255473958 43.499266149392206 0
      vertex -75.05553060386667 43.41349834091433 5
      vertex -75.1986255473958 43.499266149392206 5
    endloop
  endfacet
  facet normal -0.9891765099647875 -0.14673047445531834 0
    outer loop
      vertex -74.3326650233145 42.331653547427415 0
      vertex -74.30818596465727 42.16662913856025 5
      vertex -74.3326650233145 42.331653547427415 5
    endloop
  endfacet
  facet normal -0.9700312531945378 -0.2429801799032888 0
    outer loop
      vertex -74.37320142925525 42.493483951332585 0
      vertex -74.3326650233145 42.331653547427415 5
      vertex -74.37320142925525 42.493483951332585 5
    endloop
  endfacet
  facet normal -0.9415440651830207 -0.3368898533922202 0
    outer loop
      vertex -74.42940479473081 42.65056183502065 0
      vertex -74.37320142925525 42.493483951332585 5
      vertex -74.42940479473081 42.65056183502065 5
    endloop
  endfacet
  facet normal -0.9039892931234325 -0.42755509343030496 0
    outer loop
      vertex -74.5007338506078 42.80137445260419 0
      vertex -74.42940479473081 42.65056183502065 5
      vertex -74.5007338506078 42.80137445260419 5
    endloop
  endfacet
  facet normal 0.8577286100002947 0.514102744193184 0
    outer loop
      vertex 74.58650165908567 -42.94446939613332 0
      vertex 74.5007338506078 -42.80137445260419 0
      vertex 74.5007338506078 -42.80137445260419 5
    endloop
  endfacet
  facet normal 0.9039892931234325 0.42755509343030496 0
    outer loop
      vertex 74.5007338506078 -42.80137445260419 0
      vertex 74.42940479473081 -42.65056183502065 0
      vertex 74.42940479473081 -42.65056183502065 5
    endloop
  endfacet
  facet normal 0.9415440651830207 0.3368898533922202 0
    outer loop
      vertex 74.42940479473081 -42.65056183502065 0
      vertex 74.37320142925525 -42.493483951332585 0
      vertex 74.37320142925525 -42.493483951332585 5
    endloop
  endfacet
  facet normal 0.9700312531945378 0.2429801799032888 0
    outer loop
      vertex 74.37320142925525 -42.493483951332585 0
      vertex 74.3326650233145 -42.331653547427415 0
      vertex 74.3326650233145 -42.331653547427415 5
    endloop
  endfacet
  facet normal 0.9891765099647875 0.14673047445531834 0
    outer loop
      vertex 74.3326650233145 -42.331653547427415 0
      vertex 74.30818596465727 -42.16662913856025 0
      vertex 74.30818596465727 -42.16662913856025 5
    endloop
  endfacet
  facet normal 0.6715589548470035 0.7409511253549727 0
    outer loop
      vertex 74.79791847198287 -43.20208152801713 0
      vertex 74.79791847198287 -43.20208152801713 5
      vertex 74.92153141692181 -43.314117770716656 0
    endloop
  endfacet
  facet normal 0.7409511253549745 0.6715589548470012 0
    outer loop
      vertex 74.79791847198287 -43.20208152801713 0
      vertex 74.68588222928335 -43.0784685830782 0
      vertex 74.68588222928335 -43.0784685830782 5
    endloop
  endfacet
  facet normal 0.5956993044924649 0.8032075314806215 0
    outer loop
      vertex 74.92153141692181 -43.314117770716656 0
      vertex 74.92153141692181 -43.314117770716656 5
      vertex 75.05553060386667 -43.41349834091433 0
    endloop
  endfacet
  facet normal 0.5141027441931966 0.8577286100002871 0
    outer loop
      vertex 75.05553060386667 -43.41349834091433 0
      vertex 75.05553060386667 -43.41349834091433 5
      vertex 75.1986255473958 -43.499266149392206 0
    endloop
  endfacet
  facet normal 0.33688985339223376 0.9415440651830158 0
    outer loop
      vertex 75.34943816497935 -43.570595205269186 0
      vertex 75.34943816497935 -43.570595205269186 5
      vertex 75.50651604866741 -43.626798570744754 0
    endloop
  endfacet
  facet normal 0.42755509343027015 0.903989293123449 0
    outer loop
      vertex 75.1986255473958 -43.499266149392206 0
      vertex 75.1986255473958 -43.499266149392206 5
      vertex 75.34943816497935 -43.570595205269186 0
    endloop
  endfacet
  facet normal 0.24298017990324874 0.9700312531945479 0
    outer loop
      vertex 75.50651604866741 -43.626798570744754 0
      vertex 75.50651604866741 -43.626798570744754 5
      vertex 75.66834645257258 -43.66733497668549 0
    endloop
  endfacet
  facet normal 0.1467304744553955 0.9891765099647759 0
    outer loop
      vertex 75.66834645257258 -43.66733497668549 0
      vertex 75.66834645257258 -43.66733497668549 5
      vertex 75.83337086143975 -43.69181403534274 0
    endloop
  endfacet
  facet normal 0.04906767432741787 0.9987954562051725 0
    outer loop
      vertex 75.83337086143975 -43.69181403534274 0
      vertex 75.83337086143975 -43.69181403534274 5
      vertex 76 -43.7 0
    endloop
  endfacet
  facet normal 0.8032075314806314 0.5956993044924516 0
    outer loop
      vertex 74.68588222928335 -43.0784685830782 0
      vertex 74.58650165908567 -42.94446939613332 0
      vertex 74.58650165908567 -42.94446939613332 5
    endloop
  endfacet
  facet normal 0.9987954562051702 0.04906767432746035 0
    outer loop
      vertex 74.30818596465727 -42.16662913856025 0
      vertex 74.3 -42 0
      vertex 74.3 -42 5
    endloop
  endfacet
  facet normal 0.9987954562051702 -0.04906767432746035 0
    outer loop
      vertex 74.3 -42 0
      vertex 74.30818596465727 -41.83337086143975 0
      vertex 74.30818596465727 -41.83337086143975 5
    endloop
  endfacet
  facet normal 0.9891765099647875 -0.14673047445531834 0
    outer loop
      vertex 74.30818596465727 -41.83337086143975 0
      vertex 74.3326650233145 -41.668346452572585 0
      vertex 74.3326650233145 -41.668346452572585 5
    endloop
  endfacet
  facet normal 0.9700312531945378 -0.2429801799032888 0
    outer loop
      vertex 74.3326650233145 -41.668346452572585 0
      vertex 74.37320142925525 -41.506516048667415 0
      vertex 74.37320142925525 -41.506516048667415 5
    endloop
  endfacet
  facet normal 0.9415440651830207 -0.3368898533922202 0
    outer loop
      vertex 74.37320142925525 -41.506516048667415 0
      vertex 74.42940479473081 -41.34943816497935 0
      vertex 74.42940479473081 -41.34943816497935 5
    endloop
  endfacet
  facet normal 0.9039892931234325 -0.42755509343030496 0
    outer loop
      vertex 74.42940479473081 -41.34943816497935 0
      vertex 74.5007338506078 -41.19862554739581 0
      vertex 74.5007338506078 -41.19862554739581 5
    endloop
  endfacet
  facet normal 0.8577286100002947 -0.514102744193184 0
    outer loop
      vertex 74.5007338506078 -41.19862554739581 0
      vertex 74.58650165908567 -41.05553060386668 0
      vertex 74.58650165908567 -41.05553060386668 5
    endloop
  endfacet
  facet normal 0.8032075314806314 -0.5956993044924516 0
    outer loop
      vertex 74.58650165908567 -41.05553060386668 0
      vertex 74.68588222928335 -40.9215314169218 0
      vertex 74.68588222928335 -40.9215314169218 5
    endloop
  endfacet
  facet normal 0.7409511253549745 -0.6715589548470012 0
    outer loop
      vertex 74.68588222928335 -40.9215314169218 0
      vertex 74.79791847198287 -40.79791847198287 0
      vertex 74.79791847198287 -40.79791847198287 5
    endloop
  endfacet
  facet normal 0.6715589548470035 -0.7409511253549727 0
    outer loop
      vertex 74.92153141692181 -40.685882229283344 0
      vertex 74.92153141692181 -40.685882229283344 5
      vertex 74.79791847198287 -40.79791847198287 0
    endloop
  endfacet
  facet normal 0.5956993044924649 -0.8032075314806215 0
    outer loop
      vertex 75.05553060386667 -40.58650165908567 0
      vertex 75.05553060386667 -40.58650165908567 5
      vertex 74.92153141692181 -40.685882229283344 0
    endloop
  endfacet
  facet normal 0.5141027441931966 -0.8577286100002871 0
    outer loop
      vertex 75.1986255473958 -40.500733850607794 0
      vertex 75.1986255473958 -40.500733850607794 5
      vertex 75.05553060386667 -40.58650165908567 0
    endloop
  endfacet
  facet normal -0.04906767432741787 0.9987954562051725 0
    outer loop
      vertex 76 -43.7 0
      vertex 76 -43.7 5
      vertex 76.16662913856025 -43.69181403534274 0
    endloop
  endfacet
  facet normal -0.1467304744553955 0.9891765099647759 0
    outer loop
      vertex 76.16662913856025 -43.69181403534274 0
      vertex 76.16662913856025 -43.69181403534274 5
      vertex 76.33165354742742 -43.66733497668549 0
    endloop
  endfacet
  facet normal -0.24298017990324874 0.9700312531945479 0
    outer loop
      vertex 76.33165354742742 -43.66733497668549 0
      vertex 76.33165354742742 -43.66733497668549 5
      vertex 76.49348395133259 -43.626798570744754 0
    endloop
  endfacet
  facet normal -0.33688985339223376 0.9415440651830158 0
    outer loop
      vertex 76.49348395133259 -43.626798570744754 0
      vertex 76.49348395133259 -43.626798570744754 5
      vertex 76.65056183502065 -43.570595205269186 0
    endloop
  endfacet
  facet normal -0.42755509343027015 0.903989293123449 0
    outer loop
      vertex 76.65056183502065 -43.570595205269186 0
      vertex 76.65056183502065 -43.570595205269186 5
      vertex 76.8013744526042 -43.499266149392206 0
    endloop
  endfacet
  facet normal -0.5141027441931966 0.8577286100002871 0
    outer loop
      vertex 76.8013744526042 -43.499266149392206 0
      vertex 76.8013744526042 -43.499266149392206 5
      vertex 76.94446939613333 -43.41349834091433 0
    endloop
  endfacet
  facet normal -0.5956993044924649 0.8032075314806215 0
    outer loop
      vertex 76.94446939613333 -43.41349834091433 0
      vertex 76.94446939613333 -43.41349834091433 5
      vertex 77.07846858307819 -43.314117770716656 0
    endloop
  endfacet
  facet normal -0.6715589548470035 0.7409511253549727 0
    outer loop
      vertex 77.07846858307819 -43.314117770716656 0
      vertex 77.07846858307819 -43.314117770716656 5
      vertex 77.20208152801713 -43.20208152801713 0
    endloop
  endfacet
  facet normal -0.7409511253549745 0.6715589548470012 0
    outer loop
      vertex 77.20208152801713 -43.20208152801713 0
      vertex 77.20208152801713 -43.20208152801713 5
      vertex 77.31411777071665 -43.0784685830782 0
    endloop
  endfacet
  facet normal -0.8032075314806314 0.5956993044924516 0
    outer loop
      vertex 77.41349834091433 -42.94446939613332 0
      vertex 77.31411777071665 -43.0784685830782 0
      vertex 77.31411777071665 -43.0784685830782 5
    endloop
  endfacet
  facet normal -0.8577286100002947 0.514102744193184 0
    outer loop
      vertex 77.4992661493922 -42.80137445260419 0
      vertex 77.41349834091433 -42.94446939613332 0
      vertex 77.41349834091433 -42.94446939613332 5
    endloop
  endfacet
  facet normal -0.9039892931234325 0.42755509343030496 0
    outer loop
      vertex 77.57059520526919 -42.65056183502065 0
      vertex 77.4992661493922 -42.80137445260419 0
      vertex 77.4992661493922 -42.80137445260419 5
    endloop
  endfacet
  facet normal -0.9415440651830207 0.3368898533922202 0
    outer loop
      vertex 77.62679857074475 -42.493483951332585 0
      vertex 77.57059520526919 -42.65056183502065 0
      vertex 77.57059520526919 -42.65056183502065 5
    endloop
  endfacet
  facet normal -0.9700312531945378 0.2429801799032888 0
    outer loop
      vertex 77.6673349766855 -42.331653547427415 0
      vertex 77.62679857074475 -42.493483951332585 0
      vertex 77.62679857074475 -42.493483951332585 5
    endloop
  endfacet
  facet normal -0.9891765099647875 0.14673047445531834 0
    outer loop
      vertex 77.69181403534273 -42.16662913856025 0
      vertex 77.6673349766855 -42.331653547427415 0
      vertex 77.6673349766855 -42.331653547427415 5
    endloop
  endfacet
  facet normal -0.5141027441931966 -0.8577286100002871 0
    outer loop
      vertex 76.94446939613333 -40.58650165908567 0
      vertex 76.94446939613333 -40.58650165908567 5
      vertex 76.8013744526042 -40.500733850607794 0
    endloop
  endfacet
  facet normal -0.6715589548470035 -0.7409511253549727 0
    outer loop
      vertex 77.20208152801713 -40.79791847198287 0
      vertex 77.20208152801713 -40.79791847198287 5
      vertex 77.07846858307819 -40.685882229283344 0
    endloop
  endfacet
  facet normal -0.7409511253549745 -0.6715589548470012 0
    outer loop
      vertex 77.20208152801713 -40.79791847198287 0
      vertex 77.31411777071665 -40.9215314169218 0
      vertex 77.31411777071665 -40.9215314169218 5
    endloop
  endfacet
  facet normal -0.5956993044924649 -0.8032075314806215 0
    outer loop
      vertex 77.07846858307819 -40.685882229283344 0
      vertex 77.07846858307819 -40.685882229283344 5
      vertex 76.94446939613333 -40.58650165908567 0
    endloop
  endfacet
  facet normal -0.9987954562051702 0.04906767432746035 0
    outer loop
      vertex 77.7 -42 0
      vertex 77.69181403534273 -42.16662913856025 0
      vertex 77.69181403534273 -42.16662913856025 5
    endloop
  endfacet
  facet normal -0.9891765099647875 -0.14673047445531834 0
    outer loop
      vertex 77.6673349766855 -41.668346452572585 0
      vertex 77.69181403534273 -41.83337086143975 0
      vertex 77.69181403534273 -41.83337086143975 5
    endloop
  endfacet
  facet normal -0.9987954562051702 -0.04906767432746035 0
    outer loop
      vertex 77.69181403534273 -41.83337086143975 0
      vertex 77.7 -42 0
      vertex 77.7 -42 5
    endloop
  endfacet
  facet normal -0.9700312531945378 -0.2429801799032888 0
    outer loop
      vertex 77.62679857074475 -41.506516048667415 0
      vertex 77.6673349766855 -41.668346452572585 0
      vertex 77.6673349766855 -41.668346452572585 5
    endloop
  endfacet
  facet normal -0.9415440651830207 -0.3368898533922202 0
    outer loop
      vertex 77.57059520526919 -41.34943816497935 0
      vertex 77.62679857074475 -41.506516048667415 0
      vertex 77.62679857074475 -41.506516048667415 5
    endloop
  endfacet
  facet normal -0.8577286100002947 -0.514102744193184 0
    outer loop
      vertex 77.41349834091433 -41.05553060386668 0
      vertex 77.4992661493922 -41.19862554739581 0
      vertex 77.4992661493922 -41.19862554739581 5
    endloop
  endfacet
  facet normal -0.9039892931234325 -0.42755509343030496 0
    outer loop
      vertex 77.4992661493922 -41.19862554739581 0
      vertex 77.57059520526919 -41.34943816497935 0
      vertex 77.57059520526919 -41.34943816497935 5
    endloop
  endfacet
  facet normal -0.8032075314806314 -0.5956993044924516 0
    outer loop
      vertex 77.31411777071665 -40.9215314169218 0
      vertex 77.41349834091433 -41.05553060386668 0
      vertex 77.41349834091433 -41.05553060386668 5
    endloop
  endfacet
  facet normal 0.42755509343027015 -0.903989293123449 0
    outer loop
      vertex 75.34943816497935 -40.429404794730814 0
      vertex 75.34943816497935 -40.429404794730814 5
      vertex 75.1986255473958 -40.500733850607794 0
    endloop
  endfacet
  facet normal 0.33688985339223376 -0.9415440651830158 0
    outer loop
      vertex 75.50651604866741 -40.373201429255246 0
      vertex 75.50651604866741 -40.373201429255246 5
      vertex 75.34943816497935 -40.429404794730814 0
    endloop
  endfacet
  facet normal 0.24298017990324874 -0.9700312531945479 0
    outer loop
      vertex 75.66834645257258 -40.33266502331451 0
      vertex 75.66834645257258 -40.33266502331451 5
      vertex 75.50651604866741 -40.373201429255246 0
    endloop
  endfacet
  facet normal 0.1467304744553955 -0.9891765099647759 0
    outer loop
      vertex 75.83337086143975 -40.30818596465726 0
      vertex 75.83337086143975 -40.30818596465726 5
      vertex 75.66834645257258 -40.33266502331451 0
    endloop
  endfacet
  facet normal 0.04906767432741787 -0.9987954562051725 0
    outer loop
      vertex 76 -40.3 0
      vertex 76 -40.3 5
      vertex 75.83337086143975 -40.30818596465726 0
    endloop
  endfacet
  facet normal -0.04906767432741787 -0.9987954562051725 0
    outer loop
      vertex 76.16662913856025 -40.30818596465726 0
      vertex 76.16662913856025 -40.30818596465726 5
      vertex 76 -40.3 0
    endloop
  endfacet
  facet normal -0.1467304744553955 -0.9891765099647759 0
    outer loop
      vertex 76.33165354742742 -40.33266502331451 0
      vertex 76.33165354742742 -40.33266502331451 5
      vertex 76.16662913856025 -40.30818596465726 0
    endloop
  endfacet
  facet normal -0.24298017990324874 -0.9700312531945479 0
    outer loop
      vertex 76.49348395133259 -40.373201429255246 0
      vertex 76.49348395133259 -40.373201429255246 5
      vertex 76.33165354742742 -40.33266502331451 0
    endloop
  endfacet
  facet normal -0.33688985339223376 -0.9415440651830158 0
    outer loop
      vertex 76.65056183502065 -40.429404794730814 0
      vertex 76.65056183502065 -40.429404794730814 5
      vertex 76.49348395133259 -40.373201429255246 0
    endloop
  endfacet
  facet normal -0.42755509343027015 -0.903989293123449 0
    outer loop
      vertex 76.8013744526042 -40.500733850607794 0
      vertex 76.8013744526042 -40.500733850607794 5
      vertex 76.65056183502065 -40.429404794730814 0
    endloop
  endfacet
  facet normal 0.9039892931234325 0.42755509343030496 0
    outer loop
      vertex 74.5007338506078 -42.80137445260419 0
      vertex 74.42940479473081 -42.65056183502065 5
      vertex 74.5007338506078 -42.80137445260419 5
    endloop
  endfacet
  facet normal 0.9415440651830207 0.3368898533922202 0
    outer loop
      vertex 74.42940479473081 -42.65056183502065 0
      vertex 74.37320142925525 -42.493483951332585 5
      vertex 74.42940479473081 -42.65056183502065 5
    endloop
  endfacet
  facet normal 0.9700312531945378 0.2429801799032888 0
    outer loop
      vertex 74.37320142925525 -42.493483951332585 0
      vertex 74.3326650233145 -42.331653547427415 5
      vertex 74.37320142925525 -42.493483951332585 5
    endloop
  endfacet
  facet normal 0.9891765099647875 0.14673047445531834 0
    outer loop
      vertex 74.3326650233145 -42.331653547427415 0
      vertex 74.30818596465727 -42.16662913856025 5
      vertex 74.3326650233145 -42.331653547427415 5
    endloop
  endfacet
  facet normal 0.5141027441931966 0.8577286100002871 0
    outer loop
      vertex 75.1986255473958 -43.499266149392206 0
      vertex 75.05553060386667 -43.41349834091433 5
      vertex 75.1986255473958 -43.499266149392206 5
    endloop
  endfacet
  facet normal 0.6715589548470035 0.7409511253549727 0
    outer loop
      vertex 74.92153141692181 -43.314117770716656 0
      vertex 74.79791847198287 -43.20208152801713 5
      vertex 74.92153141692181 -43.314117770716656 5
    endloop
  endfacet
  facet normal 0.8032075314806314 0.5956993044924516 0
    outer loop
      vertex 74.68588222928335 -43.0784685830782 0
      vertex 74.58650165908567 -42.94446939613332 5
      vertex 74.68588222928335 -43.0784685830782 5
    endloop
  endfacet
  facet normal 0.7409511253549745 0.6715589548470012 0
    outer loop
      vertex 74.79791847198287 -43.20208152801713 0
      vertex 74.68588222928335 -43.0784685830782 5
      vertex 74.79791847198287 -43.20208152801713 5
    endloop
  endfacet
  facet normal 0.5956993044924649 0.8032075314806215 0
    outer loop
      vertex 75.05553060386667 -43.41349834091433 0
      vertex 74.92153141692181 -43.314117770716656 5
      vertex 75.05553060386667 -43.41349834091433 5
    endloop
  endfacet
  facet normal 0.42755509343027015 0.903989293123449 0
    outer loop
      vertex 75.34943816497935 -43.570595205269186 0
      vertex 75.1986255473958 -43.499266149392206 5
      vertex 75.34943816497935 -43.570595205269186 5
    endloop
  endfacet
  facet normal 0.33688985339223376 0.9415440651830158 0
    outer loop
      vertex 75.50651604866741 -43.626798570744754 0
      vertex 75.34943816497935 -43.570595205269186 5
      vertex 75.50651604866741 -43.626798570744754 5
    endloop
  endfacet
  facet normal 0.1467304744553955 0.9891765099647759 0
    outer loop
      vertex 75.83337086143975 -43.69181403534274 0
      vertex 75.66834645257258 -43.66733497668549 5
      vertex 75.83337086143975 -43.69181403534274 5
    endloop
  endfacet
  facet normal 0.24298017990324874 0.9700312531945479 0
    outer loop
      vertex 75.66834645257258 -43.66733497668549 0
      vertex 75.50651604866741 -43.626798570744754 5
      vertex 75.66834645257258 -43.66733497668549 5
    endloop
  endfacet
  facet normal 0.8577286100002947 0.514102744193184 0
    outer loop
      vertex 74.58650165908567 -42.94446939613332 0
      vertex 74.5007338506078 -42.80137445260419 5
      vertex 74.58650165908567 -42.94446939613332 5
    endloop
  endfacet
  facet normal 0.9987954562051702 0.04906767432746035 0
    outer loop
      vertex 74.30818596465727 -42.16662913856025 0
      vertex 74.3 -42 5
      vertex 74.30818596465727 -42.16662913856025 5
    endloop
  endfacet
  facet normal 0.9987954562051702 -0.04906767432746035 0
    outer loop
      vertex 74.3 -42 0
      vertex 74.30818596465727 -41.83337086143975 5
      vertex 74.3 -42 5
    endloop
  endfacet
  facet normal 0.9891765099647875 -0.14673047445531834 0
    outer loop
      vertex 74.30818596465727 -41.83337086143975 0
      vertex 74.3326650233145 -41.668346452572585 5
      vertex 74.30818596465727 -41.83337086143975 5
    endloop
  endfacet
  facet normal 0.9700312531945378 -0.2429801799032888 0
    outer loop
      vertex 74.3326650233145 -41.668346452572585 0
      vertex 74.37320142925525 -41.506516048667415 5
      vertex 74.3326650233145 -41.668346452572585 5
    endloop
  endfacet
  facet normal 0.9415440651830207 -0.3368898533922202 0
    outer loop
      vertex 74.37320142925525 -41.506516048667415 0
      vertex 74.42940479473081 -41.34943816497935 5
      vertex 74.37320142925525 -41.506516048667415 5
    endloop
  endfacet
  facet normal 0.9039892931234325 -0.42755509343030496 0
    outer loop
      vertex 74.42940479473081 -41.34943816497935 0
      vertex 74.5007338506078 -41.19862554739581 5
      vertex 74.42940479473081 -41.34943816497935 5
    endloop
  endfacet
  facet normal 0.8577286100002947 -0.514102744193184 0
    outer loop
      vertex 74.5007338506078 -41.19862554739581 0
      vertex 74.58650165908567 -41.05553060386668 5
      vertex 74.5007338506078 -41.19862554739581 5
    endloop
  endfacet
  facet normal 0.8032075314806314 -0.5956993044924516 0
    outer loop
      vertex 74.58650165908567 -41.05553060386668 0
      vertex 74.68588222928335 -40.9215314169218 5
      vertex 74.58650165908567 -41.05553060386668 5
    endloop
  endfacet
  facet normal 0.7409511253549745 -0.6715589548470012 0
    outer loop
      vertex 74.68588222928335 -40.9215314169218 0
      vertex 74.79791847198287 -40.79791847198287 5
      vertex 74.68588222928335 -40.9215314169218 5
    endloop
  endfacet
  facet normal 0.6715589548470035 -0.7409511253549727 0
    outer loop
      vertex 74.79791847198287 -40.79791847198287 0
      vertex 74.92153141692181 -40.685882229283344 5
      vertex 74.79791847198287 -40.79791847198287 5
    endloop
  endfacet
  facet normal 0.5956993044924649 -0.8032075314806215 0
    outer loop
      vertex 74.92153141692181 -40.685882229283344 0
      vertex 75.05553060386667 -40.58650165908567 5
      vertex 74.92153141692181 -40.685882229283344 5
    endloop
  endfacet
  facet normal 0.5141027441931966 -0.8577286100002871 0
    outer loop
      vertex 75.05553060386667 -40.58650165908567 0
      vertex 75.1986255473958 -40.500733850607794 5
      vertex 75.05553060386667 -40.58650165908567 5
    endloop
  endfacet
  facet normal 0.04906767432741787 0.9987954562051725 0
    outer loop
      vertex 76 -43.7 0
      vertex 75.83337086143975 -43.69181403534274 5
      vertex 76 -43.7 5
    endloop
  endfacet
  facet normal -0.04906767432741787 0.9987954562051725 0
    outer loop
      vertex 76.16662913856025 -43.69181403534274 0
      vertex 76 -43.7 5
      vertex 76.16662913856025 -43.69181403534274 5
    endloop
  endfacet
  facet normal -0.1467304744553955 0.9891765099647759 0
    outer loop
      vertex 76.33165354742742 -43.66733497668549 0
      vertex 76.16662913856025 -43.69181403534274 5
      vertex 76.33165354742742 -43.66733497668549 5
    endloop
  endfacet
  facet normal -0.24298017990324874 0.9700312531945479 0
    outer loop
      vertex 76.49348395133259 -43.626798570744754 0
      vertex 76.33165354742742 -43.66733497668549 5
      vertex 76.49348395133259 -43.626798570744754 5
    endloop
  endfacet
  facet normal -0.33688985339223376 0.9415440651830158 0
    outer loop
      vertex 76.65056183502065 -43.570595205269186 0
      vertex 76.49348395133259 -43.626798570744754 5
      vertex 76.65056183502065 -43.570595205269186 5
    endloop
  endfacet
  facet normal -0.42755509343027015 0.903989293123449 0
    outer loop
      vertex 76.8013744526042 -43.499266149392206 0
      vertex 76.65056183502065 -43.570595205269186 5
      vertex 76.8013744526042 -43.499266149392206 5
    endloop
  endfacet
  facet normal -0.5141027441931966 0.8577286100002871 0
    outer loop
      vertex 76.94446939613333 -43.41349834091433 0
      vertex 76.8013744526042 -43.499266149392206 5
      vertex 76.94446939613333 -43.41349834091433 5
    endloop
  endfacet
  facet normal -0.5956993044924649 0.8032075314806215 0
    outer loop
      vertex 77.07846858307819 -43.314117770716656 0
      vertex 76.94446939613333 -43.41349834091433 5
      vertex 77.07846858307819 -43.314117770716656 5
    endloop
  endfacet
  facet normal -0.6715589548470035 0.7409511253549727 0
    outer loop
      vertex 77.20208152801713 -43.20208152801713 0
      vertex 77.07846858307819 -43.314117770716656 5
      vertex 77.20208152801713 -43.20208152801713 5
    endloop
  endfacet
  facet normal -0.7409511253549745 0.6715589548470012 0
    outer loop
      vertex 77.31411777071665 -43.0784685830782 0
      vertex 77.20208152801713 -43.20208152801713 5
      vertex 77.31411777071665 -43.0784685830782 5
    endloop
  endfacet
  facet normal -0.8032075314806314 0.5956993044924516 0
    outer loop
      vertex 77.41349834091433 -42.94446939613332 0
      vertex 77.31411777071665 -43.0784685830782 5
      vertex 77.41349834091433 -42.94446939613332 5
    endloop
  endfacet
  facet normal -0.8577286100002947 0.514102744193184 0
    outer loop
      vertex 77.4992661493922 -42.80137445260419 0
      vertex 77.41349834091433 -42.94446939613332 5
      vertex 77.4992661493922 -42.80137445260419 5
    endloop
  endfacet
  facet normal -0.9039892931234325 0.42755509343030496 0
    outer loop
      vertex 77.57059520526919 -42.65056183502065 0
      vertex 77.4992661493922 -42.80137445260419 5
      vertex 77.57059520526919 -42.65056183502065 5
    endloop
  endfacet
  facet normal -0.9415440651830207 0.3368898533922202 0
    outer loop
      vertex 77.62679857074475 -42.493483951332585 0
      vertex 77.57059520526919 -42.65056183502065 5
      vertex 77.62679857074475 -42.493483951332585 5
    endloop
  endfacet
  facet normal -0.9700312531945378 0.2429801799032888 0
    outer loop
      vertex 77.6673349766855 -42.331653547427415 0
      vertex 77.62679857074475 -42.493483951332585 5
      vertex 77.6673349766855 -42.331653547427415 5
    endloop
  endfacet
  facet normal -0.9891765099647875 0.14673047445531834 0
    outer loop
      vertex 77.69181403534273 -42.16662913856025 0
      vertex 77.6673349766855 -42.331653547427415 5
      vertex 77.69181403534273 -42.16662913856025 5
    endloop
  endfacet
  facet normal -0.5956993044924649 -0.8032075314806215 0
    outer loop
      vertex 76.94446939613333 -40.58650165908567 0
      vertex 77.07846858307819 -40.685882229283344 5
      vertex 76.94446939613333 -40.58650165908567 5
    endloop
  endfacet
  facet normal -0.5141027441931966 -0.8577286100002871 0
    outer loop
      vertex 76.8013744526042 -40.500733850607794 0
      vertex 76.94446939613333 -40.58650165908567 5
      vertex 76.8013744526042 -40.500733850607794 5
    endloop
  endfacet
  facet normal -0.6715589548470035 -0.7409511253549727 0
    outer loop
      vertex 77.07846858307819 -40.685882229283344 0
      vertex 77.20208152801713 -40.79791847198287 5
      vertex 77.07846858307819 -40.685882229283344 5
    endloop
  endfacet
  facet normal -0.7409511253549745 -0.6715589548470012 0
    outer loop
      vertex 77.20208152801713 -40.79791847198287 0
      vertex 77.31411777071665 -40.9215314169218 5
      vertex 77.20208152801713 -40.79791847198287 5
    endloop
  endfacet
  facet normal -0.9987954562051702 -0.04906767432746035 0
    outer loop
      vertex 77.69181403534273 -41.83337086143975 0
      vertex 77.7 -42 5
      vertex 77.69181403534273 -41.83337086143975 5
    endloop
  endfacet
  facet normal -0.9987954562051702 0.04906767432746035 0
    outer loop
      vertex 77.7 -42 0
      vertex 77.69181403534273 -42.16662913856025 5
      vertex 77.7 -42 5
    endloop
  endfacet
  facet normal -0.9891765099647875 -0.14673047445531834 0
    outer loop
      vertex 77.6673349766855 -41.668346452572585 0
      vertex 77.69181403534273 -41.83337086143975 5
      vertex 77.6673349766855 -41.668346452572585 5
    endloop
  endfacet
  facet normal -0.9700312531945378 -0.2429801799032888 0
    outer loop
      vertex 77.62679857074475 -41.506516048667415 0
      vertex 77.6673349766855 -41.668346452572585 5
      vertex 77.62679857074475 -41.506516048667415 5
    endloop
  endfacet
  facet normal -0.9415440651830207 -0.3368898533922202 0
    outer loop
      vertex 77.57059520526919 -41.34943816497935 0
      vertex 77.62679857074475 -41.506516048667415 5
      vertex 77.57059520526919 -41.34943816497935 5
    endloop
  endfacet
  facet normal -0.9039892931234325 -0.42755509343030496 0
    outer loop
      vertex 77.4992661493922 -41.19862554739581 0
      vertex 77.57059520526919 -41.34943816497935 5
      vertex 77.4992661493922 -41.19862554739581 5
    endloop
  endfacet
  facet normal -0.8577286100002947 -0.514102744193184 0
    outer loop
      vertex 77.41349834091433 -41.05553060386668 0
      vertex 77.4992661493922 -41.19862554739581 5
      vertex 77.41349834091433 -41.05553060386668 5
    endloop
  endfacet
  facet normal -0.8032075314806314 -0.5956993044924516 0
    outer loop
      vertex 77.31411777071665 -40.9215314169218 0
      vertex 77.41349834091433 -41.05553060386668 5
      vertex 77.31411777071665 -40.9215314169218 5
    endloop
  endfacet
  facet normal 0.42755509343027015 -0.903989293123449 0
    outer loop
      vertex 75.1986255473958 -40.500733850607794 0
      vertex 75.34943816497935 -40.429404794730814 5
      vertex 75.1986255473958 -40.500733850607794 5
    endloop
  endfacet
  facet normal 0.33688985339223376 -0.9415440651830158 0
    outer loop
      vertex 75.34943816497935 -40.429404794730814 0
      vertex 75.50651604866741 -40.373201429255246 5
      vertex 75.34943816497935 -40.429404794730814 5
    endloop
  endfacet
  facet normal 0.24298017990324874 -0.9700312531945479 0
    outer loop
      vertex 75.50651604866741 -40.373201429255246 0
      vertex 75.66834645257258 -40.33266502331451 5
      vertex 75.50651604866741 -40.373201429255246 5
    endloop
  endfacet
  facet normal 0.1467304744553955 -0.9891765099647759 0
    outer loop
      vertex 75.66834645257258 -40.33266502331451 0
      vertex 75.83337086143975 -40.30818596465726 5
      vertex 75.66834645257258 -40.33266502331451 5
    endloop
  endfacet
  facet normal 0.04906767432741787 -0.9987954562051725 0
    outer loop
      vertex 75.83337086143975 -40.30818596465726 0
      vertex 76 -40.3 5
      vertex 75.83337086143975 -40.30818596465726 5
    endloop
  endfacet
  facet normal -0.04906767432741787 -0.9987954562051725 0
    outer loop
      vertex 76 -40.3 0
      vertex 76.16662913856025 -40.30818596465726 5
      vertex 76 -40.3 5
    endloop
  endfacet
  facet normal -0.1467304744553955 -0.9891765099647759 0
    outer loop
      vertex 76.16662913856025 -40.30818596465726 0
      vertex 76.33165354742742 -40.33266502331451 5
      vertex 76.16662913856025 -40.30818596465726 5
    endloop
  endfacet
  facet normal -0.24298017990324874 -0.9700312531945479 0
    outer loop
      vertex 76.33165354742742 -40.33266502331451 0
      vertex 76.49348395133259 -40.373201429255246 5
      vertex 76.33165354742742 -40.33266502331451 5
    endloop
  endfacet
  facet normal -0.33688985339223376 -0.9415440651830158 0
    outer loop
      vertex 76.49348395133259 -40.373201429255246 0
      vertex 76.65056183502065 -40.429404794730814 5
      vertex 76.49348395133259 -40.373201429255246 5
    endloop
  endfacet
  facet normal -0.42755509343027015 -0.903989293123449 0
    outer loop
      vertex 76.65056183502065 -40.429404794730814 0
      vertex 76.8013744526042 -40.500733850607794 5
      vertex 76.65056183502065 -40.429404794730814 5
    endloop
  endfacet
  facet normal 0.33688985339223376 0.9415440651830158 0
    outer loop
      vertex 75.34943816497935 40.429404794730814 0
      vertex 75.34943816497935 40.429404794730814 5
      vertex 75.50651604866741 40.373201429255246 0
    endloop
  endfacet
  facet normal 0.42755509343027015 0.903989293123449 0
    outer loop
      vertex 75.1986255473958 40.500733850607794 0
      vertex 75.1986255473958 40.500733850607794 5
      vertex 75.34943816497935 40.429404794730814 0
    endloop
  endfacet
  facet normal 0.24298017990324874 0.9700312531945479 0
    outer loop
      vertex 75.50651604866741 40.373201429255246 0
      vertex 75.50651604866741 40.373201429255246 5
      vertex 75.66834645257258 40.33266502331451 0
    endloop
  endfacet
  facet normal 0.1467304744553955 0.9891765099647759 0
    outer loop
      vertex 75.66834645257258 40.33266502331451 0
      vertex 75.66834645257258 40.33266502331451 5
      vertex 75.83337086143975 40.30818596465726 0
    endloop
  endfacet
  facet normal 0.04906767432741787 0.9987954562051725 0
    outer loop
      vertex 75.83337086143975 40.30818596465726 0
      vertex 75.83337086143975 40.30818596465726 5
      vertex 76 40.3 0
    endloop
  endfacet
  facet normal -0.04906767432741787 0.9987954562051725 0
    outer loop
      vertex 76 40.3 0
      vertex 76 40.3 5
      vertex 76.16662913856025 40.30818596465726 0
    endloop
  endfacet
  facet normal -0.1467304744553955 0.9891765099647759 0
    outer loop
      vertex 76.16662913856025 40.30818596465726 0
      vertex 76.16662913856025 40.30818596465726 5
      vertex 76.33165354742742 40.33266502331451 0
    endloop
  endfacet
  facet normal -0.24298017990324874 0.9700312531945479 0
    outer loop
      vertex 76.33165354742742 40.33266502331451 0
      vertex 76.33165354742742 40.33266502331451 5
      vertex 76.49348395133259 40.373201429255246 0
    endloop
  endfacet
  facet normal -0.33688985339223376 0.9415440651830158 0
    outer loop
      vertex 76.49348395133259 40.373201429255246 0
      vertex 76.49348395133259 40.373201429255246 5
      vertex 76.65056183502065 40.429404794730814 0
    endloop
  endfacet
  facet normal -0.42755509343027015 0.903989293123449 0
    outer loop
      vertex 76.65056183502065 40.429404794730814 0
      vertex 76.65056183502065 40.429404794730814 5
      vertex 76.8013744526042 40.500733850607794 0
    endloop
  endfacet
  facet normal 0.8577286100002947 0.514102744193184 0
    outer loop
      vertex 74.58650165908567 41.05553060386668 0
      vertex 74.5007338506078 41.19862554739581 0
      vertex 74.5007338506078 41.19862554739581 5
    endloop
  endfacet
  facet normal 0.9039892931234325 0.42755509343030496 0
    outer loop
      vertex 74.5007338506078 41.19862554739581 0
      vertex 74.42940479473081 41.34943816497935 0
      vertex 74.42940479473081 41.34943816497935 5
    endloop
  endfacet
  facet normal 0.9415440651830207 0.3368898533922202 0
    outer loop
      vertex 74.42940479473081 41.34943816497935 0
      vertex 74.37320142925525 41.506516048667415 0
      vertex 74.37320142925525 41.506516048667415 5
    endloop
  endfacet
  facet normal 0.9700312531945378 0.2429801799032888 0
    outer loop
      vertex 74.37320142925525 41.506516048667415 0
      vertex 74.3326650233145 41.668346452572585 0
      vertex 74.3326650233145 41.668346452572585 5
    endloop
  endfacet
  facet normal 0.9891765099647875 0.14673047445531834 0
    outer loop
      vertex 74.3326650233145 41.668346452572585 0
      vertex 74.30818596465727 41.83337086143975 0
      vertex 74.30818596465727 41.83337086143975 5
    endloop
  endfacet
  facet normal 0.9987954562051702 0.04906767432746035 0
    outer loop
      vertex 74.30818596465727 41.83337086143975 0
      vertex 74.3 42 0
      vertex 74.3 42 5
    endloop
  endfacet
  facet normal 0.9987954562051702 -0.04906767432746035 0
    outer loop
      vertex 74.3 42 0
      vertex 74.30818596465727 42.16662913856025 0
      vertex 74.30818596465727 42.16662913856025 5
    endloop
  endfacet
  facet normal 0.6715589548470035 0.7409511253549727 0
    outer loop
      vertex 74.79791847198287 40.79791847198287 0
      vertex 74.79791847198287 40.79791847198287 5
      vertex 74.92153141692181 40.685882229283344 0
    endloop
  endfacet
  facet normal 0.7409511253549745 0.6715589548470012 0
    outer loop
      vertex 74.79791847198287 40.79791847198287 0
      vertex 74.68588222928335 40.9215314169218 0
      vertex 74.68588222928335 40.9215314169218 5
    endloop
  endfacet
  facet normal 0.5956993044924649 0.8032075314806215 0
    outer loop
      vertex 74.92153141692181 40.685882229283344 0
      vertex 74.92153141692181 40.685882229283344 5
      vertex 75.05553060386667 40.58650165908567 0
    endloop
  endfacet
  facet normal 0.5141027441931966 0.8577286100002871 0
    outer loop
      vertex 75.05553060386667 40.58650165908567 0
      vertex 75.05553060386667 40.58650165908567 5
      vertex 75.1986255473958 40.500733850607794 0
    endloop
  endfacet
  facet normal 0.8032075314806314 0.5956993044924516 0
    outer loop
      vertex 74.68588222928335 40.9215314169218 0
      vertex 74.58650165908567 41.05553060386668 0
      vertex 74.58650165908567 41.05553060386668 5
    endloop
  endfacet
  facet normal 0.9891765099647875 -0.14673047445531834 0
    outer loop
      vertex 74.30818596465727 42.16662913856025 0
      vertex 74.3326650233145 42.331653547427415 0
      vertex 74.3326650233145 42.331653547427415 5
    endloop
  endfacet
  facet normal 0.9700312531945378 -0.2429801799032888 0
    outer loop
      vertex 74.3326650233145 42.331653547427415 0
      vertex 74.37320142925525 42.493483951332585 0
      vertex 74.37320142925525 42.493483951332585 5
    endloop
  endfacet
  facet normal 0.9415440651830207 -0.3368898533922202 0
    outer loop
      vertex 74.37320142925525 42.493483951332585 0
      vertex 74.42940479473081 42.65056183502065 0
      vertex 74.42940479473081 42.65056183502065 5
    endloop
  endfacet
  facet normal 0.9039892931234325 -0.42755509343030496 0
    outer loop
      vertex 74.42940479473081 42.65056183502065 0
      vertex 74.5007338506078 42.80137445260419 0
      vertex 74.5007338506078 42.80137445260419 5
    endloop
  endfacet
  facet normal 0.8577286100002947 -0.514102744193184 0
    outer loop
      vertex 74.5007338506078 42.80137445260419 0
      vertex 74.58650165908567 42.94446939613332 0
      vertex 74.58650165908567 42.94446939613332 5
    endloop
  endfacet
  facet normal 0.8032075314806314 -0.5956993044924516 0
    outer loop
      vertex 74.58650165908567 42.94446939613332 0
      vertex 74.68588222928335 43.0784685830782 0
      vertex 74.68588222928335 43.0784685830782 5
    endloop
  endfacet
  facet normal 0.7409511253549745 -0.6715589548470012 0
    outer loop
      vertex 74.68588222928335 43.0784685830782 0
      vertex 74.79791847198287 43.20208152801713 0
      vertex 74.79791847198287 43.20208152801713 5
    endloop
  endfacet
  facet normal 0.6715589548470035 -0.7409511253549727 0
    outer loop
      vertex 74.92153141692181 43.314117770716656 0
      vertex 74.92153141692181 43.314117770716656 5
      vertex 74.79791847198287 43.20208152801713 0
    endloop
  endfacet
  facet normal 0.5956993044924649 -0.8032075314806215 0
    outer loop
      vertex 75.05553060386667 43.41349834091433 0
      vertex 75.05553060386667 43.41349834091433 5
      vertex 74.92153141692181 43.314117770716656 0
    endloop
  endfacet
  facet normal 0.5141027441931966 -0.8577286100002871 0
    outer loop
      vertex 75.1986255473958 43.499266149392206 0
      vertex 75.1986255473958 43.499266149392206 5
      vertex 75.05553060386667 43.41349834091433 0
    endloop
  endfacet
  facet normal 0.42755509343027015 -0.903989293123449 0
    outer loop
      vertex 75.34943816497935 43.570595205269186 0
      vertex 75.34943816497935 43.570595205269186 5
      vertex 75.1986255473958 43.499266149392206 0
    endloop
  endfacet
  facet normal 0.33688985339223376 -0.9415440651830158 0
    outer loop
      vertex 75.50651604866741 43.626798570744754 0
      vertex 75.50651604866741 43.626798570744754 5
      vertex 75.34943816497935 43.570595205269186 0
    endloop
  endfacet
  facet normal 0.24298017990324874 -0.9700312531945479 0
    outer loop
      vertex 75.66834645257258 43.66733497668549 0
      vertex 75.66834645257258 43.66733497668549 5
      vertex 75.50651604866741 43.626798570744754 0
    endloop
  endfacet
  facet normal 0.1467304744553955 -0.9891765099647759 0
    outer loop
      vertex 75.83337086143975 43.69181403534274 0
      vertex 75.83337086143975 43.69181403534274 5
      vertex 75.66834645257258 43.66733497668549 0
    endloop
  endfacet
  facet normal -0.5141027441931966 0.8577286100002871 0
    outer loop
      vertex 76.8013744526042 40.500733850607794 0
      vertex 76.8013744526042 40.500733850607794 5
      vertex 76.94446939613333 40.58650165908567 0
    endloop
  endfacet
  facet normal -0.5956993044924649 0.8032075314806215 0
    outer loop
      vertex 76.94446939613333 40.58650165908567 0
      vertex 76.94446939613333 40.58650165908567 5
      vertex 77.07846858307819 40.685882229283344 0
    endloop
  endfacet
  facet normal -0.6715589548470035 0.7409511253549727 0
    outer loop
      vertex 77.07846858307819 40.685882229283344 0
      vertex 77.07846858307819 40.685882229283344 5
      vertex 77.20208152801713 40.79791847198287 0
    endloop
  endfacet
  facet normal -0.7409511253549745 0.6715589548470012 0
    outer loop
      vertex 77.20208152801713 40.79791847198287 0
      vertex 77.20208152801713 40.79791847198287 5
      vertex 77.31411777071665 40.9215314169218 0
    endloop
  endfacet
  facet normal -0.8032075314806314 0.5956993044924516 0
    outer loop
      vertex 77.41349834091433 41.05553060386668 0
      vertex 77.31411777071665 40.9215314169218 0
      vertex 77.31411777071665 40.9215314169218 5
    endloop
  endfacet
  facet normal -0.8577286100002947 0.514102744193184 0
    outer loop
      vertex 77.4992661493922 41.19862554739581 0
      vertex 77.41349834091433 41.05553060386668 0
      vertex 77.41349834091433 41.05553060386668 5
    endloop
  endfacet
  facet normal -0.9039892931234325 0.42755509343030496 0
    outer loop
      vertex 77.57059520526919 41.34943816497935 0
      vertex 77.4992661493922 41.19862554739581 0
      vertex 77.4992661493922 41.19862554739581 5
    endloop
  endfacet
  facet normal -0.9415440651830207 0.3368898533922202 0
    outer loop
      vertex 77.62679857074475 41.506516048667415 0
      vertex 77.57059520526919 41.34943816497935 0
      vertex 77.57059520526919 41.34943816497935 5
    endloop
  endfacet
  facet normal -0.9700312531945378 0.2429801799032888 0
    outer loop
      vertex 77.6673349766855 41.668346452572585 0
      vertex 77.62679857074475 41.506516048667415 0
      vertex 77.62679857074475 41.506516048667415 5
    endloop
  endfacet
  facet normal -0.9891765099647875 0.14673047445531834 0
    outer loop
      vertex 77.69181403534273 41.83337086143975 0
      vertex 77.6673349766855 41.668346452572585 0
      vertex 77.6673349766855 41.668346452572585 5
    endloop
  endfacet
  facet normal -0.9987954562051702 0.04906767432746035 0
    outer loop
      vertex 77.7 42 0
      vertex 77.69181403534273 41.83337086143975 0
      vertex 77.69181403534273 41.83337086143975 5
    endloop
  endfacet
  facet normal -0.9987954562051702 -0.04906767432746035 0
    outer loop
      vertex 77.69181403534273 42.16662913856025 0
      vertex 77.7 42 0
      vertex 77.7 42 5
    endloop
  endfacet
  facet normal 0.04906767432741787 -0.9987954562051725 0
    outer loop
      vertex 76 43.7 0
      vertex 76 43.7 5
      vertex 75.83337086143975 43.69181403534274 0
    endloop
  endfacet
  facet normal -0.04906767432741787 -0.9987954562051725 0
    outer loop
      vertex 76.16662913856025 43.69181403534274 0
      vertex 76.16662913856025 43.69181403534274 5
      vertex 76 43.7 0
    endloop
  endfacet
  facet normal -0.1467304744553955 -0.9891765099647759 0
    outer loop
      vertex 76.33165354742742 43.66733497668549 0
      vertex 76.33165354742742 43.66733497668549 5
      vertex 76.16662913856025 43.69181403534274 0
    endloop
  endfacet
  facet normal -0.24298017990324874 -0.9700312531945479 0
    outer loop
      vertex 76.49348395133259 43.626798570744754 0
      vertex 76.49348395133259 43.626798570744754 5
      vertex 76.33165354742742 43.66733497668549 0
    endloop
  endfacet
  facet normal -0.33688985339223376 -0.9415440651830158 0
    outer loop
      vertex 76.65056183502065 43.570595205269186 0
      vertex 76.65056183502065 43.570595205269186 5
      vertex 76.49348395133259 43.626798570744754 0
    endloop
  endfacet
  facet normal -0.5141027441931966 -0.8577286100002871 0
    outer loop
      vertex 76.94446939613333 43.41349834091433 0
      vertex 76.94446939613333 43.41349834091433 5
      vertex 76.8013744526042 43.499266149392206 0
    endloop
  endfacet
  facet normal -0.6715589548470035 -0.7409511253549727 0
    outer loop
      vertex 77.20208152801713 43.20208152801713 0
      vertex 77.20208152801713 43.20208152801713 5
      vertex 77.07846858307819 43.314117770716656 0
    endloop
  endfacet
  facet normal -0.7409511253549745 -0.6715589548470012 0
    outer loop
      vertex 77.20208152801713 43.20208152801713 0
      vertex 77.31411777071665 43.0784685830782 0
      vertex 77.31411777071665 43.0784685830782 5
    endloop
  endfacet
  facet normal -0.5956993044924649 -0.8032075314806215 0
    outer loop
      vertex 77.07846858307819 43.314117770716656 0
      vertex 77.07846858307819 43.314117770716656 5
      vertex 76.94446939613333 43.41349834091433 0
    endloop
  endfacet
  facet normal -0.42755509343027015 -0.903989293123449 0
    outer loop
      vertex 76.8013744526042 43.499266149392206 0
      vertex 76.8013744526042 43.499266149392206 5
      vertex 76.65056183502065 43.570595205269186 0
    endloop
  endfacet
  facet normal -0.9891765099647875 -0.14673047445531834 0
    outer loop
      vertex 77.6673349766855 42.331653547427415 0
      vertex 77.69181403534273 42.16662913856025 0
      vertex 77.69181403534273 42.16662913856025 5
    endloop
  endfacet
  facet normal -0.9700312531945378 -0.2429801799032888 0
    outer loop
      vertex 77.62679857074475 42.493483951332585 0
      vertex 77.6673349766855 42.331653547427415 0
      vertex 77.6673349766855 42.331653547427415 5
    endloop
  endfacet
  facet normal -0.9415440651830207 -0.3368898533922202 0
    outer loop
      vertex 77.57059520526919 42.65056183502065 0
      vertex 77.62679857074475 42.493483951332585 0
      vertex 77.62679857074475 42.493483951332585 5
    endloop
  endfacet
  facet normal -0.9039892931234325 -0.42755509343030496 0
    outer loop
      vertex 77.4992661493922 42.80137445260419 0
      vertex 77.57059520526919 42.65056183502065 0
      vertex 77.57059520526919 42.65056183502065 5
    endloop
  endfacet
  facet normal -0.8577286100002947 -0.514102744193184 0
    outer loop
      vertex 77.41349834091433 42.94446939613332 0
      vertex 77.4992661493922 42.80137445260419 0
      vertex 77.4992661493922 42.80137445260419 5
    endloop
  endfacet
  facet normal -0.8032075314806314 -0.5956993044924516 0
    outer loop
      vertex 77.31411777071665 43.0784685830782 0
      vertex 77.41349834091433 42.94446939613332 0
      vertex 77.41349834091433 42.94446939613332 5
    endloop
  endfacet
  facet normal 0.42755509343027015 0.903989293123449 0
    outer loop
      vertex 75.34943816497935 40.429404794730814 0
      vertex 75.1986255473958 40.500733850607794 5
      vertex 75.34943816497935 40.429404794730814 5
    endloop
  endfacet
  facet normal 0.33688985339223376 0.9415440651830158 0
    outer loop
      vertex 75.50651604866741 40.373201429255246 0
      vertex 75.34943816497935 40.429404794730814 5
      vertex 75.50651604866741 40.373201429255246 5
    endloop
  endfacet
  facet normal 0.24298017990324874 0.9700312531945479 0
    outer loop
      vertex 75.66834645257258 40.33266502331451 0
      vertex 75.50651604866741 40.373201429255246 5
      vertex 75.66834645257258 40.33266502331451 5
    endloop
  endfacet
  facet normal 0.1467304744553955 0.9891765099647759 0
    outer loop
      vertex 75.83337086143975 40.30818596465726 0
      vertex 75.66834645257258 40.33266502331451 5
      vertex 75.83337086143975 40.30818596465726 5
    endloop
  endfacet
  facet normal 0.04906767432741787 0.9987954562051725 0
    outer loop
      vertex 76 40.3 0
      vertex 75.83337086143975 40.30818596465726 5
      vertex 76 40.3 5
    endloop
  endfacet
  facet normal -0.04906767432741787 0.9987954562051725 0
    outer loop
      vertex 76.16662913856025 40.30818596465726 0
      vertex 76 40.3 5
      vertex 76.16662913856025 40.30818596465726 5
    endloop
  endfacet
  facet normal -0.1467304744553955 0.9891765099647759 0
    outer loop
      vertex 76.33165354742742 40.33266502331451 0
      vertex 76.16662913856025 40.30818596465726 5
      vertex 76.33165354742742 40.33266502331451 5
    endloop
  endfacet
  facet normal -0.24298017990324874 0.9700312531945479 0
    outer loop
      vertex 76.49348395133259 40.373201429255246 0
      vertex 76.33165354742742 40.33266502331451 5
      vertex 76.49348395133259 40.373201429255246 5
    endloop
  endfacet
  facet normal -0.33688985339223376 0.9415440651830158 0
    outer loop
      vertex 76.65056183502065 40.429404794730814 0
      vertex 76.49348395133259 40.373201429255246 5
      vertex 76.65056183502065 40.429404794730814 5
    endloop
  endfacet
  facet normal -0.42755509343027015 0.903989293123449 0
    outer loop
      vertex 76.8013744526042 40.500733850607794 0
      vertex 76.65056183502065 40.429404794730814 5
      vertex 76.8013744526042 40.500733850607794 5
    endloop
  endfacet
  facet normal 0.9039892931234325 0.42755509343030496 0
    outer loop
      vertex 74.5007338506078 41.19862554739581 0
      vertex 74.42940479473081 41.34943816497935 5
      vertex 74.5007338506078 41.19862554739581 5
    endloop
  endfacet
  facet normal 0.9415440651830207 0.3368898533922202 0
    outer loop
      vertex 74.42940479473081 41.34943816497935 0
      vertex 74.37320142925525 41.506516048667415 5
      vertex 74.42940479473081 41.34943816497935 5
    endloop
  endfacet
  facet normal 0.9891765099647875 0.14673047445531834 0
    outer loop
      vertex 74.3326650233145 41.668346452572585 0
      vertex 74.30818596465727 41.83337086143975 5
      vertex 74.3326650233145 41.668346452572585 5
    endloop
  endfacet
  facet normal 0.9700312531945378 0.2429801799032888 0
    outer loop
      vertex 74.37320142925525 41.506516048667415 0
      vertex 74.3326650233145 41.668346452572585 5
      vertex 74.37320142925525 41.506516048667415 5
    endloop
  endfacet
  facet normal 0.9987954562051702 0.04906767432746035 0
    outer loop
      vertex 74.30818596465727 41.83337086143975 0
      vertex 74.3 42 5
      vertex 74.30818596465727 41.83337086143975 5
    endloop
  endfacet
  facet normal 0.9987954562051702 -0.04906767432746035 0
    outer loop
      vertex 74.3 42 0
      vertex 74.30818596465727 42.16662913856025 5
      vertex 74.3 42 5
    endloop
  endfacet
  facet normal 0.6715589548470035 0.7409511253549727 0
    outer loop
      vertex 74.92153141692181 40.685882229283344 0
      vertex 74.79791847198287 40.79791847198287 5
      vertex 74.92153141692181 40.685882229283344 5
    endloop
  endfacet
  facet normal 0.7409511253549745 0.6715589548470012 0
    outer loop
      vertex 74.79791847198287 40.79791847198287 0
      vertex 74.68588222928335 40.9215314169218 5
      vertex 74.79791847198287 40.79791847198287 5
    endloop
  endfacet
  facet normal 0.5956993044924649 0.8032075314806215 0
    outer loop
      vertex 75.05553060386667 40.58650165908567 0
      vertex 74.92153141692181 40.685882229283344 5
      vertex 75.05553060386667 40.58650165908567 5
    endloop
  endfacet
  facet normal 0.5141027441931966 0.8577286100002871 0
    outer loop
      vertex 75.1986255473958 40.500733850607794 0
      vertex 75.05553060386667 40.58650165908567 5
      vertex 75.1986255473958 40.500733850607794 5
    endloop
  endfacet
  facet normal 0.8032075314806314 0.5956993044924516 0
    outer loop
      vertex 74.68588222928335 40.9215314169218 0
      vertex 74.58650165908567 41.05553060386668 5
      vertex 74.68588222928335 40.9215314169218 5
    endloop
  endfacet
  facet normal 0.8577286100002947 0.514102744193184 0
    outer loop
      vertex 74.58650165908567 41.05553060386668 0
      vertex 74.5007338506078 41.19862554739581 5
      vertex 74.58650165908567 41.05553060386668 5
    endloop
  endfacet
  facet normal 0.9891765099647875 -0.14673047445531834 0
    outer loop
      vertex 74.30818596465727 42.16662913856025 0
      vertex 74.3326650233145 42.331653547427415 5
      vertex 74.30818596465727 42.16662913856025 5
    endloop
  endfacet
  facet normal 0.9700312531945378 -0.2429801799032888 0
    outer loop
      vertex 74.3326650233145 42.331653547427415 0
      vertex 74.37320142925525 42.493483951332585 5
      vertex 74.3326650233145 42.331653547427415 5
    endloop
  endfacet
  facet normal 0.9415440651830207 -0.3368898533922202 0
    outer loop
      vertex 74.37320142925525 42.493483951332585 0
      vertex 74.42940479473081 42.65056183502065 5
      vertex 74.37320142925525 42.493483951332585 5
    endloop
  endfacet
  facet normal 0.9039892931234325 -0.42755509343030496 0
    outer loop
      vertex 74.42940479473081 42.65056183502065 0
      vertex 74.5007338506078 42.80137445260419 5
      vertex 74.42940479473081 42.65056183502065 5
    endloop
  endfacet
  facet normal 0.8577286100002947 -0.514102744193184 0
    outer loop
      vertex 74.5007338506078 42.80137445260419 0
      vertex 74.58650165908567 42.94446939613332 5
      vertex 74.5007338506078 42.80137445260419 5
    endloop
  endfacet
  facet normal 0.8032075314806314 -0.5956993044924516 0
    outer loop
      vertex 74.58650165908567 42.94446939613332 0
      vertex 74.68588222928335 43.0784685830782 5
      vertex 74.58650165908567 42.94446939613332 5
    endloop
  endfacet
  facet normal 0.7409511253549745 -0.6715589548470012 0
    outer loop
      vertex 74.68588222928335 43.0784685830782 0
      vertex 74.79791847198287 43.20208152801713 5
      vertex 74.68588222928335 43.0784685830782 5
    endloop
  endfacet
  facet normal 0.6715589548470035 -0.7409511253549727 0
    outer loop
      vertex 74.79791847198287 43.20208152801713 0
      vertex 74.92153141692181 43.314117770716656 5
      vertex 74.79791847198287 43.20208152801713 5
    endloop
  endfacet
  facet normal 0.5956993044924649 -0.8032075314806215 0
    outer loop
      vertex 74.92153141692181 43.314117770716656 0
      vertex 75.05553060386667 43.41349834091433 5
      vertex 74.92153141692181 43.314117770716656 5
    endloop
  endfacet
  facet normal 0.5141027441931966 -0.8577286100002871 0
    outer loop
      vertex 75.05553060386667 43.41349834091433 0
      vertex 75.1986255473958 43.499266149392206 5
      vertex 75.05553060386667 43.41349834091433 5
    endloop
  endfacet
  facet normal 0.42755509343027015 -0.903989293123449 0
    outer loop
      vertex 75.1986255473958 43.499266149392206 0
      vertex 75.34943816497935 43.570595205269186 5
      vertex 75.1986255473958 43.499266149392206 5
    endloop
  endfacet
  facet normal 0.33688985339223376 -0.9415440651830158 0
    outer loop
      vertex 75.34943816497935 43.570595205269186 0
      vertex 75.50651604866741 43.626798570744754 5
      vertex 75.34943816497935 43.570595205269186 5
    endloop
  endfacet
  facet normal 0.24298017990324874 -0.9700312531945479 0
    outer loop
      vertex 75.50651604866741 43.626798570744754 0
      vertex 75.66834645257258 43.66733497668549 5
      vertex 75.50651604866741 43.626798570744754 5
    endloop
  endfacet
  facet normal 0.1467304744553955 -0.9891765099647759 0
    outer loop
      vertex 75.66834645257258 43.66733497668549 0
      vertex 75.83337086143975 43.69181403534274 5
      vertex 75.66834645257258 43.66733497668549 5
    endloop
  endfacet
  facet normal 0.04906767432741787 -0.9987954562051725 0
    outer loop
      vertex 75.83337086143975 43.69181403534274 0
      vertex 76 43.7 5
      vertex 75.83337086143975 43.69181403534274 5
    endloop
  endfacet
  facet normal -0.5141027441931966 0.8577286100002871 0
    outer loop
      vertex 76.94446939613333 40.58650165908567 0
      vertex 76.8013744526042 40.500733850607794 5
      vertex 76.94446939613333 40.58650165908567 5
    endloop
  endfacet
  facet normal -0.5956993044924649 0.8032075314806215 0
    outer loop
      vertex 77.07846858307819 40.685882229283344 0
      vertex 76.94446939613333 40.58650165908567 5
      vertex 77.07846858307819 40.685882229283344 5
    endloop
  endfacet
  facet normal -0.6715589548470035 0.7409511253549727 0
    outer loop
      vertex 77.20208152801713 40.79791847198287 0
      vertex 77.07846858307819 40.685882229283344 5
      vertex 77.20208152801713 40.79791847198287 5
    endloop
  endfacet
  facet normal -0.7409511253549745 0.6715589548470012 0
    outer loop
      vertex 77.31411777071665 40.9215314169218 0
      vertex 77.20208152801713 40.79791847198287 5
      vertex 77.31411777071665 40.9215314169218 5
    endloop
  endfacet
  facet normal -0.8032075314806314 0.5956993044924516 0
    outer loop
      vertex 77.41349834091433 41.05553060386668 0
      vertex 77.31411777071665 40.9215314169218 5
      vertex 77.41349834091433 41.05553060386668 5
    endloop
  endfacet
  facet normal -0.8577286100002947 0.514102744193184 0
    outer loop
      vertex 77.41349834091433 41.05553060386668 5
      vertex 77.4992661493922 41.19862554739581 5
      vertex 77.4992661493922 41.19862554739581 0
    endloop
  endfacet
  facet normal -0.9039892931234325 0.42755509343030496 0
    outer loop
      vertex 77.57059520526919 41.34943816497935 0
      vertex 77.4992661493922 41.19862554739581 5
      vertex 77.57059520526919 41.34943816497935 5
    endloop
  endfacet
  facet normal -0.9415440651830207 0.3368898533922202 0
    outer loop
      vertex 77.62679857074475 41.506516048667415 0
      vertex 77.57059520526919 41.34943816497935 5
      vertex 77.62679857074475 41.506516048667415 5
    endloop
  endfacet
  facet normal -0.9700312531945378 0.2429801799032888 0
    outer loop
      vertex 77.6673349766855 41.668346452572585 0
      vertex 77.62679857074475 41.506516048667415 5
      vertex 77.6673349766855 41.668346452572585 5
    endloop
  endfacet
  facet normal -0.9891765099647875 0.14673047445531834 0
    outer loop
      vertex 77.69181403534273 41.83337086143975 0
      vertex 77.6673349766855 41.668346452572585 5
      vertex 77.69181403534273 41.83337086143975 5
    endloop
  endfacet
  facet normal -0.9987954562051702 -0.04906767432746035 0
    outer loop
      vertex 77.69181403534273 42.16662913856025 0
      vertex 77.7 42 5
      vertex 77.69181403534273 42.16662913856025 5
    endloop
  endfacet
  facet normal -0.9987954562051702 0.04906767432746035 0
    outer loop
      vertex 77.7 42 0
      vertex 77.69181403534273 41.83337086143975 5
      vertex 77.7 42 5
    endloop
  endfacet
  facet normal -0.04906767432741787 -0.9987954562051725 0
    outer loop
      vertex 76 43.7 0
      vertex 76.16662913856025 43.69181403534274 5
      vertex 76 43.7 5
    endloop
  endfacet
  facet normal -0.1467304744553955 -0.9891765099647759 0
    outer loop
      vertex 76.16662913856025 43.69181403534274 0
      vertex 76.33165354742742 43.66733497668549 5
      vertex 76.16662913856025 43.69181403534274 5
    endloop
  endfacet
  facet normal -0.24298017990324874 -0.9700312531945479 0
    outer loop
      vertex 76.33165354742742 43.66733497668549 0
      vertex 76.49348395133259 43.626798570744754 5
      vertex 76.33165354742742 43.66733497668549 5
    endloop
  endfacet
  facet normal -0.33688985339223376 -0.9415440651830158 0
    outer loop
      vertex 76.49348395133259 43.626798570744754 0
      vertex 76.65056183502065 43.570595205269186 5
      vertex 76.49348395133259 43.626798570744754 5
    endloop
  endfacet
  facet normal -0.5956993044924649 -0.8032075314806215 0
    outer loop
      vertex 76.94446939613333 43.41349834091433 0
      vertex 77.07846858307819 43.314117770716656 5
      vertex 76.94446939613333 43.41349834091433 5
    endloop
  endfacet
  facet normal -0.7409511253549745 -0.6715589548470012 0
    outer loop
      vertex 77.20208152801713 43.20208152801713 0
      vertex 77.31411777071665 43.0784685830782 5
      vertex 77.20208152801713 43.20208152801713 5
    endloop
  endfacet
  facet normal -0.6715589548470035 -0.7409511253549727 0
    outer loop
      vertex 77.07846858307819 43.314117770716656 0
      vertex 77.20208152801713 43.20208152801713 5
      vertex 77.07846858307819 43.314117770716656 5
    endloop
  endfacet
  facet normal -0.42755509343027015 -0.903989293123449 0
    outer loop
      vertex 76.65056183502065 43.570595205269186 0
      vertex 76.8013744526042 43.499266149392206 5
      vertex 76.65056183502065 43.570595205269186 5
    endloop
  endfacet
  facet normal -0.5141027441931966 -0.8577286100002871 0
    outer loop
      vertex 76.8013744526042 43.499266149392206 0
      vertex 76.94446939613333 43.41349834091433 5
      vertex 76.8013744526042 43.499266149392206 5
    endloop
  endfacet
  facet normal -0.9891765099647875 -0.14673047445531834 0
    outer loop
      vertex 77.6673349766855 42.331653547427415 0
      vertex 77.69181403534273 42.16662913856025 5
      vertex 77.6673349766855 42.331653547427415 5
    endloop
  endfacet
  facet normal -0.9700312531945378 -0.2429801799032888 0
    outer loop
      vertex 77.62679857074475 42.493483951332585 0
      vertex 77.6673349766855 42.331653547427415 5
      vertex 77.62679857074475 42.493483951332585 5
    endloop
  endfacet
  facet normal -0.9415440651830207 -0.3368898533922202 0
    outer loop
      vertex 77.57059520526919 42.65056183502065 0
      vertex 77.62679857074475 42.493483951332585 5
      vertex 77.57059520526919 42.65056183502065 5
    endloop
  endfacet
  facet normal -0.9039892931234325 -0.42755509343030496 0
    outer loop
      vertex 77.4992661493922 42.80137445260419 0
      vertex 77.57059520526919 42.65056183502065 5
      vertex 77.4992661493922 42.80137445260419 5
    endloop
  endfacet
  facet normal -0.8577286100002947 -0.514102744193184 0
    outer loop
      vertex 77.41349834091433 42.94446939613332 0
      vertex 77.4992661493922 42.80137445260419 5
      vertex 77.41349834091433 42.94446939613332 5
    endloop
  endfacet
  facet normal -0.8032075314806314 -0.5956993044924516 0
    outer loop
      vertex 77.31411777071665 43.0784685830782 0
      vertex 77.41349834091433 42.94446939613332 5
      vertex 77.31411777071665 43.0784685830782 5
    endloop
  endfacet
  facet normal 0.7409511253549536 0.6715589548470248 0
    outer loop
      vertex 39.685882229283344 26.921531416921802 2.82
      vertex 39.685882229283344 26.921531416921802 5
      vertex 39.79791847198287 26.797918471982868 2.82
    endloop
  endfacet
  facet normal 0.671558954847013 0.740951125354964 0
    outer loop
      vertex 39.9215314169218 26.685882229283347 2.82
      vertex 39.79791847198287 26.797918471982868 2.82
      vertex 39.79791847198287 26.797918471982868 5
    endloop
  endfacet
  facet normal 0.5956993044924241 0.8032075314806517 0
    outer loop
      vertex 39.9215314169218 26.685882229283347 2.82
      vertex 39.9215314169218 26.685882229283347 5
      vertex 40.05553060386668 26.586501659085673 2.82
    endloop
  endfacet
  facet normal 0.4275550934302876 0.9039892931234407 0
    outer loop
      vertex 40.34943816497935 26.429404794730814 2.82
      vertex 40.19862554739581 26.500733850607798 2.82
      vertex 40.19862554739581 26.500733850607798 5
    endloop
  endfacet
  facet normal 0.5141027441932153 0.8577286100002759 0
    outer loop
      vertex 40.05553060386668 26.586501659085673 2.82
      vertex 40.05553060386668 26.586501659085673 5
      vertex 40.19862554739581 26.500733850607798 2.82
    endloop
  endfacet
  facet normal 0.3368898533922202 0.9415440651830208 0
    outer loop
      vertex 40.34943816497935 26.429404794730814 2.82
      vertex 40.34943816497935 26.429404794730814 5
      vertex 40.506516048667415 26.373201429255246 2.82
    endloop
  endfacet
  facet normal 0.24298017990326876 0.9700312531945428 0
    outer loop
      vertex 40.506516048667415 26.373201429255246 2.82
      vertex 40.506516048667415 26.373201429255246 5
      vertex 40.668346452572585 26.332665023314508 2.82
    endloop
  endfacet
  facet normal 0.14673047445536003 0.9891765099647813 0
    outer loop
      vertex 40.668346452572585 26.332665023314508 2.82
      vertex 40.668346452572585 26.332665023314508 5
      vertex 40.83337086143975 26.308185964657266 2.82
    endloop
  endfacet
  facet normal 0.04906767432741786 0.9987954562051724 0
    outer loop
      vertex 40.83337086143975 26.308185964657266 2.82
      vertex 40.83337086143975 26.308185964657266 5
      vertex 41 26.3 2.82
    endloop
  endfacet
  facet normal -0.04906767432741786 0.9987954562051724 0
    outer loop
      vertex 41 26.3 2.82
      vertex 41 26.3 5
      vertex 41.16662913856025 26.308185964657266 2.82
    endloop
  endfacet
  facet normal -0.14673047445536003 0.9891765099647813 0
    outer loop
      vertex 41.16662913856025 26.308185964657266 2.82
      vertex 41.16662913856025 26.308185964657266 5
      vertex 41.331653547427415 26.332665023314508 2.82
    endloop
  endfacet
  facet normal -0.24298017990326876 0.9700312531945428 0
    outer loop
      vertex 41.331653547427415 26.332665023314508 2.82
      vertex 41.331653547427415 26.332665023314508 5
      vertex 41.493483951332585 26.373201429255246 2.82
    endloop
  endfacet
  facet normal -0.3368898533922202 0.9415440651830208 0
    outer loop
      vertex 41.493483951332585 26.373201429255246 2.82
      vertex 41.493483951332585 26.373201429255246 5
      vertex 41.65056183502065 26.429404794730814 2.82
    endloop
  endfacet
  facet normal -0.4275550934302876 0.9039892931234407 0
    outer loop
      vertex 41.65056183502065 26.429404794730814 2.82
      vertex 41.65056183502065 26.429404794730814 5
      vertex 41.80137445260419 26.500733850607798 2.82
    endloop
  endfacet
  facet normal -0.5141027441932153 0.8577286100002759 0
    outer loop
      vertex 41.80137445260419 26.500733850607798 2.82
      vertex 41.80137445260419 26.500733850607798 5
      vertex 41.94446939613332 26.586501659085673 2.82
    endloop
  endfacet
  facet normal -0.5956993044924241 0.8032075314806517 0
    outer loop
      vertex 41.94446939613332 26.586501659085673 2.82
      vertex 41.94446939613332 26.586501659085673 5
      vertex 42.0784685830782 26.685882229283347 2.82
    endloop
  endfacet
  facet normal -0.671558954847013 0.740951125354964 0
    outer loop
      vertex 42.0784685830782 26.685882229283347 2.82
      vertex 42.0784685830782 26.685882229283347 5
      vertex 42.20208152801713 26.797918471982868 2.82
    endloop
  endfacet
  facet normal -0.7409511253549536 0.6715589548470248 0
    outer loop
      vertex 42.20208152801713 26.797918471982868 2.82
      vertex 42.20208152801713 26.797918471982868 5
      vertex 42.314117770716656 26.921531416921802 2.82
    endloop
  endfacet
  facet normal -0.8032075314806443 0.5956993044924344 0
    outer loop
      vertex 42.314117770716656 26.921531416921802 2.82
      vertex 42.314117770716656 26.921531416921802 5
      vertex 42.41349834091433 27.055530603866675 2.82
    endloop
  endfacet
  facet normal 0.8032075314806443 0.5956993044924344 0
    outer loop
      vertex 39.685882229283344 26.921531416921802 2.82
      vertex 39.58650165908567 27.055530603866675 5
      vertex 39.685882229283344 26.921531416921802 5
    endloop
  endfacet
  facet normal 0.671558954847013 0.740951125354964 0
    outer loop
      vertex 39.9215314169218 26.685882229283347 2.82
      vertex 39.79791847198287 26.797918471982868 5
      vertex 39.9215314169218 26.685882229283347 5
    endloop
  endfacet
  facet normal 0.5956993044924241 0.8032075314806517 0
    outer loop
      vertex 40.05553060386668 26.586501659085673 2.82
      vertex 39.9215314169218 26.685882229283347 5
      vertex 40.05553060386668 26.586501659085673 5
    endloop
  endfacet
  facet normal 0.7409511253549536 0.6715589548470248 0
    outer loop
      vertex 39.79791847198287 26.797918471982868 2.82
      vertex 39.685882229283344 26.921531416921802 5
      vertex 39.79791847198287 26.797918471982868 5
    endloop
  endfacet
  facet normal 0.5141027441932153 0.8577286100002759 0
    outer loop
      vertex 40.19862554739581 26.500733850607798 2.82
      vertex 40.05553060386668 26.586501659085673 5
      vertex 40.19862554739581 26.500733850607798 5
    endloop
  endfacet
  facet normal 0.4275550934302876 0.9039892931234407 0
    outer loop
      vertex 40.34943816497935 26.429404794730814 2.82
      vertex 40.19862554739581 26.500733850607798 5
      vertex 40.34943816497935 26.429404794730814 5
    endloop
  endfacet
  facet normal 0.24298017990326876 0.9700312531945428 0
    outer loop
      vertex 40.668346452572585 26.332665023314508 2.82
      vertex 40.506516048667415 26.373201429255246 5
      vertex 40.668346452572585 26.332665023314508 5
    endloop
  endfacet
  facet normal 0.14673047445536003 0.9891765099647813 0
    outer loop
      vertex 40.83337086143975 26.308185964657266 2.82
      vertex 40.668346452572585 26.332665023314508 5
      vertex 40.83337086143975 26.308185964657266 5
    endloop
  endfacet
  facet normal 0.3368898533922202 0.9415440651830208 0
    outer loop
      vertex 40.506516048667415 26.373201429255246 2.82
      vertex 40.34943816497935 26.429404794730814 5
      vertex 40.506516048667415 26.373201429255246 5
    endloop
  endfacet
  facet normal 0.04906767432741786 0.9987954562051724 0
    outer loop
      vertex 41 26.3 2.82
      vertex 40.83337086143975 26.308185964657266 5
      vertex 41 26.3 5
    endloop
  endfacet
  facet normal -0.04906767432741786 0.9987954562051724 0
    outer loop
      vertex 41.16662913856025 26.308185964657266 2.82
      vertex 41 26.3 5
      vertex 41.16662913856025 26.308185964657266 5
    endloop
  endfacet
  facet normal -0.14673047445536003 0.9891765099647813 0
    outer loop
      vertex 41.331653547427415 26.332665023314508 2.82
      vertex 41.16662913856025 26.308185964657266 5
      vertex 41.331653547427415 26.332665023314508 5
    endloop
  endfacet
  facet normal -0.24298017990326876 0.9700312531945428 0
    outer loop
      vertex 41.493483951332585 26.373201429255246 2.82
      vertex 41.331653547427415 26.332665023314508 5
      vertex 41.493483951332585 26.373201429255246 5
    endloop
  endfacet
  facet normal -0.3368898533922202 0.9415440651830208 0
    outer loop
      vertex 41.65056183502065 26.429404794730814 2.82
      vertex 41.493483951332585 26.373201429255246 5
      vertex 41.65056183502065 26.429404794730814 5
    endloop
  endfacet
  facet normal -0.4275550934302876 0.9039892931234407 0
    outer loop
      vertex 41.80137445260419 26.500733850607798 2.82
      vertex 41.65056183502065 26.429404794730814 5
      vertex 41.80137445260419 26.500733850607798 5
    endloop
  endfacet
  facet normal -0.5141027441932153 0.8577286100002759 0
    outer loop
      vertex 41.94446939613332 26.586501659085673 2.82
      vertex 41.80137445260419 26.500733850607798 5
      vertex 41.94446939613332 26.586501659085673 5
    endloop
  endfacet
  facet normal -0.5956993044924241 0.8032075314806517 0
    outer loop
      vertex 42.0784685830782 26.685882229283347 2.82
      vertex 41.94446939613332 26.586501659085673 5
      vertex 42.0784685830782 26.685882229283347 5
    endloop
  endfacet
  facet normal -0.671558954847013 0.740951125354964 0
    outer loop
      vertex 42.20208152801713 26.797918471982868 2.82
      vertex 42.0784685830782 26.685882229283347 5
      vertex 42.20208152801713 26.797918471982868 5
    endloop
  endfacet
  facet normal -0.7409511253549536 0.6715589548470248 0
    outer loop
      vertex 42.314117770716656 26.921531416921802 2.82
      vertex 42.20208152801713 26.797918471982868 5
      vertex 42.314117770716656 26.921531416921802 5
    endloop
  endfacet
  facet normal 0.9700312531945465 0.24298017990325374 0
    outer loop
      vertex 39.373201429255246 27.506516048667415 2.82
      vertex 39.33266502331451 27.66834645257258 2.82
      vertex 39.33266502331451 27.66834645257258 5
    endloop
  endfacet
  facet normal 0.9891765099647756 0.1467304744553986 0
    outer loop
      vertex 39.33266502331451 27.66834645257258 2.82
      vertex 39.30818596465726 27.833370861439747 2.82
      vertex 39.30818596465726 27.833370861439747 5
    endloop
  endfacet
  facet normal 0.9987954562051724 0.04906767432741786 0
    outer loop
      vertex 39.30818596465726 27.833370861439747 2.82
      vertex 39.3 28 2.82
      vertex 39.3 28 5
    endloop
  endfacet
  facet normal 0.9987954562051724 -0.04906767432741786 0
    outer loop
      vertex 39.3 28 2.82
      vertex 39.30818596465726 28.166629138560253 2.82
      vertex 39.30818596465726 28.166629138560253 5
    endloop
  endfacet
  facet normal 0.9891765099647756 -0.1467304744553986 0
    outer loop
      vertex 39.30818596465726 28.166629138560253 2.82
      vertex 39.33266502331451 28.33165354742742 2.82
      vertex 39.33266502331451 28.33165354742742 5
    endloop
  endfacet
  facet normal 0.9700312531945465 -0.24298017990325374 0
    outer loop
      vertex 39.33266502331451 28.33165354742742 2.82
      vertex 39.373201429255246 28.493483951332585 2.82
      vertex 39.373201429255246 28.493483951332585 5
    endloop
  endfacet
  facet normal 0.8577286100002759 0.5141027441932153 0
    outer loop
      vertex 39.58650165908567 27.055530603866675 2.82
      vertex 39.500733850607794 27.198625547395803 2.82
      vertex 39.500733850607794 27.198625547395803 5
    endloop
  endfacet
  facet normal 0.8032075314806443 0.5956993044924344 0
    outer loop
      vertex 39.58650165908567 27.055530603866675 2.82
      vertex 39.58650165908567 27.055530603866675 5
      vertex 39.685882229283344 26.921531416921802 2.82
    endloop
  endfacet
  facet normal 0.9039892931234529 0.4275550934302619 0
    outer loop
      vertex 39.500733850607794 27.198625547395803 2.82
      vertex 39.429404794730814 27.349438164979347 2.82
      vertex 39.429404794730814 27.349438164979347 5
    endloop
  endfacet
  facet normal 0.9415440651830208 0.3368898533922202 0
    outer loop
      vertex 39.373201429255246 27.506516048667415 2.82
      vertex 39.373201429255246 27.506516048667415 5
      vertex 39.429404794730814 27.349438164979347 2.82
    endloop
  endfacet
  facet normal 0.9415440651830208 -0.3368898533922202 0
    outer loop
      vertex 39.373201429255246 28.493483951332585 2.82
      vertex 39.429404794730814 28.650561835020653 2.82
      vertex 39.429404794730814 28.650561835020653 5
    endloop
  endfacet
  facet normal 0.9039892931234529 -0.4275550934302619 0
    outer loop
      vertex 39.429404794730814 28.650561835020653 2.82
      vertex 39.500733850607794 28.801374452604197 2.82
      vertex 39.500733850607794 28.801374452604197 5
    endloop
  endfacet
  facet normal 0.8577286100002759 -0.5141027441932153 0
    outer loop
      vertex 39.500733850607794 28.801374452604197 2.82
      vertex 39.58650165908567 28.944469396133325 2.82
      vertex 39.58650165908567 28.944469396133325 5
    endloop
  endfacet
  facet normal 0.8032075314806443 -0.5956993044924344 0
    outer loop
      vertex 39.58650165908567 28.944469396133325 2.82
      vertex 39.685882229283344 29.078468583078198 2.82
      vertex 39.685882229283344 29.078468583078198 5
    endloop
  endfacet
  facet normal 0.7409511253549536 -0.6715589548470248 0
    outer loop
      vertex 39.685882229283344 29.078468583078198 2.82
      vertex 39.79791847198287 29.202081528017132 2.82
      vertex 39.79791847198287 29.202081528017132 5
    endloop
  endfacet
  facet normal 0.671558954847013 -0.740951125354964 0
    outer loop
      vertex 39.79791847198287 29.202081528017132 2.82
      vertex 39.9215314169218 29.314117770716653 2.82
      vertex 39.9215314169218 29.314117770716653 5
    endloop
  endfacet
  facet normal 0.5956993044924241 -0.8032075314806517 0
    outer loop
      vertex 39.9215314169218 29.314117770716653 2.82
      vertex 40.05553060386668 29.413498340914327 2.82
      vertex 40.05553060386668 29.413498340914327 5
    endloop
  endfacet
  facet normal 0.5141027441932153 -0.8577286100002759 0
    outer loop
      vertex 40.05553060386668 29.413498340914327 2.82
      vertex 40.19862554739581 29.499266149392202 2.82
      vertex 40.19862554739581 29.499266149392202 5
    endloop
  endfacet
  facet normal 0.4275550934302876 -0.9039892931234407 0
    outer loop
      vertex 40.19862554739581 29.499266149392202 2.82
      vertex 40.34943816497935 29.570595205269186 2.82
      vertex 40.34943816497935 29.570595205269186 5
    endloop
  endfacet
  facet normal 0.3368898533922202 -0.9415440651830208 0
    outer loop
      vertex 40.34943816497935 29.570595205269186 2.82
      vertex 40.506516048667415 29.626798570744754 2.82
      vertex 40.506516048667415 29.626798570744754 5
    endloop
  endfacet
  facet normal 0.24298017990326876 -0.9700312531945428 0
    outer loop
      vertex 40.506516048667415 29.626798570744754 2.82
      vertex 40.668346452572585 29.667334976685492 2.82
      vertex 40.668346452572585 29.667334976685492 5
    endloop
  endfacet
  facet normal 0.14673047445536003 -0.9891765099647813 0
    outer loop
      vertex 40.668346452572585 29.667334976685492 2.82
      vertex 40.83337086143975 29.691814035342734 2.82
      vertex 40.83337086143975 29.691814035342734 5
    endloop
  endfacet
  facet normal -0.4275550934302876 -0.9039892931234407 0
    outer loop
      vertex 41.65056183502065 29.570595205269186 2.82
      vertex 41.80137445260419 29.499266149392202 2.82
      vertex 41.80137445260419 29.499266149392202 5
    endloop
  endfacet
  facet normal -0.671558954847013 -0.740951125354964 0
    outer loop
      vertex 42.0784685830782 29.314117770716653 2.82
      vertex 42.20208152801713 29.202081528017132 2.82
      vertex 42.20208152801713 29.202081528017132 5
    endloop
  endfacet
  facet normal -0.5141027441932153 -0.8577286100002759 0
    outer loop
      vertex 41.94446939613332 29.413498340914327 2.82
      vertex 41.94446939613332 29.413498340914327 5
      vertex 41.80137445260419 29.499266149392202 2.82
    endloop
  endfacet
  facet normal -0.5956993044924241 -0.8032075314806517 0
    outer loop
      vertex 41.94446939613332 29.413498340914327 2.82
      vertex 42.0784685830782 29.314117770716653 2.82
      vertex 42.0784685830782 29.314117770716653 5
    endloop
  endfacet
  facet normal 0.04906767432741786 -0.9987954562051724 0
    outer loop
      vertex 40.83337086143975 29.691814035342734 2.82
      vertex 41 29.7 2.82
      vertex 41 29.7 5
    endloop
  endfacet
  facet normal -0.04906767432741786 -0.9987954562051724 0
    outer loop
      vertex 41 29.7 2.82
      vertex 41.16662913856025 29.691814035342734 2.82
      vertex 41.16662913856025 29.691814035342734 5
    endloop
  endfacet
  facet normal -0.14673047445536003 -0.9891765099647813 0
    outer loop
      vertex 41.331653547427415 29.667334976685492 2.82
      vertex 41.331653547427415 29.667334976685492 5
      vertex 41.16662913856025 29.691814035342734 2.82
    endloop
  endfacet
  facet normal -0.24298017990326876 -0.9700312531945428 0
    outer loop
      vertex 41.331653547427415 29.667334976685492 2.82
      vertex 41.493483951332585 29.626798570744754 2.82
      vertex 41.493483951332585 29.626798570744754 5
    endloop
  endfacet
  facet normal -0.3368898533922202 -0.9415440651830208 0
    outer loop
      vertex 41.493483951332585 29.626798570744754 2.82
      vertex 41.65056183502065 29.570595205269186 2.82
      vertex 41.65056183502065 29.570595205269186 5
    endloop
  endfacet
  facet normal -0.8577286100002759 0.5141027441932153 0
    outer loop
      vertex 42.41349834091433 27.055530603866675 2.82
      vertex 42.41349834091433 27.055530603866675 5
      vertex 42.499266149392206 27.198625547395803 2.82
    endloop
  endfacet
  facet normal -0.9039892931234529 0.4275550934302619 0
    outer loop
      vertex 42.499266149392206 27.198625547395803 2.82
      vertex 42.499266149392206 27.198625547395803 5
      vertex 42.570595205269186 27.349438164979347 2.82
    endloop
  endfacet
  facet normal -0.9415440651830208 0.3368898533922202 0
    outer loop
      vertex 42.570595205269186 27.349438164979347 2.82
      vertex 42.570595205269186 27.349438164979347 5
      vertex 42.626798570744754 27.506516048667415 2.82
    endloop
  endfacet
  facet normal -0.9700312531945465 0.24298017990325374 0
    outer loop
      vertex 42.626798570744754 27.506516048667415 2.82
      vertex 42.626798570744754 27.506516048667415 5
      vertex 42.66733497668549 27.66834645257258 2.82
    endloop
  endfacet
  facet normal -0.9891765099647756 0.1467304744553986 0
    outer loop
      vertex 42.66733497668549 27.66834645257258 2.82
      vertex 42.66733497668549 27.66834645257258 5
      vertex 42.69181403534274 27.833370861439747 2.82
    endloop
  endfacet
  facet normal -0.9987954562051724 0.04906767432741786 0
    outer loop
      vertex 42.69181403534274 27.833370861439747 2.82
      vertex 42.69181403534274 27.833370861439747 5
      vertex 42.7 28 2.82
    endloop
  endfacet
  facet normal -0.9987954562051724 -0.04906767432741786 0
    outer loop
      vertex 42.7 28 2.82
      vertex 42.7 28 5
      vertex 42.69181403534274 28.166629138560253 2.82
    endloop
  endfacet
  facet normal -0.9891765099647756 -0.1467304744553986 0
    outer loop
      vertex 42.69181403534274 28.166629138560253 2.82
      vertex 42.69181403534274 28.166629138560253 5
      vertex 42.66733497668549 28.33165354742742 2.82
    endloop
  endfacet
  facet normal -0.9700312531945465 -0.24298017990325374 0
    outer loop
      vertex 42.66733497668549 28.33165354742742 2.82
      vertex 42.66733497668549 28.33165354742742 5
      vertex 42.626798570744754 28.493483951332585 2.82
    endloop
  endfacet
  facet normal -0.9415440651830208 -0.3368898533922202 0
    outer loop
      vertex 42.626798570744754 28.493483951332585 2.82
      vertex 42.626798570744754 28.493483951332585 5
      vertex 42.570595205269186 28.650561835020653 2.82
    endloop
  endfacet
  facet normal -0.8577286100002759 -0.5141027441932153 0
    outer loop
      vertex 42.41349834091433 28.944469396133325 2.82
      vertex 42.499266149392206 28.801374452604197 2.82
      vertex 42.499266149392206 28.801374452604197 5
    endloop
  endfacet
  facet normal -0.8032075314806443 -0.5956993044924344 0
    outer loop
      vertex 42.41349834091433 28.944469396133325 2.82
      vertex 42.41349834091433 28.944469396133325 5
      vertex 42.314117770716656 29.078468583078198 2.82
    endloop
  endfacet
  facet normal -0.9039892931234529 -0.4275550934302619 0
    outer loop
      vertex 42.570595205269186 28.650561835020653 2.82
      vertex 42.570595205269186 28.650561835020653 5
      vertex 42.499266149392206 28.801374452604197 2.82
    endloop
  endfacet
  facet normal -0.7409511253549536 -0.6715589548470248 0
    outer loop
      vertex 42.314117770716656 29.078468583078198 2.82
      vertex 42.314117770716656 29.078468583078198 5
      vertex 42.20208152801713 29.202081528017132 2.82
    endloop
  endfacet
  facet normal 0.9700312531945465 0.24298017990325374 0
    outer loop
      vertex 39.373201429255246 27.506516048667415 2.82
      vertex 39.33266502331451 27.66834645257258 5
      vertex 39.373201429255246 27.506516048667415 5
    endloop
  endfacet
  facet normal 0.9891765099647756 0.1467304744553986 0
    outer loop
      vertex 39.33266502331451 27.66834645257258 2.82
      vertex 39.30818596465726 27.833370861439747 5
      vertex 39.33266502331451 27.66834645257258 5
    endloop
  endfacet
  facet normal 0.9987954562051724 0.04906767432741786 0
    outer loop
      vertex 39.30818596465726 27.833370861439747 2.82
      vertex 39.3 28 5
      vertex 39.30818596465726 27.833370861439747 5
    endloop
  endfacet
  facet normal 0.9987954562051724 -0.04906767432741786 0
    outer loop
      vertex 39.3 28 2.82
      vertex 39.30818596465726 28.166629138560253 5
      vertex 39.3 28 5
    endloop
  endfacet
  facet normal 0.9891765099647756 -0.1467304744553986 0
    outer loop
      vertex 39.30818596465726 28.166629138560253 2.82
      vertex 39.33266502331451 28.33165354742742 5
      vertex 39.30818596465726 28.166629138560253 5
    endloop
  endfacet
  facet normal 0.9700312531945465 -0.24298017990325374 0
    outer loop
      vertex 39.33266502331451 28.33165354742742 2.82
      vertex 39.373201429255246 28.493483951332585 5
      vertex 39.33266502331451 28.33165354742742 5
    endloop
  endfacet
  facet normal 0.8577286100002759 0.5141027441932153 0
    outer loop
      vertex 39.58650165908567 27.055530603866675 2.82
      vertex 39.500733850607794 27.198625547395803 5
      vertex 39.58650165908567 27.055530603866675 5
    endloop
  endfacet
  facet normal 0.9039892931234529 0.4275550934302619 0
    outer loop
      vertex 39.500733850607794 27.198625547395803 2.82
      vertex 39.429404794730814 27.349438164979347 5
      vertex 39.500733850607794 27.198625547395803 5
    endloop
  endfacet
  facet normal 0.9415440651830208 0.3368898533922202 0
    outer loop
      vertex 39.429404794730814 27.349438164979347 2.82
      vertex 39.373201429255246 27.506516048667415 5
      vertex 39.429404794730814 27.349438164979347 5
    endloop
  endfacet
  facet normal 0.9415440651830208 -0.3368898533922202 0
    outer loop
      vertex 39.373201429255246 28.493483951332585 2.82
      vertex 39.429404794730814 28.650561835020653 5
      vertex 39.373201429255246 28.493483951332585 5
    endloop
  endfacet
  facet normal 0.9039892931234529 -0.4275550934302619 0
    outer loop
      vertex 39.429404794730814 28.650561835020653 2.82
      vertex 39.500733850607794 28.801374452604197 5
      vertex 39.429404794730814 28.650561835020653 5
    endloop
  endfacet
  facet normal 0.8577286100002759 -0.5141027441932153 0
    outer loop
      vertex 39.500733850607794 28.801374452604197 2.82
      vertex 39.58650165908567 28.944469396133325 5
      vertex 39.500733850607794 28.801374452604197 5
    endloop
  endfacet
  facet normal 0.8032075314806443 -0.5956993044924344 0
    outer loop
      vertex 39.58650165908567 28.944469396133325 2.82
      vertex 39.685882229283344 29.078468583078198 5
      vertex 39.58650165908567 28.944469396133325 5
    endloop
  endfacet
  facet normal 0.7409511253549536 -0.6715589548470248 0
    outer loop
      vertex 39.685882229283344 29.078468583078198 2.82
      vertex 39.79791847198287 29.202081528017132 5
      vertex 39.685882229283344 29.078468583078198 5
    endloop
  endfacet
  facet normal 0.671558954847013 -0.740951125354964 0
    outer loop
      vertex 39.79791847198287 29.202081528017132 2.82
      vertex 39.9215314169218 29.314117770716653 5
      vertex 39.79791847198287 29.202081528017132 5
    endloop
  endfacet
  facet normal 0.5956993044924241 -0.8032075314806517 0
    outer loop
      vertex 39.9215314169218 29.314117770716653 2.82
      vertex 40.05553060386668 29.413498340914327 5
      vertex 39.9215314169218 29.314117770716653 5
    endloop
  endfacet
  facet normal 0.5141027441932153 -0.8577286100002759 0
    outer loop
      vertex 40.05553060386668 29.413498340914327 2.82
      vertex 40.19862554739581 29.499266149392202 5
      vertex 40.05553060386668 29.413498340914327 5
    endloop
  endfacet
  facet normal 0.4275550934302876 -0.9039892931234407 0
    outer loop
      vertex 40.19862554739581 29.499266149392202 2.82
      vertex 40.34943816497935 29.570595205269186 5
      vertex 40.19862554739581 29.499266149392202 5
    endloop
  endfacet
  facet normal 0.3368898533922202 -0.9415440651830208 0
    outer loop
      vertex 40.34943816497935 29.570595205269186 2.82
      vertex 40.506516048667415 29.626798570744754 5
      vertex 40.34943816497935 29.570595205269186 5
    endloop
  endfacet
  facet normal 0.24298017990326876 -0.9700312531945428 0
    outer loop
      vertex 40.506516048667415 29.626798570744754 2.82
      vertex 40.668346452572585 29.667334976685492 5
      vertex 40.506516048667415 29.626798570744754 5
    endloop
  endfacet
  facet normal 0.14673047445536003 -0.9891765099647813 0
    outer loop
      vertex 40.668346452572585 29.667334976685492 2.82
      vertex 40.83337086143975 29.691814035342734 5
      vertex 40.668346452572585 29.667334976685492 5
    endloop
  endfacet
  facet normal -0.671558954847013 -0.740951125354964 0
    outer loop
      vertex 42.0784685830782 29.314117770716653 2.82
      vertex 42.20208152801713 29.202081528017132 5
      vertex 42.0784685830782 29.314117770716653 5
    endloop
  endfacet
  facet normal -0.5956993044924241 -0.8032075314806517 0
    outer loop
      vertex 41.94446939613332 29.413498340914327 2.82
      vertex 42.0784685830782 29.314117770716653 5
      vertex 41.94446939613332 29.413498340914327 5
    endloop
  endfacet
  facet normal -0.5141027441932153 -0.8577286100002759 0
    outer loop
      vertex 41.80137445260419 29.499266149392202 2.82
      vertex 41.94446939613332 29.413498340914327 5
      vertex 41.80137445260419 29.499266149392202 5
    endloop
  endfacet
  facet normal 0.04906767432741786 -0.9987954562051724 0
    outer loop
      vertex 40.83337086143975 29.691814035342734 2.82
      vertex 41 29.7 5
      vertex 40.83337086143975 29.691814035342734 5
    endloop
  endfacet
  facet normal -0.04906767432741786 -0.9987954562051724 0
    outer loop
      vertex 41 29.7 2.82
      vertex 41.16662913856025 29.691814035342734 5
      vertex 41 29.7 5
    endloop
  endfacet
  facet normal -0.14673047445536003 -0.9891765099647813 0
    outer loop
      vertex 41.16662913856025 29.691814035342734 2.82
      vertex 41.331653547427415 29.667334976685492 5
      vertex 41.16662913856025 29.691814035342734 5
    endloop
  endfacet
  facet normal -0.24298017990326876 -0.9700312531945428 0
    outer loop
      vertex 41.331653547427415 29.667334976685492 2.82
      vertex 41.493483951332585 29.626798570744754 5
      vertex 41.331653547427415 29.667334976685492 5
    endloop
  endfacet
  facet normal -0.3368898533922202 -0.9415440651830208 0
    outer loop
      vertex 41.493483951332585 29.626798570744754 2.82
      vertex 41.65056183502065 29.570595205269186 5
      vertex 41.493483951332585 29.626798570744754 5
    endloop
  endfacet
  facet normal -0.4275550934302876 -0.9039892931234407 0
    outer loop
      vertex 41.65056183502065 29.570595205269186 2.82
      vertex 41.80137445260419 29.499266149392202 5
      vertex 41.65056183502065 29.570595205269186 5
    endloop
  endfacet
  facet normal -0.8032075314806443 0.5956993044924344 0
    outer loop
      vertex 42.41349834091433 27.055530603866675 2.82
      vertex 42.314117770716656 26.921531416921802 5
      vertex 42.41349834091433 27.055530603866675 5
    endloop
  endfacet
  facet normal -0.8577286100002759 0.5141027441932153 0
    outer loop
      vertex 42.499266149392206 27.198625547395803 2.82
      vertex 42.41349834091433 27.055530603866675 5
      vertex 42.499266149392206 27.198625547395803 5
    endloop
  endfacet
  facet normal -0.9039892931234529 0.4275550934302619 0
    outer loop
      vertex 42.570595205269186 27.349438164979347 2.82
      vertex 42.499266149392206 27.198625547395803 5
      vertex 42.570595205269186 27.349438164979347 5
    endloop
  endfacet
  facet normal -0.9415440651830208 0.3368898533922202 0
    outer loop
      vertex 42.626798570744754 27.506516048667415 2.82
      vertex 42.570595205269186 27.349438164979347 5
      vertex 42.626798570744754 27.506516048667415 5
    endloop
  endfacet
  facet normal -0.9700312531945465 0.24298017990325374 0
    outer loop
      vertex 42.66733497668549 27.66834645257258 2.82
      vertex 42.626798570744754 27.506516048667415 5
      vertex 42.66733497668549 27.66834645257258 5
    endloop
  endfacet
  facet normal -0.9891765099647756 0.1467304744553986 0
    outer loop
      vertex 42.69181403534274 27.833370861439747 2.82
      vertex 42.66733497668549 27.66834645257258 5
      vertex 42.69181403534274 27.833370861439747 5
    endloop
  endfacet
  facet normal -0.9987954562051724 0.04906767432741786 0
    outer loop
      vertex 42.7 28 2.82
      vertex 42.69181403534274 27.833370861439747 5
      vertex 42.7 28 5
    endloop
  endfacet
  facet normal -0.9987954562051724 -0.04906767432741786 0
    outer loop
      vertex 42.69181403534274 28.166629138560253 2.82
      vertex 42.7 28 5
      vertex 42.69181403534274 28.166629138560253 5
    endloop
  endfacet
  facet normal -0.9891765099647756 -0.1467304744553986 0
    outer loop
      vertex 42.66733497668549 28.33165354742742 2.82
      vertex 42.69181403534274 28.166629138560253 5
      vertex 42.66733497668549 28.33165354742742 5
    endloop
  endfacet
  facet normal -0.9700312531945465 -0.24298017990325374 0
    outer loop
      vertex 42.626798570744754 28.493483951332585 2.82
      vertex 42.66733497668549 28.33165354742742 5
      vertex 42.626798570744754 28.493483951332585 5
    endloop
  endfacet
  facet normal -0.9415440651830208 -0.3368898533922202 0
    outer loop
      vertex 42.570595205269186 28.650561835020653 2.82
      vertex 42.626798570744754 28.493483951332585 5
      vertex 42.570595205269186 28.650561835020653 5
    endloop
  endfacet
  facet normal -0.9039892931234529 -0.4275550934302619 0
    outer loop
      vertex 42.499266149392206 28.801374452604197 2.82
      vertex 42.570595205269186 28.650561835020653 5
      vertex 42.499266149392206 28.801374452604197 5
    endloop
  endfacet
  facet normal -0.8577286100002759 -0.5141027441932153 0
    outer loop
      vertex 42.41349834091433 28.944469396133325 2.82
      vertex 42.499266149392206 28.801374452604197 5
      vertex 42.41349834091433 28.944469396133325 5
    endloop
  endfacet
  facet normal -0.8032075314806443 -0.5956993044924344 0
    outer loop
      vertex 42.314117770716656 29.078468583078198 2.82
      vertex 42.41349834091433 28.944469396133325 5
      vertex 42.314117770716656 29.078468583078198 5
    endloop
  endfacet
  facet normal -0.7409511253549536 -0.6715589548470248 0
    outer loop
      vertex 42.20208152801713 29.202081528017132 2.82
      vertex 42.314117770716656 29.078468583078198 5
      vertex 42.20208152801713 29.202081528017132 5
    endloop
  endfacet
  facet normal 0.9700312531945465 0.24298017990325374 0
    outer loop
      vertex 39.373201429255246 -28.493483951332585 2.82
      vertex 39.33266502331451 -28.33165354742742 2.82
      vertex 39.33266502331451 -28.33165354742742 5
    endloop
  endfacet
  facet normal 0.9891765099647756 0.1467304744553986 0
    outer loop
      vertex 39.33266502331451 -28.33165354742742 2.82
      vertex 39.30818596465726 -28.166629138560253 2.82
      vertex 39.30818596465726 -28.166629138560253 5
    endloop
  endfacet
  facet normal 0.9987954562051724 0.04906767432741786 0
    outer loop
      vertex 39.30818596465726 -28.166629138560253 2.82
      vertex 39.3 -28 2.82
      vertex 39.3 -28 5
    endloop
  endfacet
  facet normal 0.9987954562051724 -0.04906767432741786 0
    outer loop
      vertex 39.3 -28 2.82
      vertex 39.30818596465726 -27.833370861439747 2.82
      vertex 39.30818596465726 -27.833370861439747 5
    endloop
  endfacet
  facet normal 0.9891765099647756 -0.1467304744553986 0
    outer loop
      vertex 39.30818596465726 -27.833370861439747 2.82
      vertex 39.33266502331451 -27.66834645257258 2.82
      vertex 39.33266502331451 -27.66834645257258 5
    endloop
  endfacet
  facet normal 0.9700312531945465 -0.24298017990325374 0
    outer loop
      vertex 39.33266502331451 -27.66834645257258 2.82
      vertex 39.373201429255246 -27.506516048667415 2.82
      vertex 39.373201429255246 -27.506516048667415 5
    endloop
  endfacet
  facet normal 0.3368898533922202 0.9415440651830208 0
    outer loop
      vertex 40.34943816497935 -29.570595205269186 2.82
      vertex 40.34943816497935 -29.570595205269186 5
      vertex 40.506516048667415 -29.626798570744754 2.82
    endloop
  endfacet
  facet normal 0.24298017990326876 0.9700312531945428 0
    outer loop
      vertex 40.506516048667415 -29.626798570744754 2.82
      vertex 40.506516048667415 -29.626798570744754 5
      vertex 40.668346452572585 -29.667334976685492 2.82
    endloop
  endfacet
  facet normal 0.14673047445536003 0.9891765099647813 0
    outer loop
      vertex 40.668346452572585 -29.667334976685492 2.82
      vertex 40.668346452572585 -29.667334976685492 5
      vertex 40.83337086143975 -29.691814035342734 2.82
    endloop
  endfacet
  facet normal 0.7409511253549536 0.6715589548470248 0
    outer loop
      vertex 39.79791847198287 -29.202081528017132 2.82
      vertex 39.685882229283344 -29.078468583078198 2.82
      vertex 39.685882229283344 -29.078468583078198 5
    endloop
  endfacet
  facet normal 0.5956993044924241 0.8032075314806517 0
    outer loop
      vertex 39.9215314169218 -29.314117770716653 2.82
      vertex 39.9215314169218 -29.314117770716653 5
      vertex 40.05553060386668 -29.413498340914327 2.82
    endloop
  endfacet
  facet normal 0.671558954847013 0.740951125354964 0
    outer loop
      vertex 39.9215314169218 -29.314117770716653 2.82
      vertex 39.79791847198287 -29.202081528017132 2.82
      vertex 39.79791847198287 -29.202081528017132 5
    endloop
  endfacet
  facet normal 0.8032075314806443 0.5956993044924344 0
    outer loop
      vertex 39.58650165908567 -28.944469396133325 2.82
      vertex 39.58650165908567 -28.944469396133325 5
      vertex 39.685882229283344 -29.078468583078198 2.82
    endloop
  endfacet
  facet normal 0.8577286100002759 0.5141027441932153 0
    outer loop
      vertex 39.58650165908567 -28.944469396133325 2.82
      vertex 39.500733850607794 -28.801374452604197 2.82
      vertex 39.500733850607794 -28.801374452604197 5
    endloop
  endfacet
  facet normal 0.9039892931234529 0.4275550934302619 0
    outer loop
      vertex 39.500733850607794 -28.801374452604197 2.82
      vertex 39.429404794730814 -28.650561835020653 2.82
      vertex 39.429404794730814 -28.650561835020653 5
    endloop
  endfacet
  facet normal 0.4275550934302876 0.9039892931234407 0
    outer loop
      vertex 40.19862554739581 -29.499266149392202 2.82
      vertex 40.19862554739581 -29.499266149392202 5
      vertex 40.34943816497935 -29.570595205269186 2.82
    endloop
  endfacet
  facet normal 0.5141027441932153 0.8577286100002759 0
    outer loop
      vertex 40.19862554739581 -29.499266149392202 2.82
      vertex 40.05553060386668 -29.413498340914327 2.82
      vertex 40.05553060386668 -29.413498340914327 5
    endloop
  endfacet
  facet normal 0.04906767432741786 0.9987954562051724 0
    outer loop
      vertex 40.83337086143975 -29.691814035342734 2.82
      vertex 40.83337086143975 -29.691814035342734 5
      vertex 41 -29.7 2.82
    endloop
  endfacet
  facet normal -0.04906767432741786 0.9987954562051724 0
    outer loop
      vertex 41 -29.7 2.82
      vertex 41 -29.7 5
      vertex 41.16662913856025 -29.691814035342734 2.82
    endloop
  endfacet
  facet normal -0.14673047445536003 0.9891765099647813 0
    outer loop
      vertex 41.16662913856025 -29.691814035342734 2.82
      vertex 41.16662913856025 -29.691814035342734 5
      vertex 41.331653547427415 -29.667334976685492 2.82
    endloop
  endfacet
  facet normal -0.24298017990326876 0.9700312531945428 0
    outer loop
      vertex 41.331653547427415 -29.667334976685492 2.82
      vertex 41.331653547427415 -29.667334976685492 5
      vertex 41.493483951332585 -29.626798570744754 2.82
    endloop
  endfacet
  facet normal -0.3368898533922202 0.9415440651830208 0
    outer loop
      vertex 41.493483951332585 -29.626798570744754 2.82
      vertex 41.493483951332585 -29.626798570744754 5
      vertex 41.65056183502065 -29.570595205269186 2.82
    endloop
  endfacet
  facet normal -0.4275550934302876 0.9039892931234407 0
    outer loop
      vertex 41.65056183502065 -29.570595205269186 2.82
      vertex 41.65056183502065 -29.570595205269186 5
      vertex 41.80137445260419 -29.499266149392202 2.82
    endloop
  endfacet
  facet normal -0.5141027441932153 0.8577286100002759 0
    outer loop
      vertex 41.80137445260419 -29.499266149392202 2.82
      vertex 41.80137445260419 -29.499266149392202 5
      vertex 41.94446939613332 -29.413498340914327 2.82
    endloop
  endfacet
  facet normal -0.5956993044924241 0.8032075314806517 0
    outer loop
      vertex 41.94446939613332 -29.413498340914327 2.82
      vertex 41.94446939613332 -29.413498340914327 5
      vertex 42.0784685830782 -29.314117770716653 2.82
    endloop
  endfacet
  facet normal -0.671558954847013 0.740951125354964 0
    outer loop
      vertex 42.0784685830782 -29.314117770716653 2.82
      vertex 42.0784685830782 -29.314117770716653 5
      vertex 42.20208152801713 -29.202081528017132 2.82
    endloop
  endfacet
  facet normal 0.9415440651830208 0.3368898533922202 0
    outer loop
      vertex 39.373201429255246 -28.493483951332585 2.82
      vertex 39.373201429255246 -28.493483951332585 5
      vertex 39.429404794730814 -28.650561835020653 2.82
    endloop
  endfacet
  facet normal 0.9415440651830208 -0.3368898533922202 0
    outer loop
      vertex 39.373201429255246 -27.506516048667415 2.82
      vertex 39.429404794730814 -27.349438164979347 2.82
      vertex 39.429404794730814 -27.349438164979347 5
    endloop
  endfacet
  facet normal 0.9039892931234529 -0.4275550934302619 0
    outer loop
      vertex 39.429404794730814 -27.349438164979347 2.82
      vertex 39.500733850607794 -27.198625547395803 2.82
      vertex 39.500733850607794 -27.198625547395803 5
    endloop
  endfacet
  facet normal 0.8577286100002759 -0.5141027441932153 0
    outer loop
      vertex 39.500733850607794 -27.198625547395803 2.82
      vertex 39.58650165908567 -27.055530603866675 2.82
      vertex 39.58650165908567 -27.055530603866675 5
    endloop
  endfacet
  facet normal -0.7409511253549536 0.6715589548470248 0
    outer loop
      vertex 42.20208152801713 -29.202081528017132 2.82
      vertex 42.20208152801713 -29.202081528017132 5
      vertex 42.314117770716656 -29.078468583078198 2.82
    endloop
  endfacet
  facet normal -0.8032075314806443 0.5956993044924344 0
    outer loop
      vertex 42.314117770716656 -29.078468583078198 2.82
      vertex 42.314117770716656 -29.078468583078198 5
      vertex 42.41349834091433 -28.944469396133325 2.82
    endloop
  endfacet
  facet normal -0.8577286100002759 0.5141027441932153 0
    outer loop
      vertex 42.41349834091433 -28.944469396133325 2.82
      vertex 42.41349834091433 -28.944469396133325 5
      vertex 42.499266149392206 -28.801374452604197 2.82
    endloop
  endfacet
  facet normal -0.9039892931234529 0.4275550934302619 0
    outer loop
      vertex 42.499266149392206 -28.801374452604197 2.82
      vertex 42.499266149392206 -28.801374452604197 5
      vertex 42.570595205269186 -28.650561835020653 2.82
    endloop
  endfacet
  facet normal -0.9415440651830208 0.3368898533922202 0
    outer loop
      vertex 42.570595205269186 -28.650561835020653 2.82
      vertex 42.570595205269186 -28.650561835020653 5
      vertex 42.626798570744754 -28.493483951332585 2.82
    endloop
  endfacet
  facet normal -0.9700312531945465 0.24298017990325374 0
    outer loop
      vertex 42.626798570744754 -28.493483951332585 2.82
      vertex 42.626798570744754 -28.493483951332585 5
      vertex 42.66733497668549 -28.33165354742742 2.82
    endloop
  endfacet
  facet normal -0.9891765099647756 0.1467304744553986 0
    outer loop
      vertex 42.66733497668549 -28.33165354742742 2.82
      vertex 42.66733497668549 -28.33165354742742 5
      vertex 42.69181403534274 -28.166629138560253 2.82
    endloop
  endfacet
  facet normal -0.9987954562051724 0.04906767432741786 0
    outer loop
      vertex 42.69181403534274 -28.166629138560253 2.82
      vertex 42.69181403534274 -28.166629138560253 5
      vertex 42.7 -28 2.82
    endloop
  endfacet
  facet normal -0.9987954562051724 -0.04906767432741786 0
    outer loop
      vertex 42.7 -28 2.82
      vertex 42.7 -28 5
      vertex 42.69181403534274 -27.833370861439747 2.82
    endloop
  endfacet
  facet normal -0.9891765099647756 -0.1467304744553986 0
    outer loop
      vertex 42.69181403534274 -27.833370861439747 2.82
      vertex 42.69181403534274 -27.833370861439747 5
      vertex 42.66733497668549 -27.66834645257258 2.82
    endloop
  endfacet
  facet normal -0.9700312531945465 -0.24298017990325374 0
    outer loop
      vertex 42.626798570744754 -27.506516048667415 2.82
      vertex 42.66733497668549 -27.66834645257258 2.82
      vertex 42.66733497668549 -27.66834645257258 5
    endloop
  endfacet
  facet normal -0.9415440651830208 -0.3368898533922202 0
    outer loop
      vertex 42.626798570744754 -27.506516048667415 2.82
      vertex 42.626798570744754 -27.506516048667415 5
      vertex 42.570595205269186 -27.349438164979347 2.82
    endloop
  endfacet
  facet normal -0.8577286100002759 -0.5141027441932153 0
    outer loop
      vertex 42.499266149392206 -27.198625547395803 2.82
      vertex 42.499266149392206 -27.198625547395803 5
      vertex 42.41349834091433 -27.055530603866675 2.82
    endloop
  endfacet
  facet normal -0.8032075314806443 -0.5956993044924344 0
    outer loop
      vertex 42.41349834091433 -27.055530603866675 2.82
      vertex 42.41349834091433 -27.055530603866675 5
      vertex 42.314117770716656 -26.921531416921802 2.82
    endloop
  endfacet
  facet normal -0.9039892931234529 -0.4275550934302619 0
    outer loop
      vertex 42.570595205269186 -27.349438164979347 2.82
      vertex 42.570595205269186 -27.349438164979347 5
      vertex 42.499266149392206 -27.198625547395803 2.82
    endloop
  endfacet
  facet normal 0.9700312531945465 0.24298017990325374 0
    outer loop
      vertex 39.373201429255246 -28.493483951332585 2.82
      vertex 39.33266502331451 -28.33165354742742 5
      vertex 39.373201429255246 -28.493483951332585 5
    endloop
  endfacet
  facet normal 0.9891765099647756 0.1467304744553986 0
    outer loop
      vertex 39.33266502331451 -28.33165354742742 2.82
      vertex 39.30818596465726 -28.166629138560253 5
      vertex 39.33266502331451 -28.33165354742742 5
    endloop
  endfacet
  facet normal 0.9987954562051724 0.04906767432741786 0
    outer loop
      vertex 39.30818596465726 -28.166629138560253 2.82
      vertex 39.3 -28 5
      vertex 39.30818596465726 -28.166629138560253 5
    endloop
  endfacet
  facet normal 0.9987954562051724 -0.04906767432741786 0
    outer loop
      vertex 39.3 -28 2.82
      vertex 39.30818596465726 -27.833370861439747 5
      vertex 39.3 -28 5
    endloop
  endfacet
  facet normal 0.9891765099647756 -0.1467304744553986 0
    outer loop
      vertex 39.30818596465726 -27.833370861439747 2.82
      vertex 39.33266502331451 -27.66834645257258 5
      vertex 39.30818596465726 -27.833370861439747 5
    endloop
  endfacet
  facet normal 0.9700312531945465 -0.24298017990325374 0
    outer loop
      vertex 39.33266502331451 -27.66834645257258 2.82
      vertex 39.373201429255246 -27.506516048667415 5
      vertex 39.33266502331451 -27.66834645257258 5
    endloop
  endfacet
  facet normal 0.4275550934302876 0.9039892931234407 0
    outer loop
      vertex 40.34943816497935 -29.570595205269186 2.82
      vertex 40.19862554739581 -29.499266149392202 5
      vertex 40.34943816497935 -29.570595205269186 5
    endloop
  endfacet
  facet normal 0.3368898533922202 0.9415440651830208 0
    outer loop
      vertex 40.506516048667415 -29.626798570744754 2.82
      vertex 40.34943816497935 -29.570595205269186 5
      vertex 40.506516048667415 -29.626798570744754 5
    endloop
  endfacet
  facet normal 0.14673047445536003 0.9891765099647813 0
    outer loop
      vertex 40.83337086143975 -29.691814035342734 2.82
      vertex 40.668346452572585 -29.667334976685492 5
      vertex 40.83337086143975 -29.691814035342734 5
    endloop
  endfacet
  facet normal 0.24298017990326876 0.9700312531945428 0
    outer loop
      vertex 40.668346452572585 -29.667334976685492 2.82
      vertex 40.506516048667415 -29.626798570744754 5
      vertex 40.668346452572585 -29.667334976685492 5
    endloop
  endfacet
  facet normal 0.5956993044924241 0.8032075314806517 0
    outer loop
      vertex 40.05553060386668 -29.413498340914327 2.82
      vertex 39.9215314169218 -29.314117770716653 5
      vertex 40.05553060386668 -29.413498340914327 5
    endloop
  endfacet
  facet normal 0.671558954847013 0.740951125354964 0
    outer loop
      vertex 39.9215314169218 -29.314117770716653 2.82
      vertex 39.79791847198287 -29.202081528017132 5
      vertex 39.9215314169218 -29.314117770716653 5
    endloop
  endfacet
  facet normal 0.7409511253549536 0.6715589548470248 0
    outer loop
      vertex 39.79791847198287 -29.202081528017132 2.82
      vertex 39.685882229283344 -29.078468583078198 5
      vertex 39.79791847198287 -29.202081528017132 5
    endloop
  endfacet
  facet normal 0.8032075314806443 0.5956993044924344 0
    outer loop
      vertex 39.685882229283344 -29.078468583078198 2.82
      vertex 39.58650165908567 -28.944469396133325 5
      vertex 39.685882229283344 -29.078468583078198 5
    endloop
  endfacet
  facet normal 0.9039892931234529 0.4275550934302619 0
    outer loop
      vertex 39.500733850607794 -28.801374452604197 2.82
      vertex 39.429404794730814 -28.650561835020653 5
      vertex 39.500733850607794 -28.801374452604197 5
    endloop
  endfacet
  facet normal 0.8577286100002759 0.5141027441932153 0
    outer loop
      vertex 39.58650165908567 -28.944469396133325 2.82
      vertex 39.500733850607794 -28.801374452604197 5
      vertex 39.58650165908567 -28.944469396133325 5
    endloop
  endfacet
  facet normal 0.5141027441932153 0.8577286100002759 0
    outer loop
      vertex 40.19862554739581 -29.499266149392202 2.82
      vertex 40.05553060386668 -29.413498340914327 5
      vertex 40.19862554739581 -29.499266149392202 5
    endloop
  endfacet
  facet normal 0.04906767432741786 0.9987954562051724 0
    outer loop
      vertex 41 -29.7 2.82
      vertex 40.83337086143975 -29.691814035342734 5
      vertex 41 -29.7 5
    endloop
  endfacet
  facet normal -0.04906767432741786 0.9987954562051724 0
    outer loop
      vertex 41.16662913856025 -29.691814035342734 2.82
      vertex 41 -29.7 5
      vertex 41.16662913856025 -29.691814035342734 5
    endloop
  endfacet
  facet normal -0.14673047445536003 0.9891765099647813 0
    outer loop
      vertex 41.331653547427415 -29.667334976685492 2.82
      vertex 41.16662913856025 -29.691814035342734 5
      vertex 41.331653547427415 -29.667334976685492 5
    endloop
  endfacet
  facet normal -0.24298017990326876 0.9700312531945428 0
    outer loop
      vertex 41.493483951332585 -29.626798570744754 2.82
      vertex 41.331653547427415 -29.667334976685492 5
      vertex 41.493483951332585 -29.626798570744754 5
    endloop
  endfacet
  facet normal -0.3368898533922202 0.9415440651830208 0
    outer loop
      vertex 41.65056183502065 -29.570595205269186 2.82
      vertex 41.493483951332585 -29.626798570744754 5
      vertex 41.65056183502065 -29.570595205269186 5
    endloop
  endfacet
  facet normal -0.4275550934302876 0.9039892931234407 0
    outer loop
      vertex 41.80137445260419 -29.499266149392202 2.82
      vertex 41.65056183502065 -29.570595205269186 5
      vertex 41.80137445260419 -29.499266149392202 5
    endloop
  endfacet
  facet normal -0.5141027441932153 0.8577286100002759 0
    outer loop
      vertex 41.94446939613332 -29.413498340914327 2.82
      vertex 41.80137445260419 -29.499266149392202 5
      vertex 41.94446939613332 -29.413498340914327 5
    endloop
  endfacet
  facet normal -0.5956993044924241 0.8032075314806517 0
    outer loop
      vertex 42.0784685830782 -29.314117770716653 2.82
      vertex 41.94446939613332 -29.413498340914327 5
      vertex 42.0784685830782 -29.314117770716653 5
    endloop
  endfacet
  facet normal -0.671558954847013 0.740951125354964 0
    outer loop
      vertex 42.20208152801713 -29.202081528017132 2.82
      vertex 42.0784685830782 -29.314117770716653 5
      vertex 42.20208152801713 -29.202081528017132 5
    endloop
  endfacet
  facet normal 0.9415440651830208 0.3368898533922202 0
    outer loop
      vertex 39.429404794730814 -28.650561835020653 2.82
      vertex 39.373201429255246 -28.493483951332585 5
      vertex 39.429404794730814 -28.650561835020653 5
    endloop
  endfacet
  facet normal 0.9415440651830208 -0.3368898533922202 0
    outer loop
      vertex 39.373201429255246 -27.506516048667415 2.82
      vertex 39.429404794730814 -27.349438164979347 5
      vertex 39.373201429255246 -27.506516048667415 5
    endloop
  endfacet
  facet normal 0.9039892931234529 -0.4275550934302619 0
    outer loop
      vertex 39.429404794730814 -27.349438164979347 2.82
      vertex 39.500733850607794 -27.198625547395803 5
      vertex 39.429404794730814 -27.349438164979347 5
    endloop
  endfacet
  facet normal 0.8577286100002759 -0.5141027441932153 0
    outer loop
      vertex 39.500733850607794 -27.198625547395803 2.82
      vertex 39.58650165908567 -27.055530603866675 5
      vertex 39.500733850607794 -27.198625547395803 5
    endloop
  endfacet
  facet normal 0.8032075314806443 -0.5956993044924344 0
    outer loop
      vertex 39.58650165908567 -27.055530603866675 2.82
      vertex 39.685882229283344 -26.921531416921802 5
      vertex 39.58650165908567 -27.055530603866675 5
    endloop
  endfacet
  facet normal -0.7409511253549536 0.6715589548470248 0
    outer loop
      vertex 42.314117770716656 -29.078468583078198 2.82
      vertex 42.20208152801713 -29.202081528017132 5
      vertex 42.314117770716656 -29.078468583078198 5
    endloop
  endfacet
  facet normal -0.8032075314806443 0.5956993044924344 0
    outer loop
      vertex 42.41349834091433 -28.944469396133325 2.82
      vertex 42.314117770716656 -29.078468583078198 5
      vertex 42.41349834091433 -28.944469396133325 5
    endloop
  endfacet
  facet normal -0.8577286100002759 0.5141027441932153 0
    outer loop
      vertex 42.499266149392206 -28.801374452604197 2.82
      vertex 42.41349834091433 -28.944469396133325 5
      vertex 42.499266149392206 -28.801374452604197 5
    endloop
  endfacet
  facet normal -0.9039892931234529 0.4275550934302619 0
    outer loop
      vertex 42.570595205269186 -28.650561835020653 2.82
      vertex 42.499266149392206 -28.801374452604197 5
      vertex 42.570595205269186 -28.650561835020653 5
    endloop
  endfacet
  facet normal -0.9415440651830208 0.3368898533922202 0
    outer loop
      vertex 42.626798570744754 -28.493483951332585 2.82
      vertex 42.570595205269186 -28.650561835020653 5
      vertex 42.626798570744754 -28.493483951332585 5
    endloop
  endfacet
  facet normal -0.9700312531945465 0.24298017990325374 0
    outer loop
      vertex 42.66733497668549 -28.33165354742742 2.82
      vertex 42.626798570744754 -28.493483951332585 5
      vertex 42.66733497668549 -28.33165354742742 5
    endloop
  endfacet
  facet normal -0.9891765099647756 0.1467304744553986 0
    outer loop
      vertex 42.69181403534274 -28.166629138560253 2.82
      vertex 42.66733497668549 -28.33165354742742 5
      vertex 42.69181403534274 -28.166629138560253 5
    endloop
  endfacet
  facet normal -0.9987954562051724 0.04906767432741786 0
    outer loop
      vertex 42.7 -28 2.82
      vertex 42.69181403534274 -28.166629138560253 5
      vertex 42.7 -28 5
    endloop
  endfacet
  facet normal -0.9987954562051724 -0.04906767432741786 0
    outer loop
      vertex 42.69181403534274 -27.833370861439747 2.82
      vertex 42.7 -28 5
      vertex 42.69181403534274 -27.833370861439747 5
    endloop
  endfacet
  facet normal -0.9891765099647756 -0.1467304744553986 0
    outer loop
      vertex 42.66733497668549 -27.66834645257258 2.82
      vertex 42.69181403534274 -27.833370861439747 5
      vertex 42.66733497668549 -27.66834645257258 5
    endloop
  endfacet
  facet normal -0.9700312531945465 -0.24298017990325374 0
    outer loop
      vertex 42.626798570744754 -27.506516048667415 2.82
      vertex 42.66733497668549 -27.66834645257258 5
      vertex 42.626798570744754 -27.506516048667415 5
    endloop
  endfacet
  facet normal -0.9039892931234529 -0.4275550934302619 0
    outer loop
      vertex 42.499266149392206 -27.198625547395803 2.82
      vertex 42.570595205269186 -27.349438164979347 5
      vertex 42.499266149392206 -27.198625547395803 5
    endloop
  endfacet
  facet normal -0.8577286100002759 -0.5141027441932153 0
    outer loop
      vertex 42.41349834091433 -27.055530603866675 2.82
      vertex 42.499266149392206 -27.198625547395803 5
      vertex 42.41349834091433 -27.055530603866675 5
    endloop
  endfacet
  facet normal -0.9415440651830208 -0.3368898533922202 0
    outer loop
      vertex 42.570595205269186 -27.349438164979347 2.82
      vertex 42.626798570744754 -27.506516048667415 5
      vertex 42.570595205269186 -27.349438164979347 5
    endloop
  endfacet
  facet normal 0.8032075314806443 -0.5956993044924344 0
    outer loop
      vertex 39.58650165908567 -27.055530603866675 2.82
      vertex 39.685882229283344 -26.921531416921802 2.82
      vertex 39.685882229283344 -26.921531416921802 5
    endloop
  endfacet
  facet normal 0.7409511253549536 -0.6715589548470248 0
    outer loop
      vertex 39.685882229283344 -26.921531416921802 2.82
      vertex 39.79791847198287 -26.797918471982868 2.82
      vertex 39.79791847198287 -26.797918471982868 5
    endloop
  endfacet
  facet normal 0.671558954847013 -0.740951125354964 0
    outer loop
      vertex 39.79791847198287 -26.797918471982868 2.82
      vertex 39.9215314169218 -26.685882229283347 2.82
      vertex 39.9215314169218 -26.685882229283347 5
    endloop
  endfacet
  facet normal 0.5956993044924241 -0.8032075314806517 0
    outer loop
      vertex 39.9215314169218 -26.685882229283347 2.82
      vertex 40.05553060386668 -26.586501659085673 2.82
      vertex 40.05553060386668 -26.586501659085673 5
    endloop
  endfacet
  facet normal 0.5141027441932153 -0.8577286100002759 0
    outer loop
      vertex 40.05553060386668 -26.586501659085673 2.82
      vertex 40.19862554739581 -26.500733850607798 2.82
      vertex 40.19862554739581 -26.500733850607798 5
    endloop
  endfacet
  facet normal 0.4275550934302876 -0.9039892931234407 0
    outer loop
      vertex 40.19862554739581 -26.500733850607798 2.82
      vertex 40.34943816497935 -26.429404794730814 2.82
      vertex 40.34943816497935 -26.429404794730814 5
    endloop
  endfacet
  facet normal 0.3368898533922202 -0.9415440651830208 0
    outer loop
      vertex 40.34943816497935 -26.429404794730814 2.82
      vertex 40.506516048667415 -26.373201429255246 2.82
      vertex 40.506516048667415 -26.373201429255246 5
    endloop
  endfacet
  facet normal 0.24298017990326876 -0.9700312531945428 0
    outer loop
      vertex 40.506516048667415 -26.373201429255246 2.82
      vertex 40.668346452572585 -26.332665023314508 2.82
      vertex 40.668346452572585 -26.332665023314508 5
    endloop
  endfacet
  facet normal 0.14673047445536003 -0.9891765099647813 0
    outer loop
      vertex 40.668346452572585 -26.332665023314508 2.82
      vertex 40.83337086143975 -26.308185964657266 2.82
      vertex 40.83337086143975 -26.308185964657266 5
    endloop
  endfacet
  facet normal 0.04906767432741786 -0.9987954562051724 0
    outer loop
      vertex 40.83337086143975 -26.308185964657266 2.82
      vertex 41 -26.3 2.82
      vertex 41 -26.3 5
    endloop
  endfacet
  facet normal -0.04906767432741786 -0.9987954562051724 0
    outer loop
      vertex 41 -26.3 2.82
      vertex 41.16662913856025 -26.308185964657266 2.82
      vertex 41.16662913856025 -26.308185964657266 5
    endloop
  endfacet
  facet normal -0.14673047445536003 -0.9891765099647813 0
    outer loop
      vertex 41.16662913856025 -26.308185964657266 2.82
      vertex 41.331653547427415 -26.332665023314508 2.82
      vertex 41.331653547427415 -26.332665023314508 5
    endloop
  endfacet
  facet normal -0.24298017990326876 -0.9700312531945428 0
    outer loop
      vertex 41.331653547427415 -26.332665023314508 2.82
      vertex 41.493483951332585 -26.373201429255246 2.82
      vertex 41.493483951332585 -26.373201429255246 5
    endloop
  endfacet
  facet normal -0.671558954847013 -0.740951125354964 0
    outer loop
      vertex 42.0784685830782 -26.685882229283347 2.82
      vertex 42.20208152801713 -26.797918471982868 2.82
      vertex 42.20208152801713 -26.797918471982868 5
    endloop
  endfacet
  facet normal -0.5956993044924241 -0.8032075314806517 0
    outer loop
      vertex 41.94446939613332 -26.586501659085673 2.82
      vertex 42.0784685830782 -26.685882229283347 2.82
      vertex 42.0784685830782 -26.685882229283347 5
    endloop
  endfacet
  facet normal -0.3368898533922202 -0.9415440651830208 0
    outer loop
      vertex 41.493483951332585 -26.373201429255246 2.82
      vertex 41.65056183502065 -26.429404794730814 2.82
      vertex 41.65056183502065 -26.429404794730814 5
    endloop
  endfacet
  facet normal -0.4275550934302876 -0.9039892931234407 0
    outer loop
      vertex 41.65056183502065 -26.429404794730814 2.82
      vertex 41.80137445260419 -26.500733850607798 2.82
      vertex 41.80137445260419 -26.500733850607798 5
    endloop
  endfacet
  facet normal -0.5141027441932153 -0.8577286100002759 0
    outer loop
      vertex 41.94446939613332 -26.586501659085673 2.82
      vertex 41.94446939613332 -26.586501659085673 5
      vertex 41.80137445260419 -26.500733850607798 2.82
    endloop
  endfacet
  facet normal -0.7409511253549536 -0.6715589548470248 0
    outer loop
      vertex 42.314117770716656 -26.921531416921802 2.82
      vertex 42.314117770716656 -26.921531416921802 5
      vertex 42.20208152801713 -26.797918471982868 2.82
    endloop
  endfacet
  facet normal 0.7409511253549536 -0.6715589548470248 0
    outer loop
      vertex 39.685882229283344 -26.921531416921802 2.82
      vertex 39.79791847198287 -26.797918471982868 5
      vertex 39.685882229283344 -26.921531416921802 5
    endloop
  endfacet
  facet normal 0.671558954847013 -0.740951125354964 0
    outer loop
      vertex 39.79791847198287 -26.797918471982868 2.82
      vertex 39.9215314169218 -26.685882229283347 5
      vertex 39.79791847198287 -26.797918471982868 5
    endloop
  endfacet
  facet normal 0.5956993044924241 -0.8032075314806517 0
    outer loop
      vertex 39.9215314169218 -26.685882229283347 2.82
      vertex 40.05553060386668 -26.586501659085673 5
      vertex 39.9215314169218 -26.685882229283347 5
    endloop
  endfacet
  facet normal 0.5141027441932153 -0.8577286100002759 0
    outer loop
      vertex 40.05553060386668 -26.586501659085673 2.82
      vertex 40.19862554739581 -26.500733850607798 5
      vertex 40.05553060386668 -26.586501659085673 5
    endloop
  endfacet
  facet normal 0.4275550934302876 -0.9039892931234407 0
    outer loop
      vertex 40.19862554739581 -26.500733850607798 2.82
      vertex 40.34943816497935 -26.429404794730814 5
      vertex 40.19862554739581 -26.500733850607798 5
    endloop
  endfacet
  facet normal 0.3368898533922202 -0.9415440651830208 0
    outer loop
      vertex 40.34943816497935 -26.429404794730814 2.82
      vertex 40.506516048667415 -26.373201429255246 5
      vertex 40.34943816497935 -26.429404794730814 5
    endloop
  endfacet
  facet normal 0.24298017990326876 -0.9700312531945428 0
    outer loop
      vertex 40.506516048667415 -26.373201429255246 2.82
      vertex 40.668346452572585 -26.332665023314508 5
      vertex 40.506516048667415 -26.373201429255246 5
    endloop
  endfacet
  facet normal 0.14673047445536003 -0.9891765099647813 0
    outer loop
      vertex 40.668346452572585 -26.332665023314508 2.82
      vertex 40.83337086143975 -26.308185964657266 5
      vertex 40.668346452572585 -26.332665023314508 5
    endloop
  endfacet
  facet normal 0.04906767432741786 -0.9987954562051724 0
    outer loop
      vertex 40.83337086143975 -26.308185964657266 2.82
      vertex 41 -26.3 5
      vertex 40.83337086143975 -26.308185964657266 5
    endloop
  endfacet
  facet normal -0.04906767432741786 -0.9987954562051724 0
    outer loop
      vertex 41 -26.3 2.82
      vertex 41.16662913856025 -26.308185964657266 5
      vertex 41 -26.3 5
    endloop
  endfacet
  facet normal -0.14673047445536003 -0.9891765099647813 0
    outer loop
      vertex 41.16662913856025 -26.308185964657266 2.82
      vertex 41.331653547427415 -26.332665023314508 5
      vertex 41.16662913856025 -26.308185964657266 5
    endloop
  endfacet
  facet normal -0.24298017990326876 -0.9700312531945428 0
    outer loop
      vertex 41.331653547427415 -26.332665023314508 2.82
      vertex 41.493483951332585 -26.373201429255246 5
      vertex 41.331653547427415 -26.332665023314508 5
    endloop
  endfacet
  facet normal -0.5956993044924241 -0.8032075314806517 0
    outer loop
      vertex 41.94446939613332 -26.586501659085673 2.82
      vertex 42.0784685830782 -26.685882229283347 5
      vertex 41.94446939613332 -26.586501659085673 5
    endloop
  endfacet
  facet normal -0.671558954847013 -0.740951125354964 0
    outer loop
      vertex 42.0784685830782 -26.685882229283347 2.82
      vertex 42.20208152801713 -26.797918471982868 5
      vertex 42.0784685830782 -26.685882229283347 5
    endloop
  endfacet
  facet normal -0.3368898533922202 -0.9415440651830208 0
    outer loop
      vertex 41.493483951332585 -26.373201429255246 2.82
      vertex 41.65056183502065 -26.429404794730814 5
      vertex 41.493483951332585 -26.373201429255246 5
    endloop
  endfacet
  facet normal -0.4275550934302876 -0.9039892931234407 0
    outer loop
      vertex 41.65056183502065 -26.429404794730814 2.82
      vertex 41.80137445260419 -26.500733850607798 5
      vertex 41.65056183502065 -26.429404794730814 5
    endloop
  endfacet
  facet normal -0.5141027441932153 -0.8577286100002759 0
    outer loop
      vertex 41.80137445260419 -26.500733850607798 2.82
      vertex 41.94446939613332 -26.586501659085673 5
      vertex 41.80137445260419 -26.500733850607798 5
    endloop
  endfacet
  facet normal -0.8032075314806443 -0.5956993044924344 0
    outer loop
      vertex 42.314117770716656 -26.921531416921802 2.82
      vertex 42.41349834091433 -27.055530603866675 5
      vertex 42.314117770716656 -26.921531416921802 5
    endloop
  endfacet
  facet normal -0.7409511253549536 -0.6715589548470248 0
    outer loop
      vertex 42.20208152801713 -26.797918471982868 2.82
      vertex 42.314117770716656 -26.921531416921802 5
      vertex 42.20208152801713 -26.797918471982868 5
    endloop
  endfacet
  facet normal 0.7409511253549536 0.6715589548470248 0
    outer loop
      vertex -42.20208152801713 -29.202081528017132 2.82
      vertex -42.314117770716656 -29.078468583078198 2.82
      vertex -42.314117770716656 -29.078468583078198 5
    endloop
  endfacet
  facet normal 0.9039892931234529 0.4275550934302619 0
    outer loop
      vertex -42.499266149392206 -28.801374452604197 2.82
      vertex -42.570595205269186 -28.650561835020653 2.82
      vertex -42.570595205269186 -28.650561835020653 5
    endloop
  endfacet
  facet normal 0.8032075314806443 0.5956993044924344 0
    outer loop
      vertex -42.314117770716656 -29.078468583078198 2.82
      vertex -42.41349834091433 -28.944469396133325 2.82
      vertex -42.41349834091433 -28.944469396133325 5
    endloop
  endfacet
  facet normal 0.8577286100002759 0.5141027441932153 0
    outer loop
      vertex -42.499266149392206 -28.801374452604197 2.82
      vertex -42.499266149392206 -28.801374452604197 5
      vertex -42.41349834091433 -28.944469396133325 2.82
    endloop
  endfacet
  facet normal 0.9415440651830208 0.3368898533922202 0
    outer loop
      vertex -42.570595205269186 -28.650561835020653 2.82
      vertex -42.626798570744754 -28.493483951332585 2.82
      vertex -42.626798570744754 -28.493483951332585 5
    endloop
  endfacet
  facet normal 0.9700312531945465 0.24298017990325374 0
    outer loop
      vertex -42.626798570744754 -28.493483951332585 2.82
      vertex -42.66733497668549 -28.33165354742742 2.82
      vertex -42.66733497668549 -28.33165354742742 5
    endloop
  endfacet
  facet normal 0.9891765099647756 0.1467304744553986 0
    outer loop
      vertex -42.66733497668549 -28.33165354742742 2.82
      vertex -42.69181403534274 -28.166629138560253 2.82
      vertex -42.69181403534274 -28.166629138560253 5
    endloop
  endfacet
  facet normal 0.9987954562051724 0.04906767432741786 0
    outer loop
      vertex -42.69181403534274 -28.166629138560253 2.82
      vertex -42.7 -28 2.82
      vertex -42.7 -28 5
    endloop
  endfacet
  facet normal 0.9987954562051724 -0.04906767432741786 0
    outer loop
      vertex -42.7 -28 2.82
      vertex -42.69181403534274 -27.833370861439747 2.82
      vertex -42.69181403534274 -27.833370861439747 5
    endloop
  endfacet
  facet normal 0.9891765099647756 -0.1467304744553986 0
    outer loop
      vertex -42.69181403534274 -27.833370861439747 2.82
      vertex -42.66733497668549 -27.66834645257258 2.82
      vertex -42.66733497668549 -27.66834645257258 5
    endloop
  endfacet
  facet normal 0.9700312531945465 -0.24298017990325374 0
    outer loop
      vertex -42.66733497668549 -27.66834645257258 2.82
      vertex -42.626798570744754 -27.506516048667415 2.82
      vertex -42.626798570744754 -27.506516048667415 5
    endloop
  endfacet
  facet normal 0.9415440651830208 -0.3368898533922202 0
    outer loop
      vertex -42.626798570744754 -27.506516048667415 2.82
      vertex -42.570595205269186 -27.349438164979347 2.82
      vertex -42.570595205269186 -27.349438164979347 5
    endloop
  endfacet
  facet normal 0.9039892931234529 -0.4275550934302619 0
    outer loop
      vertex -42.570595205269186 -27.349438164979347 2.82
      vertex -42.499266149392206 -27.198625547395803 2.82
      vertex -42.499266149392206 -27.198625547395803 5
    endloop
  endfacet
  facet normal 0.8577286100002759 -0.5141027441932153 0
    outer loop
      vertex -42.499266149392206 -27.198625547395803 2.82
      vertex -42.41349834091433 -27.055530603866675 2.82
      vertex -42.41349834091433 -27.055530603866675 5
    endloop
  endfacet
  facet normal 0.3368898533922202 0.9415440651830208 0
    outer loop
      vertex -41.65056183502065 -29.570595205269186 2.82
      vertex -41.65056183502065 -29.570595205269186 5
      vertex -41.493483951332585 -29.626798570744754 2.82
    endloop
  endfacet
  facet normal 0.24298017990326876 0.9700312531945428 0
    outer loop
      vertex -41.493483951332585 -29.626798570744754 2.82
      vertex -41.493483951332585 -29.626798570744754 5
      vertex -41.331653547427415 -29.667334976685492 2.82
    endloop
  endfacet
  facet normal 0.14673047445536003 0.9891765099647813 0
    outer loop
      vertex -41.16662913856025 -29.691814035342734 2.82
      vertex -41.331653547427415 -29.667334976685492 2.82
      vertex -41.331653547427415 -29.667334976685492 5
    endloop
  endfacet
  facet normal 0.04906767432741786 0.9987954562051724 0
    outer loop
      vertex -41.16662913856025 -29.691814035342734 2.82
      vertex -41.16662913856025 -29.691814035342734 5
      vertex -41 -29.7 2.82
    endloop
  endfacet
  facet normal -0.04906767432741786 0.9987954562051724 0
    outer loop
      vertex -41 -29.7 2.82
      vertex -41 -29.7 5
      vertex -40.83337086143975 -29.691814035342734 2.82
    endloop
  endfacet
  facet normal 0.5956993044924241 0.8032075314806517 0
    outer loop
      vertex -42.0784685830782 -29.314117770716653 2.82
      vertex -42.0784685830782 -29.314117770716653 5
      vertex -41.94446939613332 -29.413498340914327 2.82
    endloop
  endfacet
  facet normal 0.5141027441932153 0.8577286100002759 0
    outer loop
      vertex -41.80137445260419 -29.499266149392202 2.82
      vertex -41.94446939613332 -29.413498340914327 2.82
      vertex -41.94446939613332 -29.413498340914327 5
    endloop
  endfacet
  facet normal 0.671558954847013 0.740951125354964 0
    outer loop
      vertex -42.20208152801713 -29.202081528017132 2.82
      vertex -42.20208152801713 -29.202081528017132 5
      vertex -42.0784685830782 -29.314117770716653 2.82
    endloop
  endfacet
  facet normal 0.4275550934302876 0.9039892931234407 0
    outer loop
      vertex -41.80137445260419 -29.499266149392202 2.82
      vertex -41.80137445260419 -29.499266149392202 5
      vertex -41.65056183502065 -29.570595205269186 2.82
    endloop
  endfacet
  facet normal -0.14673047445536003 0.9891765099647813 0
    outer loop
      vertex -40.83337086143975 -29.691814035342734 2.82
      vertex -40.83337086143975 -29.691814035342734 5
      vertex -40.668346452572585 -29.667334976685492 2.82
    endloop
  endfacet
  facet normal -0.24298017990326876 0.9700312531945428 0
    outer loop
      vertex -40.668346452572585 -29.667334976685492 2.82
      vertex -40.668346452572585 -29.667334976685492 5
      vertex -40.506516048667415 -29.626798570744754 2.82
    endloop
  endfacet
  facet normal -0.3368898533922202 0.9415440651830208 0
    outer loop
      vertex -40.506516048667415 -29.626798570744754 2.82
      vertex -40.506516048667415 -29.626798570744754 5
      vertex -40.34943816497935 -29.570595205269186 2.82
    endloop
  endfacet
  facet normal -0.4275550934302876 0.9039892931234407 0
    outer loop
      vertex -40.34943816497935 -29.570595205269186 2.82
      vertex -40.34943816497935 -29.570595205269186 5
      vertex -40.19862554739581 -29.499266149392202 2.82
    endloop
  endfacet
  facet normal -0.5141027441932153 0.8577286100002759 0
    outer loop
      vertex -40.19862554739581 -29.499266149392202 2.82
      vertex -40.19862554739581 -29.499266149392202 5
      vertex -40.05553060386668 -29.413498340914327 2.82
    endloop
  endfacet
  facet normal -0.5956993044924241 0.8032075314806517 0
    outer loop
      vertex -40.05553060386668 -29.413498340914327 2.82
      vertex -40.05553060386668 -29.413498340914327 5
      vertex -39.9215314169218 -29.314117770716653 2.82
    endloop
  endfacet
  facet normal -0.671558954847013 0.740951125354964 0
    outer loop
      vertex -39.9215314169218 -29.314117770716653 2.82
      vertex -39.9215314169218 -29.314117770716653 5
      vertex -39.79791847198287 -29.202081528017132 2.82
    endloop
  endfacet
  facet normal -0.7409511253549536 0.6715589548470248 0
    outer loop
      vertex -39.79791847198287 -29.202081528017132 2.82
      vertex -39.79791847198287 -29.202081528017132 5
      vertex -39.685882229283344 -29.078468583078198 2.82
    endloop
  endfacet
  facet normal -0.8032075314806443 0.5956993044924344 0
    outer loop
      vertex -39.685882229283344 -29.078468583078198 2.82
      vertex -39.685882229283344 -29.078468583078198 5
      vertex -39.58650165908567 -28.944469396133325 2.82
    endloop
  endfacet
  facet normal -0.8577286100002759 0.5141027441932153 0
    outer loop
      vertex -39.58650165908567 -28.944469396133325 2.82
      vertex -39.58650165908567 -28.944469396133325 5
      vertex -39.500733850607794 -28.801374452604197 2.82
    endloop
  endfacet
  facet normal -0.9039892931234529 0.4275550934302619 0
    outer loop
      vertex -39.500733850607794 -28.801374452604197 2.82
      vertex -39.500733850607794 -28.801374452604197 5
      vertex -39.429404794730814 -28.650561835020653 2.82
    endloop
  endfacet
  facet normal -0.9415440651830208 0.3368898533922202 0
    outer loop
      vertex -39.429404794730814 -28.650561835020653 2.82
      vertex -39.429404794730814 -28.650561835020653 5
      vertex -39.373201429255246 -28.493483951332585 2.82
    endloop
  endfacet
  facet normal -0.9415440651830208 -0.3368898533922202 0
    outer loop
      vertex -39.429404794730814 -27.349438164979347 2.82
      vertex -39.373201429255246 -27.506516048667415 2.82
      vertex -39.373201429255246 -27.506516048667415 5
    endloop
  endfacet
  facet normal -0.9039892931234529 -0.4275550934302619 0
    outer loop
      vertex -39.429404794730814 -27.349438164979347 2.82
      vertex -39.429404794730814 -27.349438164979347 5
      vertex -39.500733850607794 -27.198625547395803 2.82
    endloop
  endfacet
  facet normal -0.8032075314806443 -0.5956993044924344 0
    outer loop
      vertex -39.685882229283344 -26.921531416921802 2.82
      vertex -39.58650165908567 -27.055530603866675 2.82
      vertex -39.58650165908567 -27.055530603866675 5
    endloop
  endfacet
  facet normal -0.8577286100002759 -0.5141027441932153 0
    outer loop
      vertex -39.500733850607794 -27.198625547395803 2.82
      vertex -39.500733850607794 -27.198625547395803 5
      vertex -39.58650165908567 -27.055530603866675 2.82
    endloop
  endfacet
  facet normal -0.9700312531945465 0.24298017990325374 0
    outer loop
      vertex -39.373201429255246 -28.493483951332585 2.82
      vertex -39.373201429255246 -28.493483951332585 5
      vertex -39.33266502331451 -28.33165354742742 2.82
    endloop
  endfacet
  facet normal -0.9891765099647756 0.1467304744553986 0
    outer loop
      vertex -39.33266502331451 -28.33165354742742 2.82
      vertex -39.33266502331451 -28.33165354742742 5
      vertex -39.30818596465726 -28.166629138560253 2.82
    endloop
  endfacet
  facet normal -0.9987954562051724 0.04906767432741786 0
    outer loop
      vertex -39.30818596465726 -28.166629138560253 2.82
      vertex -39.30818596465726 -28.166629138560253 5
      vertex -39.3 -28 2.82
    endloop
  endfacet
  facet normal -0.9987954562051724 -0.04906767432741786 0
    outer loop
      vertex -39.3 -28 2.82
      vertex -39.3 -28 5
      vertex -39.30818596465726 -27.833370861439747 2.82
    endloop
  endfacet
  facet normal -0.9891765099647756 -0.1467304744553986 0
    outer loop
      vertex -39.30818596465726 -27.833370861439747 2.82
      vertex -39.30818596465726 -27.833370861439747 5
      vertex -39.33266502331451 -27.66834645257258 2.82
    endloop
  endfacet
  facet normal -0.9700312531945465 -0.24298017990325374 0
    outer loop
      vertex -39.33266502331451 -27.66834645257258 2.82
      vertex -39.33266502331451 -27.66834645257258 5
      vertex -39.373201429255246 -27.506516048667415 2.82
    endloop
  endfacet
  facet normal 0.7409511253549536 0.6715589548470248 0
    outer loop
      vertex -42.20208152801713 -29.202081528017132 2.82
      vertex -42.314117770716656 -29.078468583078198 5
      vertex -42.20208152801713 -29.202081528017132 5
    endloop
  endfacet
  facet normal 0.8032075314806443 0.5956993044924344 0
    outer loop
      vertex -42.314117770716656 -29.078468583078198 2.82
      vertex -42.41349834091433 -28.944469396133325 5
      vertex -42.314117770716656 -29.078468583078198 5
    endloop
  endfacet
  facet normal 0.8577286100002759 0.5141027441932153 0
    outer loop
      vertex -42.41349834091433 -28.944469396133325 2.82
      vertex -42.499266149392206 -28.801374452604197 5
      vertex -42.41349834091433 -28.944469396133325 5
    endloop
  endfacet
  facet normal 0.9039892931234529 0.4275550934302619 0
    outer loop
      vertex -42.499266149392206 -28.801374452604197 2.82
      vertex -42.570595205269186 -28.650561835020653 5
      vertex -42.499266149392206 -28.801374452604197 5
    endloop
  endfacet
  facet normal 0.9415440651830208 0.3368898533922202 0
    outer loop
      vertex -42.570595205269186 -28.650561835020653 2.82
      vertex -42.626798570744754 -28.493483951332585 5
      vertex -42.570595205269186 -28.650561835020653 5
    endloop
  endfacet
  facet normal 0.9700312531945465 0.24298017990325374 0
    outer loop
      vertex -42.626798570744754 -28.493483951332585 2.82
      vertex -42.66733497668549 -28.33165354742742 5
      vertex -42.626798570744754 -28.493483951332585 5
    endloop
  endfacet
  facet normal 0.9891765099647756 0.1467304744553986 0
    outer loop
      vertex -42.66733497668549 -28.33165354742742 2.82
      vertex -42.69181403534274 -28.166629138560253 5
      vertex -42.66733497668549 -28.33165354742742 5
    endloop
  endfacet
  facet normal 0.9987954562051724 0.04906767432741786 0
    outer loop
      vertex -42.69181403534274 -28.166629138560253 2.82
      vertex -42.7 -28 5
      vertex -42.69181403534274 -28.166629138560253 5
    endloop
  endfacet
  facet normal 0.9987954562051724 -0.04906767432741786 0
    outer loop
      vertex -42.7 -28 2.82
      vertex -42.69181403534274 -27.833370861439747 5
      vertex -42.7 -28 5
    endloop
  endfacet
  facet normal 0.9891765099647756 -0.1467304744553986 0
    outer loop
      vertex -42.69181403534274 -27.833370861439747 2.82
      vertex -42.66733497668549 -27.66834645257258 5
      vertex -42.69181403534274 -27.833370861439747 5
    endloop
  endfacet
  facet normal 0.9700312531945465 -0.24298017990325374 0
    outer loop
      vertex -42.66733497668549 -27.66834645257258 2.82
      vertex -42.626798570744754 -27.506516048667415 5
      vertex -42.66733497668549 -27.66834645257258 5
    endloop
  endfacet
  facet normal 0.9415440651830208 -0.3368898533922202 0
    outer loop
      vertex -42.626798570744754 -27.506516048667415 2.82
      vertex -42.570595205269186 -27.349438164979347 5
      vertex -42.626798570744754 -27.506516048667415 5
    endloop
  endfacet
  facet normal 0.9039892931234529 -0.4275550934302619 0
    outer loop
      vertex -42.570595205269186 -27.349438164979347 2.82
      vertex -42.499266149392206 -27.198625547395803 5
      vertex -42.570595205269186 -27.349438164979347 5
    endloop
  endfacet
  facet normal 0.8577286100002759 -0.5141027441932153 0
    outer loop
      vertex -42.499266149392206 -27.198625547395803 2.82
      vertex -42.41349834091433 -27.055530603866675 5
      vertex -42.499266149392206 -27.198625547395803 5
    endloop
  endfacet
  facet normal 0.8032075314806443 -0.5956993044924344 0
    outer loop
      vertex -42.41349834091433 -27.055530603866675 2.82
      vertex -42.314117770716656 -26.921531416921802 5
      vertex -42.41349834091433 -27.055530603866675 5
    endloop
  endfacet
  facet normal 0.4275550934302876 0.9039892931234407 0
    outer loop
      vertex -41.65056183502065 -29.570595205269186 2.82
      vertex -41.80137445260419 -29.499266149392202 5
      vertex -41.65056183502065 -29.570595205269186 5
    endloop
  endfacet
  facet normal 0.3368898533922202 0.9415440651830208 0
    outer loop
      vertex -41.493483951332585 -29.626798570744754 2.82
      vertex -41.65056183502065 -29.570595205269186 5
      vertex -41.493483951332585 -29.626798570744754 5
    endloop
  endfacet
  facet normal 0.24298017990326876 0.9700312531945428 0
    outer loop
      vertex -41.331653547427415 -29.667334976685492 2.82
      vertex -41.493483951332585 -29.626798570744754 5
      vertex -41.331653547427415 -29.667334976685492 5
    endloop
  endfacet
  facet normal 0.14673047445536003 0.9891765099647813 0
    outer loop
      vertex -41.16662913856025 -29.691814035342734 2.82
      vertex -41.331653547427415 -29.667334976685492 5
      vertex -41.16662913856025 -29.691814035342734 5
    endloop
  endfacet
  facet normal 0.04906767432741786 0.9987954562051724 0
    outer loop
      vertex -41 -29.7 2.82
      vertex -41.16662913856025 -29.691814035342734 5
      vertex -41 -29.7 5
    endloop
  endfacet
  facet normal -0.04906767432741786 0.9987954562051724 0
    outer loop
      vertex -40.83337086143975 -29.691814035342734 2.82
      vertex -41 -29.7 5
      vertex -40.83337086143975 -29.691814035342734 5
    endloop
  endfacet
  facet normal 0.5141027441932153 0.8577286100002759 0
    outer loop
      vertex -41.80137445260419 -29.499266149392202 2.82
      vertex -41.94446939613332 -29.413498340914327 5
      vertex -41.80137445260419 -29.499266149392202 5
    endloop
  endfacet
  facet normal 0.5956993044924241 0.8032075314806517 0
    outer loop
      vertex -41.94446939613332 -29.413498340914327 2.82
      vertex -42.0784685830782 -29.314117770716653 5
      vertex -41.94446939613332 -29.413498340914327 5
    endloop
  endfacet
  facet normal 0.671558954847013 0.740951125354964 0
    outer loop
      vertex -42.0784685830782 -29.314117770716653 2.82
      vertex -42.20208152801713 -29.202081528017132 5
      vertex -42.0784685830782 -29.314117770716653 5
    endloop
  endfacet
  facet normal -0.14673047445536003 0.9891765099647813 0
    outer loop
      vertex -40.668346452572585 -29.667334976685492 2.82
      vertex -40.83337086143975 -29.691814035342734 5
      vertex -40.668346452572585 -29.667334976685492 5
    endloop
  endfacet
  facet normal -0.24298017990326876 0.9700312531945428 0
    outer loop
      vertex -40.506516048667415 -29.626798570744754 2.82
      vertex -40.668346452572585 -29.667334976685492 5
      vertex -40.506516048667415 -29.626798570744754 5
    endloop
  endfacet
  facet normal -0.3368898533922202 0.9415440651830208 0
    outer loop
      vertex -40.34943816497935 -29.570595205269186 2.82
      vertex -40.506516048667415 -29.626798570744754 5
      vertex -40.34943816497935 -29.570595205269186 5
    endloop
  endfacet
  facet normal -0.4275550934302876 0.9039892931234407 0
    outer loop
      vertex -40.19862554739581 -29.499266149392202 2.82
      vertex -40.34943816497935 -29.570595205269186 5
      vertex -40.19862554739581 -29.499266149392202 5
    endloop
  endfacet
  facet normal -0.5141027441932153 0.8577286100002759 0
    outer loop
      vertex -40.05553060386668 -29.413498340914327 2.82
      vertex -40.19862554739581 -29.499266149392202 5
      vertex -40.05553060386668 -29.413498340914327 5
    endloop
  endfacet
  facet normal -0.5956993044924241 0.8032075314806517 0
    outer loop
      vertex -39.9215314169218 -29.314117770716653 2.82
      vertex -40.05553060386668 -29.413498340914327 5
      vertex -39.9215314169218 -29.314117770716653 5
    endloop
  endfacet
  facet normal -0.671558954847013 0.740951125354964 0
    outer loop
      vertex -39.79791847198287 -29.202081528017132 2.82
      vertex -39.9215314169218 -29.314117770716653 5
      vertex -39.79791847198287 -29.202081528017132 5
    endloop
  endfacet
  facet normal -0.7409511253549536 0.6715589548470248 0
    outer loop
      vertex -39.685882229283344 -29.078468583078198 2.82
      vertex -39.79791847198287 -29.202081528017132 5
      vertex -39.685882229283344 -29.078468583078198 5
    endloop
  endfacet
  facet normal -0.8032075314806443 0.5956993044924344 0
    outer loop
      vertex -39.58650165908567 -28.944469396133325 2.82
      vertex -39.685882229283344 -29.078468583078198 5
      vertex -39.58650165908567 -28.944469396133325 5
    endloop
  endfacet
  facet normal -0.8577286100002759 0.5141027441932153 0
    outer loop
      vertex -39.500733850607794 -28.801374452604197 2.82
      vertex -39.58650165908567 -28.944469396133325 5
      vertex -39.500733850607794 -28.801374452604197 5
    endloop
  endfacet
  facet normal -0.9039892931234529 0.4275550934302619 0
    outer loop
      vertex -39.429404794730814 -28.650561835020653 2.82
      vertex -39.500733850607794 -28.801374452604197 5
      vertex -39.429404794730814 -28.650561835020653 5
    endloop
  endfacet
  facet normal -0.9415440651830208 0.3368898533922202 0
    outer loop
      vertex -39.373201429255246 -28.493483951332585 2.82
      vertex -39.429404794730814 -28.650561835020653 5
      vertex -39.373201429255246 -28.493483951332585 5
    endloop
  endfacet
  facet normal -0.9415440651830208 -0.3368898533922202 0
    outer loop
      vertex -39.429404794730814 -27.349438164979347 2.82
      vertex -39.373201429255246 -27.506516048667415 5
      vertex -39.429404794730814 -27.349438164979347 5
    endloop
  endfacet
  facet normal -0.9039892931234529 -0.4275550934302619 0
    outer loop
      vertex -39.500733850607794 -27.198625547395803 2.82
      vertex -39.429404794730814 -27.349438164979347 5
      vertex -39.500733850607794 -27.198625547395803 5
    endloop
  endfacet
  facet normal -0.8577286100002759 -0.5141027441932153 0
    outer loop
      vertex -39.58650165908567 -27.055530603866675 2.82
      vertex -39.500733850607794 -27.198625547395803 5
      vertex -39.58650165908567 -27.055530603866675 5
    endloop
  endfacet
  facet normal -0.9700312531945465 0.24298017990325374 0
    outer loop
      vertex -39.33266502331451 -28.33165354742742 2.82
      vertex -39.373201429255246 -28.493483951332585 5
      vertex -39.33266502331451 -28.33165354742742 5
    endloop
  endfacet
  facet normal -0.9891765099647756 0.1467304744553986 0
    outer loop
      vertex -39.30818596465726 -28.166629138560253 2.82
      vertex -39.33266502331451 -28.33165354742742 5
      vertex -39.30818596465726 -28.166629138560253 5
    endloop
  endfacet
  facet normal -0.9987954562051724 0.04906767432741786 0
    outer loop
      vertex -39.3 -28 2.82
      vertex -39.30818596465726 -28.166629138560253 5
      vertex -39.3 -28 5
    endloop
  endfacet
  facet normal -0.9987954562051724 -0.04906767432741786 0
    outer loop
      vertex -39.30818596465726 -27.833370861439747 2.82
      vertex -39.3 -28 5
      vertex -39.30818596465726 -27.833370861439747 5
    endloop
  endfacet
  facet normal -0.9891765099647756 -0.1467304744553986 0
    outer loop
      vertex -39.33266502331451 -27.66834645257258 2.82
      vertex -39.30818596465726 -27.833370861439747 5
      vertex -39.33266502331451 -27.66834645257258 5
    endloop
  endfacet
  facet normal -0.9700312531945465 -0.24298017990325374 0
    outer loop
      vertex -39.373201429255246 -27.506516048667415 2.82
      vertex -39.33266502331451 -27.66834645257258 5
      vertex -39.373201429255246 -27.506516048667415 5
    endloop
  endfacet
  facet normal 0.8032075314806443 -0.5956993044924344 0
    outer loop
      vertex -42.41349834091433 -27.055530603866675 2.82
      vertex -42.314117770716656 -26.921531416921802 2.82
      vertex -42.314117770716656 -26.921531416921802 5
    endloop
  endfacet
  facet normal 0.7409511253549536 -0.6715589548470248 0
    outer loop
      vertex -42.314117770716656 -26.921531416921802 2.82
      vertex -42.20208152801713 -26.797918471982868 2.82
      vertex -42.20208152801713 -26.797918471982868 5
    endloop
  endfacet
  facet normal 0.671558954847013 -0.740951125354964 0
    outer loop
      vertex -42.20208152801713 -26.797918471982868 2.82
      vertex -42.0784685830782 -26.685882229283347 2.82
      vertex -42.0784685830782 -26.685882229283347 5
    endloop
  endfacet
  facet normal 0.5956993044924241 -0.8032075314806517 0
    outer loop
      vertex -42.0784685830782 -26.685882229283347 2.82
      vertex -41.94446939613332 -26.586501659085673 2.82
      vertex -41.94446939613332 -26.586501659085673 5
    endloop
  endfacet
  facet normal 0.5141027441932153 -0.8577286100002759 0
    outer loop
      vertex -41.94446939613332 -26.586501659085673 2.82
      vertex -41.80137445260419 -26.500733850607798 2.82
      vertex -41.80137445260419 -26.500733850607798 5
    endloop
  endfacet
  facet normal 0.4275550934302876 -0.9039892931234407 0
    outer loop
      vertex -41.80137445260419 -26.500733850607798 2.82
      vertex -41.65056183502065 -26.429404794730814 2.82
      vertex -41.65056183502065 -26.429404794730814 5
    endloop
  endfacet
  facet normal 0.3368898533922202 -0.9415440651830208 0
    outer loop
      vertex -41.65056183502065 -26.429404794730814 2.82
      vertex -41.493483951332585 -26.373201429255246 2.82
      vertex -41.493483951332585 -26.373201429255246 5
    endloop
  endfacet
  facet normal 0.24298017990326876 -0.9700312531945428 0
    outer loop
      vertex -41.493483951332585 -26.373201429255246 2.82
      vertex -41.331653547427415 -26.332665023314508 2.82
      vertex -41.331653547427415 -26.332665023314508 5
    endloop
  endfacet
  facet normal 0.14673047445536003 -0.9891765099647813 0
    outer loop
      vertex -41.331653547427415 -26.332665023314508 2.82
      vertex -41.16662913856025 -26.308185964657266 2.82
      vertex -41.16662913856025 -26.308185964657266 5
    endloop
  endfacet
  facet normal 0.04906767432741786 -0.9987954562051724 0
    outer loop
      vertex -41.16662913856025 -26.308185964657266 2.82
      vertex -41 -26.3 2.82
      vertex -41 -26.3 5
    endloop
  endfacet
  facet normal -0.04906767432741786 -0.9987954562051724 0
    outer loop
      vertex -41 -26.3 2.82
      vertex -40.83337086143975 -26.308185964657266 2.82
      vertex -40.83337086143975 -26.308185964657266 5
    endloop
  endfacet
  facet normal -0.14673047445536003 -0.9891765099647813 0
    outer loop
      vertex -40.83337086143975 -26.308185964657266 2.82
      vertex -40.668346452572585 -26.332665023314508 2.82
      vertex -40.668346452572585 -26.332665023314508 5
    endloop
  endfacet
  facet normal -0.24298017990326876 -0.9700312531945428 0
    outer loop
      vertex -40.668346452572585 -26.332665023314508 2.82
      vertex -40.506516048667415 -26.373201429255246 2.82
      vertex -40.506516048667415 -26.373201429255246 5
    endloop
  endfacet
  facet normal -0.3368898533922202 -0.9415440651830208 0
    outer loop
      vertex -40.506516048667415 -26.373201429255246 2.82
      vertex -40.34943816497935 -26.429404794730814 2.82
      vertex -40.34943816497935 -26.429404794730814 5
    endloop
  endfacet
  facet normal -0.5141027441932153 -0.8577286100002759 0
    outer loop
      vertex -40.19862554739581 -26.500733850607798 2.82
      vertex -40.05553060386668 -26.586501659085673 2.82
      vertex -40.05553060386668 -26.586501659085673 5
    endloop
  endfacet
  facet normal -0.4275550934302876 -0.9039892931234407 0
    outer loop
      vertex -40.19862554739581 -26.500733850607798 2.82
      vertex -40.19862554739581 -26.500733850607798 5
      vertex -40.34943816497935 -26.429404794730814 2.82
    endloop
  endfacet
  facet normal -0.5956993044924241 -0.8032075314806517 0
    outer loop
      vertex -40.05553060386668 -26.586501659085673 2.82
      vertex -39.9215314169218 -26.685882229283347 2.82
      vertex -39.9215314169218 -26.685882229283347 5
    endloop
  endfacet
  facet normal -0.671558954847013 -0.740951125354964 0
    outer loop
      vertex -39.79791847198287 -26.797918471982868 2.82
      vertex -39.79791847198287 -26.797918471982868 5
      vertex -39.9215314169218 -26.685882229283347 2.82
    endloop
  endfacet
  facet normal -0.7409511253549536 -0.6715589548470248 0
    outer loop
      vertex -39.79791847198287 -26.797918471982868 2.82
      vertex -39.685882229283344 -26.921531416921802 2.82
      vertex -39.685882229283344 -26.921531416921802 5
    endloop
  endfacet
  facet normal 0.7409511253549536 -0.6715589548470248 0
    outer loop
      vertex -42.314117770716656 -26.921531416921802 2.82
      vertex -42.20208152801713 -26.797918471982868 5
      vertex -42.314117770716656 -26.921531416921802 5
    endloop
  endfacet
  facet normal 0.671558954847013 -0.740951125354964 0
    outer loop
      vertex -42.20208152801713 -26.797918471982868 2.82
      vertex -42.0784685830782 -26.685882229283347 5
      vertex -42.20208152801713 -26.797918471982868 5
    endloop
  endfacet
  facet normal 0.5956993044924241 -0.8032075314806517 0
    outer loop
      vertex -42.0784685830782 -26.685882229283347 2.82
      vertex -41.94446939613332 -26.586501659085673 5
      vertex -42.0784685830782 -26.685882229283347 5
    endloop
  endfacet
  facet normal 0.5141027441932153 -0.8577286100002759 0
    outer loop
      vertex -41.94446939613332 -26.586501659085673 2.82
      vertex -41.80137445260419 -26.500733850607798 5
      vertex -41.94446939613332 -26.586501659085673 5
    endloop
  endfacet
  facet normal 0.4275550934302876 -0.9039892931234407 0
    outer loop
      vertex -41.80137445260419 -26.500733850607798 2.82
      vertex -41.65056183502065 -26.429404794730814 5
      vertex -41.80137445260419 -26.500733850607798 5
    endloop
  endfacet
  facet normal 0.3368898533922202 -0.9415440651830208 0
    outer loop
      vertex -41.65056183502065 -26.429404794730814 2.82
      vertex -41.493483951332585 -26.373201429255246 5
      vertex -41.65056183502065 -26.429404794730814 5
    endloop
  endfacet
  facet normal 0.24298017990326876 -0.9700312531945428 0
    outer loop
      vertex -41.493483951332585 -26.373201429255246 2.82
      vertex -41.331653547427415 -26.332665023314508 5
      vertex -41.493483951332585 -26.373201429255246 5
    endloop
  endfacet
  facet normal 0.14673047445536003 -0.9891765099647813 0
    outer loop
      vertex -41.331653547427415 -26.332665023314508 2.82
      vertex -41.16662913856025 -26.308185964657266 5
      vertex -41.331653547427415 -26.332665023314508 5
    endloop
  endfacet
  facet normal 0.04906767432741786 -0.9987954562051724 0
    outer loop
      vertex -41.16662913856025 -26.308185964657266 2.82
      vertex -41 -26.3 5
      vertex -41.16662913856025 -26.308185964657266 5
    endloop
  endfacet
  facet normal -0.04906767432741786 -0.9987954562051724 0
    outer loop
      vertex -41 -26.3 2.82
      vertex -40.83337086143975 -26.308185964657266 5
      vertex -41 -26.3 5
    endloop
  endfacet
  facet normal -0.3368898533922202 -0.9415440651830208 0
    outer loop
      vertex -40.506516048667415 -26.373201429255246 2.82
      vertex -40.34943816497935 -26.429404794730814 5
      vertex -40.506516048667415 -26.373201429255246 5
    endloop
  endfacet
  facet normal -0.14673047445536003 -0.9891765099647813 0
    outer loop
      vertex -40.83337086143975 -26.308185964657266 2.82
      vertex -40.668346452572585 -26.332665023314508 5
      vertex -40.83337086143975 -26.308185964657266 5
    endloop
  endfacet
  facet normal -0.24298017990326876 -0.9700312531945428 0
    outer loop
      vertex -40.668346452572585 -26.332665023314508 2.82
      vertex -40.506516048667415 -26.373201429255246 5
      vertex -40.668346452572585 -26.332665023314508 5
    endloop
  endfacet
  facet normal -0.4275550934302876 -0.9039892931234407 0
    outer loop
      vertex -40.34943816497935 -26.429404794730814 2.82
      vertex -40.19862554739581 -26.500733850607798 5
      vertex -40.34943816497935 -26.429404794730814 5
    endloop
  endfacet
  facet normal -0.5141027441932153 -0.8577286100002759 0
    outer loop
      vertex -40.19862554739581 -26.500733850607798 2.82
      vertex -40.05553060386668 -26.586501659085673 5
      vertex -40.19862554739581 -26.500733850607798 5
    endloop
  endfacet
  facet normal -0.7409511253549536 -0.6715589548470248 0
    outer loop
      vertex -39.79791847198287 -26.797918471982868 2.82
      vertex -39.685882229283344 -26.921531416921802 5
      vertex -39.79791847198287 -26.797918471982868 5
    endloop
  endfacet
  facet normal -0.5956993044924241 -0.8032075314806517 0
    outer loop
      vertex -40.05553060386668 -26.586501659085673 2.82
      vertex -39.9215314169218 -26.685882229283347 5
      vertex -40.05553060386668 -26.586501659085673 5
    endloop
  endfacet
  facet normal -0.671558954847013 -0.740951125354964 0
    outer loop
      vertex -39.9215314169218 -26.685882229283347 2.82
      vertex -39.79791847198287 -26.797918471982868 5
      vertex -39.9215314169218 -26.685882229283347 5
    endloop
  endfacet
  facet normal -0.8032075314806443 -0.5956993044924344 0
    outer loop
      vertex -39.685882229283344 -26.921531416921802 2.82
      vertex -39.58650165908567 -27.055530603866675 5
      vertex -39.685882229283344 -26.921531416921802 5
    endloop
  endfacet
  facet normal 0.7409511253549536 0.6715589548470248 0
    outer loop
      vertex -42.20208152801713 26.797918471982868 2.82
      vertex -42.314117770716656 26.921531416921802 2.82
      vertex -42.314117770716656 26.921531416921802 5
    endloop
  endfacet
  facet normal 0.5141027441932153 0.8577286100002759 0
    outer loop
      vertex -41.80137445260419 26.500733850607798 2.82
      vertex -41.94446939613332 26.586501659085673 2.82
      vertex -41.94446939613332 26.586501659085673 5
    endloop
  endfacet
  facet normal 0.4275550934302876 0.9039892931234407 0
    outer loop
      vertex -41.80137445260419 26.500733850607798 2.82
      vertex -41.80137445260419 26.500733850607798 5
      vertex -41.65056183502065 26.429404794730814 2.82
    endloop
  endfacet
  facet normal 0.3368898533922202 0.9415440651830208 0
    outer loop
      vertex -41.65056183502065 26.429404794730814 2.82
      vertex -41.65056183502065 26.429404794730814 5
      vertex -41.493483951332585 26.373201429255246 2.82
    endloop
  endfacet
  facet normal 0.5956993044924241 0.8032075314806517 0
    outer loop
      vertex -42.0784685830782 26.685882229283347 2.82
      vertex -42.0784685830782 26.685882229283347 5
      vertex -41.94446939613332 26.586501659085673 2.82
    endloop
  endfacet
  facet normal 0.671558954847013 0.740951125354964 0
    outer loop
      vertex -42.20208152801713 26.797918471982868 2.82
      vertex -42.20208152801713 26.797918471982868 5
      vertex -42.0784685830782 26.685882229283347 2.82
    endloop
  endfacet
  facet normal 0.24298017990326876 0.9700312531945428 0
    outer loop
      vertex -41.493483951332585 26.373201429255246 2.82
      vertex -41.493483951332585 26.373201429255246 5
      vertex -41.331653547427415 26.332665023314508 2.82
    endloop
  endfacet
  facet normal 0.14673047445536003 0.9891765099647813 0
    outer loop
      vertex -41.331653547427415 26.332665023314508 2.82
      vertex -41.331653547427415 26.332665023314508 5
      vertex -41.16662913856025 26.308185964657266 2.82
    endloop
  endfacet
  facet normal 0.04906767432741786 0.9987954562051724 0
    outer loop
      vertex -41.16662913856025 26.308185964657266 2.82
      vertex -41.16662913856025 26.308185964657266 5
      vertex -41 26.3 2.82
    endloop
  endfacet
  facet normal -0.04906767432741786 0.9987954562051724 0
    outer loop
      vertex -41 26.3 2.82
      vertex -41 26.3 5
      vertex -40.83337086143975 26.308185964657266 2.82
    endloop
  endfacet
  facet normal -0.14673047445536003 0.9891765099647813 0
    outer loop
      vertex -40.83337086143975 26.308185964657266 2.82
      vertex -40.83337086143975 26.308185964657266 5
      vertex -40.668346452572585 26.332665023314508 2.82
    endloop
  endfacet
  facet normal -0.24298017990326876 0.9700312531945428 0
    outer loop
      vertex -40.668346452572585 26.332665023314508 2.82
      vertex -40.668346452572585 26.332665023314508 5
      vertex -40.506516048667415 26.373201429255246 2.82
    endloop
  endfacet
  facet normal -0.3368898533922202 0.9415440651830208 0
    outer loop
      vertex -40.506516048667415 26.373201429255246 2.82
      vertex -40.506516048667415 26.373201429255246 5
      vertex -40.34943816497935 26.429404794730814 2.82
    endloop
  endfacet
  facet normal -0.4275550934302876 0.9039892931234407 0
    outer loop
      vertex -40.34943816497935 26.429404794730814 2.82
      vertex -40.34943816497935 26.429404794730814 5
      vertex -40.19862554739581 26.500733850607798 2.82
    endloop
  endfacet
  facet normal -0.5141027441932153 0.8577286100002759 0
    outer loop
      vertex -40.19862554739581 26.500733850607798 2.82
      vertex -40.19862554739581 26.500733850607798 5
      vertex -40.05553060386668 26.586501659085673 2.82
    endloop
  endfacet
  facet normal -0.5956993044924241 0.8032075314806517 0
    outer loop
      vertex -40.05553060386668 26.586501659085673 2.82
      vertex -40.05553060386668 26.586501659085673 5
      vertex -39.9215314169218 26.685882229283347 2.82
    endloop
  endfacet
  facet normal -0.671558954847013 0.740951125354964 0
    outer loop
      vertex -39.9215314169218 26.685882229283347 2.82
      vertex -39.9215314169218 26.685882229283347 5
      vertex -39.79791847198287 26.797918471982868 2.82
    endloop
  endfacet
  facet normal -0.7409511253549536 0.6715589548470248 0
    outer loop
      vertex -39.79791847198287 26.797918471982868 2.82
      vertex -39.79791847198287 26.797918471982868 5
      vertex -39.685882229283344 26.921531416921802 2.82
    endloop
  endfacet
  facet normal -0.8032075314806443 0.5956993044924344 0
    outer loop
      vertex -39.685882229283344 26.921531416921802 2.82
      vertex -39.685882229283344 26.921531416921802 5
      vertex -39.58650165908567 27.055530603866675 2.82
    endloop
  endfacet
  facet normal 0.7409511253549536 0.6715589548470248 0
    outer loop
      vertex -42.20208152801713 26.797918471982868 2.82
      vertex -42.314117770716656 26.921531416921802 5
      vertex -42.20208152801713 26.797918471982868 5
    endloop
  endfacet
  facet normal 0.8032075314806443 0.5956993044924344 0
    outer loop
      vertex -42.314117770716656 26.921531416921802 2.82
      vertex -42.41349834091433 27.055530603866675 5
      vertex -42.314117770716656 26.921531416921802 5
    endloop
  endfacet
  facet normal 0.5141027441932153 0.8577286100002759 0
    outer loop
      vertex -41.80137445260419 26.500733850607798 2.82
      vertex -41.94446939613332 26.586501659085673 5
      vertex -41.80137445260419 26.500733850607798 5
    endloop
  endfacet
  facet normal 0.4275550934302876 0.9039892931234407 0
    outer loop
      vertex -41.65056183502065 26.429404794730814 2.82
      vertex -41.80137445260419 26.500733850607798 5
      vertex -41.65056183502065 26.429404794730814 5
    endloop
  endfacet
  facet normal 0.3368898533922202 0.9415440651830208 0
    outer loop
      vertex -41.493483951332585 26.373201429255246 2.82
      vertex -41.65056183502065 26.429404794730814 5
      vertex -41.493483951332585 26.373201429255246 5
    endloop
  endfacet
  facet normal 0.671558954847013 0.740951125354964 0
    outer loop
      vertex -42.0784685830782 26.685882229283347 2.82
      vertex -42.20208152801713 26.797918471982868 5
      vertex -42.0784685830782 26.685882229283347 5
    endloop
  endfacet
  facet normal 0.5956993044924241 0.8032075314806517 0
    outer loop
      vertex -41.94446939613332 26.586501659085673 2.82
      vertex -42.0784685830782 26.685882229283347 5
      vertex -41.94446939613332 26.586501659085673 5
    endloop
  endfacet
  facet normal 0.24298017990326876 0.9700312531945428 0
    outer loop
      vertex -41.331653547427415 26.332665023314508 2.82
      vertex -41.493483951332585 26.373201429255246 5
      vertex -41.331653547427415 26.332665023314508 5
    endloop
  endfacet
  facet normal 0.14673047445536003 0.9891765099647813 0
    outer loop
      vertex -41.16662913856025 26.308185964657266 2.82
      vertex -41.331653547427415 26.332665023314508 5
      vertex -41.16662913856025 26.308185964657266 5
    endloop
  endfacet
  facet normal 0.04906767432741786 0.9987954562051724 0
    outer loop
      vertex -41 26.3 2.82
      vertex -41.16662913856025 26.308185964657266 5
      vertex -41 26.3 5
    endloop
  endfacet
  facet normal -0.04906767432741786 0.9987954562051724 0
    outer loop
      vertex -40.83337086143975 26.308185964657266 2.82
      vertex -41 26.3 5
      vertex -40.83337086143975 26.308185964657266 5
    endloop
  endfacet
  facet normal -0.14673047445536003 0.9891765099647813 0
    outer loop
      vertex -40.668346452572585 26.332665023314508 2.82
      vertex -40.83337086143975 26.308185964657266 5
      vertex -40.668346452572585 26.332665023314508 5
    endloop
  endfacet
  facet normal -0.24298017990326876 0.9700312531945428 0
    outer loop
      vertex -40.506516048667415 26.373201429255246 2.82
      vertex -40.668346452572585 26.332665023314508 5
      vertex -40.506516048667415 26.373201429255246 5
    endloop
  endfacet
  facet normal -0.3368898533922202 0.9415440651830208 0
    outer loop
      vertex -40.34943816497935 26.429404794730814 2.82
      vertex -40.506516048667415 26.373201429255246 5
      vertex -40.34943816497935 26.429404794730814 5
    endloop
  endfacet
  facet normal -0.4275550934302876 0.9039892931234407 0
    outer loop
      vertex -40.19862554739581 26.500733850607798 2.82
      vertex -40.34943816497935 26.429404794730814 5
      vertex -40.19862554739581 26.500733850607798 5
    endloop
  endfacet
  facet normal -0.5141027441932153 0.8577286100002759 0
    outer loop
      vertex -40.05553060386668 26.586501659085673 2.82
      vertex -40.19862554739581 26.500733850607798 5
      vertex -40.05553060386668 26.586501659085673 5
    endloop
  endfacet
  facet normal -0.5956993044924241 0.8032075314806517 0
    outer loop
      vertex -39.9215314169218 26.685882229283347 2.82
      vertex -40.05553060386668 26.586501659085673 5
      vertex -39.9215314169218 26.685882229283347 5
    endloop
  endfacet
  facet normal -0.671558954847013 0.740951125354964 0
    outer loop
      vertex -39.79791847198287 26.797918471982868 2.82
      vertex -39.9215314169218 26.685882229283347 5
      vertex -39.79791847198287 26.797918471982868 5
    endloop
  endfacet
  facet normal -0.7409511253549536 0.6715589548470248 0
    outer loop
      vertex -39.685882229283344 26.921531416921802 2.82
      vertex -39.79791847198287 26.797918471982868 5
      vertex -39.685882229283344 26.921531416921802 5
    endloop
  endfacet
  facet normal 0.9039892931234529 0.4275550934302619 0
    outer loop
      vertex -42.499266149392206 27.198625547395803 2.82
      vertex -42.570595205269186 27.349438164979347 2.82
      vertex -42.570595205269186 27.349438164979347 5
    endloop
  endfacet
  facet normal 0.8032075314806443 0.5956993044924344 0
    outer loop
      vertex -42.314117770716656 26.921531416921802 2.82
      vertex -42.41349834091433 27.055530603866675 2.82
      vertex -42.41349834091433 27.055530603866675 5
    endloop
  endfacet
  facet normal 0.8577286100002759 0.5141027441932153 0
    outer loop
      vertex -42.41349834091433 27.055530603866675 2.82
      vertex -42.499266149392206 27.198625547395803 2.82
      vertex -42.499266149392206 27.198625547395803 5
    endloop
  endfacet
  facet normal 0.9415440651830208 0.3368898533922202 0
    outer loop
      vertex -42.570595205269186 27.349438164979347 2.82
      vertex -42.626798570744754 27.506516048667415 2.82
      vertex -42.626798570744754 27.506516048667415 5
    endloop
  endfacet
  facet normal 0.9700312531945465 0.24298017990325374 0
    outer loop
      vertex -42.66733497668549 27.66834645257258 2.82
      vertex -42.66733497668549 27.66834645257258 5
      vertex -42.626798570744754 27.506516048667415 2.82
    endloop
  endfacet
  facet normal 0.9891765099647756 0.1467304744553986 0
    outer loop
      vertex -42.66733497668549 27.66834645257258 2.82
      vertex -42.69181403534274 27.833370861439747 2.82
      vertex -42.69181403534274 27.833370861439747 5
    endloop
  endfacet
  facet normal 0.9987954562051724 0.04906767432741786 0
    outer loop
      vertex -42.69181403534274 27.833370861439747 2.82
      vertex -42.7 28 2.82
      vertex -42.7 28 5
    endloop
  endfacet
  facet normal 0.9987954562051724 -0.04906767432741786 0
    outer loop
      vertex -42.7 28 2.82
      vertex -42.69181403534274 28.166629138560253 2.82
      vertex -42.69181403534274 28.166629138560253 5
    endloop
  endfacet
  facet normal 0.9891765099647756 -0.1467304744553986 0
    outer loop
      vertex -42.69181403534274 28.166629138560253 2.82
      vertex -42.66733497668549 28.33165354742742 2.82
      vertex -42.66733497668549 28.33165354742742 5
    endloop
  endfacet
  facet normal 0.9700312531945465 -0.24298017990325374 0
    outer loop
      vertex -42.66733497668549 28.33165354742742 2.82
      vertex -42.626798570744754 28.493483951332585 2.82
      vertex -42.626798570744754 28.493483951332585 5
    endloop
  endfacet
  facet normal 0.9415440651830208 -0.3368898533922202 0
    outer loop
      vertex -42.626798570744754 28.493483951332585 2.82
      vertex -42.570595205269186 28.650561835020653 2.82
      vertex -42.570595205269186 28.650561835020653 5
    endloop
  endfacet
  facet normal 0.9039892931234529 -0.4275550934302619 0
    outer loop
      vertex -42.570595205269186 28.650561835020653 2.82
      vertex -42.499266149392206 28.801374452604197 2.82
      vertex -42.499266149392206 28.801374452604197 5
    endloop
  endfacet
  facet normal 0.8577286100002759 -0.5141027441932153 0
    outer loop
      vertex -42.499266149392206 28.801374452604197 2.82
      vertex -42.41349834091433 28.944469396133325 2.82
      vertex -42.41349834091433 28.944469396133325 5
    endloop
  endfacet
  facet normal 0.8032075314806443 -0.5956993044924344 0
    outer loop
      vertex -42.41349834091433 28.944469396133325 2.82
      vertex -42.314117770716656 29.078468583078198 2.82
      vertex -42.314117770716656 29.078468583078198 5
    endloop
  endfacet
  facet normal 0.7409511253549536 -0.6715589548470248 0
    outer loop
      vertex -42.314117770716656 29.078468583078198 2.82
      vertex -42.20208152801713 29.202081528017132 2.82
      vertex -42.20208152801713 29.202081528017132 5
    endloop
  endfacet
  facet normal -0.8577286100002759 0.5141027441932153 0
    outer loop
      vertex -39.58650165908567 27.055530603866675 2.82
      vertex -39.58650165908567 27.055530603866675 5
      vertex -39.500733850607794 27.198625547395803 2.82
    endloop
  endfacet
  facet normal -0.9039892931234529 0.4275550934302619 0
    outer loop
      vertex -39.500733850607794 27.198625547395803 2.82
      vertex -39.500733850607794 27.198625547395803 5
      vertex -39.429404794730814 27.349438164979347 2.82
    endloop
  endfacet
  facet normal -0.9415440651830208 0.3368898533922202 0
    outer loop
      vertex -39.429404794730814 27.349438164979347 2.82
      vertex -39.429404794730814 27.349438164979347 5
      vertex -39.373201429255246 27.506516048667415 2.82
    endloop
  endfacet
  facet normal -0.9415440651830208 -0.3368898533922202 0
    outer loop
      vertex -39.429404794730814 28.650561835020653 2.82
      vertex -39.373201429255246 28.493483951332585 2.82
      vertex -39.373201429255246 28.493483951332585 5
    endloop
  endfacet
  facet normal 0.671558954847013 -0.740951125354964 0
    outer loop
      vertex -42.20208152801713 29.202081528017132 2.82
      vertex -42.0784685830782 29.314117770716653 2.82
      vertex -42.0784685830782 29.314117770716653 5
    endloop
  endfacet
  facet normal 0.5956993044924241 -0.8032075314806517 0
    outer loop
      vertex -42.0784685830782 29.314117770716653 2.82
      vertex -41.94446939613332 29.413498340914327 2.82
      vertex -41.94446939613332 29.413498340914327 5
    endloop
  endfacet
  facet normal 0.5141027441932153 -0.8577286100002759 0
    outer loop
      vertex -41.94446939613332 29.413498340914327 2.82
      vertex -41.80137445260419 29.499266149392202 2.82
      vertex -41.80137445260419 29.499266149392202 5
    endloop
  endfacet
  facet normal 0.4275550934302876 -0.9039892931234407 0
    outer loop
      vertex -41.80137445260419 29.499266149392202 2.82
      vertex -41.65056183502065 29.570595205269186 2.82
      vertex -41.65056183502065 29.570595205269186 5
    endloop
  endfacet
  facet normal 0.3368898533922202 -0.9415440651830208 0
    outer loop
      vertex -41.65056183502065 29.570595205269186 2.82
      vertex -41.493483951332585 29.626798570744754 2.82
      vertex -41.493483951332585 29.626798570744754 5
    endloop
  endfacet
  facet normal 0.24298017990326876 -0.9700312531945428 0
    outer loop
      vertex -41.493483951332585 29.626798570744754 2.82
      vertex -41.331653547427415 29.667334976685492 2.82
      vertex -41.331653547427415 29.667334976685492 5
    endloop
  endfacet
  facet normal 0.14673047445536003 -0.9891765099647813 0
    outer loop
      vertex -41.331653547427415 29.667334976685492 2.82
      vertex -41.16662913856025 29.691814035342734 2.82
      vertex -41.16662913856025 29.691814035342734 5
    endloop
  endfacet
  facet normal 0.04906767432741786 -0.9987954562051724 0
    outer loop
      vertex -41.16662913856025 29.691814035342734 2.82
      vertex -41 29.7 2.82
      vertex -41 29.7 5
    endloop
  endfacet
  facet normal -0.04906767432741786 -0.9987954562051724 0
    outer loop
      vertex -41 29.7 2.82
      vertex -40.83337086143975 29.691814035342734 2.82
      vertex -40.83337086143975 29.691814035342734 5
    endloop
  endfacet
  facet normal -0.5141027441932153 -0.8577286100002759 0
    outer loop
      vertex -40.05553060386668 29.413498340914327 2.82
      vertex -40.05553060386668 29.413498340914327 5
      vertex -40.19862554739581 29.499266149392202 2.82
    endloop
  endfacet
  facet normal -0.4275550934302876 -0.9039892931234407 0
    outer loop
      vertex -40.34943816497935 29.570595205269186 2.82
      vertex -40.19862554739581 29.499266149392202 2.82
      vertex -40.19862554739581 29.499266149392202 5
    endloop
  endfacet
  facet normal -0.9039892931234529 -0.4275550934302619 0
    outer loop
      vertex -39.429404794730814 28.650561835020653 2.82
      vertex -39.429404794730814 28.650561835020653 5
      vertex -39.500733850607794 28.801374452604197 2.82
    endloop
  endfacet
  facet normal -0.8577286100002759 -0.5141027441932153 0
    outer loop
      vertex -39.500733850607794 28.801374452604197 2.82
      vertex -39.500733850607794 28.801374452604197 5
      vertex -39.58650165908567 28.944469396133325 2.82
    endloop
  endfacet
  facet normal -0.8032075314806443 -0.5956993044924344 0
    outer loop
      vertex -39.685882229283344 29.078468583078198 2.82
      vertex -39.58650165908567 28.944469396133325 2.82
      vertex -39.58650165908567 28.944469396133325 5
    endloop
  endfacet
  facet normal -0.671558954847013 -0.740951125354964 0
    outer loop
      vertex -39.79791847198287 29.202081528017132 2.82
      vertex -39.79791847198287 29.202081528017132 5
      vertex -39.9215314169218 29.314117770716653 2.82
    endloop
  endfacet
  facet normal -0.5956993044924241 -0.8032075314806517 0
    outer loop
      vertex -40.05553060386668 29.413498340914327 2.82
      vertex -39.9215314169218 29.314117770716653 2.82
      vertex -39.9215314169218 29.314117770716653 5
    endloop
  endfacet
  facet normal -0.7409511253549536 -0.6715589548470248 0
    outer loop
      vertex -39.685882229283344 29.078468583078198 2.82
      vertex -39.685882229283344 29.078468583078198 5
      vertex -39.79791847198287 29.202081528017132 2.82
    endloop
  endfacet
  facet normal -0.14673047445536003 -0.9891765099647813 0
    outer loop
      vertex -40.83337086143975 29.691814035342734 2.82
      vertex -40.668346452572585 29.667334976685492 2.82
      vertex -40.668346452572585 29.667334976685492 5
    endloop
  endfacet
  facet normal -0.24298017990326876 -0.9700312531945428 0
    outer loop
      vertex -40.668346452572585 29.667334976685492 2.82
      vertex -40.506516048667415 29.626798570744754 2.82
      vertex -40.506516048667415 29.626798570744754 5
    endloop
  endfacet
  facet normal -0.3368898533922202 -0.9415440651830208 0
    outer loop
      vertex -40.506516048667415 29.626798570744754 2.82
      vertex -40.34943816497935 29.570595205269186 2.82
      vertex -40.34943816497935 29.570595205269186 5
    endloop
  endfacet
  facet normal -0.9700312531945465 0.24298017990325374 0
    outer loop
      vertex -39.373201429255246 27.506516048667415 2.82
      vertex -39.373201429255246 27.506516048667415 5
      vertex -39.33266502331451 27.66834645257258 2.82
    endloop
  endfacet
  facet normal -0.9891765099647756 0.1467304744553986 0
    outer loop
      vertex -39.33266502331451 27.66834645257258 2.82
      vertex -39.33266502331451 27.66834645257258 5
      vertex -39.30818596465726 27.833370861439747 2.82
    endloop
  endfacet
  facet normal -0.9987954562051724 0.04906767432741786 0
    outer loop
      vertex -39.30818596465726 27.833370861439747 2.82
      vertex -39.30818596465726 27.833370861439747 5
      vertex -39.3 28 2.82
    endloop
  endfacet
  facet normal -0.9987954562051724 -0.04906767432741786 0
    outer loop
      vertex -39.3 28 2.82
      vertex -39.3 28 5
      vertex -39.30818596465726 28.166629138560253 2.82
    endloop
  endfacet
  facet normal -0.9891765099647756 -0.1467304744553986 0
    outer loop
      vertex -39.30818596465726 28.166629138560253 2.82
      vertex -39.30818596465726 28.166629138560253 5
      vertex -39.33266502331451 28.33165354742742 2.82
    endloop
  endfacet
  facet normal -0.9700312531945465 -0.24298017990325374 0
    outer loop
      vertex -39.33266502331451 28.33165354742742 2.82
      vertex -39.33266502331451 28.33165354742742 5
      vertex -39.373201429255246 28.493483951332585 2.82
    endloop
  endfacet
  facet normal 0.9415440651830208 0.3368898533922202 0
    outer loop
      vertex -42.570595205269186 27.349438164979347 2.82
      vertex -42.626798570744754 27.506516048667415 5
      vertex -42.570595205269186 27.349438164979347 5
    endloop
  endfacet
  facet normal 0.8577286100002759 0.5141027441932153 0
    outer loop
      vertex -42.41349834091433 27.055530603866675 2.82
      vertex -42.499266149392206 27.198625547395803 5
      vertex -42.41349834091433 27.055530603866675 5
    endloop
  endfacet
  facet normal 0.9039892931234529 0.4275550934302619 0
    outer loop
      vertex -42.499266149392206 27.198625547395803 2.82
      vertex -42.570595205269186 27.349438164979347 5
      vertex -42.499266149392206 27.198625547395803 5
    endloop
  endfacet
  facet normal 0.9700312531945465 0.24298017990325374 0
    outer loop
      vertex -42.626798570744754 27.506516048667415 2.82
      vertex -42.66733497668549 27.66834645257258 5
      vertex -42.626798570744754 27.506516048667415 5
    endloop
  endfacet
  facet normal 0.9891765099647756 0.1467304744553986 0
    outer loop
      vertex -42.66733497668549 27.66834645257258 2.82
      vertex -42.69181403534274 27.833370861439747 5
      vertex -42.66733497668549 27.66834645257258 5
    endloop
  endfacet
  facet normal 0.9987954562051724 0.04906767432741786 0
    outer loop
      vertex -42.69181403534274 27.833370861439747 2.82
      vertex -42.7 28 5
      vertex -42.69181403534274 27.833370861439747 5
    endloop
  endfacet
  facet normal 0.9987954562051724 -0.04906767432741786 0
    outer loop
      vertex -42.7 28 2.82
      vertex -42.69181403534274 28.166629138560253 5
      vertex -42.7 28 5
    endloop
  endfacet
  facet normal 0.9891765099647756 -0.1467304744553986 0
    outer loop
      vertex -42.69181403534274 28.166629138560253 2.82
      vertex -42.66733497668549 28.33165354742742 5
      vertex -42.69181403534274 28.166629138560253 5
    endloop
  endfacet
  facet normal 0.9700312531945465 -0.24298017990325374 0
    outer loop
      vertex -42.66733497668549 28.33165354742742 2.82
      vertex -42.626798570744754 28.493483951332585 5
      vertex -42.66733497668549 28.33165354742742 5
    endloop
  endfacet
  facet normal 0.9415440651830208 -0.3368898533922202 0
    outer loop
      vertex -42.626798570744754 28.493483951332585 2.82
      vertex -42.570595205269186 28.650561835020653 5
      vertex -42.626798570744754 28.493483951332585 5
    endloop
  endfacet
  facet normal 0.9039892931234529 -0.4275550934302619 0
    outer loop
      vertex -42.570595205269186 28.650561835020653 2.82
      vertex -42.499266149392206 28.801374452604197 5
      vertex -42.570595205269186 28.650561835020653 5
    endloop
  endfacet
  facet normal 0.8577286100002759 -0.5141027441932153 0
    outer loop
      vertex -42.499266149392206 28.801374452604197 2.82
      vertex -42.41349834091433 28.944469396133325 5
      vertex -42.499266149392206 28.801374452604197 5
    endloop
  endfacet
  facet normal 0.8032075314806443 -0.5956993044924344 0
    outer loop
      vertex -42.41349834091433 28.944469396133325 2.82
      vertex -42.314117770716656 29.078468583078198 5
      vertex -42.41349834091433 28.944469396133325 5
    endloop
  endfacet
  facet normal 0.7409511253549536 -0.6715589548470248 0
    outer loop
      vertex -42.314117770716656 29.078468583078198 2.82
      vertex -42.20208152801713 29.202081528017132 5
      vertex -42.314117770716656 29.078468583078198 5
    endloop
  endfacet
  facet normal -0.8032075314806443 0.5956993044924344 0
    outer loop
      vertex -39.58650165908567 27.055530603866675 2.82
      vertex -39.685882229283344 26.921531416921802 5
      vertex -39.58650165908567 27.055530603866675 5
    endloop
  endfacet
  facet normal -0.8577286100002759 0.5141027441932153 0
    outer loop
      vertex -39.500733850607794 27.198625547395803 2.82
      vertex -39.58650165908567 27.055530603866675 5
      vertex -39.500733850607794 27.198625547395803 5
    endloop
  endfacet
  facet normal -0.9039892931234529 0.4275550934302619 0
    outer loop
      vertex -39.429404794730814 27.349438164979347 2.82
      vertex -39.500733850607794 27.198625547395803 5
      vertex -39.429404794730814 27.349438164979347 5
    endloop
  endfacet
  facet normal -0.9415440651830208 0.3368898533922202 0
    outer loop
      vertex -39.373201429255246 27.506516048667415 2.82
      vertex -39.429404794730814 27.349438164979347 5
      vertex -39.373201429255246 27.506516048667415 5
    endloop
  endfacet
  facet normal -0.9415440651830208 -0.3368898533922202 0
    outer loop
      vertex -39.429404794730814 28.650561835020653 2.82
      vertex -39.373201429255246 28.493483951332585 5
      vertex -39.429404794730814 28.650561835020653 5
    endloop
  endfacet
  facet normal 0.671558954847013 -0.740951125354964 0
    outer loop
      vertex -42.20208152801713 29.202081528017132 2.82
      vertex -42.0784685830782 29.314117770716653 5
      vertex -42.20208152801713 29.202081528017132 5
    endloop
  endfacet
  facet normal 0.5956993044924241 -0.8032075314806517 0
    outer loop
      vertex -42.0784685830782 29.314117770716653 2.82
      vertex -41.94446939613332 29.413498340914327 5
      vertex -42.0784685830782 29.314117770716653 5
    endloop
  endfacet
  facet normal 0.5141027441932153 -0.8577286100002759 0
    outer loop
      vertex -41.94446939613332 29.413498340914327 2.82
      vertex -41.80137445260419 29.499266149392202 5
      vertex -41.94446939613332 29.413498340914327 5
    endloop
  endfacet
  facet normal 0.4275550934302876 -0.9039892931234407 0
    outer loop
      vertex -41.80137445260419 29.499266149392202 2.82
      vertex -41.65056183502065 29.570595205269186 5
      vertex -41.80137445260419 29.499266149392202 5
    endloop
  endfacet
  facet normal 0.3368898533922202 -0.9415440651830208 0
    outer loop
      vertex -41.65056183502065 29.570595205269186 2.82
      vertex -41.493483951332585 29.626798570744754 5
      vertex -41.65056183502065 29.570595205269186 5
    endloop
  endfacet
  facet normal 0.24298017990326876 -0.9700312531945428 0
    outer loop
      vertex -41.493483951332585 29.626798570744754 2.82
      vertex -41.331653547427415 29.667334976685492 5
      vertex -41.493483951332585 29.626798570744754 5
    endloop
  endfacet
  facet normal 0.14673047445536003 -0.9891765099647813 0
    outer loop
      vertex -41.331653547427415 29.667334976685492 2.82
      vertex -41.16662913856025 29.691814035342734 5
      vertex -41.331653547427415 29.667334976685492 5
    endloop
  endfacet
  facet normal 0.04906767432741786 -0.9987954562051724 0
    outer loop
      vertex -41.16662913856025 29.691814035342734 2.82
      vertex -41 29.7 5
      vertex -41.16662913856025 29.691814035342734 5
    endloop
  endfacet
  facet normal -0.04906767432741786 -0.9987954562051724 0
    outer loop
      vertex -41 29.7 2.82
      vertex -40.83337086143975 29.691814035342734 5
      vertex -41 29.7 5
    endloop
  endfacet
  facet normal -0.5141027441932153 -0.8577286100002759 0
    outer loop
      vertex -40.19862554739581 29.499266149392202 2.82
      vertex -40.05553060386668 29.413498340914327 5
      vertex -40.19862554739581 29.499266149392202 5
    endloop
  endfacet
  facet normal -0.8577286100002759 -0.5141027441932153 0
    outer loop
      vertex -39.58650165908567 28.944469396133325 2.82
      vertex -39.500733850607794 28.801374452604197 5
      vertex -39.58650165908567 28.944469396133325 5
    endloop
  endfacet
  facet normal -0.9039892931234529 -0.4275550934302619 0
    outer loop
      vertex -39.500733850607794 28.801374452604197 2.82
      vertex -39.429404794730814 28.650561835020653 5
      vertex -39.500733850607794 28.801374452604197 5
    endloop
  endfacet
  facet normal -0.8032075314806443 -0.5956993044924344 0
    outer loop
      vertex -39.685882229283344 29.078468583078198 2.82
      vertex -39.58650165908567 28.944469396133325 5
      vertex -39.685882229283344 29.078468583078198 5
    endloop
  endfacet
  facet normal -0.7409511253549536 -0.6715589548470248 0
    outer loop
      vertex -39.79791847198287 29.202081528017132 2.82
      vertex -39.685882229283344 29.078468583078198 5
      vertex -39.79791847198287 29.202081528017132 5
    endloop
  endfacet
  facet normal -0.671558954847013 -0.740951125354964 0
    outer loop
      vertex -39.9215314169218 29.314117770716653 2.82
      vertex -39.79791847198287 29.202081528017132 5
      vertex -39.9215314169218 29.314117770716653 5
    endloop
  endfacet
  facet normal -0.5956993044924241 -0.8032075314806517 0
    outer loop
      vertex -40.05553060386668 29.413498340914327 2.82
      vertex -39.9215314169218 29.314117770716653 5
      vertex -40.05553060386668 29.413498340914327 5
    endloop
  endfacet
  facet normal -0.24298017990326876 -0.9700312531945428 0
    outer loop
      vertex -40.668346452572585 29.667334976685492 2.82
      vertex -40.506516048667415 29.626798570744754 5
      vertex -40.668346452572585 29.667334976685492 5
    endloop
  endfacet
  facet normal -0.14673047445536003 -0.9891765099647813 0
    outer loop
      vertex -40.83337086143975 29.691814035342734 2.82
      vertex -40.668346452572585 29.667334976685492 5
      vertex -40.83337086143975 29.691814035342734 5
    endloop
  endfacet
  facet normal -0.3368898533922202 -0.9415440651830208 0
    outer loop
      vertex -40.506516048667415 29.626798570744754 2.82
      vertex -40.34943816497935 29.570595205269186 5
      vertex -40.506516048667415 29.626798570744754 5
    endloop
  endfacet
  facet normal -0.4275550934302876 -0.9039892931234407 0
    outer loop
      vertex -40.34943816497935 29.570595205269186 2.82
      vertex -40.19862554739581 29.499266149392202 5
      vertex -40.34943816497935 29.570595205269186 5
    endloop
  endfacet
  facet normal -0.9700312531945465 0.24298017990325374 0
    outer loop
      vertex -39.33266502331451 27.66834645257258 2.82
      vertex -39.373201429255246 27.506516048667415 5
      vertex -39.33266502331451 27.66834645257258 5
    endloop
  endfacet
  facet normal -0.9891765099647756 0.1467304744553986 0
    outer loop
      vertex -39.30818596465726 27.833370861439747 2.82
      vertex -39.33266502331451 27.66834645257258 5
      vertex -39.30818596465726 27.833370861439747 5
    endloop
  endfacet
  facet normal -0.9987954562051724 0.04906767432741786 0
    outer loop
      vertex -39.3 28 2.82
      vertex -39.30818596465726 27.833370861439747 5
      vertex -39.3 28 5
    endloop
  endfacet
  facet normal -0.9987954562051724 -0.04906767432741786 0
    outer loop
      vertex -39.30818596465726 28.166629138560253 2.82
      vertex -39.3 28 5
      vertex -39.30818596465726 28.166629138560253 5
    endloop
  endfacet
  facet normal -0.9891765099647756 -0.1467304744553986 0
    outer loop
      vertex -39.33266502331451 28.33165354742742 2.82
      vertex -39.30818596465726 28.166629138560253 5
      vertex -39.33266502331451 28.33165354742742 5
    endloop
  endfacet
  facet normal -0.9700312531945465 -0.24298017990325374 0
    outer loop
      vertex -39.373201429255246 28.493483951332585 2.82
      vertex -39.33266502331451 28.33165354742742 5
      vertex -39.373201429255246 28.493483951332585 5
    endloop
  endfacet
  facet normal 0 1 0
    outer loop
      vertex 42.67431578064991 25.1 2.82
      vertex 42.67431578064991 25.1 0
      vertex 39.32568421935009 25.1 0
    endloop
  endfacet
  facet normal -0.8660254037844379 0.5000000000000013 0
    outer loop
      vertex 42.67431578064991 25.1 2.82
      vertex 44.34863156129983 28 0
      vertex 42.67431578064991 25.1 0
    endloop
  endfacet
  facet normal 0.8660254037844379 0.5000000000000013 0
    outer loop
      vertex 39.32568421935009 25.1 2.82
      vertex 39.32568421935009 25.1 0
      vertex 37.65136843870017 28 2.82
    endloop
  endfacet
  facet normal 0 1 0
    outer loop
      vertex 39.32568421935009 25.1 2.82
      vertex 42.67431578064991 25.1 2.82
      vertex 39.32568421935009 25.1 0
    endloop
  endfacet
  facet normal 0.8660254037844379 0.5000000000000013 0
    outer loop
      vertex 37.65136843870017 28 2.82
      vertex 39.32568421935009 25.1 0
      vertex 37.65136843870017 28 0
    endloop
  endfacet
  facet normal 0.8660254037844379 -0.5000000000000013 0
    outer loop
      vertex 39.32568421935009 30.9 2.82
      vertex 37.65136843870017 28 0
      vertex 39.32568421935009 30.9 0
    endloop
  endfacet
  facet normal -0.8660254037844379 -0.5000000000000013 0
    outer loop
      vertex 44.34863156129983 28 2.82
      vertex 42.67431578064991 30.9 0
      vertex 44.34863156129983 28 0
    endloop
  endfacet
  facet normal 0 -1 0
    outer loop
      vertex 39.32568421935009 30.9 2.82
      vertex 39.32568421935009 30.9 0
      vertex 42.67431578064991 30.9 0
    endloop
  endfacet
  facet normal 0.8660254037844379 -0.5000000000000013 0
    outer loop
      vertex 37.65136843870017 28 2.82
      vertex 37.65136843870017 28 0
      vertex 39.32568421935009 30.9 2.82
    endloop
  endfacet
  facet normal -0.8660254037844379 0.5000000000000013 0
    outer loop
      vertex 42.67431578064991 25.1 2.82
      vertex 44.34863156129983 28 2.82
      vertex 44.34863156129983 28 0
    endloop
  endfacet
  facet normal -0.8660254037844379 -0.5000000000000013 0
    outer loop
      vertex 42.67431578064991 30.9 2.82
      vertex 42.67431578064991 30.9 0
      vertex 44.34863156129983 28 2.82
    endloop
  endfacet
  facet normal 0 -1 0
    outer loop
      vertex 39.32568421935009 30.9 2.82
      vertex 42.67431578064991 30.9 0
      vertex 42.67431578064991 30.9 2.82
    endloop
  endfacet
  facet normal 0 0 -1
    outer loop
      vertex 39.32568421935009 25.1 2.82
      vertex 37.65136843870017 28 2.82
      vertex 39.33266502331451 27.66834645257258 2.82
    endloop
  endfacet
  facet normal 0 0 -1
    outer loop
      vertex 39.32568421935009 25.1 2.82
      vertex 39.33266502331451 27.66834645257258 2.82
      vertex 39.373201429255246 27.506516048667415 2.82
    endloop
  endfacet
  facet normal 0 0 -1
    outer loop
      vertex 39.32568421935009 25.1 2.82
      vertex 40.05553060386668 26.586501659085673 2.82
      vertex 40.19862554739581 26.500733850607798 2.82
    endloop
  endfacet
  facet normal 0 0 -1
    outer loop
      vertex 39.32568421935009 25.1 2.82
      vertex 39.9215314169218 26.685882229283347 2.82
      vertex 40.05553060386668 26.586501659085673 2.82
    endloop
  endfacet
  facet normal 0 0 -1
    outer loop
      vertex 39.32568421935009 25.1 2.82
      vertex 40.34943816497935 26.429404794730814 2.82
      vertex 40.506516048667415 26.373201429255246 2.82
    endloop
  endfacet
  facet normal 0 0 -1
    outer loop
      vertex 39.32568421935009 25.1 2.82
      vertex 40.19862554739581 26.500733850607798 2.82
      vertex 40.34943816497935 26.429404794730814 2.82
    endloop
  endfacet
  facet normal 0 0 -1
    outer loop
      vertex 39.32568421935009 25.1 2.82
      vertex 40.506516048667415 26.373201429255246 2.82
      vertex 40.668346452572585 26.332665023314508 2.82
    endloop
  endfacet
  facet normal 0 0 -1
    outer loop
      vertex 39.32568421935009 25.1 2.82
      vertex 40.668346452572585 26.332665023314508 2.82
      vertex 40.83337086143975 26.308185964657266 2.82
    endloop
  endfacet
  facet normal 0 0 -1
    outer loop
      vertex 39.32568421935009 25.1 2.82
      vertex 40.83337086143975 26.308185964657266 2.82
      vertex 41 26.3 2.82
    endloop
  endfacet
  facet normal 0 0 -1
    outer loop
      vertex 39.32568421935009 25.1 2.82
      vertex 41 26.3 2.82
      vertex 41.16662913856025 26.308185964657266 2.82
    endloop
  endfacet
  facet normal 0 0 -1
    outer loop
      vertex 39.32568421935009 25.1 2.82
      vertex 41.16662913856025 26.308185964657266 2.82
      vertex 41.331653547427415 26.332665023314508 2.82
    endloop
  endfacet
  facet normal 0 0 -1
    outer loop
      vertex 39.32568421935009 25.1 2.82
      vertex 39.58650165908567 27.055530603866675 2.82
      vertex 39.685882229283344 26.921531416921802 2.82
    endloop
  endfacet
  facet normal 0 0 -1
    outer loop
      vertex 39.32568421935009 25.1 2.82
      vertex 39.79791847198287 26.797918471982868 2.82
      vertex 39.9215314169218 26.685882229283347 2.82
    endloop
  endfacet
  facet normal 0 0 -1
    outer loop
      vertex 39.32568421935009 25.1 2.82
      vertex 39.685882229283344 26.921531416921802 2.82
      vertex 39.79791847198287 26.797918471982868 2.82
    endloop
  endfacet
  facet normal 0 0 -1
    outer loop
      vertex 39.32568421935009 25.1 2.82
      vertex 39.500733850607794 27.198625547395803 2.82
      vertex 39.58650165908567 27.055530603866675 2.82
    endloop
  endfacet
  facet normal 0 0 -1
    outer loop
      vertex 39.32568421935009 25.1 2.82
      vertex 39.429404794730814 27.349438164979347 2.82
      vertex 39.500733850607794 27.198625547395803 2.82
    endloop
  endfacet
  facet normal 0 0 -1
    outer loop
      vertex 39.32568421935009 25.1 2.82
      vertex 39.373201429255246 27.506516048667415 2.82
      vertex 39.429404794730814 27.349438164979347 2.82
    endloop
  endfacet
  facet normal 0 0 -1
    outer loop
      vertex 39.32568421935009 25.1 2.82
      vertex 41.331653547427415 26.332665023314508 2.82
      vertex 42.67431578064991 25.1 2.82
    endloop
  endfacet
  facet normal 0 0 -1
    outer loop
      vertex 42.67431578064991 25.1 2.82
      vertex 41.331653547427415 26.332665023314508 2.82
      vertex 41.493483951332585 26.373201429255246 2.82
    endloop
  endfacet
  facet normal 0 0 -1
    outer loop
      vertex 42.67431578064991 25.1 2.82
      vertex 41.493483951332585 26.373201429255246 2.82
      vertex 41.65056183502065 26.429404794730814 2.82
    endloop
  endfacet
  facet normal 0 0 -1
    outer loop
      vertex 42.67431578064991 25.1 2.82
      vertex 41.65056183502065 26.429404794730814 2.82
      vertex 41.80137445260419 26.500733850607798 2.82
    endloop
  endfacet
  facet normal 0 0 -1
    outer loop
      vertex 42.67431578064991 25.1 2.82
      vertex 41.80137445260419 26.500733850607798 2.82
      vertex 41.94446939613332 26.586501659085673 2.82
    endloop
  endfacet
  facet normal 0 0 -1
    outer loop
      vertex 42.67431578064991 25.1 2.82
      vertex 41.94446939613332 26.586501659085673 2.82
      vertex 42.0784685830782 26.685882229283347 2.82
    endloop
  endfacet
  facet normal 0 0 -1
    outer loop
      vertex 42.67431578064991 25.1 2.82
      vertex 42.0784685830782 26.685882229283347 2.82
      vertex 42.20208152801713 26.797918471982868 2.82
    endloop
  endfacet
  facet normal 0 0 -1
    outer loop
      vertex 42.67431578064991 25.1 2.82
      vertex 42.20208152801713 26.797918471982868 2.82
      vertex 42.314117770716656 26.921531416921802 2.82
    endloop
  endfacet
  facet normal 0 0 -1
    outer loop
      vertex 42.67431578064991 25.1 2.82
      vertex 42.314117770716656 26.921531416921802 2.82
      vertex 42.41349834091433 27.055530603866675 2.82
    endloop
  endfacet
  facet normal 0 0 -1
    outer loop
      vertex 42.67431578064991 25.1 2.82
      vertex 42.41349834091433 27.055530603866675 2.82
      vertex 42.499266149392206 27.198625547395803 2.82
    endloop
  endfacet
  facet normal 0 0 -1
    outer loop
      vertex 42.67431578064991 25.1 2.82
      vertex 42.499266149392206 27.198625547395803 2.82
      vertex 42.570595205269186 27.349438164979347 2.82
    endloop
  endfacet
  facet normal 0 0 -1
    outer loop
      vertex 42.67431578064991 25.1 2.82
      vertex 42.570595205269186 27.349438164979347 2.82
      vertex 42.626798570744754 27.506516048667415 2.82
    endloop
  endfacet
  facet normal 0 0 -1
    outer loop
      vertex 42.67431578064991 25.1 2.82
      vertex 42.626798570744754 27.506516048667415 2.82
      vertex 42.66733497668549 27.66834645257258 2.82
    endloop
  endfacet
  facet normal 0 0 -1
    outer loop
      vertex 42.67431578064991 25.1 2.82
      vertex 42.66733497668549 27.66834645257258 2.82
      vertex 42.69181403534274 27.833370861439747 2.82
    endloop
  endfacet
  facet normal 0 0 -1
    outer loop
      vertex 42.67431578064991 25.1 2.82
      vertex 42.69181403534274 27.833370861439747 2.82
      vertex 44.34863156129983 28 2.82
    endloop
  endfacet
  facet normal 0 0 -1
    outer loop
      vertex 37.65136843870017 28 2.82
      vertex 39.30818596465726 27.833370861439747 2.82
      vertex 39.33266502331451 27.66834645257258 2.82
    endloop
  endfacet
  facet normal 0 0 -1
    outer loop
      vertex 37.65136843870017 28 2.82
      vertex 39.3 28 2.82
      vertex 39.30818596465726 27.833370861439747 2.82
    endloop
  endfacet
  facet normal 0 0 -1
    outer loop
      vertex 37.65136843870017 28 2.82
      vertex 39.30818596465726 28.166629138560253 2.82
      vertex 39.3 28 2.82
    endloop
  endfacet
  facet normal 0 0 -1
    outer loop
      vertex 37.65136843870017 28 2.82
      vertex 39.32568421935009 30.9 2.82
      vertex 39.30818596465726 28.166629138560253 2.82
    endloop
  endfacet
  facet normal 0 0 -1
    outer loop
      vertex 39.30818596465726 28.166629138560253 2.82
      vertex 39.32568421935009 30.9 2.82
      vertex 39.33266502331451 28.33165354742742 2.82
    endloop
  endfacet
  facet normal 0 0 -1
    outer loop
      vertex 39.33266502331451 28.33165354742742 2.82
      vertex 39.32568421935009 30.9 2.82
      vertex 39.373201429255246 28.493483951332585 2.82
    endloop
  endfacet
  facet normal 0 0 -1
    outer loop
      vertex 39.373201429255246 28.493483951332585 2.82
      vertex 39.32568421935009 30.9 2.82
      vertex 39.429404794730814 28.650561835020653 2.82
    endloop
  endfacet
  facet normal 0 0 -1
    outer loop
      vertex 39.429404794730814 28.650561835020653 2.82
      vertex 39.32568421935009 30.9 2.82
      vertex 39.500733850607794 28.801374452604197 2.82
    endloop
  endfacet
  facet normal 0 0 -1
    outer loop
      vertex 39.500733850607794 28.801374452604197 2.82
      vertex 39.32568421935009 30.9 2.82
      vertex 39.58650165908567 28.944469396133325 2.82
    endloop
  endfacet
  facet normal 0 0 -1
    outer loop
      vertex 39.58650165908567 28.944469396133325 2.82
      vertex 39.32568421935009 30.9 2.82
      vertex 39.685882229283344 29.078468583078198 2.82
    endloop
  endfacet
  facet normal 0 0 -1
    outer loop
      vertex 39.685882229283344 29.078468583078198 2.82
      vertex 39.32568421935009 30.9 2.82
      vertex 39.79791847198287 29.202081528017132 2.82
    endloop
  endfacet
  facet normal 0 0 -1
    outer loop
      vertex 39.79791847198287 29.202081528017132 2.82
      vertex 39.32568421935009 30.9 2.82
      vertex 39.9215314169218 29.314117770716653 2.82
    endloop
  endfacet
  facet normal 0 0 -1
    outer loop
      vertex 39.9215314169218 29.314117770716653 2.82
      vertex 39.32568421935009 30.9 2.82
      vertex 40.05553060386668 29.413498340914327 2.82
    endloop
  endfacet
  facet normal 0 0 -1
    outer loop
      vertex 40.05553060386668 29.413498340914327 2.82
      vertex 39.32568421935009 30.9 2.82
      vertex 40.19862554739581 29.499266149392202 2.82
    endloop
  endfacet
  facet normal 0 0 -1
    outer loop
      vertex 40.19862554739581 29.499266149392202 2.82
      vertex 39.32568421935009 30.9 2.82
      vertex 40.34943816497935 29.570595205269186 2.82
    endloop
  endfacet
  facet normal 0 0 -1
    outer loop
      vertex 40.34943816497935 29.570595205269186 2.82
      vertex 39.32568421935009 30.9 2.82
      vertex 40.506516048667415 29.626798570744754 2.82
    endloop
  endfacet
  facet normal 0 0 -1
    outer loop
      vertex 40.506516048667415 29.626798570744754 2.82
      vertex 39.32568421935009 30.9 2.82
      vertex 40.668346452572585 29.667334976685492 2.82
    endloop
  endfacet
  facet normal 0 0 -1
    outer loop
      vertex 40.668346452572585 29.667334976685492 2.82
      vertex 42.67431578064991 30.9 2.82
      vertex 40.83337086143975 29.691814035342734 2.82
    endloop
  endfacet
  facet normal 0 0 -1
    outer loop
      vertex 41.94446939613332 29.413498340914327 2.82
      vertex 41.80137445260419 29.499266149392202 2.82
      vertex 42.67431578064991 30.9 2.82
    endloop
  endfacet
  facet normal 0 0 -1
    outer loop
      vertex 40.83337086143975 29.691814035342734 2.82
      vertex 42.67431578064991 30.9 2.82
      vertex 41 29.7 2.82
    endloop
  endfacet
  facet normal 0 0 -1
    outer loop
      vertex 41 29.7 2.82
      vertex 42.67431578064991 30.9 2.82
      vertex 41.16662913856025 29.691814035342734 2.82
    endloop
  endfacet
  facet normal 0 0 -1
    outer loop
      vertex 41.331653547427415 29.667334976685492 2.82
      vertex 41.16662913856025 29.691814035342734 2.82
      vertex 42.67431578064991 30.9 2.82
    endloop
  endfacet
  facet normal 0 0 -1
    outer loop
      vertex 41.331653547427415 29.667334976685492 2.82
      vertex 42.67431578064991 30.9 2.82
      vertex 41.493483951332585 29.626798570744754 2.82
    endloop
  endfacet
  facet normal 0 0 -1
    outer loop
      vertex 41.493483951332585 29.626798570744754 2.82
      vertex 42.67431578064991 30.9 2.82
      vertex 41.65056183502065 29.570595205269186 2.82
    endloop
  endfacet
  facet normal 0 0 -1
    outer loop
      vertex 41.65056183502065 29.570595205269186 2.82
      vertex 42.67431578064991 30.9 2.82
      vertex 41.80137445260419 29.499266149392202 2.82
    endloop
  endfacet
  facet normal 0 0 -1
    outer loop
      vertex 42.69181403534274 28.166629138560253 2.82
      vertex 42.66733497668549 28.33165354742742 2.82
      vertex 44.34863156129983 28 2.82
    endloop
  endfacet
  facet normal 0 0 -1
    outer loop
      vertex 42.69181403534274 27.833370861439747 2.82
      vertex 42.7 28 2.82
      vertex 44.34863156129983 28 2.82
    endloop
  endfacet
  facet normal 0 0 -1
    outer loop
      vertex 42.7 28 2.82
      vertex 42.69181403534274 28.166629138560253 2.82
      vertex 44.34863156129983 28 2.82
    endloop
  endfacet
  facet normal 0 0 -1
    outer loop
      vertex 42.66733497668549 28.33165354742742 2.82
      vertex 42.626798570744754 28.493483951332585 2.82
      vertex 42.67431578064991 30.9 2.82
    endloop
  endfacet
  facet normal 0 0 -1
    outer loop
      vertex 42.626798570744754 28.493483951332585 2.82
      vertex 42.570595205269186 28.650561835020653 2.82
      vertex 42.67431578064991 30.9 2.82
    endloop
  endfacet
  facet normal 0 0 -1
    outer loop
      vertex 42.570595205269186 28.650561835020653 2.82
      vertex 42.499266149392206 28.801374452604197 2.82
      vertex 42.67431578064991 30.9 2.82
    endloop
  endfacet
  facet normal 0 0 -1
    outer loop
      vertex 42.66733497668549 28.33165354742742 2.82
      vertex 42.67431578064991 30.9 2.82
      vertex 44.34863156129983 28 2.82
    endloop
  endfacet
  facet normal 0 0 -1
    outer loop
      vertex 42.41349834091433 28.944469396133325 2.82
      vertex 42.67431578064991 30.9 2.82
      vertex 42.499266149392206 28.801374452604197 2.82
    endloop
  endfacet
  facet normal 0 0 -1
    outer loop
      vertex 42.41349834091433 28.944469396133325 2.82
      vertex 42.314117770716656 29.078468583078198 2.82
      vertex 42.67431578064991 30.9 2.82
    endloop
  endfacet
  facet normal 0 0 -1
    outer loop
      vertex 42.314117770716656 29.078468583078198 2.82
      vertex 42.20208152801713 29.202081528017132 2.82
      vertex 42.67431578064991 30.9 2.82
    endloop
  endfacet
  facet normal 0 0 -1
    outer loop
      vertex 42.0784685830782 29.314117770716653 2.82
      vertex 42.67431578064991 30.9 2.82
      vertex 42.20208152801713 29.202081528017132 2.82
    endloop
  endfacet
  facet normal 0 0 -1
    outer loop
      vertex 41.94446939613332 29.413498340914327 2.82
      vertex 42.67431578064991 30.9 2.82
      vertex 42.0784685830782 29.314117770716653 2.82
    endloop
  endfacet
  facet normal 0 0 -1
    outer loop
      vertex 40.668346452572585 29.667334976685492 2.82
      vertex 39.32568421935009 30.9 2.82
      vertex 42.67431578064991 30.9 2.82
    endloop
  endfacet
  facet normal 0.8660254037844379 0.5000000000000013 0
    outer loop
      vertex 37.65136843870017 -28 2.82
      vertex 39.32568421935009 -30.9 0
      vertex 37.65136843870017 -28 0
    endloop
  endfacet
  facet normal 0 1 0
    outer loop
      vertex 42.67431578064991 -30.9 2.82
      vertex 42.67431578064991 -30.9 0
      vertex 39.32568421935009 -30.9 0
    endloop
  endfacet
  facet normal -0.8660254037844379 0.5000000000000013 0
    outer loop
      vertex 42.67431578064991 -30.9 2.82
      vertex 44.34863156129983 -28 0
      vertex 42.67431578064991 -30.9 0
    endloop
  endfacet
  facet normal -0.8660254037844379 -0.5000000000000013 0
    outer loop
      vertex 44.34863156129983 -28 2.82
      vertex 42.67431578064991 -25.1 0
      vertex 44.34863156129983 -28 0
    endloop
  endfacet
  facet normal 0.8660254037844379 0.5000000000000013 0
    outer loop
      vertex 37.65136843870017 -28 2.82
      vertex 39.32568421935009 -30.9 2.82
      vertex 39.32568421935009 -30.9 0
    endloop
  endfacet
  facet normal 0.8660254037844379 -0.5000000000000013 0
    outer loop
      vertex 37.65136843870017 -28 2.82
      vertex 37.65136843870017 -28 0
      vertex 39.32568421935009 -25.1 2.82
    endloop
  endfacet
  facet normal 0 1 0
    outer loop
      vertex 39.32568421935009 -30.9 2.82
      vertex 42.67431578064991 -30.9 2.82
      vertex 39.32568421935009 -30.9 0
    endloop
  endfacet
  facet normal -0.8660254037844379 0.5000000000000013 0
    outer loop
      vertex 42.67431578064991 -30.9 2.82
      vertex 44.34863156129983 -28 2.82
      vertex 44.34863156129983 -28 0
    endloop
  endfacet
  facet normal 0.8660254037844379 -0.5000000000000013 0
    outer loop
      vertex 39.32568421935009 -25.1 2.82
      vertex 37.65136843870017 -28 0
      vertex 39.32568421935009 -25.1 0
    endloop
  endfacet
  facet normal 0 -1 0
    outer loop
      vertex 39.32568421935009 -25.1 2.82
      vertex 39.32568421935009 -25.1 0
      vertex 42.67431578064991 -25.1 0
    endloop
  endfacet
  facet normal 0 -1 0
    outer loop
      vertex 39.32568421935009 -25.1 2.82
      vertex 42.67431578064991 -25.1 0
      vertex 42.67431578064991 -25.1 2.82
    endloop
  endfacet
  facet normal -0.8660254037844379 -0.5000000000000013 0
    outer loop
      vertex 42.67431578064991 -25.1 2.82
      vertex 42.67431578064991 -25.1 0
      vertex 44.34863156129983 -28 2.82
    endloop
  endfacet
  facet normal 0 0 -1
    outer loop
      vertex 39.32568421935009 -30.9 2.82
      vertex 39.33266502331451 -28.33165354742742 2.82
      vertex 39.373201429255246 -28.493483951332585 2.82
    endloop
  endfacet
  facet normal 0 0 -1
    outer loop
      vertex 37.65136843870017 -28 2.82
      vertex 39.33266502331451 -28.33165354742742 2.82
      vertex 39.32568421935009 -30.9 2.82
    endloop
  endfacet
  facet normal 0 0 -1
    outer loop
      vertex 37.65136843870017 -28 2.82
      vertex 39.30818596465726 -28.166629138560253 2.82
      vertex 39.33266502331451 -28.33165354742742 2.82
    endloop
  endfacet
  facet normal 0 0 -1
    outer loop
      vertex 37.65136843870017 -28 2.82
      vertex 39.3 -28 2.82
      vertex 39.30818596465726 -28.166629138560253 2.82
    endloop
  endfacet
  facet normal 0 0 -1
    outer loop
      vertex 37.65136843870017 -28 2.82
      vertex 39.30818596465726 -27.833370861439747 2.82
      vertex 39.3 -28 2.82
    endloop
  endfacet
  facet normal 0 0 -1
    outer loop
      vertex 39.32568421935009 -30.9 2.82
      vertex 41.331653547427415 -29.667334976685492 2.82
      vertex 42.67431578064991 -30.9 2.82
    endloop
  endfacet
  facet normal 0 0 -1
    outer loop
      vertex 39.32568421935009 -30.9 2.82
      vertex 40.19862554739581 -29.499266149392202 2.82
      vertex 40.34943816497935 -29.570595205269186 2.82
    endloop
  endfacet
  facet normal 0 0 -1
    outer loop
      vertex 39.32568421935009 -30.9 2.82
      vertex 40.34943816497935 -29.570595205269186 2.82
      vertex 40.506516048667415 -29.626798570744754 2.82
    endloop
  endfacet
  facet normal 0 0 -1
    outer loop
      vertex 39.32568421935009 -30.9 2.82
      vertex 39.79791847198287 -29.202081528017132 2.82
      vertex 39.9215314169218 -29.314117770716653 2.82
    endloop
  endfacet
  facet normal 0 0 -1
    outer loop
      vertex 39.32568421935009 -30.9 2.82
      vertex 39.58650165908567 -28.944469396133325 2.82
      vertex 39.685882229283344 -29.078468583078198 2.82
    endloop
  endfacet
  facet normal 0 0 -1
    outer loop
      vertex 39.32568421935009 -30.9 2.82
      vertex 39.500733850607794 -28.801374452604197 2.82
      vertex 39.58650165908567 -28.944469396133325 2.82
    endloop
  endfacet
  facet normal 0 0 -1
    outer loop
      vertex 39.32568421935009 -30.9 2.82
      vertex 39.685882229283344 -29.078468583078198 2.82
      vertex 39.79791847198287 -29.202081528017132 2.82
    endloop
  endfacet
  facet normal 0 0 -1
    outer loop
      vertex 39.32568421935009 -30.9 2.82
      vertex 40.05553060386668 -29.413498340914327 2.82
      vertex 40.19862554739581 -29.499266149392202 2.82
    endloop
  endfacet
  facet normal 0 0 -1
    outer loop
      vertex 39.32568421935009 -30.9 2.82
      vertex 39.9215314169218 -29.314117770716653 2.82
      vertex 40.05553060386668 -29.413498340914327 2.82
    endloop
  endfacet
  facet normal 0 0 -1
    outer loop
      vertex 39.32568421935009 -30.9 2.82
      vertex 40.506516048667415 -29.626798570744754 2.82
      vertex 40.668346452572585 -29.667334976685492 2.82
    endloop
  endfacet
  facet normal 0 0 -1
    outer loop
      vertex 39.32568421935009 -30.9 2.82
      vertex 40.668346452572585 -29.667334976685492 2.82
      vertex 40.83337086143975 -29.691814035342734 2.82
    endloop
  endfacet
  facet normal 0 0 -1
    outer loop
      vertex 39.32568421935009 -30.9 2.82
      vertex 40.83337086143975 -29.691814035342734 2.82
      vertex 41 -29.7 2.82
    endloop
  endfacet
  facet normal 0 0 -1
    outer loop
      vertex 39.32568421935009 -30.9 2.82
      vertex 41 -29.7 2.82
      vertex 41.16662913856025 -29.691814035342734 2.82
    endloop
  endfacet
  facet normal 0 0 -1
    outer loop
      vertex 39.32568421935009 -30.9 2.82
      vertex 41.16662913856025 -29.691814035342734 2.82
      vertex 41.331653547427415 -29.667334976685492 2.82
    endloop
  endfacet
  facet normal 0 0 -1
    outer loop
      vertex 39.32568421935009 -30.9 2.82
      vertex 39.429404794730814 -28.650561835020653 2.82
      vertex 39.500733850607794 -28.801374452604197 2.82
    endloop
  endfacet
  facet normal 0 0 -1
    outer loop
      vertex 39.32568421935009 -30.9 2.82
      vertex 39.373201429255246 -28.493483951332585 2.82
      vertex 39.429404794730814 -28.650561835020653 2.82
    endloop
  endfacet
  facet normal 0 0 -1
    outer loop
      vertex 42.67431578064991 -30.9 2.82
      vertex 41.331653547427415 -29.667334976685492 2.82
      vertex 41.493483951332585 -29.626798570744754 2.82
    endloop
  endfacet
  facet normal 0 0 -1
    outer loop
      vertex 42.67431578064991 -30.9 2.82
      vertex 41.493483951332585 -29.626798570744754 2.82
      vertex 41.65056183502065 -29.570595205269186 2.82
    endloop
  endfacet
  facet normal 0 0 -1
    outer loop
      vertex 42.67431578064991 -30.9 2.82
      vertex 41.65056183502065 -29.570595205269186 2.82
      vertex 41.80137445260419 -29.499266149392202 2.82
    endloop
  endfacet
  facet normal 0 0 -1
    outer loop
      vertex 42.67431578064991 -30.9 2.82
      vertex 41.80137445260419 -29.499266149392202 2.82
      vertex 41.94446939613332 -29.413498340914327 2.82
    endloop
  endfacet
  facet normal 0 0 -1
    outer loop
      vertex 42.67431578064991 -30.9 2.82
      vertex 41.94446939613332 -29.413498340914327 2.82
      vertex 42.0784685830782 -29.314117770716653 2.82
    endloop
  endfacet
  facet normal 0 0 -1
    outer loop
      vertex 42.67431578064991 -30.9 2.82
      vertex 42.0784685830782 -29.314117770716653 2.82
      vertex 42.20208152801713 -29.202081528017132 2.82
    endloop
  endfacet
  facet normal 0 0 -1
    outer loop
      vertex 42.67431578064991 -30.9 2.82
      vertex 42.20208152801713 -29.202081528017132 2.82
      vertex 42.314117770716656 -29.078468583078198 2.82
    endloop
  endfacet
  facet normal 0 0 -1
    outer loop
      vertex 42.67431578064991 -30.9 2.82
      vertex 42.314117770716656 -29.078468583078198 2.82
      vertex 42.41349834091433 -28.944469396133325 2.82
    endloop
  endfacet
  facet normal 0 0 -1
    outer loop
      vertex 42.67431578064991 -30.9 2.82
      vertex 42.41349834091433 -28.944469396133325 2.82
      vertex 42.499266149392206 -28.801374452604197 2.82
    endloop
  endfacet
  facet normal 0 0 -1
    outer loop
      vertex 42.67431578064991 -30.9 2.82
      vertex 42.499266149392206 -28.801374452604197 2.82
      vertex 42.570595205269186 -28.650561835020653 2.82
    endloop
  endfacet
  facet normal 0 0 -1
    outer loop
      vertex 42.67431578064991 -30.9 2.82
      vertex 42.570595205269186 -28.650561835020653 2.82
      vertex 42.626798570744754 -28.493483951332585 2.82
    endloop
  endfacet
  facet normal 0 0 -1
    outer loop
      vertex 42.67431578064991 -30.9 2.82
      vertex 42.626798570744754 -28.493483951332585 2.82
      vertex 42.66733497668549 -28.33165354742742 2.82
    endloop
  endfacet
  facet normal 0 0 -1
    outer loop
      vertex 42.67431578064991 -30.9 2.82
      vertex 42.66733497668549 -28.33165354742742 2.82
      vertex 42.69181403534274 -28.166629138560253 2.82
    endloop
  endfacet
  facet normal 0 0 -1
    outer loop
      vertex 42.67431578064991 -30.9 2.82
      vertex 42.69181403534274 -28.166629138560253 2.82
      vertex 44.34863156129983 -28 2.82
    endloop
  endfacet
  facet normal 0 0 -1
    outer loop
      vertex 42.69181403534274 -28.166629138560253 2.82
      vertex 42.7 -28 2.82
      vertex 44.34863156129983 -28 2.82
    endloop
  endfacet
  facet normal 0 0 -1
    outer loop
      vertex 42.7 -28 2.82
      vertex 42.69181403534274 -27.833370861439747 2.82
      vertex 44.34863156129983 -28 2.82
    endloop
  endfacet
  facet normal 0 0 -1
    outer loop
      vertex 42.69181403534274 -27.833370861439747 2.82
      vertex 42.66733497668549 -27.66834645257258 2.82
      vertex 44.34863156129983 -28 2.82
    endloop
  endfacet
  facet normal 0 0 -1
    outer loop
      vertex 37.65136843870017 -28 2.82
      vertex 39.32568421935009 -25.1 2.82
      vertex 39.30818596465726 -27.833370861439747 2.82
    endloop
  endfacet
  facet normal 0 0 -1
    outer loop
      vertex 39.30818596465726 -27.833370861439747 2.82
      vertex 39.32568421935009 -25.1 2.82
      vertex 39.33266502331451 -27.66834645257258 2.82
    endloop
  endfacet
  facet normal 0 0 -1
    outer loop
      vertex 39.33266502331451 -27.66834645257258 2.82
      vertex 39.32568421935009 -25.1 2.82
      vertex 39.373201429255246 -27.506516048667415 2.82
    endloop
  endfacet
  facet normal 0 0 -1
    outer loop
      vertex 39.373201429255246 -27.506516048667415 2.82
      vertex 39.32568421935009 -25.1 2.82
      vertex 39.429404794730814 -27.349438164979347 2.82
    endloop
  endfacet
  facet normal 0 0 -1
    outer loop
      vertex 39.429404794730814 -27.349438164979347 2.82
      vertex 39.32568421935009 -25.1 2.82
      vertex 39.500733850607794 -27.198625547395803 2.82
    endloop
  endfacet
  facet normal 0 0 -1
    outer loop
      vertex 39.500733850607794 -27.198625547395803 2.82
      vertex 39.32568421935009 -25.1 2.82
      vertex 39.58650165908567 -27.055530603866675 2.82
    endloop
  endfacet
  facet normal 0 0 -1
    outer loop
      vertex 39.58650165908567 -27.055530603866675 2.82
      vertex 39.32568421935009 -25.1 2.82
      vertex 39.685882229283344 -26.921531416921802 2.82
    endloop
  endfacet
  facet normal 0 0 -1
    outer loop
      vertex 39.685882229283344 -26.921531416921802 2.82
      vertex 39.32568421935009 -25.1 2.82
      vertex 39.79791847198287 -26.797918471982868 2.82
    endloop
  endfacet
  facet normal 0 0 -1
    outer loop
      vertex 39.79791847198287 -26.797918471982868 2.82
      vertex 39.32568421935009 -25.1 2.82
      vertex 39.9215314169218 -26.685882229283347 2.82
    endloop
  endfacet
  facet normal 0 0 -1
    outer loop
      vertex 39.9215314169218 -26.685882229283347 2.82
      vertex 39.32568421935009 -25.1 2.82
      vertex 40.05553060386668 -26.586501659085673 2.82
    endloop
  endfacet
  facet normal 0 0 -1
    outer loop
      vertex 40.05553060386668 -26.586501659085673 2.82
      vertex 39.32568421935009 -25.1 2.82
      vertex 40.19862554739581 -26.500733850607798 2.82
    endloop
  endfacet
  facet normal 0 0 -1
    outer loop
      vertex 40.19862554739581 -26.500733850607798 2.82
      vertex 39.32568421935009 -25.1 2.82
      vertex 40.34943816497935 -26.429404794730814 2.82
    endloop
  endfacet
  facet normal 0 0 -1
    outer loop
      vertex 40.34943816497935 -26.429404794730814 2.82
      vertex 39.32568421935009 -25.1 2.82
      vertex 40.506516048667415 -26.373201429255246 2.82
    endloop
  endfacet
  facet normal 0 0 -1
    outer loop
      vertex 40.506516048667415 -26.373201429255246 2.82
      vertex 39.32568421935009 -25.1 2.82
      vertex 40.668346452572585 -26.332665023314508 2.82
    endloop
  endfacet
  facet normal 0 0 -1
    outer loop
      vertex 40.668346452572585 -26.332665023314508 2.82
      vertex 42.67431578064991 -25.1 2.82
      vertex 40.83337086143975 -26.308185964657266 2.82
    endloop
  endfacet
  facet normal 0 0 -1
    outer loop
      vertex 40.668346452572585 -26.332665023314508 2.82
      vertex 39.32568421935009 -25.1 2.82
      vertex 42.67431578064991 -25.1 2.82
    endloop
  endfacet
  facet normal 0 0 -1
    outer loop
      vertex 40.83337086143975 -26.308185964657266 2.82
      vertex 42.67431578064991 -25.1 2.82
      vertex 41 -26.3 2.82
    endloop
  endfacet
  facet normal 0 0 -1
    outer loop
      vertex 41 -26.3 2.82
      vertex 42.67431578064991 -25.1 2.82
      vertex 41.16662913856025 -26.308185964657266 2.82
    endloop
  endfacet
  facet normal 0 0 -1
    outer loop
      vertex 41.16662913856025 -26.308185964657266 2.82
      vertex 42.67431578064991 -25.1 2.82
      vertex 41.331653547427415 -26.332665023314508 2.82
    endloop
  endfacet
  facet normal 0 0 -1
    outer loop
      vertex 41.331653547427415 -26.332665023314508 2.82
      vertex 42.67431578064991 -25.1 2.82
      vertex 41.493483951332585 -26.373201429255246 2.82
    endloop
  endfacet
  facet normal 0 0 -1
    outer loop
      vertex 41.493483951332585 -26.373201429255246 2.82
      vertex 42.67431578064991 -25.1 2.82
      vertex 41.65056183502065 -26.429404794730814 2.82
    endloop
  endfacet
  facet normal 0 0 -1
    outer loop
      vertex 41.94446939613332 -26.586501659085673 2.82
      vertex 41.80137445260419 -26.500733850607798 2.82
      vertex 42.67431578064991 -25.1 2.82
    endloop
  endfacet
  facet normal 0 0 -1
    outer loop
      vertex 41.65056183502065 -26.429404794730814 2.82
      vertex 42.67431578064991 -25.1 2.82
      vertex 41.80137445260419 -26.500733850607798 2.82
    endloop
  endfacet
  facet normal 0 0 -1
    outer loop
      vertex 42.626798570744754 -27.506516048667415 2.82
      vertex 42.67431578064991 -25.1 2.82
      vertex 42.66733497668549 -27.66834645257258 2.82
    endloop
  endfacet
  facet normal 0 0 -1
    outer loop
      vertex 42.626798570744754 -27.506516048667415 2.82
      vertex 42.570595205269186 -27.349438164979347 2.82
      vertex 42.67431578064991 -25.1 2.82
    endloop
  endfacet
  facet normal 0 0 -1
    outer loop
      vertex 42.499266149392206 -27.198625547395803 2.82
      vertex 42.41349834091433 -27.055530603866675 2.82
      vertex 42.67431578064991 -25.1 2.82
    endloop
  endfacet
  facet normal 0 0 -1
    outer loop
      vertex 42.0784685830782 -26.685882229283347 2.82
      vertex 42.67431578064991 -25.1 2.82
      vertex 42.20208152801713 -26.797918471982868 2.82
    endloop
  endfacet
  facet normal 0 0 -1
    outer loop
      vertex 42.41349834091433 -27.055530603866675 2.82
      vertex 42.314117770716656 -26.921531416921802 2.82
      vertex 42.67431578064991 -25.1 2.82
    endloop
  endfacet
  facet normal 0 0 -1
    outer loop
      vertex 42.314117770716656 -26.921531416921802 2.82
      vertex 42.20208152801713 -26.797918471982868 2.82
      vertex 42.67431578064991 -25.1 2.82
    endloop
  endfacet
  facet normal 0 0 -1
    outer loop
      vertex 42.570595205269186 -27.349438164979347 2.82
      vertex 42.499266149392206 -27.198625547395803 2.82
      vertex 42.67431578064991 -25.1 2.82
    endloop
  endfacet
  facet normal 0 0 -1
    outer loop
      vertex 42.66733497668549 -27.66834645257258 2.82
      vertex 42.67431578064991 -25.1 2.82
      vertex 44.34863156129983 -28 2.82
    endloop
  endfacet
  facet normal 0 0 -1
    outer loop
      vertex 41.94446939613332 -26.586501659085673 2.82
      vertex 42.67431578064991 -25.1 2.82
      vertex 42.0784685830782 -26.685882229283347 2.82
    endloop
  endfacet
  facet normal 0 1 0
    outer loop
      vertex -39.32568421935009 -30.9 2.82
      vertex -39.32568421935009 -30.9 0
      vertex -42.67431578064991 -30.9 0
    endloop
  endfacet
  facet normal 0.8660254037844379 0.5000000000000013 0
    outer loop
      vertex -44.34863156129983 -28 2.82
      vertex -42.67431578064991 -30.9 0
      vertex -44.34863156129983 -28 0
    endloop
  endfacet
  facet normal -0.8660254037844379 0.5000000000000013 0
    outer loop
      vertex -39.32568421935009 -30.9 2.82
      vertex -37.65136843870017 -28 0
      vertex -39.32568421935009 -30.9 0
    endloop
  endfacet
  facet normal -0.8660254037844379 -0.5000000000000013 0
    outer loop
      vertex -37.65136843870017 -28 2.82
      vertex -39.32568421935009 -25.1 0
      vertex -37.65136843870017 -28 0
    endloop
  endfacet
  facet normal 0 1 0
    outer loop
      vertex -42.67431578064991 -30.9 2.82
      vertex -39.32568421935009 -30.9 2.82
      vertex -42.67431578064991 -30.9 0
    endloop
  endfacet
  facet normal 0.8660254037844379 0.5000000000000013 0
    outer loop
      vertex -44.34863156129983 -28 2.82
      vertex -42.67431578064991 -30.9 2.82
      vertex -42.67431578064991 -30.9 0
    endloop
  endfacet
  facet normal 0.8660254037844379 -0.5000000000000013 0
    outer loop
      vertex -44.34863156129983 -28 2.82
      vertex -44.34863156129983 -28 0
      vertex -42.67431578064991 -25.1 2.82
    endloop
  endfacet
  facet normal -0.8660254037844379 0.5000000000000013 0
    outer loop
      vertex -39.32568421935009 -30.9 2.82
      vertex -37.65136843870017 -28 2.82
      vertex -37.65136843870017 -28 0
    endloop
  endfacet
  facet normal 0.8660254037844379 -0.5000000000000013 0
    outer loop
      vertex -42.67431578064991 -25.1 2.82
      vertex -44.34863156129983 -28 0
      vertex -42.67431578064991 -25.1 0
    endloop
  endfacet
  facet normal 0 -1 0
    outer loop
      vertex -42.67431578064991 -25.1 2.82
      vertex -42.67431578064991 -25.1 0
      vertex -39.32568421935009 -25.1 0
    endloop
  endfacet
  facet normal 0 -1 0
    outer loop
      vertex -42.67431578064991 -25.1 2.82
      vertex -39.32568421935009 -25.1 0
      vertex -39.32568421935009 -25.1 2.82
    endloop
  endfacet
  facet normal -0.8660254037844379 -0.5000000000000013 0
    outer loop
      vertex -37.65136843870017 -28 2.82
      vertex -39.32568421935009 -25.1 2.82
      vertex -39.32568421935009 -25.1 0
    endloop
  endfacet
  facet normal 0 0 -1
    outer loop
      vertex -42.67431578064991 -30.9 2.82
      vertex -40.668346452572585 -29.667334976685492 2.82
      vertex -39.32568421935009 -30.9 2.82
    endloop
  endfacet
  facet normal 0 0 -1
    outer loop
      vertex -42.67431578064991 -30.9 2.82
      vertex -42.0784685830782 -29.314117770716653 2.82
      vertex -41.94446939613332 -29.413498340914327 2.82
    endloop
  endfacet
  facet normal 0 0 -1
    outer loop
      vertex -42.67431578064991 -30.9 2.82
      vertex -42.20208152801713 -29.202081528017132 2.82
      vertex -42.0784685830782 -29.314117770716653 2.82
    endloop
  endfacet
  facet normal 0 0 -1
    outer loop
      vertex -42.67431578064991 -30.9 2.82
      vertex -42.314117770716656 -29.078468583078198 2.82
      vertex -42.20208152801713 -29.202081528017132 2.82
    endloop
  endfacet
  facet normal 0 0 -1
    outer loop
      vertex -42.67431578064991 -30.9 2.82
      vertex -42.41349834091433 -28.944469396133325 2.82
      vertex -42.314117770716656 -29.078468583078198 2.82
    endloop
  endfacet
  facet normal 0 0 -1
    outer loop
      vertex -42.67431578064991 -30.9 2.82
      vertex -42.499266149392206 -28.801374452604197 2.82
      vertex -42.41349834091433 -28.944469396133325 2.82
    endloop
  endfacet
  facet normal 0 0 -1
    outer loop
      vertex -44.34863156129983 -28 2.82
      vertex -42.66733497668549 -28.33165354742742 2.82
      vertex -42.67431578064991 -30.9 2.82
    endloop
  endfacet
  facet normal 0 0 -1
    outer loop
      vertex -42.67431578064991 -30.9 2.82
      vertex -42.570595205269186 -28.650561835020653 2.82
      vertex -42.499266149392206 -28.801374452604197 2.82
    endloop
  endfacet
  facet normal 0 0 -1
    outer loop
      vertex -42.67431578064991 -30.9 2.82
      vertex -42.626798570744754 -28.493483951332585 2.82
      vertex -42.570595205269186 -28.650561835020653 2.82
    endloop
  endfacet
  facet normal 0 0 -1
    outer loop
      vertex -42.67431578064991 -30.9 2.82
      vertex -42.66733497668549 -28.33165354742742 2.82
      vertex -42.626798570744754 -28.493483951332585 2.82
    endloop
  endfacet
  facet normal 0 0 -1
    outer loop
      vertex -44.34863156129983 -28 2.82
      vertex -42.7 -28 2.82
      vertex -42.69181403534274 -28.166629138560253 2.82
    endloop
  endfacet
  facet normal 0 0 -1
    outer loop
      vertex -44.34863156129983 -28 2.82
      vertex -42.69181403534274 -27.833370861439747 2.82
      vertex -42.7 -28 2.82
    endloop
  endfacet
  facet normal 0 0 -1
    outer loop
      vertex -44.34863156129983 -28 2.82
      vertex -42.69181403534274 -28.166629138560253 2.82
      vertex -42.66733497668549 -28.33165354742742 2.82
    endloop
  endfacet
  facet normal 0 0 -1
    outer loop
      vertex -42.67431578064991 -30.9 2.82
      vertex -41.80137445260419 -29.499266149392202 2.82
      vertex -41.65056183502065 -29.570595205269186 2.82
    endloop
  endfacet
  facet normal 0 0 -1
    outer loop
      vertex -42.67431578064991 -30.9 2.82
      vertex -41.65056183502065 -29.570595205269186 2.82
      vertex -41.493483951332585 -29.626798570744754 2.82
    endloop
  endfacet
  facet normal 0 0 -1
    outer loop
      vertex -42.67431578064991 -30.9 2.82
      vertex -41.493483951332585 -29.626798570744754 2.82
      vertex -41.331653547427415 -29.667334976685492 2.82
    endloop
  endfacet
  facet normal 0 0 -1
    outer loop
      vertex -42.67431578064991 -30.9 2.82
      vertex -41.331653547427415 -29.667334976685492 2.82
      vertex -41.16662913856025 -29.691814035342734 2.82
    endloop
  endfacet
  facet normal 0 0 -1
    outer loop
      vertex -42.67431578064991 -30.9 2.82
      vertex -41.16662913856025 -29.691814035342734 2.82
      vertex -41 -29.7 2.82
    endloop
  endfacet
  facet normal 0 0 -1
    outer loop
      vertex -42.67431578064991 -30.9 2.82
      vertex -41 -29.7 2.82
      vertex -40.83337086143975 -29.691814035342734 2.82
    endloop
  endfacet
  facet normal 0 0 -1
    outer loop
      vertex -42.67431578064991 -30.9 2.82
      vertex -41.94446939613332 -29.413498340914327 2.82
      vertex -41.80137445260419 -29.499266149392202 2.82
    endloop
  endfacet
  facet normal 0 0 -1
    outer loop
      vertex -42.67431578064991 -30.9 2.82
      vertex -40.83337086143975 -29.691814035342734 2.82
      vertex -40.668346452572585 -29.667334976685492 2.82
    endloop
  endfacet
  facet normal 0 0 -1
    outer loop
      vertex -39.32568421935009 -30.9 2.82
      vertex -40.668346452572585 -29.667334976685492 2.82
      vertex -40.506516048667415 -29.626798570744754 2.82
    endloop
  endfacet
  facet normal 0 0 -1
    outer loop
      vertex -39.32568421935009 -30.9 2.82
      vertex -40.506516048667415 -29.626798570744754 2.82
      vertex -40.34943816497935 -29.570595205269186 2.82
    endloop
  endfacet
  facet normal 0 0 -1
    outer loop
      vertex -39.32568421935009 -30.9 2.82
      vertex -40.34943816497935 -29.570595205269186 2.82
      vertex -40.19862554739581 -29.499266149392202 2.82
    endloop
  endfacet
  facet normal 0 0 -1
    outer loop
      vertex -39.32568421935009 -30.9 2.82
      vertex -40.19862554739581 -29.499266149392202 2.82
      vertex -40.05553060386668 -29.413498340914327 2.82
    endloop
  endfacet
  facet normal 0 0 -1
    outer loop
      vertex -39.32568421935009 -30.9 2.82
      vertex -40.05553060386668 -29.413498340914327 2.82
      vertex -39.9215314169218 -29.314117770716653 2.82
    endloop
  endfacet
  facet normal 0 0 -1
    outer loop
      vertex -39.32568421935009 -30.9 2.82
      vertex -39.9215314169218 -29.314117770716653 2.82
      vertex -39.79791847198287 -29.202081528017132 2.82
    endloop
  endfacet
  facet normal 0 0 -1
    outer loop
      vertex -39.32568421935009 -30.9 2.82
      vertex -39.79791847198287 -29.202081528017132 2.82
      vertex -39.685882229283344 -29.078468583078198 2.82
    endloop
  endfacet
  facet normal 0 0 -1
    outer loop
      vertex -39.32568421935009 -30.9 2.82
      vertex -39.685882229283344 -29.078468583078198 2.82
      vertex -39.58650165908567 -28.944469396133325 2.82
    endloop
  endfacet
  facet normal 0 0 -1
    outer loop
      vertex -39.32568421935009 -30.9 2.82
      vertex -39.58650165908567 -28.944469396133325 2.82
      vertex -39.500733850607794 -28.801374452604197 2.82
    endloop
  endfacet
  facet normal 0 0 -1
    outer loop
      vertex -39.32568421935009 -30.9 2.82
      vertex -39.500733850607794 -28.801374452604197 2.82
      vertex -39.429404794730814 -28.650561835020653 2.82
    endloop
  endfacet
  facet normal 0 0 -1
    outer loop
      vertex -39.32568421935009 -30.9 2.82
      vertex -39.429404794730814 -28.650561835020653 2.82
      vertex -39.373201429255246 -28.493483951332585 2.82
    endloop
  endfacet
  facet normal 0 0 -1
    outer loop
      vertex -39.32568421935009 -30.9 2.82
      vertex -39.373201429255246 -28.493483951332585 2.82
      vertex -39.33266502331451 -28.33165354742742 2.82
    endloop
  endfacet
  facet normal 0 0 -1
    outer loop
      vertex -39.32568421935009 -30.9 2.82
      vertex -39.33266502331451 -28.33165354742742 2.82
      vertex -39.30818596465726 -28.166629138560253 2.82
    endloop
  endfacet
  facet normal 0 0 -1
    outer loop
      vertex -39.32568421935009 -30.9 2.82
      vertex -39.30818596465726 -28.166629138560253 2.82
      vertex -37.65136843870017 -28 2.82
    endloop
  endfacet
  facet normal 0 0 -1
    outer loop
      vertex -39.30818596465726 -28.166629138560253 2.82
      vertex -39.3 -28 2.82
      vertex -37.65136843870017 -28 2.82
    endloop
  endfacet
  facet normal 0 0 -1
    outer loop
      vertex -39.3 -28 2.82
      vertex -39.30818596465726 -27.833370861439747 2.82
      vertex -37.65136843870017 -28 2.82
    endloop
  endfacet
  facet normal 0 0 -1
    outer loop
      vertex -39.30818596465726 -27.833370861439747 2.82
      vertex -39.33266502331451 -27.66834645257258 2.82
      vertex -37.65136843870017 -28 2.82
    endloop
  endfacet
  facet normal 0 0 -1
    outer loop
      vertex -44.34863156129983 -28 2.82
      vertex -42.67431578064991 -25.1 2.82
      vertex -42.69181403534274 -27.833370861439747 2.82
    endloop
  endfacet
  facet normal 0 0 -1
    outer loop
      vertex -42.69181403534274 -27.833370861439747 2.82
      vertex -42.67431578064991 -25.1 2.82
      vertex -42.66733497668549 -27.66834645257258 2.82
    endloop
  endfacet
  facet normal 0 0 -1
    outer loop
      vertex -42.66733497668549 -27.66834645257258 2.82
      vertex -42.67431578064991 -25.1 2.82
      vertex -42.626798570744754 -27.506516048667415 2.82
    endloop
  endfacet
  facet normal 0 0 -1
    outer loop
      vertex -42.626798570744754 -27.506516048667415 2.82
      vertex -42.67431578064991 -25.1 2.82
      vertex -42.570595205269186 -27.349438164979347 2.82
    endloop
  endfacet
  facet normal 0 0 -1
    outer loop
      vertex -42.570595205269186 -27.349438164979347 2.82
      vertex -42.67431578064991 -25.1 2.82
      vertex -42.499266149392206 -27.198625547395803 2.82
    endloop
  endfacet
  facet normal 0 0 -1
    outer loop
      vertex -42.499266149392206 -27.198625547395803 2.82
      vertex -42.67431578064991 -25.1 2.82
      vertex -42.41349834091433 -27.055530603866675 2.82
    endloop
  endfacet
  facet normal 0 0 -1
    outer loop
      vertex -42.41349834091433 -27.055530603866675 2.82
      vertex -42.67431578064991 -25.1 2.82
      vertex -42.314117770716656 -26.921531416921802 2.82
    endloop
  endfacet
  facet normal 0 0 -1
    outer loop
      vertex -42.314117770716656 -26.921531416921802 2.82
      vertex -42.67431578064991 -25.1 2.82
      vertex -42.20208152801713 -26.797918471982868 2.82
    endloop
  endfacet
  facet normal 0 0 -1
    outer loop
      vertex -42.20208152801713 -26.797918471982868 2.82
      vertex -42.67431578064991 -25.1 2.82
      vertex -42.0784685830782 -26.685882229283347 2.82
    endloop
  endfacet
  facet normal 0 0 -1
    outer loop
      vertex -42.0784685830782 -26.685882229283347 2.82
      vertex -42.67431578064991 -25.1 2.82
      vertex -41.94446939613332 -26.586501659085673 2.82
    endloop
  endfacet
  facet normal 0 0 -1
    outer loop
      vertex -41.94446939613332 -26.586501659085673 2.82
      vertex -42.67431578064991 -25.1 2.82
      vertex -41.80137445260419 -26.500733850607798 2.82
    endloop
  endfacet
  facet normal 0 0 -1
    outer loop
      vertex -41.80137445260419 -26.500733850607798 2.82
      vertex -42.67431578064991 -25.1 2.82
      vertex -41.65056183502065 -26.429404794730814 2.82
    endloop
  endfacet
  facet normal 0 0 -1
    outer loop
      vertex -41.65056183502065 -26.429404794730814 2.82
      vertex -42.67431578064991 -25.1 2.82
      vertex -41.493483951332585 -26.373201429255246 2.82
    endloop
  endfacet
  facet normal 0 0 -1
    outer loop
      vertex -41.493483951332585 -26.373201429255246 2.82
      vertex -42.67431578064991 -25.1 2.82
      vertex -41.331653547427415 -26.332665023314508 2.82
    endloop
  endfacet
  facet normal 0 0 -1
    outer loop
      vertex -41.331653547427415 -26.332665023314508 2.82
      vertex -42.67431578064991 -25.1 2.82
      vertex -39.32568421935009 -25.1 2.82
    endloop
  endfacet
  facet normal 0 0 -1
    outer loop
      vertex -39.429404794730814 -27.349438164979347 2.82
      vertex -39.32568421935009 -25.1 2.82
      vertex -39.373201429255246 -27.506516048667415 2.82
    endloop
  endfacet
  facet normal 0 0 -1
    outer loop
      vertex -39.429404794730814 -27.349438164979347 2.82
      vertex -39.500733850607794 -27.198625547395803 2.82
      vertex -39.32568421935009 -25.1 2.82
    endloop
  endfacet
  facet normal 0 0 -1
    outer loop
      vertex -39.500733850607794 -27.198625547395803 2.82
      vertex -39.58650165908567 -27.055530603866675 2.82
      vertex -39.32568421935009 -25.1 2.82
    endloop
  endfacet
  facet normal 0 0 -1
    outer loop
      vertex -39.79791847198287 -26.797918471982868 2.82
      vertex -39.32568421935009 -25.1 2.82
      vertex -39.685882229283344 -26.921531416921802 2.82
    endloop
  endfacet
  facet normal 0 0 -1
    outer loop
      vertex -39.79791847198287 -26.797918471982868 2.82
      vertex -39.9215314169218 -26.685882229283347 2.82
      vertex -39.32568421935009 -25.1 2.82
    endloop
  endfacet
  facet normal 0 0 -1
    outer loop
      vertex -39.685882229283344 -26.921531416921802 2.82
      vertex -39.32568421935009 -25.1 2.82
      vertex -39.58650165908567 -27.055530603866675 2.82
    endloop
  endfacet
  facet normal 0 0 -1
    outer loop
      vertex -41.331653547427415 -26.332665023314508 2.82
      vertex -39.32568421935009 -25.1 2.82
      vertex -41.16662913856025 -26.308185964657266 2.82
    endloop
  endfacet
  facet normal 0 0 -1
    outer loop
      vertex -41.16662913856025 -26.308185964657266 2.82
      vertex -39.32568421935009 -25.1 2.82
      vertex -41 -26.3 2.82
    endloop
  endfacet
  facet normal 0 0 -1
    outer loop
      vertex -41 -26.3 2.82
      vertex -39.32568421935009 -25.1 2.82
      vertex -40.83337086143975 -26.308185964657266 2.82
    endloop
  endfacet
  facet normal 0 0 -1
    outer loop
      vertex -40.83337086143975 -26.308185964657266 2.82
      vertex -39.32568421935009 -25.1 2.82
      vertex -40.668346452572585 -26.332665023314508 2.82
    endloop
  endfacet
  facet normal 0 0 -1
    outer loop
      vertex -40.668346452572585 -26.332665023314508 2.82
      vertex -39.32568421935009 -25.1 2.82
      vertex -40.506516048667415 -26.373201429255246 2.82
    endloop
  endfacet
  facet normal 0 0 -1
    outer loop
      vertex -40.19862554739581 -26.500733850607798 2.82
      vertex -40.34943816497935 -26.429404794730814 2.82
      vertex -39.32568421935009 -25.1 2.82
    endloop
  endfacet
  facet normal 0 0 -1
    outer loop
      vertex -40.506516048667415 -26.373201429255246 2.82
      vertex -39.32568421935009 -25.1 2.82
      vertex -40.34943816497935 -26.429404794730814 2.82
    endloop
  endfacet
  facet normal 0 0 -1
    outer loop
      vertex -40.05553060386668 -26.586501659085673 2.82
      vertex -39.32568421935009 -25.1 2.82
      vertex -39.9215314169218 -26.685882229283347 2.82
    endloop
  endfacet
  facet normal 0 0 -1
    outer loop
      vertex -40.19862554739581 -26.500733850607798 2.82
      vertex -39.32568421935009 -25.1 2.82
      vertex -40.05553060386668 -26.586501659085673 2.82
    endloop
  endfacet
  facet normal 0 0 -1
    outer loop
      vertex -39.33266502331451 -27.66834645257258 2.82
      vertex -39.373201429255246 -27.506516048667415 2.82
      vertex -39.32568421935009 -25.1 2.82
    endloop
  endfacet
  facet normal 0 0 -1
    outer loop
      vertex -39.33266502331451 -27.66834645257258 2.82
      vertex -39.32568421935009 -25.1 2.82
      vertex -37.65136843870017 -28 2.82
    endloop
  endfacet
  facet normal 0 1 0
    outer loop
      vertex -39.32568421935009 25.1 2.82
      vertex -39.32568421935009 25.1 0
      vertex -42.67431578064991 25.1 0
    endloop
  endfacet
  facet normal -0.8660254037844379 0.5000000000000013 0
    outer loop
      vertex -39.32568421935009 25.1 2.82
      vertex -37.65136843870017 28 0
      vertex -39.32568421935009 25.1 0
    endloop
  endfacet
  facet normal 0.8660254037844379 0.5000000000000013 0
    outer loop
      vertex -44.34863156129983 28 2.82
      vertex -42.67431578064991 25.1 2.82
      vertex -42.67431578064991 25.1 0
    endloop
  endfacet
  facet normal 0 1 0
    outer loop
      vertex -42.67431578064991 25.1 2.82
      vertex -39.32568421935009 25.1 2.82
      vertex -42.67431578064991 25.1 0
    endloop
  endfacet
  facet normal 0.8660254037844379 0.5000000000000013 0
    outer loop
      vertex -44.34863156129983 28 2.82
      vertex -42.67431578064991 25.1 0
      vertex -44.34863156129983 28 0
    endloop
  endfacet
  facet normal 0.8660254037844379 -0.5000000000000013 0
    outer loop
      vertex -42.67431578064991 30.9 2.82
      vertex -44.34863156129983 28 0
      vertex -42.67431578064991 30.9 0
    endloop
  endfacet
  facet normal 0 -1 0
    outer loop
      vertex -42.67431578064991 30.9 2.82
      vertex -42.67431578064991 30.9 0
      vertex -39.32568421935009 30.9 0
    endloop
  endfacet
  facet normal -0.8660254037844379 -0.5000000000000013 0
    outer loop
      vertex -37.65136843870017 28 2.82
      vertex -39.32568421935009 30.9 0
      vertex -37.65136843870017 28 0
    endloop
  endfacet
  facet normal 0.8660254037844379 -0.5000000000000013 0
    outer loop
      vertex -44.34863156129983 28 2.82
      vertex -44.34863156129983 28 0
      vertex -42.67431578064991 30.9 2.82
    endloop
  endfacet
  facet normal 0 -1 0
    outer loop
      vertex -42.67431578064991 30.9 2.82
      vertex -39.32568421935009 30.9 0
      vertex -39.32568421935009 30.9 2.82
    endloop
  endfacet
  facet normal -0.8660254037844379 0.5000000000000013 0
    outer loop
      vertex -39.32568421935009 25.1 2.82
      vertex -37.65136843870017 28 2.82
      vertex -37.65136843870017 28 0
    endloop
  endfacet
  facet normal -0.8660254037844379 -0.5000000000000013 0
    outer loop
      vertex -39.32568421935009 30.9 2.82
      vertex -39.32568421935009 30.9 0
      vertex -37.65136843870017 28 2.82
    endloop
  endfacet
  facet normal 0 0 -1
    outer loop
      vertex -42.67431578064991 25.1 2.82
      vertex -42.0784685830782 26.685882229283347 2.82
      vertex -41.94446939613332 26.586501659085673 2.82
    endloop
  endfacet
  facet normal 0 0 -1
    outer loop
      vertex -44.34863156129983 28 2.82
      vertex -42.66733497668549 27.66834645257258 2.82
      vertex -42.67431578064991 25.1 2.82
    endloop
  endfacet
  facet normal 0 0 -1
    outer loop
      vertex -42.67431578064991 25.1 2.82
      vertex -42.570595205269186 27.349438164979347 2.82
      vertex -42.499266149392206 27.198625547395803 2.82
    endloop
  endfacet
  facet normal 0 0 -1
    outer loop
      vertex -42.67431578064991 25.1 2.82
      vertex -42.314117770716656 26.921531416921802 2.82
      vertex -42.20208152801713 26.797918471982868 2.82
    endloop
  endfacet
  facet normal 0 0 -1
    outer loop
      vertex -42.67431578064991 25.1 2.82
      vertex -42.41349834091433 27.055530603866675 2.82
      vertex -42.314117770716656 26.921531416921802 2.82
    endloop
  endfacet
  facet normal 0 0 -1
    outer loop
      vertex -42.67431578064991 25.1 2.82
      vertex -42.20208152801713 26.797918471982868 2.82
      vertex -42.0784685830782 26.685882229283347 2.82
    endloop
  endfacet
  facet normal 0 0 -1
    outer loop
      vertex -42.67431578064991 25.1 2.82
      vertex -42.499266149392206 27.198625547395803 2.82
      vertex -42.41349834091433 27.055530603866675 2.82
    endloop
  endfacet
  facet normal 0 0 -1
    outer loop
      vertex -42.67431578064991 25.1 2.82
      vertex -42.626798570744754 27.506516048667415 2.82
      vertex -42.570595205269186 27.349438164979347 2.82
    endloop
  endfacet
  facet normal 0 0 -1
    outer loop
      vertex -42.67431578064991 25.1 2.82
      vertex -42.66733497668549 27.66834645257258 2.82
      vertex -42.626798570744754 27.506516048667415 2.82
    endloop
  endfacet
  facet normal 0 0 -1
    outer loop
      vertex -42.67431578064991 25.1 2.82
      vertex -41.80137445260419 26.500733850607798 2.82
      vertex -41.65056183502065 26.429404794730814 2.82
    endloop
  endfacet
  facet normal 0 0 -1
    outer loop
      vertex -42.67431578064991 25.1 2.82
      vertex -41.94446939613332 26.586501659085673 2.82
      vertex -41.80137445260419 26.500733850607798 2.82
    endloop
  endfacet
  facet normal 0 0 -1
    outer loop
      vertex -42.67431578064991 25.1 2.82
      vertex -41.65056183502065 26.429404794730814 2.82
      vertex -41.493483951332585 26.373201429255246 2.82
    endloop
  endfacet
  facet normal 0 0 -1
    outer loop
      vertex -42.67431578064991 25.1 2.82
      vertex -41.493483951332585 26.373201429255246 2.82
      vertex -41.331653547427415 26.332665023314508 2.82
    endloop
  endfacet
  facet normal 0 0 -1
    outer loop
      vertex -42.67431578064991 25.1 2.82
      vertex -41.331653547427415 26.332665023314508 2.82
      vertex -41.16662913856025 26.308185964657266 2.82
    endloop
  endfacet
  facet normal 0 0 -1
    outer loop
      vertex -42.67431578064991 25.1 2.82
      vertex -41.16662913856025 26.308185964657266 2.82
      vertex -41 26.3 2.82
    endloop
  endfacet
  facet normal 0 0 -1
    outer loop
      vertex -42.67431578064991 25.1 2.82
      vertex -41 26.3 2.82
      vertex -40.83337086143975 26.308185964657266 2.82
    endloop
  endfacet
  facet normal 0 0 -1
    outer loop
      vertex -42.67431578064991 25.1 2.82
      vertex -40.668346452572585 26.332665023314508 2.82
      vertex -39.32568421935009 25.1 2.82
    endloop
  endfacet
  facet normal 0 0 -1
    outer loop
      vertex -42.67431578064991 25.1 2.82
      vertex -40.83337086143975 26.308185964657266 2.82
      vertex -40.668346452572585 26.332665023314508 2.82
    endloop
  endfacet
  facet normal 0 0 -1
    outer loop
      vertex -39.32568421935009 25.1 2.82
      vertex -40.668346452572585 26.332665023314508 2.82
      vertex -40.506516048667415 26.373201429255246 2.82
    endloop
  endfacet
  facet normal 0 0 -1
    outer loop
      vertex -39.32568421935009 25.1 2.82
      vertex -40.506516048667415 26.373201429255246 2.82
      vertex -40.34943816497935 26.429404794730814 2.82
    endloop
  endfacet
  facet normal 0 0 -1
    outer loop
      vertex -39.32568421935009 25.1 2.82
      vertex -40.34943816497935 26.429404794730814 2.82
      vertex -40.19862554739581 26.500733850607798 2.82
    endloop
  endfacet
  facet normal 0 0 -1
    outer loop
      vertex -39.32568421935009 25.1 2.82
      vertex -40.19862554739581 26.500733850607798 2.82
      vertex -40.05553060386668 26.586501659085673 2.82
    endloop
  endfacet
  facet normal 0 0 -1
    outer loop
      vertex -39.32568421935009 25.1 2.82
      vertex -40.05553060386668 26.586501659085673 2.82
      vertex -39.9215314169218 26.685882229283347 2.82
    endloop
  endfacet
  facet normal 0 0 -1
    outer loop
      vertex -39.32568421935009 25.1 2.82
      vertex -39.9215314169218 26.685882229283347 2.82
      vertex -39.79791847198287 26.797918471982868 2.82
    endloop
  endfacet
  facet normal 0 0 -1
    outer loop
      vertex -39.32568421935009 25.1 2.82
      vertex -39.79791847198287 26.797918471982868 2.82
      vertex -39.685882229283344 26.921531416921802 2.82
    endloop
  endfacet
  facet normal 0 0 -1
    outer loop
      vertex -39.32568421935009 25.1 2.82
      vertex -39.685882229283344 26.921531416921802 2.82
      vertex -39.58650165908567 27.055530603866675 2.82
    endloop
  endfacet
  facet normal 0 0 -1
    outer loop
      vertex -39.32568421935009 25.1 2.82
      vertex -39.58650165908567 27.055530603866675 2.82
      vertex -39.500733850607794 27.198625547395803 2.82
    endloop
  endfacet
  facet normal 0 0 -1
    outer loop
      vertex -39.32568421935009 25.1 2.82
      vertex -39.500733850607794 27.198625547395803 2.82
      vertex -39.429404794730814 27.349438164979347 2.82
    endloop
  endfacet
  facet normal 0 0 -1
    outer loop
      vertex -39.32568421935009 25.1 2.82
      vertex -39.429404794730814 27.349438164979347 2.82
      vertex -39.373201429255246 27.506516048667415 2.82
    endloop
  endfacet
  facet normal 0 0 -1
    outer loop
      vertex -39.32568421935009 25.1 2.82
      vertex -39.373201429255246 27.506516048667415 2.82
      vertex -39.33266502331451 27.66834645257258 2.82
    endloop
  endfacet
  facet normal 0 0 -1
    outer loop
      vertex -39.32568421935009 25.1 2.82
      vertex -39.33266502331451 27.66834645257258 2.82
      vertex -39.30818596465726 27.833370861439747 2.82
    endloop
  endfacet
  facet normal 0 0 -1
    outer loop
      vertex -39.32568421935009 25.1 2.82
      vertex -39.30818596465726 27.833370861439747 2.82
      vertex -37.65136843870017 28 2.82
    endloop
  endfacet
  facet normal 0 0 -1
    outer loop
      vertex -44.34863156129983 28 2.82
      vertex -42.69181403534274 27.833370861439747 2.82
      vertex -42.66733497668549 27.66834645257258 2.82
    endloop
  endfacet
  facet normal 0 0 -1
    outer loop
      vertex -44.34863156129983 28 2.82
      vertex -42.7 28 2.82
      vertex -42.69181403534274 27.833370861439747 2.82
    endloop
  endfacet
  facet normal 0 0 -1
    outer loop
      vertex -44.34863156129983 28 2.82
      vertex -42.69181403534274 28.166629138560253 2.82
      vertex -42.7 28 2.82
    endloop
  endfacet
  facet normal 0 0 -1
    outer loop
      vertex -44.34863156129983 28 2.82
      vertex -42.67431578064991 30.9 2.82
      vertex -42.69181403534274 28.166629138560253 2.82
    endloop
  endfacet
  facet normal 0 0 -1
    outer loop
      vertex -42.69181403534274 28.166629138560253 2.82
      vertex -42.67431578064991 30.9 2.82
      vertex -42.66733497668549 28.33165354742742 2.82
    endloop
  endfacet
  facet normal 0 0 -1
    outer loop
      vertex -42.66733497668549 28.33165354742742 2.82
      vertex -42.67431578064991 30.9 2.82
      vertex -42.626798570744754 28.493483951332585 2.82
    endloop
  endfacet
  facet normal 0 0 -1
    outer loop
      vertex -42.626798570744754 28.493483951332585 2.82
      vertex -42.67431578064991 30.9 2.82
      vertex -42.570595205269186 28.650561835020653 2.82
    endloop
  endfacet
  facet normal 0 0 -1
    outer loop
      vertex -42.570595205269186 28.650561835020653 2.82
      vertex -42.67431578064991 30.9 2.82
      vertex -42.499266149392206 28.801374452604197 2.82
    endloop
  endfacet
  facet normal 0 0 -1
    outer loop
      vertex -42.499266149392206 28.801374452604197 2.82
      vertex -42.67431578064991 30.9 2.82
      vertex -42.41349834091433 28.944469396133325 2.82
    endloop
  endfacet
  facet normal 0 0 -1
    outer loop
      vertex -42.41349834091433 28.944469396133325 2.82
      vertex -42.67431578064991 30.9 2.82
      vertex -42.314117770716656 29.078468583078198 2.82
    endloop
  endfacet
  facet normal 0 0 -1
    outer loop
      vertex -42.314117770716656 29.078468583078198 2.82
      vertex -42.67431578064991 30.9 2.82
      vertex -42.20208152801713 29.202081528017132 2.82
    endloop
  endfacet
  facet normal 0 0 -1
    outer loop
      vertex -42.20208152801713 29.202081528017132 2.82
      vertex -42.67431578064991 30.9 2.82
      vertex -42.0784685830782 29.314117770716653 2.82
    endloop
  endfacet
  facet normal 0 0 -1
    outer loop
      vertex -42.0784685830782 29.314117770716653 2.82
      vertex -42.67431578064991 30.9 2.82
      vertex -41.94446939613332 29.413498340914327 2.82
    endloop
  endfacet
  facet normal 0 0 -1
    outer loop
      vertex -41.94446939613332 29.413498340914327 2.82
      vertex -42.67431578064991 30.9 2.82
      vertex -41.80137445260419 29.499266149392202 2.82
    endloop
  endfacet
  facet normal 0 0 -1
    outer loop
      vertex -41.80137445260419 29.499266149392202 2.82
      vertex -42.67431578064991 30.9 2.82
      vertex -41.65056183502065 29.570595205269186 2.82
    endloop
  endfacet
  facet normal 0 0 -1
    outer loop
      vertex -41.65056183502065 29.570595205269186 2.82
      vertex -42.67431578064991 30.9 2.82
      vertex -41.493483951332585 29.626798570744754 2.82
    endloop
  endfacet
  facet normal 0 0 -1
    outer loop
      vertex -41.493483951332585 29.626798570744754 2.82
      vertex -42.67431578064991 30.9 2.82
      vertex -41.331653547427415 29.667334976685492 2.82
    endloop
  endfacet
  facet normal 0 0 -1
    outer loop
      vertex -39.429404794730814 28.650561835020653 2.82
      vertex -39.32568421935009 30.9 2.82
      vertex -39.373201429255246 28.493483951332585 2.82
    endloop
  endfacet
  facet normal 0 0 -1
    outer loop
      vertex -39.429404794730814 28.650561835020653 2.82
      vertex -39.500733850607794 28.801374452604197 2.82
      vertex -39.32568421935009 30.9 2.82
    endloop
  endfacet
  facet normal 0 0 -1
    outer loop
      vertex -41.331653547427415 29.667334976685492 2.82
      vertex -39.32568421935009 30.9 2.82
      vertex -41.16662913856025 29.691814035342734 2.82
    endloop
  endfacet
  facet normal 0 0 -1
    outer loop
      vertex -41.16662913856025 29.691814035342734 2.82
      vertex -39.32568421935009 30.9 2.82
      vertex -41 29.7 2.82
    endloop
  endfacet
  facet normal 0 0 -1
    outer loop
      vertex -41 29.7 2.82
      vertex -39.32568421935009 30.9 2.82
      vertex -40.83337086143975 29.691814035342734 2.82
    endloop
  endfacet
  facet normal 0 0 -1
    outer loop
      vertex -40.83337086143975 29.691814035342734 2.82
      vertex -39.32568421935009 30.9 2.82
      vertex -40.668346452572585 29.667334976685492 2.82
    endloop
  endfacet
  facet normal 0 0 -1
    outer loop
      vertex -40.668346452572585 29.667334976685492 2.82
      vertex -39.32568421935009 30.9 2.82
      vertex -40.506516048667415 29.626798570744754 2.82
    endloop
  endfacet
  facet normal 0 0 -1
    outer loop
      vertex -40.05553060386668 29.413498340914327 2.82
      vertex -39.32568421935009 30.9 2.82
      vertex -39.9215314169218 29.314117770716653 2.82
    endloop
  endfacet
  facet normal 0 0 -1
    outer loop
      vertex -40.05553060386668 29.413498340914327 2.82
      vertex -40.19862554739581 29.499266149392202 2.82
      vertex -39.32568421935009 30.9 2.82
    endloop
  endfacet
  facet normal 0 0 -1
    outer loop
      vertex -39.685882229283344 29.078468583078198 2.82
      vertex -39.79791847198287 29.202081528017132 2.82
      vertex -39.32568421935009 30.9 2.82
    endloop
  endfacet
  facet normal 0 0 -1
    outer loop
      vertex -39.500733850607794 28.801374452604197 2.82
      vertex -39.58650165908567 28.944469396133325 2.82
      vertex -39.32568421935009 30.9 2.82
    endloop
  endfacet
  facet normal 0 0 -1
    outer loop
      vertex -39.685882229283344 29.078468583078198 2.82
      vertex -39.32568421935009 30.9 2.82
      vertex -39.58650165908567 28.944469396133325 2.82
    endloop
  endfacet
  facet normal 0 0 -1
    outer loop
      vertex -39.79791847198287 29.202081528017132 2.82
      vertex -39.9215314169218 29.314117770716653 2.82
      vertex -39.32568421935009 30.9 2.82
    endloop
  endfacet
  facet normal 0 0 -1
    outer loop
      vertex -40.506516048667415 29.626798570744754 2.82
      vertex -39.32568421935009 30.9 2.82
      vertex -40.34943816497935 29.570595205269186 2.82
    endloop
  endfacet
  facet normal 0 0 -1
    outer loop
      vertex -40.34943816497935 29.570595205269186 2.82
      vertex -39.32568421935009 30.9 2.82
      vertex -40.19862554739581 29.499266149392202 2.82
    endloop
  endfacet
  facet normal 0 0 -1
    outer loop
      vertex -41.331653547427415 29.667334976685492 2.82
      vertex -42.67431578064991 30.9 2.82
      vertex -39.32568421935009 30.9 2.82
    endloop
  endfacet
  facet normal 0 0 -1
    outer loop
      vertex -39.30818596465726 27.833370861439747 2.82
      vertex -39.3 28 2.82
      vertex -37.65136843870017 28 2.82
    endloop
  endfacet
  facet normal 0 0 -1
    outer loop
      vertex -39.3 28 2.82
      vertex -39.30818596465726 28.166629138560253 2.82
      vertex -37.65136843870017 28 2.82
    endloop
  endfacet
  facet normal 0 0 -1
    outer loop
      vertex -39.30818596465726 28.166629138560253 2.82
      vertex -39.33266502331451 28.33165354742742 2.82
      vertex -37.65136843870017 28 2.82
    endloop
  endfacet
  facet normal 0 0 -1
    outer loop
      vertex -39.33266502331451 28.33165354742742 2.82
      vertex -39.32568421935009 30.9 2.82
      vertex -37.65136843870017 28 2.82
    endloop
  endfacet
  facet normal 0 0 -1
    outer loop
      vertex -39.33266502331451 28.33165354742742 2.82
      vertex -39.373201429255246 28.493483951332585 2.82
      vertex -39.32568421935009 30.9 2.82
    endloop
  endfacet
  facet normal 0.6715589577100644 0.7409511227600454 0
    outer loop
      vertex -84.9497474655509 -48.9497474655509 1.2
      vertex -84.44075299054384 -49.41107317060232 0
      vertex -84.9497474655509 -48.9497474655509 0
    endloop
  endfacet
  facet normal 0.8577286091820686 0.5141027455583117 0
    outer loop
      vertex -86.17344885319471 -47.299777157604694 1.2
      vertex -85.82028728723526 -47.88899163156748 0
      vertex -86.17344885319471 -47.299777157604694 0
    endloop
  endfacet
  facet normal 0.7409511227600454 0.6715589577100644 0
    outer loop
      vertex -85.41107317060232 -48.44075299054384 1.2
      vertex -84.9497474655509 -48.9497474655509 0
      vertex -85.41107317060232 -48.44075299054384 0
    endloop
  endfacet
  facet normal 0.8032075291568452 0.5956993076257147 0
    outer loop
      vertex -85.82028728723526 -47.88899163156748 1.2
      vertex -85.41107317060232 -48.44075299054384 0
      vertex -85.82028728723526 -47.88899163156748 0
    endloop
  endfacet
  facet normal 0.2429801778720331 0.9700312537033409 0
    outer loop
      vertex -82.03199274092913 -50.69858235120773 1.2
      vertex -81.36563225090504 -50.86549696326256 0
      vertex -82.03199274092913 -50.69858235120773 0
    endloop
  endfacet
  facet normal 0.1467304776527445 0.989176509490494 0
    outer loop
      vertex -81.36563225090504 -50.86549696326256 1.2
      vertex -80.6861199811101 -50.96629308909178 0
      vertex -81.36563225090504 -50.86549696326256 0
    endloop
  endfacet
  facet normal 0.04906767094724794 0.9987954563712295 0
    outer loop
      vertex -80.6861199811101 -50.96629308909178 1.2
      vertex -80 -51 0
      vertex -80.6861199811101 -50.96629308909178 0
    endloop
  endfacet
  facet normal 0.5141027455583117 0.8577286091820686 0
    outer loop
      vertex -83.88899163156748 -49.82028728723526 1.2
      vertex -83.2997771576047 -50.173448853194714 0
      vertex -83.88899163156748 -49.82028728723526 0
    endloop
  endfacet
  facet normal 0.42755509447720597 0.9039892926282852 0
    outer loop
      vertex -83.2997771576047 -50.173448853194714 1.2
      vertex -82.67878402769566 -50.46715673059225 0
      vertex -83.2997771576047 -50.173448853194714 0
    endloop
  endfacet
  facet normal 0.5956993076257147 0.8032075291568452 0
    outer loop
      vertex -84.44075299054384 -49.41107317060232 1.2
      vertex -83.88899163156748 -49.82028728723526 0
      vertex -84.44075299054384 -49.41107317060232 0
    endloop
  endfacet
  facet normal 0.33688985044218395 0.9415440662385606 0
    outer loop
      vertex -82.67878402769566 -50.46715673059225 1.2
      vertex -82.03199274092913 -50.69858235120773 0
      vertex -82.67878402769566 -50.46715673059225 0
    endloop
  endfacet
  facet normal 0.9039892926282852 0.42755509447720597 0
    outer loop
      vertex -86.46715673059225 -46.678784027695656 1.2
      vertex -86.17344885319471 -47.299777157604694 0
      vertex -86.46715673059225 -46.678784027695656 0
    endloop
  endfacet
  facet normal 0.9415440662385606 0.33688985044218395 0
    outer loop
      vertex -86.69858235120773 -46.03199274092913 1.2
      vertex -86.46715673059225 -46.678784027695656 0
      vertex -86.69858235120773 -46.03199274092913 0
    endloop
  endfacet
  facet normal 0.9700312537033409 0.2429801778720331 0
    outer loop
      vertex -86.86549696326256 -45.36563225090504 1.2
      vertex -86.69858235120773 -46.03199274092913 0
      vertex -86.86549696326256 -45.36563225090504 0
    endloop
  endfacet
  facet normal 0.989176509490494 0.1467304776527445 0
    outer loop
      vertex -86.96629308909178 -44.686119981110096 1.2
      vertex -86.86549696326256 -45.36563225090504 0
      vertex -86.96629308909178 -44.686119981110096 0
    endloop
  endfacet
  facet normal 0.9987954563712295 0.04906767094724794 0
    outer loop
      vertex -87 -44 1.2
      vertex -86.96629308909178 -44.686119981110096 0
      vertex -87 -44 0
    endloop
  endfacet
  facet normal 0.6715589577100644 0.7409511227600454 0
    outer loop
      vertex -84.44075299054384 -49.41107317060232 1.2
      vertex -84.44075299054384 -49.41107317060232 0
      vertex -84.9497474655509 -48.9497474655509 1.2
    endloop
  endfacet
  facet normal 0.8577286091820686 0.5141027455583117 0
    outer loop
      vertex -85.82028728723526 -47.88899163156748 1.2
      vertex -85.82028728723526 -47.88899163156748 0
      vertex -86.17344885319471 -47.299777157604694 1.2
    endloop
  endfacet
  facet normal 0.7409511227600454 0.6715589577100644 0
    outer loop
      vertex -84.9497474655509 -48.9497474655509 1.2
      vertex -84.9497474655509 -48.9497474655509 0
      vertex -85.41107317060232 -48.44075299054384 1.2
    endloop
  endfacet
  facet normal 0.8032075291568452 0.5956993076257147 0
    outer loop
      vertex -85.82028728723526 -47.88899163156748 1.2
      vertex -85.41107317060232 -48.44075299054384 1.2
      vertex -85.41107317060232 -48.44075299054384 0
    endloop
  endfacet
  facet normal 0.2429801778720331 0.9700312537033409 0
    outer loop
      vertex -82.03199274092913 -50.69858235120773 1.2
      vertex -81.36563225090504 -50.86549696326256 1.2
      vertex -81.36563225090504 -50.86549696326256 0
    endloop
  endfacet
  facet normal 0.1467304776527445 0.989176509490494 0
    outer loop
      vertex -81.36563225090504 -50.86549696326256 1.2
      vertex -80.6861199811101 -50.96629308909178 1.2
      vertex -80.6861199811101 -50.96629308909178 0
    endloop
  endfacet
  facet normal 0.04906767094724794 0.9987954563712295 0
    outer loop
      vertex -80.6861199811101 -50.96629308909178 1.2
      vertex -80 -51 1.2
      vertex -80 -51 0
    endloop
  endfacet
  facet normal 0.5141027455583117 0.8577286091820686 0
    outer loop
      vertex -83.88899163156748 -49.82028728723526 1.2
      vertex -83.2997771576047 -50.173448853194714 1.2
      vertex -83.2997771576047 -50.173448853194714 0
    endloop
  endfacet
  facet normal 0.5956993076257147 0.8032075291568452 0
    outer loop
      vertex -84.44075299054384 -49.41107317060232 1.2
      vertex -83.88899163156748 -49.82028728723526 1.2
      vertex -83.88899163156748 -49.82028728723526 0
    endloop
  endfacet
  facet normal 0.42755509447720597 0.9039892926282852 0
    outer loop
      vertex -83.2997771576047 -50.173448853194714 1.2
      vertex -82.67878402769566 -50.46715673059225 1.2
      vertex -82.67878402769566 -50.46715673059225 0
    endloop
  endfacet
  facet normal 0.33688985044218395 0.9415440662385606 0
    outer loop
      vertex -82.67878402769566 -50.46715673059225 1.2
      vertex -82.03199274092913 -50.69858235120773 1.2
      vertex -82.03199274092913 -50.69858235120773 0
    endloop
  endfacet
  facet normal 0 0 -1
    outer loop
      vertex -85.82028728723526 -47.88899163156748 1.2
      vertex -86.17344885319471 -47.299777157604694 1.2
      vertex -83.86505226790905 -47.171966418623924 1.2
    endloop
  endfacet
  facet normal 0 0 -1
    outer loop
      vertex -85.82028728723526 -47.88899163156748 1.2
      vertex -83.17196641862392 -47.86505226790905 1.2
      vertex -85.41107317060232 -48.44075299054384 1.2
    endloop
  endfacet
  facet normal 0 0 -1
    outer loop
      vertex -85.82028728723526 -47.88899163156748 1.2
      vertex -83.86505226790905 -47.171966418623924 1.2
      vertex -83.5355339050293 -47.5355339050293 1.2
    endloop
  endfacet
  facet normal 0 0 -1
    outer loop
      vertex -84.44075299054384 -49.41107317060232 1.2
      vertex -84.9497474655509 -48.9497474655509 1.2
      vertex -80.97545161098242 -48.9039264023304 1.2
    endloop
  endfacet
  facet normal 0 0 -1
    outer loop
      vertex -84.44075299054384 -49.41107317060232 1.2
      vertex -80 -49 1.2
      vertex -83.88899163156748 -49.82028728723526 1.2
    endloop
  endfacet
  facet normal 0 0 -1
    outer loop
      vertex -83.88899163156748 -49.82028728723526 1.2
      vertex -80 -49 1.2
      vertex -83.2997771576047 -50.173448853194714 1.2
    endloop
  endfacet
  facet normal 0 0 -1
    outer loop
      vertex -84.44075299054384 -49.41107317060232 1.2
      vertex -80.97545161098242 -48.9039264023304 1.2
      vertex -80.49008569866419 -48.975923635065556 1.2
    endloop
  endfacet
  facet normal 0 0 -1
    outer loop
      vertex -84.44075299054384 -49.41107317060232 1.2
      vertex -80.49008569866419 -48.975923635065556 1.2
      vertex -80 -49 1.2
    endloop
  endfacet
  facet normal 0 0 -1
    outer loop
      vertex -84.9497474655509 -48.9497474655509 1.2
      vertex -85.41107317060232 -48.44075299054384 1.2
      vertex -82.35698368400335 -48.40960632264614 1.2
    endloop
  endfacet
  facet normal 0 0 -1
    outer loop
      vertex -85.41107317060232 -48.44075299054384 1.2
      vertex -83.17196641862392 -47.86505226790905 1.2
      vertex -82.77785116434097 -48.157348059117794 1.2
    endloop
  endfacet
  facet normal 0 0 -1
    outer loop
      vertex -84.9497474655509 -48.9497474655509 1.2
      vertex -82.35698368400335 -48.40960632264614 1.2
      vertex -81.91341716051102 -48.61939766258001 1.2
    endloop
  endfacet
  facet normal 0 0 -1
    outer loop
      vertex -85.41107317060232 -48.44075299054384 1.2
      vertex -82.77785116434097 -48.157348059117794 1.2
      vertex -82.35698368400335 -48.40960632264614 1.2
    endloop
  endfacet
  facet normal 0 0 -1
    outer loop
      vertex -85.82028728723526 -47.88899163156748 1.2
      vertex -83.5355339050293 -47.5355339050293 1.2
      vertex -83.17196641862392 -47.86505226790905 1.2
    endloop
  endfacet
  facet normal 0 0 -1
    outer loop
      vertex -84.9497474655509 -48.9497474655509 1.2
      vertex -81.91341716051102 -48.61939766258001 1.2
      vertex -81.45142338424921 -48.78470167517662 1.2
    endloop
  endfacet
  facet normal 0 0 -1
    outer loop
      vertex -84.9497474655509 -48.9497474655509 1.2
      vertex -81.45142338424921 -48.78470167517662 1.2
      vertex -80.97545161098242 -48.9039264023304 1.2
    endloop
  endfacet
  facet normal 0.9415440662385606 0.33688985044218395 0
    outer loop
      vertex -86.46715673059225 -46.678784027695656 1.2
      vertex -86.46715673059225 -46.678784027695656 0
      vertex -86.69858235120773 -46.03199274092913 1.2
    endloop
  endfacet
  facet normal 0.9039892926282852 0.42755509447720597 0
    outer loop
      vertex -86.17344885319471 -47.299777157604694 1.2
      vertex -86.17344885319471 -47.299777157604694 0
      vertex -86.46715673059225 -46.678784027695656 1.2
    endloop
  endfacet
  facet normal 0.9700312537033409 0.2429801778720331 0
    outer loop
      vertex -86.69858235120773 -46.03199274092913 1.2
      vertex -86.69858235120773 -46.03199274092913 0
      vertex -86.86549696326256 -45.36563225090504 1.2
    endloop
  endfacet
  facet normal 0.989176509490494 0.1467304776527445 0
    outer loop
      vertex -86.86549696326256 -45.36563225090504 1.2
      vertex -86.86549696326256 -45.36563225090504 0
      vertex -86.96629308909178 -44.686119981110096 1.2
    endloop
  endfacet
  facet normal 0.9987954563712295 0.04906767094724794 0
    outer loop
      vertex -86.96629308909178 -44.686119981110096 1.2
      vertex -86.96629308909178 -44.686119981110096 0
      vertex -87 -44 1.2
    endloop
  endfacet
  facet normal 0 0 -1
    outer loop
      vertex -86.46715673059225 -46.678784027695656 1.2
      vertex -86.69858235120773 -46.03199274092913 1.2
      vertex -84.61939766258001 -45.91341716051102 1.2
    endloop
  endfacet
  facet normal 0 0 -1
    outer loop
      vertex -86.17344885319471 -47.299777157604694 1.2
      vertex -86.46715673059225 -46.678784027695656 1.2
      vertex -84.40960632264614 -46.35698368400335 1.2
    endloop
  endfacet
  facet normal 0 0 -1
    outer loop
      vertex -86.17344885319471 -47.299777157604694 1.2
      vertex -84.1573480591178 -46.77785116434097 1.2
      vertex -83.86505226790905 -47.171966418623924 1.2
    endloop
  endfacet
  facet normal 0 0 -1
    outer loop
      vertex -86.17344885319471 -47.299777157604694 1.2
      vertex -84.40960632264614 -46.35698368400335 1.2
      vertex -84.1573480591178 -46.77785116434097 1.2
    endloop
  endfacet
  facet normal 0 0 -1
    outer loop
      vertex -86.46715673059225 -46.678784027695656 1.2
      vertex -84.61939766258001 -45.91341716051102 1.2
      vertex -84.40960632264614 -46.35698368400335 1.2
    endloop
  endfacet
  facet normal 0 0 -1
    outer loop
      vertex -86.69858235120773 -46.03199274092913 1.2
      vertex -84.78470167517662 -45.45142338424921 1.2
      vertex -84.61939766258001 -45.91341716051102 1.2
    endloop
  endfacet
  facet normal 0 0 -1
    outer loop
      vertex -86.69858235120773 -46.03199274092913 1.2
      vertex -86.86549696326256 -45.36563225090504 1.2
      vertex -84.9039264023304 -44.97545161098242 1.2
    endloop
  endfacet
  facet normal 0 0 -1
    outer loop
      vertex -86.86549696326256 -45.36563225090504 1.2
      vertex -86.96629308909178 -44.686119981110096 1.2
      vertex -85 -44 1.2
    endloop
  endfacet
  facet normal 0 0 -1
    outer loop
      vertex -86.69858235120773 -46.03199274092913 1.2
      vertex -84.9039264023304 -44.97545161098242 1.2
      vertex -84.78470167517662 -45.45142338424921 1.2
    endloop
  endfacet
  facet normal 0 0 -1
    outer loop
      vertex -86.86549696326256 -45.36563225090504 1.2
      vertex -84.97592363506556 -44.49008569866419 1.2
      vertex -84.9039264023304 -44.97545161098242 1.2
    endloop
  endfacet
  facet normal 0 0 -1
    outer loop
      vertex -86.86549696326256 -45.36563225090504 1.2
      vertex -85 -44 1.2
      vertex -84.97592363506556 -44.49008569866419 1.2
    endloop
  endfacet
  facet normal 1 0 0
    outer loop
      vertex -87 -44 1.2
      vertex -87 -44 0
      vertex -87 44 1.2
    endloop
  endfacet
  facet normal 0 0 -1
    outer loop
      vertex -86.96629308909178 -44.686119981110096 1.2
      vertex -87 -44 1.2
      vertex -85 44 1.2
    endloop
  endfacet
  facet normal 0 0 -1
    outer loop
      vertex -86.96629308909178 -44.686119981110096 1.2
      vertex -85 44 1.2
      vertex -85 -44 1.2
    endloop
  endfacet
  facet normal 0 1 0
    outer loop
      vertex -80 -51 1.2
      vertex 80 -51 0
      vertex -80 -51 0
    endloop
  endfacet
  facet normal 0 0 -1
    outer loop
      vertex -81.36563225090504 -50.86549696326256 1.2
      vertex 82.67878402769566 -50.46715673059225 1.2
      vertex -80.6861199811101 -50.96629308909178 1.2
    endloop
  endfacet
  facet normal 0 0 -1
    outer loop
      vertex -80.6861199811101 -50.96629308909178 1.2
      vertex 82.03199274092913 -50.69858235120773 1.2
      vertex -80 -51 1.2
    endloop
  endfacet
  facet normal 0 0 -1
    outer loop
      vertex -82.67878402769566 -50.46715673059225 1.2
      vertex 83.88899163156748 -49.82028728723526 1.2
      vertex -82.03199274092913 -50.69858235120773 1.2
    endloop
  endfacet
  facet normal 0 0 -1
    outer loop
      vertex -83.2997771576047 -50.173448853194714 1.2
      vertex 84.44075299054384 -49.41107317060232 1.2
      vertex -82.67878402769566 -50.46715673059225 1.2
    endloop
  endfacet
  facet normal 0 0 -1
    outer loop
      vertex -82.03199274092913 -50.69858235120773 1.2
      vertex 83.2997771576047 -50.173448853194714 1.2
      vertex -81.36563225090504 -50.86549696326256 1.2
    endloop
  endfacet
  facet normal 0 0 -1
    outer loop
      vertex -83.2997771576047 -50.173448853194714 1.2
      vertex -80 -49 1.2
      vertex 84.44075299054384 -49.41107317060232 1.2
    endloop
  endfacet
  facet normal 1 0 0
    outer loop
      vertex -87 44 1.2
      vertex -87 -44 0
      vertex -87 44 0
    endloop
  endfacet
  facet normal 0 0 -1
    outer loop
      vertex -87 -44 1.2
      vertex -87 44 1.2
      vertex -85 44 1.2
    endloop
  endfacet
  facet normal 0.9987954563712295 -0.04906767094724794 0
    outer loop
      vertex -86.96629308909178 44.686119981110096 1.2
      vertex -87 44 0
      vertex -86.96629308909178 44.686119981110096 0
    endloop
  endfacet
  facet normal 0.989176509490494 -0.1467304776527445 0
    outer loop
      vertex -86.86549696326256 45.36563225090504 1.2
      vertex -86.96629308909178 44.686119981110096 0
      vertex -86.86549696326256 45.36563225090504 0
    endloop
  endfacet
  facet normal 0.9700312537033409 -0.2429801778720331 0
    outer loop
      vertex -86.69858235120773 46.03199274092913 1.2
      vertex -86.86549696326256 45.36563225090504 0
      vertex -86.69858235120773 46.03199274092913 0
    endloop
  endfacet
  facet normal 0.9415440662385606 -0.33688985044218395 0
    outer loop
      vertex -86.46715673059225 46.678784027695656 1.2
      vertex -86.69858235120773 46.03199274092913 0
      vertex -86.46715673059225 46.678784027695656 0
    endloop
  endfacet
  facet normal 0.9039892926282852 -0.42755509447720597 0
    outer loop
      vertex -86.17344885319471 47.299777157604694 1.2
      vertex -86.46715673059225 46.678784027695656 0
      vertex -86.17344885319471 47.299777157604694 0
    endloop
  endfacet
  facet normal 0.8577286091820686 -0.5141027455583117 0
    outer loop
      vertex -85.82028728723526 47.88899163156748 1.2
      vertex -86.17344885319471 47.299777157604694 0
      vertex -85.82028728723526 47.88899163156748 0
    endloop
  endfacet
  facet normal 0.8032075291568452 -0.5956993076257147 0
    outer loop
      vertex -85.41107317060232 48.44075299054384 1.2
      vertex -85.82028728723526 47.88899163156748 0
      vertex -85.41107317060232 48.44075299054384 0
    endloop
  endfacet
  facet normal 0.7409511227600454 -0.6715589577100644 0
    outer loop
      vertex -84.9497474655509 48.9497474655509 1.2
      vertex -85.41107317060232 48.44075299054384 0
      vertex -84.9497474655509 48.9497474655509 0
    endloop
  endfacet
  facet normal 0.6715589577100644 -0.7409511227600454 0
    outer loop
      vertex -84.44075299054384 49.41107317060232 1.2
      vertex -84.9497474655509 48.9497474655509 0
      vertex -84.44075299054384 49.41107317060232 0
    endloop
  endfacet
  facet normal 0.5956993076257147 -0.8032075291568452 0
    outer loop
      vertex -83.88899163156748 49.82028728723526 1.2
      vertex -84.44075299054384 49.41107317060232 0
      vertex -83.88899163156748 49.82028728723526 0
    endloop
  endfacet
  facet normal 0.5141027455583117 -0.8577286091820686 0
    outer loop
      vertex -83.2997771576047 50.173448853194714 1.2
      vertex -83.88899163156748 49.82028728723526 0
      vertex -83.2997771576047 50.173448853194714 0
    endloop
  endfacet
  facet normal 0.42755509447720597 -0.9039892926282852 0
    outer loop
      vertex -82.67878402769566 50.46715673059225 1.2
      vertex -83.2997771576047 50.173448853194714 0
      vertex -82.67878402769566 50.46715673059225 0
    endloop
  endfacet
  facet normal 0.33688985044218395 -0.9415440662385606 0
    outer loop
      vertex -82.03199274092913 50.69858235120773 1.2
      vertex -82.67878402769566 50.46715673059225 0
      vertex -82.03199274092913 50.69858235120773 0
    endloop
  endfacet
  facet normal 0.2429801778720331 -0.9700312537033409 0
    outer loop
      vertex -81.36563225090504 50.86549696326256 1.2
      vertex -82.03199274092913 50.69858235120773 0
      vertex -81.36563225090504 50.86549696326256 0
    endloop
  endfacet
  facet normal 0.1467304776527445 -0.989176509490494 0
    outer loop
      vertex -80.6861199811101 50.96629308909178 1.2
      vertex -81.36563225090504 50.86549696326256 0
      vertex -80.6861199811101 50.96629308909178 0
    endloop
  endfacet
  facet normal 0.04906767094724794 -0.9987954563712295 0
    outer loop
      vertex -80 51 1.2
      vertex -80.6861199811101 50.96629308909178 0
      vertex -80 51 0
    endloop
  endfacet
  facet normal 0.9987954563712295 -0.04906767094724794 0
    outer loop
      vertex -87 44 1.2
      vertex -87 44 0
      vertex -86.96629308909178 44.686119981110096 1.2
    endloop
  endfacet
  facet normal 0.989176509490494 -0.1467304776527445 0
    outer loop
      vertex -86.96629308909178 44.686119981110096 1.2
      vertex -86.96629308909178 44.686119981110096 0
      vertex -86.86549696326256 45.36563225090504 1.2
    endloop
  endfacet
  facet normal 0.9700312537033409 -0.2429801778720331 0
    outer loop
      vertex -86.86549696326256 45.36563225090504 1.2
      vertex -86.86549696326256 45.36563225090504 0
      vertex -86.69858235120773 46.03199274092913 1.2
    endloop
  endfacet
  facet normal 0.9415440662385606 -0.33688985044218395 0
    outer loop
      vertex -86.69858235120773 46.03199274092913 1.2
      vertex -86.69858235120773 46.03199274092913 0
      vertex -86.46715673059225 46.678784027695656 1.2
    endloop
  endfacet
  facet normal 0.9039892926282852 -0.42755509447720597 0
    outer loop
      vertex -86.46715673059225 46.678784027695656 1.2
      vertex -86.46715673059225 46.678784027695656 0
      vertex -86.17344885319471 47.299777157604694 1.2
    endloop
  endfacet
  facet normal 0 0 -1
    outer loop
      vertex -87 44 1.2
      vertex -86.96629308909178 44.686119981110096 1.2
      vertex -84.97592363506556 44.49008569866419 1.2
    endloop
  endfacet
  facet normal 0 0 -1
    outer loop
      vertex -86.96629308909178 44.686119981110096 1.2
      vertex -86.86549696326256 45.36563225090504 1.2
      vertex -84.9039264023304 44.97545161098242 1.2
    endloop
  endfacet
  facet normal 0 0 -1
    outer loop
      vertex -87 44 1.2
      vertex -84.97592363506556 44.49008569866419 1.2
      vertex -85 44 1.2
    endloop
  endfacet
  facet normal 0 0 -1
    outer loop
      vertex -84.97592363506556 44.49008569866419 1.2
      vertex -86.96629308909178 44.686119981110096 1.2
      vertex -84.9039264023304 44.97545161098242 1.2
    endloop
  endfacet
  facet normal 0 0 -1
    outer loop
      vertex -86.86549696326256 45.36563225090504 1.2
      vertex -84.78470167517662 45.45142338424921 1.2
      vertex -84.9039264023304 44.97545161098242 1.2
    endloop
  endfacet
  facet normal 0 0 -1
    outer loop
      vertex -86.86549696326256 45.36563225090504 1.2
      vertex -86.69858235120773 46.03199274092913 1.2
      vertex -84.78470167517662 45.45142338424921 1.2
    endloop
  endfacet
  facet normal 0 0 -1
    outer loop
      vertex -86.69858235120773 46.03199274092913 1.2
      vertex -86.46715673059225 46.678784027695656 1.2
      vertex -84.40960632264614 46.35698368400335 1.2
    endloop
  endfacet
  facet normal 0 0 -1
    outer loop
      vertex -86.69858235120773 46.03199274092913 1.2
      vertex -84.61939766258001 45.91341716051102 1.2
      vertex -84.78470167517662 45.45142338424921 1.2
    endloop
  endfacet
  facet normal 0 0 -1
    outer loop
      vertex -86.69858235120773 46.03199274092913 1.2
      vertex -84.40960632264614 46.35698368400335 1.2
      vertex -84.61939766258001 45.91341716051102 1.2
    endloop
  endfacet
  facet normal 0 0 -1
    outer loop
      vertex -86.46715673059225 46.678784027695656 1.2
      vertex -86.17344885319471 47.299777157604694 1.2
      vertex -84.1573480591178 46.77785116434097 1.2
    endloop
  endfacet
  facet normal 0 0 -1
    outer loop
      vertex -86.46715673059225 46.678784027695656 1.2
      vertex -84.1573480591178 46.77785116434097 1.2
      vertex -84.40960632264614 46.35698368400335 1.2
    endloop
  endfacet
  facet normal 0 0 -1
    outer loop
      vertex -86.17344885319471 47.299777157604694 1.2
      vertex -83.86505226790905 47.171966418623924 1.2
      vertex -84.1573480591178 46.77785116434097 1.2
    endloop
  endfacet
  facet normal 0.8577286091820686 -0.5141027455583117 0
    outer loop
      vertex -86.17344885319471 47.299777157604694 1.2
      vertex -86.17344885319471 47.299777157604694 0
      vertex -85.82028728723526 47.88899163156748 1.2
    endloop
  endfacet
  facet normal 0.8032075291568452 -0.5956993076257147 0
    outer loop
      vertex -85.82028728723526 47.88899163156748 1.2
      vertex -85.82028728723526 47.88899163156748 0
      vertex -85.41107317060232 48.44075299054384 1.2
    endloop
  endfacet
  facet normal 0.7409511227600454 -0.6715589577100644 0
    outer loop
      vertex -85.41107317060232 48.44075299054384 1.2
      vertex -85.41107317060232 48.44075299054384 0
      vertex -84.9497474655509 48.9497474655509 1.2
    endloop
  endfacet
  facet normal 0.6715589577100644 -0.7409511227600454 0
    outer loop
      vertex -84.9497474655509 48.9497474655509 1.2
      vertex -84.9497474655509 48.9497474655509 0
      vertex -84.44075299054384 49.41107317060232 1.2
    endloop
  endfacet
  facet normal 0.5956993076257147 -0.8032075291568452 0
    outer loop
      vertex -84.44075299054384 49.41107317060232 1.2
      vertex -84.44075299054384 49.41107317060232 0
      vertex -83.88899163156748 49.82028728723526 1.2
    endloop
  endfacet
  facet normal 0.5141027455583117 -0.8577286091820686 0
    outer loop
      vertex -83.88899163156748 49.82028728723526 1.2
      vertex -83.88899163156748 49.82028728723526 0
      vertex -83.2997771576047 50.173448853194714 1.2
    endloop
  endfacet
  facet normal 0.42755509447720597 -0.9039892926282852 0
    outer loop
      vertex -83.2997771576047 50.173448853194714 1.2
      vertex -83.2997771576047 50.173448853194714 0
      vertex -82.67878402769566 50.46715673059225 1.2
    endloop
  endfacet
  facet normal 0.33688985044218395 -0.9415440662385606 0
    outer loop
      vertex -82.67878402769566 50.46715673059225 1.2
      vertex -82.67878402769566 50.46715673059225 0
      vertex -82.03199274092913 50.69858235120773 1.2
    endloop
  endfacet
  facet normal 0.2429801778720331 -0.9700312537033409 0
    outer loop
      vertex -82.03199274092913 50.69858235120773 1.2
      vertex -82.03199274092913 50.69858235120773 0
      vertex -81.36563225090504 50.86549696326256 1.2
    endloop
  endfacet
  facet normal 0.1467304776527445 -0.989176509490494 0
    outer loop
      vertex -81.36563225090504 50.86549696326256 1.2
      vertex -81.36563225090504 50.86549696326256 0
      vertex -80.6861199811101 50.96629308909178 1.2
    endloop
  endfacet
  facet normal 0.04906767094724794 -0.9987954563712295 0
    outer loop
      vertex -80.6861199811101 50.96629308909178 1.2
      vertex -80.6861199811101 50.96629308909178 0
      vertex -80 51 1.2
    endloop
  endfacet
  facet normal 0 0 -1
    outer loop
      vertex -86.17344885319471 47.299777157604694 1.2
      vertex -85.82028728723526 47.88899163156748 1.2
      vertex -83.5355339050293 47.5355339050293 1.2
    endloop
  endfacet
  facet normal 0 0 -1
    outer loop
      vertex -86.17344885319471 47.299777157604694 1.2
      vertex -83.5355339050293 47.5355339050293 1.2
      vertex -83.86505226790905 47.171966418623924 1.2
    endloop
  endfacet
  facet normal 0 0 -1
    outer loop
      vertex -85.82028728723526 47.88899163156748 1.2
      vertex -85.41107317060232 48.44075299054384 1.2
      vertex -82.77785116434097 48.157348059117794 1.2
    endloop
  endfacet
  facet normal 0 0 -1
    outer loop
      vertex -83.5355339050293 47.5355339050293 1.2
      vertex -85.82028728723526 47.88899163156748 1.2
      vertex -83.17196641862392 47.86505226790905 1.2
    endloop
  endfacet
  facet normal 0 0 -1
    outer loop
      vertex -85.82028728723526 47.88899163156748 1.2
      vertex -82.77785116434097 48.157348059117794 1.2
      vertex -83.17196641862392 47.86505226790905 1.2
    endloop
  endfacet
  facet normal 0 0 -1
    outer loop
      vertex -85.41107317060232 48.44075299054384 1.2
      vertex -84.9497474655509 48.9497474655509 1.2
      vertex -81.91341716051102 48.61939766258001 1.2
    endloop
  endfacet
  facet normal 0 0 -1
    outer loop
      vertex -85.41107317060232 48.44075299054384 1.2
      vertex -82.35698368400335 48.40960632264614 1.2
      vertex -82.77785116434097 48.157348059117794 1.2
    endloop
  endfacet
  facet normal 0 0 -1
    outer loop
      vertex -85.41107317060232 48.44075299054384 1.2
      vertex -81.91341716051102 48.61939766258001 1.2
      vertex -82.35698368400335 48.40960632264614 1.2
    endloop
  endfacet
  facet normal 0 0 -1
    outer loop
      vertex -84.9497474655509 48.9497474655509 1.2
      vertex -81.45142338424921 48.78470167517662 1.2
      vertex -81.91341716051102 48.61939766258001 1.2
    endloop
  endfacet
  facet normal 0 0 -1
    outer loop
      vertex -84.9497474655509 48.9497474655509 1.2
      vertex -80.97545161098242 48.9039264023304 1.2
      vertex -81.45142338424921 48.78470167517662 1.2
    endloop
  endfacet
  facet normal 0 0 -1
    outer loop
      vertex -84.9497474655509 48.9497474655509 1.2
      vertex -84.44075299054384 49.41107317060232 1.2
      vertex -80 49 1.2
    endloop
  endfacet
  facet normal 0 0 -1
    outer loop
      vertex -84.9497474655509 48.9497474655509 1.2
      vertex -80.49008569866419 48.975923635065556 1.2
      vertex -80.97545161098242 48.9039264023304 1.2
    endloop
  endfacet
  facet normal 0 0 -1
    outer loop
      vertex -84.9497474655509 48.9497474655509 1.2
      vertex -80 49 1.2
      vertex -80.49008569866419 48.975923635065556 1.2
    endloop
  endfacet
  facet normal 0 0 -1
    outer loop
      vertex -81.36563225090504 50.86549696326256 1.2
      vertex -80.6861199811101 50.96629308909178 1.2
      vertex -80 51 1.2
    endloop
  endfacet
  facet normal 0 -1 0
    outer loop
      vertex -80 51 1.2
      vertex -80 51 0
      vertex 80 51 1.2
    endloop
  endfacet
  facet normal 0 0 -1
    outer loop
      vertex -84.44075299054384 49.41107317060232 1.2
      vertex 80 49 1.2
      vertex -80 49 1.2
    endloop
  endfacet
  facet normal 0 0 -1
    outer loop
      vertex -84.44075299054384 49.41107317060232 1.2
      vertex -83.88899163156748 49.82028728723526 1.2
      vertex 82.67878402769566 50.46715673059225 1.2
    endloop
  endfacet
  facet normal 0 0 -1
    outer loop
      vertex -83.88899163156748 49.82028728723526 1.2
      vertex -83.2997771576047 50.173448853194714 1.2
      vertex 82.03199274092913 50.69858235120773 1.2
    endloop
  endfacet
  facet normal 0 0 -1
    outer loop
      vertex -83.2997771576047 50.173448853194714 1.2
      vertex -82.67878402769566 50.46715673059225 1.2
      vertex 81.36563225090504 50.86549696326256 1.2
    endloop
  endfacet
  facet normal 0 0 -1
    outer loop
      vertex -82.67878402769566 50.46715673059225 1.2
      vertex -82.03199274092913 50.69858235120773 1.2
      vertex 80.6861199811101 50.96629308909178 1.2
    endloop
  endfacet
  facet normal 0 0 -1
    outer loop
      vertex -82.03199274092913 50.69858235120773 1.2
      vertex -81.36563225090504 50.86549696326256 1.2
      vertex 80 51 1.2
    endloop
  endfacet
  facet normal 0 0 -1
    outer loop
      vertex -81.36563225090504 50.86549696326256 1.2
      vertex -80 51 1.2
      vertex 80 51 1.2
    endloop
  endfacet
  facet normal 0 1 0
    outer loop
      vertex -80 -51 1.2
      vertex 80 -51 1.2
      vertex 80 -51 0
    endloop
  endfacet
  facet normal 0 0 -1
    outer loop
      vertex -80 -51 1.2
      vertex 81.36563225090504 -50.86549696326256 1.2
      vertex 80 -51 1.2
    endloop
  endfacet
  facet normal 0 0 -1
    outer loop
      vertex -80 -51 1.2
      vertex 82.03199274092913 -50.69858235120773 1.2
      vertex 81.36563225090504 -50.86549696326256 1.2
    endloop
  endfacet
  facet normal 0 0 -1
    outer loop
      vertex -80.6861199811101 -50.96629308909178 1.2
      vertex 82.67878402769566 -50.46715673059225 1.2
      vertex 82.03199274092913 -50.69858235120773 1.2
    endloop
  endfacet
  facet normal 0 0 -1
    outer loop
      vertex -81.36563225090504 -50.86549696326256 1.2
      vertex 83.2997771576047 -50.173448853194714 1.2
      vertex 82.67878402769566 -50.46715673059225 1.2
    endloop
  endfacet
  facet normal 0 0 -1
    outer loop
      vertex -82.03199274092913 -50.69858235120773 1.2
      vertex 83.88899163156748 -49.82028728723526 1.2
      vertex 83.2997771576047 -50.173448853194714 1.2
    endloop
  endfacet
  facet normal 0 0 -1
    outer loop
      vertex -82.67878402769566 -50.46715673059225 1.2
      vertex 84.44075299054384 -49.41107317060232 1.2
      vertex 83.88899163156748 -49.82028728723526 1.2
    endloop
  endfacet
  facet normal 0 0 -1
    outer loop
      vertex -80 -49 1.2
      vertex 80 -49 1.2
      vertex 84.44075299054384 -49.41107317060232 1.2
    endloop
  endfacet
  facet normal -0.04906767094724794 0.9987954563712295 0
    outer loop
      vertex 80 -51 1.2
      vertex 80.6861199811101 -50.96629308909178 0
      vertex 80 -51 0
    endloop
  endfacet
  facet normal -0.1467304776527445 0.989176509490494 0
    outer loop
      vertex 80.6861199811101 -50.96629308909178 1.2
      vertex 81.36563225090504 -50.86549696326256 0
      vertex 80.6861199811101 -50.96629308909178 0
    endloop
  endfacet
  facet normal -0.2429801778720331 0.9700312537033409 0
    outer loop
      vertex 81.36563225090504 -50.86549696326256 1.2
      vertex 82.03199274092913 -50.69858235120773 0
      vertex 81.36563225090504 -50.86549696326256 0
    endloop
  endfacet
  facet normal -0.33688985044218395 0.9415440662385606 0
    outer loop
      vertex 82.03199274092913 -50.69858235120773 1.2
      vertex 82.67878402769566 -50.46715673059225 0
      vertex 82.03199274092913 -50.69858235120773 0
    endloop
  endfacet
  facet normal -0.42755509447720597 0.9039892926282852 0
    outer loop
      vertex 82.67878402769566 -50.46715673059225 1.2
      vertex 83.2997771576047 -50.173448853194714 0
      vertex 82.67878402769566 -50.46715673059225 0
    endloop
  endfacet
  facet normal -0.5141027455583117 0.8577286091820686 0
    outer loop
      vertex 83.2997771576047 -50.173448853194714 1.2
      vertex 83.88899163156748 -49.82028728723526 0
      vertex 83.2997771576047 -50.173448853194714 0
    endloop
  endfacet
  facet normal -0.5956993076257147 0.8032075291568452 0
    outer loop
      vertex 83.88899163156748 -49.82028728723526 1.2
      vertex 84.44075299054384 -49.41107317060232 0
      vertex 83.88899163156748 -49.82028728723526 0
    endloop
  endfacet
  facet normal -0.6715589577100644 0.7409511227600454 0
    outer loop
      vertex 84.44075299054384 -49.41107317060232 1.2
      vertex 84.9497474655509 -48.9497474655509 0
      vertex 84.44075299054384 -49.41107317060232 0
    endloop
  endfacet
  facet normal -0.7409511227600454 0.6715589577100644 0
    outer loop
      vertex 84.9497474655509 -48.9497474655509 1.2
      vertex 85.41107317060232 -48.44075299054384 0
      vertex 84.9497474655509 -48.9497474655509 0
    endloop
  endfacet
  facet normal -0.8032075291568452 0.5956993076257147 0
    outer loop
      vertex 85.41107317060232 -48.44075299054384 1.2
      vertex 85.82028728723526 -47.88899163156748 0
      vertex 85.41107317060232 -48.44075299054384 0
    endloop
  endfacet
  facet normal -0.8577286091820686 0.5141027455583117 0
    outer loop
      vertex 85.82028728723526 -47.88899163156748 1.2
      vertex 86.17344885319471 -47.299777157604694 0
      vertex 85.82028728723526 -47.88899163156748 0
    endloop
  endfacet
  facet normal -0.9039892926282852 0.42755509447720597 0
    outer loop
      vertex 86.17344885319471 -47.299777157604694 1.2
      vertex 86.46715673059225 -46.678784027695656 0
      vertex 86.17344885319471 -47.299777157604694 0
    endloop
  endfacet
  facet normal -0.9415440662385606 0.33688985044218395 0
    outer loop
      vertex 86.46715673059225 -46.678784027695656 1.2
      vertex 86.69858235120773 -46.03199274092913 0
      vertex 86.46715673059225 -46.678784027695656 0
    endloop
  endfacet
  facet normal -0.9700312537033409 0.2429801778720331 0
    outer loop
      vertex 86.69858235120773 -46.03199274092913 1.2
      vertex 86.86549696326256 -45.36563225090504 0
      vertex 86.69858235120773 -46.03199274092913 0
    endloop
  endfacet
  facet normal -0.989176509490494 0.1467304776527445 0
    outer loop
      vertex 86.86549696326256 -45.36563225090504 1.2
      vertex 86.96629308909178 -44.686119981110096 0
      vertex 86.86549696326256 -45.36563225090504 0
    endloop
  endfacet
  facet normal -0.9987954563712295 0.04906767094724794 0
    outer loop
      vertex 86.96629308909178 -44.686119981110096 1.2
      vertex 87 -44 0
      vertex 86.96629308909178 -44.686119981110096 0
    endloop
  endfacet
  facet normal -0.04906767094724794 0.9987954563712295 0
    outer loop
      vertex 80 -51 1.2
      vertex 80.6861199811101 -50.96629308909178 1.2
      vertex 80.6861199811101 -50.96629308909178 0
    endloop
  endfacet
  facet normal -0.1467304776527445 0.989176509490494 0
    outer loop
      vertex 80.6861199811101 -50.96629308909178 1.2
      vertex 81.36563225090504 -50.86549696326256 1.2
      vertex 81.36563225090504 -50.86549696326256 0
    endloop
  endfacet
  facet normal -0.2429801778720331 0.9700312537033409 0
    outer loop
      vertex 81.36563225090504 -50.86549696326256 1.2
      vertex 82.03199274092913 -50.69858235120773 1.2
      vertex 82.03199274092913 -50.69858235120773 0
    endloop
  endfacet
  facet normal -0.33688985044218395 0.9415440662385606 0
    outer loop
      vertex 82.03199274092913 -50.69858235120773 1.2
      vertex 82.67878402769566 -50.46715673059225 1.2
      vertex 82.67878402769566 -50.46715673059225 0
    endloop
  endfacet
  facet normal -0.42755509447720597 0.9039892926282852 0
    outer loop
      vertex 82.67878402769566 -50.46715673059225 1.2
      vertex 83.2997771576047 -50.173448853194714 1.2
      vertex 83.2997771576047 -50.173448853194714 0
    endloop
  endfacet
  facet normal -0.5141027455583117 0.8577286091820686 0
    outer loop
      vertex 83.2997771576047 -50.173448853194714 1.2
      vertex 83.88899163156748 -49.82028728723526 1.2
      vertex 83.88899163156748 -49.82028728723526 0
    endloop
  endfacet
  facet normal -0.5956993076257147 0.8032075291568452 0
    outer loop
      vertex 83.88899163156748 -49.82028728723526 1.2
      vertex 84.44075299054384 -49.41107317060232 1.2
      vertex 84.44075299054384 -49.41107317060232 0
    endloop
  endfacet
  facet normal -0.6715589577100644 0.7409511227600454 0
    outer loop
      vertex 84.44075299054384 -49.41107317060232 1.2
      vertex 84.9497474655509 -48.9497474655509 1.2
      vertex 84.9497474655509 -48.9497474655509 0
    endloop
  endfacet
  facet normal -0.7409511227600454 0.6715589577100644 0
    outer loop
      vertex 84.9497474655509 -48.9497474655509 1.2
      vertex 85.41107317060232 -48.44075299054384 1.2
      vertex 85.41107317060232 -48.44075299054384 0
    endloop
  endfacet
  facet normal -0.8032075291568452 0.5956993076257147 0
    outer loop
      vertex 85.41107317060232 -48.44075299054384 1.2
      vertex 85.82028728723526 -47.88899163156748 1.2
      vertex 85.82028728723526 -47.88899163156748 0
    endloop
  endfacet
  facet normal -0.8577286091820686 0.5141027455583117 0
    outer loop
      vertex 85.82028728723526 -47.88899163156748 1.2
      vertex 86.17344885319471 -47.299777157604694 1.2
      vertex 86.17344885319471 -47.299777157604694 0
    endloop
  endfacet
  facet normal 0 0 -1
    outer loop
      vertex 80 -51 1.2
      vertex 81.36563225090504 -50.86549696326256 1.2
      vertex 80.6861199811101 -50.96629308909178 1.2
    endloop
  endfacet
  facet normal 0 0 -1
    outer loop
      vertex 80 -49 1.2
      vertex 80.49008569866419 -48.975923635065556 1.2
      vertex 84.9497474655509 -48.9497474655509 1.2
    endloop
  endfacet
  facet normal 0 0 -1
    outer loop
      vertex 80.49008569866419 -48.975923635065556 1.2
      vertex 80.97545161098242 -48.9039264023304 1.2
      vertex 84.9497474655509 -48.9497474655509 1.2
    endloop
  endfacet
  facet normal 0 0 -1
    outer loop
      vertex 80 -49 1.2
      vertex 84.9497474655509 -48.9497474655509 1.2
      vertex 84.44075299054384 -49.41107317060232 1.2
    endloop
  endfacet
  facet normal 0 0 -1
    outer loop
      vertex 80.97545161098242 -48.9039264023304 1.2
      vertex 81.45142338424921 -48.78470167517662 1.2
      vertex 84.9497474655509 -48.9497474655509 1.2
    endloop
  endfacet
  facet normal 0 0 -1
    outer loop
      vertex 81.45142338424921 -48.78470167517662 1.2
      vertex 81.91341716051102 -48.61939766258001 1.2
      vertex 84.9497474655509 -48.9497474655509 1.2
    endloop
  endfacet
  facet normal 0 0 -1
    outer loop
      vertex 81.91341716051102 -48.61939766258001 1.2
      vertex 82.35698368400335 -48.40960632264614 1.2
      vertex 85.41107317060232 -48.44075299054384 1.2
    endloop
  endfacet
  facet normal 0 0 -1
    outer loop
      vertex 82.35698368400335 -48.40960632264614 1.2
      vertex 82.77785116434097 -48.157348059117794 1.2
      vertex 85.41107317060232 -48.44075299054384 1.2
    endloop
  endfacet
  facet normal 0 0 -1
    outer loop
      vertex 81.91341716051102 -48.61939766258001 1.2
      vertex 85.41107317060232 -48.44075299054384 1.2
      vertex 84.9497474655509 -48.9497474655509 1.2
    endloop
  endfacet
  facet normal 0 0 -1
    outer loop
      vertex 82.77785116434097 -48.157348059117794 1.2
      vertex 83.17196641862392 -47.86505226790905 1.2
      vertex 85.82028728723526 -47.88899163156748 1.2
    endloop
  endfacet
  facet normal 0 0 -1
    outer loop
      vertex 83.17196641862392 -47.86505226790905 1.2
      vertex 83.5355339050293 -47.5355339050293 1.2
      vertex 85.82028728723526 -47.88899163156748 1.2
    endloop
  endfacet
  facet normal 0 0 -1
    outer loop
      vertex 82.77785116434097 -48.157348059117794 1.2
      vertex 85.82028728723526 -47.88899163156748 1.2
      vertex 85.41107317060232 -48.44075299054384 1.2
    endloop
  endfacet
  facet normal 0 0 -1
    outer loop
      vertex 83.5355339050293 -47.5355339050293 1.2
      vertex 83.86505226790905 -47.171966418623924 1.2
      vertex 86.17344885319471 -47.299777157604694 1.2
    endloop
  endfacet
  facet normal 0 0 -1
    outer loop
      vertex 85.82028728723526 -47.88899163156748 1.2
      vertex 83.5355339050293 -47.5355339050293 1.2
      vertex 86.17344885319471 -47.299777157604694 1.2
    endloop
  endfacet
  facet normal -0.9039892926282852 0.42755509447720597 0
    outer loop
      vertex 86.17344885319471 -47.299777157604694 1.2
      vertex 86.46715673059225 -46.678784027695656 1.2
      vertex 86.46715673059225 -46.678784027695656 0
    endloop
  endfacet
  facet normal -0.9415440662385606 0.33688985044218395 0
    outer loop
      vertex 86.46715673059225 -46.678784027695656 1.2
      vertex 86.69858235120773 -46.03199274092913 1.2
      vertex 86.69858235120773 -46.03199274092913 0
    endloop
  endfacet
  facet normal -0.9700312537033409 0.2429801778720331 0
    outer loop
      vertex 86.69858235120773 -46.03199274092913 1.2
      vertex 86.86549696326256 -45.36563225090504 1.2
      vertex 86.86549696326256 -45.36563225090504 0
    endloop
  endfacet
  facet normal -0.989176509490494 0.1467304776527445 0
    outer loop
      vertex 86.86549696326256 -45.36563225090504 1.2
      vertex 86.96629308909178 -44.686119981110096 1.2
      vertex 86.96629308909178 -44.686119981110096 0
    endloop
  endfacet
  facet normal -0.9987954563712295 0.04906767094724794 0
    outer loop
      vertex 86.96629308909178 -44.686119981110096 1.2
      vertex 87 -44 1.2
      vertex 87 -44 0
    endloop
  endfacet
  facet normal 0 0 -1
    outer loop
      vertex 83.86505226790905 -47.171966418623924 1.2
      vertex 84.1573480591178 -46.77785116434097 1.2
      vertex 86.17344885319471 -47.299777157604694 1.2
    endloop
  endfacet
  facet normal 0 0 -1
    outer loop
      vertex 84.1573480591178 -46.77785116434097 1.2
      vertex 84.40960632264614 -46.35698368400335 1.2
      vertex 86.46715673059225 -46.678784027695656 1.2
    endloop
  endfacet
  facet normal 0 0 -1
    outer loop
      vertex 84.1573480591178 -46.77785116434097 1.2
      vertex 86.46715673059225 -46.678784027695656 1.2
      vertex 86.17344885319471 -47.299777157604694 1.2
    endloop
  endfacet
  facet normal 0 0 -1
    outer loop
      vertex 84.40960632264614 -46.35698368400335 1.2
      vertex 84.61939766258001 -45.91341716051102 1.2
      vertex 86.69858235120773 -46.03199274092913 1.2
    endloop
  endfacet
  facet normal 0 0 -1
    outer loop
      vertex 84.61939766258001 -45.91341716051102 1.2
      vertex 84.78470167517662 -45.45142338424921 1.2
      vertex 86.69858235120773 -46.03199274092913 1.2
    endloop
  endfacet
  facet normal 0 0 -1
    outer loop
      vertex 84.40960632264614 -46.35698368400335 1.2
      vertex 86.69858235120773 -46.03199274092913 1.2
      vertex 86.46715673059225 -46.678784027695656 1.2
    endloop
  endfacet
  facet normal 0 0 -1
    outer loop
      vertex 84.78470167517662 -45.45142338424921 1.2
      vertex 86.86549696326256 -45.36563225090504 1.2
      vertex 86.69858235120773 -46.03199274092913 1.2
    endloop
  endfacet
  facet normal 0 0 -1
    outer loop
      vertex 84.78470167517662 -45.45142338424921 1.2
      vertex 84.9039264023304 -44.97545161098242 1.2
      vertex 86.86549696326256 -45.36563225090504 1.2
    endloop
  endfacet
  facet normal 0 0 -1
    outer loop
      vertex 84.9039264023304 -44.97545161098242 1.2
      vertex 84.97592363506556 -44.49008569866419 1.2
      vertex 86.96629308909178 -44.686119981110096 1.2
    endloop
  endfacet
  facet normal 0 0 -1
    outer loop
      vertex 84.97592363506556 -44.49008569866419 1.2
      vertex 85 -44 1.2
      vertex 87 -44 1.2
    endloop
  endfacet
  facet normal 0 0 -1
    outer loop
      vertex 84.9039264023304 -44.97545161098242 1.2
      vertex 86.96629308909178 -44.686119981110096 1.2
      vertex 86.86549696326256 -45.36563225090504 1.2
    endloop
  endfacet
  facet normal 0 0 -1
    outer loop
      vertex 86.96629308909178 -44.686119981110096 1.2
      vertex 84.97592363506556 -44.49008569866419 1.2
      vertex 87 -44 1.2
    endloop
  endfacet
  facet normal -1 0 0
    outer loop
      vertex 87 -44 1.2
      vertex 87 44 0
      vertex 87 -44 0
    endloop
  endfacet
  facet normal 0 0 -1
    outer loop
      vertex 85 -44 1.2
      vertex 87 44 1.2
      vertex 87 -44 1.2
    endloop
  endfacet
  facet normal 0 -1 0
    outer loop
      vertex 80 51 1.2
      vertex -80 51 0
      vertex 80 51 0
    endloop
  endfacet
  facet normal 0 0 -1
    outer loop
      vertex -84.44075299054384 49.41107317060232 1.2
      vertex 83.2997771576047 50.173448853194714 1.2
      vertex 80 49 1.2
    endloop
  endfacet
  facet normal 0 0 -1
    outer loop
      vertex -83.2997771576047 50.173448853194714 1.2
      vertex 81.36563225090504 50.86549696326256 1.2
      vertex 82.03199274092913 50.69858235120773 1.2
    endloop
  endfacet
  facet normal 0 0 -1
    outer loop
      vertex -84.44075299054384 49.41107317060232 1.2
      vertex 82.67878402769566 50.46715673059225 1.2
      vertex 83.2997771576047 50.173448853194714 1.2
    endloop
  endfacet
  facet normal 0 0 -1
    outer loop
      vertex -83.88899163156748 49.82028728723526 1.2
      vertex 82.03199274092913 50.69858235120773 1.2
      vertex 82.67878402769566 50.46715673059225 1.2
    endloop
  endfacet
  facet normal 0 0 -1
    outer loop
      vertex -82.03199274092913 50.69858235120773 1.2
      vertex 80 51 1.2
      vertex 80.6861199811101 50.96629308909178 1.2
    endloop
  endfacet
  facet normal 0 0 -1
    outer loop
      vertex -82.67878402769566 50.46715673059225 1.2
      vertex 80.6861199811101 50.96629308909178 1.2
      vertex 81.36563225090504 50.86549696326256 1.2
    endloop
  endfacet
  facet normal -1 0 0
    outer loop
      vertex 87 -44 1.2
      vertex 87 44 1.2
      vertex 87 44 0
    endloop
  endfacet
  facet normal 0 0 -1
    outer loop
      vertex 85 -44 1.2
      vertex 85 44 1.2
      vertex 86.96629308909178 44.686119981110096 1.2
    endloop
  endfacet
  facet normal 0 0 -1
    outer loop
      vertex 85 -44 1.2
      vertex 86.96629308909178 44.686119981110096 1.2
      vertex 87 44 1.2
    endloop
  endfacet
  facet normal -0.9987954563712295 -0.04906767094724794 0
    outer loop
      vertex 87 44 1.2
      vertex 86.96629308909178 44.686119981110096 0
      vertex 87 44 0
    endloop
  endfacet
  facet normal -0.989176509490494 -0.1467304776527445 0
    outer loop
      vertex 86.96629308909178 44.686119981110096 1.2
      vertex 86.86549696326256 45.36563225090504 0
      vertex 86.96629308909178 44.686119981110096 0
    endloop
  endfacet
  facet normal -0.9700312537033409 -0.2429801778720331 0
    outer loop
      vertex 86.86549696326256 45.36563225090504 1.2
      vertex 86.69858235120773 46.03199274092913 0
      vertex 86.86549696326256 45.36563225090504 0
    endloop
  endfacet
  facet normal -0.9415440662385606 -0.33688985044218395 0
    outer loop
      vertex 86.69858235120773 46.03199274092913 1.2
      vertex 86.46715673059225 46.678784027695656 0
      vertex 86.69858235120773 46.03199274092913 0
    endloop
  endfacet
  facet normal -0.9039892926282852 -0.42755509447720597 0
    outer loop
      vertex 86.46715673059225 46.678784027695656 1.2
      vertex 86.17344885319471 47.299777157604694 0
      vertex 86.46715673059225 46.678784027695656 0
    endloop
  endfacet
  facet normal -0.33688985044218395 -0.9415440662385606 0
    outer loop
      vertex 82.67878402769566 50.46715673059225 1.2
      vertex 82.03199274092913 50.69858235120773 0
      vertex 82.67878402769566 50.46715673059225 0
    endloop
  endfacet
  facet normal -0.5956993076257147 -0.8032075291568452 0
    outer loop
      vertex 84.44075299054384 49.41107317060232 1.2
      vertex 83.88899163156748 49.82028728723526 0
      vertex 84.44075299054384 49.41107317060232 0
    endloop
  endfacet
  facet normal -0.42755509447720597 -0.9039892926282852 0
    outer loop
      vertex 83.2997771576047 50.173448853194714 1.2
      vertex 82.67878402769566 50.46715673059225 0
      vertex 83.2997771576047 50.173448853194714 0
    endloop
  endfacet
  facet normal -0.5141027455583117 -0.8577286091820686 0
    outer loop
      vertex 83.88899163156748 49.82028728723526 1.2
      vertex 83.2997771576047 50.173448853194714 0
      vertex 83.88899163156748 49.82028728723526 0
    endloop
  endfacet
  facet normal -0.04906767094724794 -0.9987954563712295 0
    outer loop
      vertex 80.6861199811101 50.96629308909178 1.2
      vertex 80 51 0
      vertex 80.6861199811101 50.96629308909178 0
    endloop
  endfacet
  facet normal -0.1467304776527445 -0.989176509490494 0
    outer loop
      vertex 81.36563225090504 50.86549696326256 1.2
      vertex 80.6861199811101 50.96629308909178 0
      vertex 81.36563225090504 50.86549696326256 0
    endloop
  endfacet
  facet normal -0.2429801778720331 -0.9700312537033409 0
    outer loop
      vertex 82.03199274092913 50.69858235120773 1.2
      vertex 81.36563225090504 50.86549696326256 0
      vertex 82.03199274092913 50.69858235120773 0
    endloop
  endfacet
  facet normal -0.8032075291568452 -0.5956993076257147 0
    outer loop
      vertex 85.82028728723526 47.88899163156748 1.2
      vertex 85.41107317060232 48.44075299054384 0
      vertex 85.82028728723526 47.88899163156748 0
    endloop
  endfacet
  facet normal -0.7409511227600454 -0.6715589577100644 0
    outer loop
      vertex 85.41107317060232 48.44075299054384 1.2
      vertex 84.9497474655509 48.9497474655509 0
      vertex 85.41107317060232 48.44075299054384 0
    endloop
  endfacet
  facet normal -0.8577286091820686 -0.5141027455583117 0
    outer loop
      vertex 86.17344885319471 47.299777157604694 1.2
      vertex 85.82028728723526 47.88899163156748 0
      vertex 86.17344885319471 47.299777157604694 0
    endloop
  endfacet
  facet normal -0.6715589577100644 -0.7409511227600454 0
    outer loop
      vertex 84.9497474655509 48.9497474655509 1.2
      vertex 84.44075299054384 49.41107317060232 0
      vertex 84.9497474655509 48.9497474655509 0
    endloop
  endfacet
  facet normal -0.9987954563712295 -0.04906767094724794 0
    outer loop
      vertex 87 44 1.2
      vertex 86.96629308909178 44.686119981110096 1.2
      vertex 86.96629308909178 44.686119981110096 0
    endloop
  endfacet
  facet normal -0.989176509490494 -0.1467304776527445 0
    outer loop
      vertex 86.96629308909178 44.686119981110096 1.2
      vertex 86.86549696326256 45.36563225090504 1.2
      vertex 86.86549696326256 45.36563225090504 0
    endloop
  endfacet
  facet normal -0.9700312537033409 -0.2429801778720331 0
    outer loop
      vertex 86.86549696326256 45.36563225090504 1.2
      vertex 86.69858235120773 46.03199274092913 1.2
      vertex 86.69858235120773 46.03199274092913 0
    endloop
  endfacet
  facet normal -0.9039892926282852 -0.42755509447720597 0
    outer loop
      vertex 86.46715673059225 46.678784027695656 1.2
      vertex 86.17344885319471 47.299777157604694 1.2
      vertex 86.17344885319471 47.299777157604694 0
    endloop
  endfacet
  facet normal -0.9415440662385606 -0.33688985044218395 0
    outer loop
      vertex 86.69858235120773 46.03199274092913 1.2
      vertex 86.46715673059225 46.678784027695656 1.2
      vertex 86.46715673059225 46.678784027695656 0
    endloop
  endfacet
  facet normal 0 0 -1
    outer loop
      vertex 85 44 1.2
      vertex 84.97592363506556 44.49008569866419 1.2
      vertex 86.86549696326256 45.36563225090504 1.2
    endloop
  endfacet
  facet normal 0 0 -1
    outer loop
      vertex 84.97592363506556 44.49008569866419 1.2
      vertex 84.9039264023304 44.97545161098242 1.2
      vertex 86.86549696326256 45.36563225090504 1.2
    endloop
  endfacet
  facet normal 0 0 -1
    outer loop
      vertex 84.9039264023304 44.97545161098242 1.2
      vertex 84.78470167517662 45.45142338424921 1.2
      vertex 86.69858235120773 46.03199274092913 1.2
    endloop
  endfacet
  facet normal 0 0 -1
    outer loop
      vertex 85 44 1.2
      vertex 86.86549696326256 45.36563225090504 1.2
      vertex 86.96629308909178 44.686119981110096 1.2
    endloop
  endfacet
  facet normal 0 0 -1
    outer loop
      vertex 84.9039264023304 44.97545161098242 1.2
      vertex 86.69858235120773 46.03199274092913 1.2
      vertex 86.86549696326256 45.36563225090504 1.2
    endloop
  endfacet
  facet normal 0 0 -1
    outer loop
      vertex 84.78470167517662 45.45142338424921 1.2
      vertex 84.61939766258001 45.91341716051102 1.2
      vertex 86.69858235120773 46.03199274092913 1.2
    endloop
  endfacet
  facet normal 0 0 -1
    outer loop
      vertex 84.61939766258001 45.91341716051102 1.2
      vertex 84.40960632264614 46.35698368400335 1.2
      vertex 86.46715673059225 46.678784027695656 1.2
    endloop
  endfacet
  facet normal 0 0 -1
    outer loop
      vertex 84.1573480591178 46.77785116434097 1.2
      vertex 86.17344885319471 47.299777157604694 1.2
      vertex 84.40960632264614 46.35698368400335 1.2
    endloop
  endfacet
  facet normal 0 0 -1
    outer loop
      vertex 84.1573480591178 46.77785116434097 1.2
      vertex 83.86505226790905 47.171966418623924 1.2
      vertex 86.17344885319471 47.299777157604694 1.2
    endloop
  endfacet
  facet normal 0 0 -1
    outer loop
      vertex 84.40960632264614 46.35698368400335 1.2
      vertex 86.17344885319471 47.299777157604694 1.2
      vertex 86.46715673059225 46.678784027695656 1.2
    endloop
  endfacet
  facet normal 0 0 -1
    outer loop
      vertex 84.61939766258001 45.91341716051102 1.2
      vertex 86.46715673059225 46.678784027695656 1.2
      vertex 86.69858235120773 46.03199274092913 1.2
    endloop
  endfacet
  facet normal -0.33688985044218395 -0.9415440662385606 0
    outer loop
      vertex 82.03199274092913 50.69858235120773 1.2
      vertex 82.03199274092913 50.69858235120773 0
      vertex 82.67878402769566 50.46715673059225 1.2
    endloop
  endfacet
  facet normal -0.42755509447720597 -0.9039892926282852 0
    outer loop
      vertex 82.67878402769566 50.46715673059225 1.2
      vertex 82.67878402769566 50.46715673059225 0
      vertex 83.2997771576047 50.173448853194714 1.2
    endloop
  endfacet
  facet normal -0.5956993076257147 -0.8032075291568452 0
    outer loop
      vertex 83.88899163156748 49.82028728723526 1.2
      vertex 83.88899163156748 49.82028728723526 0
      vertex 84.44075299054384 49.41107317060232 1.2
    endloop
  endfacet
  facet normal -0.5141027455583117 -0.8577286091820686 0
    outer loop
      vertex 83.2997771576047 50.173448853194714 1.2
      vertex 83.2997771576047 50.173448853194714 0
      vertex 83.88899163156748 49.82028728723526 1.2
    endloop
  endfacet
  facet normal -0.04906767094724794 -0.9987954563712295 0
    outer loop
      vertex 80 51 1.2
      vertex 80 51 0
      vertex 80.6861199811101 50.96629308909178 1.2
    endloop
  endfacet
  facet normal -0.1467304776527445 -0.989176509490494 0
    outer loop
      vertex 80.6861199811101 50.96629308909178 1.2
      vertex 80.6861199811101 50.96629308909178 0
      vertex 81.36563225090504 50.86549696326256 1.2
    endloop
  endfacet
  facet normal -0.2429801778720331 -0.9700312537033409 0
    outer loop
      vertex 81.36563225090504 50.86549696326256 1.2
      vertex 81.36563225090504 50.86549696326256 0
      vertex 82.03199274092913 50.69858235120773 1.2
    endloop
  endfacet
  facet normal -0.8032075291568452 -0.5956993076257147 0
    outer loop
      vertex 85.41107317060232 48.44075299054384 1.2
      vertex 85.41107317060232 48.44075299054384 0
      vertex 85.82028728723526 47.88899163156748 1.2
    endloop
  endfacet
  facet normal -0.7409511227600454 -0.6715589577100644 0
    outer loop
      vertex 85.41107317060232 48.44075299054384 1.2
      vertex 84.9497474655509 48.9497474655509 1.2
      vertex 84.9497474655509 48.9497474655509 0
    endloop
  endfacet
  facet normal -0.8577286091820686 -0.5141027455583117 0
    outer loop
      vertex 86.17344885319471 47.299777157604694 1.2
      vertex 85.82028728723526 47.88899163156748 1.2
      vertex 85.82028728723526 47.88899163156748 0
    endloop
  endfacet
  facet normal -0.6715589577100644 -0.7409511227600454 0
    outer loop
      vertex 84.9497474655509 48.9497474655509 1.2
      vertex 84.44075299054384 49.41107317060232 1.2
      vertex 84.44075299054384 49.41107317060232 0
    endloop
  endfacet
  facet normal 0 0 -1
    outer loop
      vertex 80.97545161098242 48.9039264023304 1.2
      vertex 84.9497474655509 48.9497474655509 1.2
      vertex 81.45142338424921 48.78470167517662 1.2
    endloop
  endfacet
  facet normal 0 0 -1
    outer loop
      vertex 81.45142338424921 48.78470167517662 1.2
      vertex 84.9497474655509 48.9497474655509 1.2
      vertex 81.91341716051102 48.61939766258001 1.2
    endloop
  endfacet
  facet normal 0 0 -1
    outer loop
      vertex 83.5355339050293 47.5355339050293 1.2
      vertex 83.17196641862392 47.86505226790905 1.2
      vertex 85.82028728723526 47.88899163156748 1.2
    endloop
  endfacet
  facet normal 0 0 -1
    outer loop
      vertex 82.77785116434097 48.157348059117794 1.2
      vertex 82.35698368400335 48.40960632264614 1.2
      vertex 85.41107317060232 48.44075299054384 1.2
    endloop
  endfacet
  facet normal 0 0 -1
    outer loop
      vertex 82.35698368400335 48.40960632264614 1.2
      vertex 81.91341716051102 48.61939766258001 1.2
      vertex 84.9497474655509 48.9497474655509 1.2
    endloop
  endfacet
  facet normal 0 0 -1
    outer loop
      vertex 82.77785116434097 48.157348059117794 1.2
      vertex 85.41107317060232 48.44075299054384 1.2
      vertex 83.17196641862392 47.86505226790905 1.2
    endloop
  endfacet
  facet normal 0 0 -1
    outer loop
      vertex 82.35698368400335 48.40960632264614 1.2
      vertex 84.9497474655509 48.9497474655509 1.2
      vertex 85.41107317060232 48.44075299054384 1.2
    endloop
  endfacet
  facet normal 0 0 -1
    outer loop
      vertex 80 49 1.2
      vertex 84.44075299054384 49.41107317060232 1.2
      vertex 80.49008569866419 48.975923635065556 1.2
    endloop
  endfacet
  facet normal 0 0 -1
    outer loop
      vertex 80.49008569866419 48.975923635065556 1.2
      vertex 84.44075299054384 49.41107317060232 1.2
      vertex 80.97545161098242 48.9039264023304 1.2
    endloop
  endfacet
  facet normal 0 0 -1
    outer loop
      vertex 80 49 1.2
      vertex 83.2997771576047 50.173448853194714 1.2
      vertex 83.88899163156748 49.82028728723526 1.2
    endloop
  endfacet
  facet normal 0 0 -1
    outer loop
      vertex 80 49 1.2
      vertex 83.88899163156748 49.82028728723526 1.2
      vertex 84.44075299054384 49.41107317060232 1.2
    endloop
  endfacet
  facet normal 0 0 -1
    outer loop
      vertex 80.97545161098242 48.9039264023304 1.2
      vertex 84.44075299054384 49.41107317060232 1.2
      vertex 84.9497474655509 48.9497474655509 1.2
    endloop
  endfacet
  facet normal 0 0 -1
    outer loop
      vertex 83.5355339050293 47.5355339050293 1.2
      vertex 85.82028728723526 47.88899163156748 1.2
      vertex 83.86505226790905 47.171966418623924 1.2
    endloop
  endfacet
  facet normal 0 0 -1
    outer loop
      vertex 83.17196641862392 47.86505226790905 1.2
      vertex 85.41107317060232 48.44075299054384 1.2
      vertex 85.82028728723526 47.88899163156748 1.2
    endloop
  endfacet
  facet normal 0 0 -1
    outer loop
      vertex 83.86505226790905 47.171966418623924 1.2
      vertex 85.82028728723526 47.88899163156748 1.2
      vertex 86.17344885319471 47.299777157604694 1.2
    endloop
  endfacet
  facet normal -0.6715589557743871 -0.7409511245144411 0
    outer loop
      vertex -83.17196641862392 -47.86505226790905 1.2
      vertex -83.5355339050293 -47.5355339050293 0
      vertex -83.17196641862392 -47.86505226790905 0
    endloop
  endfacet
  facet normal -0.7409511245144411 -0.6715589557743871 0
    outer loop
      vertex -83.5355339050293 -47.5355339050293 1.2
      vertex -83.86505226790905 -47.171966418623924 0
      vertex -83.5355339050293 -47.5355339050293 0
    endloop
  endfacet
  facet normal -0.5141027497065688 -0.8577286066956991 0
    outer loop
      vertex -82.35698368400335 -48.40960632264614 1.2
      vertex -82.77785116434097 -48.157348059117794 0
      vertex -82.35698368400335 -48.40960632264614 0
    endloop
  endfacet
  facet normal -0.42755509102775247 -0.9039892942597553 0
    outer loop
      vertex -81.91341716051102 -48.61939766258001 1.2
      vertex -82.35698368400335 -48.40960632264614 0
      vertex -81.91341716051102 -48.61939766258001 0
    endloop
  endfacet
  facet normal -0.33688984659619614 -0.941544067614677 0
    outer loop
      vertex -81.45142338424921 -48.78470167517662 1.2
      vertex -81.91341716051102 -48.61939766258001 0
      vertex -81.45142338424921 -48.78470167517662 0
    endloop
  endfacet
  facet normal -0.5956993013048966 -0.8032075338446832 0
    outer loop
      vertex -82.77785116434097 -48.157348059117794 1.2
      vertex -83.17196641862392 -47.86505226790905 0
      vertex -82.77785116434097 -48.157348059117794 0
    endloop
  endfacet
  facet normal -0.14673047607854153 -0.989176509724005 0
    outer loop
      vertex -80.49008569866419 -48.975923635065556 1.2
      vertex -80.97545161098242 -48.9039264023304 0
      vertex -80.49008569866419 -48.975923635065556 0
    endloop
  endfacet
  facet normal -0.049067671159865246 -0.9987954563607843 0
    outer loop
      vertex -80 -49 1.2
      vertex -80.49008569866419 -48.975923635065556 0
      vertex -80 -49 0
    endloop
  endfacet
  facet normal -0.24298018859287093 -0.9700312510179105 0
    outer loop
      vertex -80.97545161098242 -48.9039264023304 1.2
      vertex -81.45142338424921 -48.78470167517662 0
      vertex -80.97545161098242 -48.9039264023304 0
    endloop
  endfacet
  facet normal -0.9039892942597553 -0.42755509102775247 0
    outer loop
      vertex -84.40960632264614 -46.35698368400335 1.2
      vertex -84.61939766258001 -45.91341716051102 0
      vertex -84.40960632264614 -46.35698368400335 0
    endloop
  endfacet
  facet normal -0.941544067614677 -0.33688984659619614 0
    outer loop
      vertex -84.61939766258001 -45.91341716051102 1.2
      vertex -84.78470167517662 -45.45142338424921 0
      vertex -84.61939766258001 -45.91341716051102 0
    endloop
  endfacet
  facet normal -0.9700312510179105 -0.24298018859287093 0
    outer loop
      vertex -84.78470167517662 -45.45142338424921 1.2
      vertex -84.9039264023304 -44.97545161098242 0
      vertex -84.78470167517662 -45.45142338424921 0
    endloop
  endfacet
  facet normal -0.989176509724005 -0.14673047607854153 0
    outer loop
      vertex -84.9039264023304 -44.97545161098242 1.2
      vertex -84.97592363506556 -44.49008569866419 0
      vertex -84.9039264023304 -44.97545161098242 0
    endloop
  endfacet
  facet normal -0.9987954563607843 -0.049067671159865246 0
    outer loop
      vertex -84.97592363506556 -44.49008569866419 1.2
      vertex -85 -44 0
      vertex -84.97592363506556 -44.49008569866419 0
    endloop
  endfacet
  facet normal -0.8032075338446832 -0.5956993013048966 0
    outer loop
      vertex -83.86505226790905 -47.171966418623924 1.2
      vertex -84.1573480591178 -46.77785116434097 0
      vertex -83.86505226790905 -47.171966418623924 0
    endloop
  endfacet
  facet normal -0.8577286066956991 -0.5141027497065688 0
    outer loop
      vertex -84.1573480591178 -46.77785116434097 1.2
      vertex -84.40960632264614 -46.35698368400335 0
      vertex -84.1573480591178 -46.77785116434097 0
    endloop
  endfacet
  facet normal -0.7409511245144411 -0.6715589557743871 0
    outer loop
      vertex -83.86505226790905 -47.171966418623924 1.2
      vertex -83.86505226790905 -47.171966418623924 0
      vertex -83.5355339050293 -47.5355339050293 1.2
    endloop
  endfacet
  facet normal -0.5956993013048966 -0.8032075338446832 0
    outer loop
      vertex -83.17196641862392 -47.86505226790905 1.2
      vertex -83.17196641862392 -47.86505226790905 0
      vertex -82.77785116434097 -48.157348059117794 1.2
    endloop
  endfacet
  facet normal -0.6715589557743871 -0.7409511245144411 0
    outer loop
      vertex -83.17196641862392 -47.86505226790905 1.2
      vertex -83.5355339050293 -47.5355339050293 1.2
      vertex -83.5355339050293 -47.5355339050293 0
    endloop
  endfacet
  facet normal -0.5141027497065688 -0.8577286066956991 0
    outer loop
      vertex -82.35698368400335 -48.40960632264614 1.2
      vertex -82.77785116434097 -48.157348059117794 1.2
      vertex -82.77785116434097 -48.157348059117794 0
    endloop
  endfacet
  facet normal -0.33688984659619614 -0.941544067614677 0
    outer loop
      vertex -81.91341716051102 -48.61939766258001 1.2
      vertex -81.91341716051102 -48.61939766258001 0
      vertex -81.45142338424921 -48.78470167517662 1.2
    endloop
  endfacet
  facet normal -0.42755509102775247 -0.9039892942597553 0
    outer loop
      vertex -81.91341716051102 -48.61939766258001 1.2
      vertex -82.35698368400335 -48.40960632264614 1.2
      vertex -82.35698368400335 -48.40960632264614 0
    endloop
  endfacet
  facet normal -0.049067671159865246 -0.9987954563607843 0
    outer loop
      vertex -80.49008569866419 -48.975923635065556 1.2
      vertex -80.49008569866419 -48.975923635065556 0
      vertex -80 -49 1.2
    endloop
  endfacet
  facet normal -0.24298018859287093 -0.9700312510179105 0
    outer loop
      vertex -81.45142338424921 -48.78470167517662 1.2
      vertex -81.45142338424921 -48.78470167517662 0
      vertex -80.97545161098242 -48.9039264023304 1.2
    endloop
  endfacet
  facet normal -0.14673047607854153 -0.989176509724005 0
    outer loop
      vertex -80.97545161098242 -48.9039264023304 1.2
      vertex -80.97545161098242 -48.9039264023304 0
      vertex -80.49008569866419 -48.975923635065556 1.2
    endloop
  endfacet
  facet normal -0.9039892942597553 -0.42755509102775247 0
    outer loop
      vertex -84.40960632264614 -46.35698368400335 1.2
      vertex -84.61939766258001 -45.91341716051102 1.2
      vertex -84.61939766258001 -45.91341716051102 0
    endloop
  endfacet
  facet normal -0.941544067614677 -0.33688984659619614 0
    outer loop
      vertex -84.61939766258001 -45.91341716051102 1.2
      vertex -84.78470167517662 -45.45142338424921 1.2
      vertex -84.78470167517662 -45.45142338424921 0
    endloop
  endfacet
  facet normal -0.9700312510179105 -0.24298018859287093 0
    outer loop
      vertex -84.78470167517662 -45.45142338424921 1.2
      vertex -84.9039264023304 -44.97545161098242 1.2
      vertex -84.9039264023304 -44.97545161098242 0
    endloop
  endfacet
  facet normal -0.989176509724005 -0.14673047607854153 0
    outer loop
      vertex -84.9039264023304 -44.97545161098242 1.2
      vertex -84.97592363506556 -44.49008569866419 1.2
      vertex -84.97592363506556 -44.49008569866419 0
    endloop
  endfacet
  facet normal -0.9987954563607843 -0.049067671159865246 0
    outer loop
      vertex -84.97592363506556 -44.49008569866419 1.2
      vertex -85 -44 1.2
      vertex -85 -44 0
    endloop
  endfacet
  facet normal -0.8032075338446832 -0.5956993013048966 0
    outer loop
      vertex -83.86505226790905 -47.171966418623924 1.2
      vertex -84.1573480591178 -46.77785116434097 1.2
      vertex -84.1573480591178 -46.77785116434097 0
    endloop
  endfacet
  facet normal -0.8577286066956991 -0.5141027497065688 0
    outer loop
      vertex -84.40960632264614 -46.35698368400335 1.2
      vertex -84.40960632264614 -46.35698368400335 0
      vertex -84.1573480591178 -46.77785116434097 1.2
    endloop
  endfacet
  facet normal -1 0 0
    outer loop
      vertex -85 -44 1.2
      vertex -85 44 1.2
      vertex -85 -44 0
    endloop
  endfacet
  facet normal 0 -1 0
    outer loop
      vertex -80 -49 1.2
      vertex -80 -49 0
      vertex 80 -49 1.2
    endloop
  endfacet
  facet normal -1 0 0
    outer loop
      vertex -85 44 1.2
      vertex -85 44 0
      vertex -85 -44 0
    endloop
  endfacet
  facet normal -0.9987954563607843 0.049067671159865246 0
    outer loop
      vertex -85 44 1.2
      vertex -84.97592363506556 44.49008569866419 0
      vertex -85 44 0
    endloop
  endfacet
  facet normal -0.989176509724005 0.14673047607854153 0
    outer loop
      vertex -84.97592363506556 44.49008569866419 1.2
      vertex -84.9039264023304 44.97545161098242 0
      vertex -84.97592363506556 44.49008569866419 0
    endloop
  endfacet
  facet normal -0.9700312510179105 0.24298018859287093 0
    outer loop
      vertex -84.9039264023304 44.97545161098242 1.2
      vertex -84.78470167517662 45.45142338424921 0
      vertex -84.9039264023304 44.97545161098242 0
    endloop
  endfacet
  facet normal -0.941544067614677 0.33688984659619614 0
    outer loop
      vertex -84.78470167517662 45.45142338424921 1.2
      vertex -84.61939766258001 45.91341716051102 0
      vertex -84.78470167517662 45.45142338424921 0
    endloop
  endfacet
  facet normal -0.9039892942597553 0.42755509102775247 0
    outer loop
      vertex -84.61939766258001 45.91341716051102 1.2
      vertex -84.40960632264614 46.35698368400335 0
      vertex -84.61939766258001 45.91341716051102 0
    endloop
  endfacet
  facet normal -0.8577286066956991 0.5141027497065688 0
    outer loop
      vertex -84.40960632264614 46.35698368400335 1.2
      vertex -84.1573480591178 46.77785116434097 0
      vertex -84.40960632264614 46.35698368400335 0
    endloop
  endfacet
  facet normal -0.8032075338446832 0.5956993013048966 0
    outer loop
      vertex -84.1573480591178 46.77785116434097 1.2
      vertex -83.86505226790905 47.171966418623924 0
      vertex -84.1573480591178 46.77785116434097 0
    endloop
  endfacet
  facet normal -0.7409511245144411 0.6715589557743871 0
    outer loop
      vertex -83.86505226790905 47.171966418623924 1.2
      vertex -83.5355339050293 47.5355339050293 0
      vertex -83.86505226790905 47.171966418623924 0
    endloop
  endfacet
  facet normal -0.6715589557743871 0.7409511245144411 0
    outer loop
      vertex -83.5355339050293 47.5355339050293 1.2
      vertex -83.17196641862392 47.86505226790905 0
      vertex -83.5355339050293 47.5355339050293 0
    endloop
  endfacet
  facet normal -0.5956993013048966 0.8032075338446832 0
    outer loop
      vertex -83.17196641862392 47.86505226790905 1.2
      vertex -82.77785116434097 48.157348059117794 0
      vertex -83.17196641862392 47.86505226790905 0
    endloop
  endfacet
  facet normal -0.5141027497065688 0.8577286066956991 0
    outer loop
      vertex -82.77785116434097 48.157348059117794 1.2
      vertex -82.35698368400335 48.40960632264614 0
      vertex -82.77785116434097 48.157348059117794 0
    endloop
  endfacet
  facet normal -0.42755509102775247 0.9039892942597553 0
    outer loop
      vertex -82.35698368400335 48.40960632264614 1.2
      vertex -81.91341716051102 48.61939766258001 0
      vertex -82.35698368400335 48.40960632264614 0
    endloop
  endfacet
  facet normal -0.33688984659619614 0.941544067614677 0
    outer loop
      vertex -81.91341716051102 48.61939766258001 1.2
      vertex -81.45142338424921 48.78470167517662 0
      vertex -81.91341716051102 48.61939766258001 0
    endloop
  endfacet
  facet normal -0.24298018859287093 0.9700312510179105 0
    outer loop
      vertex -81.45142338424921 48.78470167517662 1.2
      vertex -80.97545161098242 48.9039264023304 0
      vertex -81.45142338424921 48.78470167517662 0
    endloop
  endfacet
  facet normal -0.14673047607854153 0.989176509724005 0
    outer loop
      vertex -80.97545161098242 48.9039264023304 1.2
      vertex -80.49008569866419 48.975923635065556 0
      vertex -80.97545161098242 48.9039264023304 0
    endloop
  endfacet
  facet normal -0.049067671159865246 0.9987954563607843 0
    outer loop
      vertex -80.49008569866419 48.975923635065556 1.2
      vertex -80 49 0
      vertex -80.49008569866419 48.975923635065556 0
    endloop
  endfacet
  facet normal -0.9987954563607843 0.049067671159865246 0
    outer loop
      vertex -85 44 1.2
      vertex -84.97592363506556 44.49008569866419 1.2
      vertex -84.97592363506556 44.49008569866419 0
    endloop
  endfacet
  facet normal -0.989176509724005 0.14673047607854153 0
    outer loop
      vertex -84.97592363506556 44.49008569866419 1.2
      vertex -84.9039264023304 44.97545161098242 1.2
      vertex -84.9039264023304 44.97545161098242 0
    endloop
  endfacet
  facet normal -0.9700312510179105 0.24298018859287093 0
    outer loop
      vertex -84.9039264023304 44.97545161098242 1.2
      vertex -84.78470167517662 45.45142338424921 1.2
      vertex -84.78470167517662 45.45142338424921 0
    endloop
  endfacet
  facet normal -0.941544067614677 0.33688984659619614 0
    outer loop
      vertex -84.78470167517662 45.45142338424921 1.2
      vertex -84.61939766258001 45.91341716051102 1.2
      vertex -84.61939766258001 45.91341716051102 0
    endloop
  endfacet
  facet normal -0.9039892942597553 0.42755509102775247 0
    outer loop
      vertex -84.61939766258001 45.91341716051102 1.2
      vertex -84.40960632264614 46.35698368400335 1.2
      vertex -84.40960632264614 46.35698368400335 0
    endloop
  endfacet
  facet normal -0.8577286066956991 0.5141027497065688 0
    outer loop
      vertex -84.40960632264614 46.35698368400335 1.2
      vertex -84.1573480591178 46.77785116434097 1.2
      vertex -84.1573480591178 46.77785116434097 0
    endloop
  endfacet
  facet normal -0.8032075338446832 0.5956993013048966 0
    outer loop
      vertex -84.1573480591178 46.77785116434097 1.2
      vertex -83.86505226790905 47.171966418623924 1.2
      vertex -83.86505226790905 47.171966418623924 0
    endloop
  endfacet
  facet normal -0.7409511245144411 0.6715589557743871 0
    outer loop
      vertex -83.86505226790905 47.171966418623924 1.2
      vertex -83.5355339050293 47.5355339050293 1.2
      vertex -83.5355339050293 47.5355339050293 0
    endloop
  endfacet
  facet normal -0.6715589557743871 0.7409511245144411 0
    outer loop
      vertex -83.5355339050293 47.5355339050293 1.2
      vertex -83.17196641862392 47.86505226790905 1.2
      vertex -83.17196641862392 47.86505226790905 0
    endloop
  endfacet
  facet normal -0.5956993013048966 0.8032075338446832 0
    outer loop
      vertex -83.17196641862392 47.86505226790905 1.2
      vertex -82.77785116434097 48.157348059117794 1.2
      vertex -82.77785116434097 48.157348059117794 0
    endloop
  endfacet
  facet normal -0.5141027497065688 0.8577286066956991 0
    outer loop
      vertex -82.77785116434097 48.157348059117794 1.2
      vertex -82.35698368400335 48.40960632264614 1.2
      vertex -82.35698368400335 48.40960632264614 0
    endloop
  endfacet
  facet normal -0.42755509102775247 0.9039892942597553 0
    outer loop
      vertex -82.35698368400335 48.40960632264614 1.2
      vertex -81.91341716051102 48.61939766258001 1.2
      vertex -81.91341716051102 48.61939766258001 0
    endloop
  endfacet
  facet normal -0.33688984659619614 0.941544067614677 0
    outer loop
      vertex -81.91341716051102 48.61939766258001 1.2
      vertex -81.45142338424921 48.78470167517662 1.2
      vertex -81.45142338424921 48.78470167517662 0
    endloop
  endfacet
  facet normal -0.24298018859287093 0.9700312510179105 0
    outer loop
      vertex -81.45142338424921 48.78470167517662 1.2
      vertex -80.97545161098242 48.9039264023304 1.2
      vertex -80.97545161098242 48.9039264023304 0
    endloop
  endfacet
  facet normal -0.14673047607854153 0.989176509724005 0
    outer loop
      vertex -80.97545161098242 48.9039264023304 1.2
      vertex -80.49008569866419 48.975923635065556 1.2
      vertex -80.49008569866419 48.975923635065556 0
    endloop
  endfacet
  facet normal -0.049067671159865246 0.9987954563607843 0
    outer loop
      vertex -80.49008569866419 48.975923635065556 1.2
      vertex -80 49 1.2
      vertex -80 49 0
    endloop
  endfacet
  facet normal 0 1 0
    outer loop
      vertex -80 49 1.2
      vertex 80 49 0
      vertex -80 49 0
    endloop
  endfacet
  facet normal 0 -1 0
    outer loop
      vertex 80 -49 1.2
      vertex -80 -49 0
      vertex 80 -49 0
    endloop
  endfacet
  facet normal 0.049067671159865246 -0.9987954563607843 0
    outer loop
      vertex 80.49008569866419 -48.975923635065556 1.2
      vertex 80 -49 0
      vertex 80.49008569866419 -48.975923635065556 0
    endloop
  endfacet
  facet normal 0.14673047607854153 -0.989176509724005 0
    outer loop
      vertex 80.97545161098242 -48.9039264023304 1.2
      vertex 80.49008569866419 -48.975923635065556 0
      vertex 80.97545161098242 -48.9039264023304 0
    endloop
  endfacet
  facet normal 0.24298018859287093 -0.9700312510179105 0
    outer loop
      vertex 81.45142338424921 -48.78470167517662 1.2
      vertex 80.97545161098242 -48.9039264023304 0
      vertex 81.45142338424921 -48.78470167517662 0
    endloop
  endfacet
  facet normal 0.33688984659619614 -0.941544067614677 0
    outer loop
      vertex 81.91341716051102 -48.61939766258001 1.2
      vertex 81.45142338424921 -48.78470167517662 0
      vertex 81.91341716051102 -48.61939766258001 0
    endloop
  endfacet
  facet normal 0.42755509102775247 -0.9039892942597553 0
    outer loop
      vertex 82.35698368400335 -48.40960632264614 1.2
      vertex 81.91341716051102 -48.61939766258001 0
      vertex 82.35698368400335 -48.40960632264614 0
    endloop
  endfacet
  facet normal 0.5141027497065688 -0.8577286066956991 0
    outer loop
      vertex 82.77785116434097 -48.157348059117794 1.2
      vertex 82.35698368400335 -48.40960632264614 0
      vertex 82.77785116434097 -48.157348059117794 0
    endloop
  endfacet
  facet normal 0.5956993013048966 -0.8032075338446832 0
    outer loop
      vertex 83.17196641862392 -47.86505226790905 1.2
      vertex 82.77785116434097 -48.157348059117794 0
      vertex 83.17196641862392 -47.86505226790905 0
    endloop
  endfacet
  facet normal 0.6715589557743871 -0.7409511245144411 0
    outer loop
      vertex 83.5355339050293 -47.5355339050293 1.2
      vertex 83.17196641862392 -47.86505226790905 0
      vertex 83.5355339050293 -47.5355339050293 0
    endloop
  endfacet
  facet normal 0.7409511245144411 -0.6715589557743871 0
    outer loop
      vertex 83.86505226790905 -47.171966418623924 1.2
      vertex 83.5355339050293 -47.5355339050293 0
      vertex 83.86505226790905 -47.171966418623924 0
    endloop
  endfacet
  facet normal 0.8032075338446832 -0.5956993013048966 0
    outer loop
      vertex 84.1573480591178 -46.77785116434097 1.2
      vertex 83.86505226790905 -47.171966418623924 0
      vertex 84.1573480591178 -46.77785116434097 0
    endloop
  endfacet
  facet normal 0.8577286066956991 -0.5141027497065688 0
    outer loop
      vertex 84.40960632264614 -46.35698368400335 1.2
      vertex 84.1573480591178 -46.77785116434097 0
      vertex 84.40960632264614 -46.35698368400335 0
    endloop
  endfacet
  facet normal 0.9039892942597553 -0.42755509102775247 0
    outer loop
      vertex 84.61939766258001 -45.91341716051102 1.2
      vertex 84.40960632264614 -46.35698368400335 0
      vertex 84.61939766258001 -45.91341716051102 0
    endloop
  endfacet
  facet normal 0.941544067614677 -0.33688984659619614 0
    outer loop
      vertex 84.78470167517662 -45.45142338424921 1.2
      vertex 84.61939766258001 -45.91341716051102 0
      vertex 84.78470167517662 -45.45142338424921 0
    endloop
  endfacet
  facet normal 0.9700312510179105 -0.24298018859287093 0
    outer loop
      vertex 84.9039264023304 -44.97545161098242 1.2
      vertex 84.78470167517662 -45.45142338424921 0
      vertex 84.9039264023304 -44.97545161098242 0
    endloop
  endfacet
  facet normal 0.989176509724005 -0.14673047607854153 0
    outer loop
      vertex 84.97592363506556 -44.49008569866419 1.2
      vertex 84.9039264023304 -44.97545161098242 0
      vertex 84.97592363506556 -44.49008569866419 0
    endloop
  endfacet
  facet normal 0.9987954563607843 -0.049067671159865246 0
    outer loop
      vertex 85 -44 1.2
      vertex 84.97592363506556 -44.49008569866419 0
      vertex 85 -44 0
    endloop
  endfacet
  facet normal 0.049067671159865246 -0.9987954563607843 0
    outer loop
      vertex 80 -49 1.2
      vertex 80 -49 0
      vertex 80.49008569866419 -48.975923635065556 1.2
    endloop
  endfacet
  facet normal 0.14673047607854153 -0.989176509724005 0
    outer loop
      vertex 80.49008569866419 -48.975923635065556 1.2
      vertex 80.49008569866419 -48.975923635065556 0
      vertex 80.97545161098242 -48.9039264023304 1.2
    endloop
  endfacet
  facet normal 0.24298018859287093 -0.9700312510179105 0
    outer loop
      vertex 80.97545161098242 -48.9039264023304 1.2
      vertex 80.97545161098242 -48.9039264023304 0
      vertex 81.45142338424921 -48.78470167517662 1.2
    endloop
  endfacet
  facet normal 0.33688984659619614 -0.941544067614677 0
    outer loop
      vertex 81.45142338424921 -48.78470167517662 1.2
      vertex 81.45142338424921 -48.78470167517662 0
      vertex 81.91341716051102 -48.61939766258001 1.2
    endloop
  endfacet
  facet normal 0.42755509102775247 -0.9039892942597553 0
    outer loop
      vertex 81.91341716051102 -48.61939766258001 1.2
      vertex 81.91341716051102 -48.61939766258001 0
      vertex 82.35698368400335 -48.40960632264614 1.2
    endloop
  endfacet
  facet normal 0.5141027497065688 -0.8577286066956991 0
    outer loop
      vertex 82.35698368400335 -48.40960632264614 1.2
      vertex 82.35698368400335 -48.40960632264614 0
      vertex 82.77785116434097 -48.157348059117794 1.2
    endloop
  endfacet
  facet normal 0.5956993013048966 -0.8032075338446832 0
    outer loop
      vertex 82.77785116434097 -48.157348059117794 1.2
      vertex 82.77785116434097 -48.157348059117794 0
      vertex 83.17196641862392 -47.86505226790905 1.2
    endloop
  endfacet
  facet normal 0.6715589557743871 -0.7409511245144411 0
    outer loop
      vertex 83.17196641862392 -47.86505226790905 1.2
      vertex 83.17196641862392 -47.86505226790905 0
      vertex 83.5355339050293 -47.5355339050293 1.2
    endloop
  endfacet
  facet normal 0.7409511245144411 -0.6715589557743871 0
    outer loop
      vertex 83.5355339050293 -47.5355339050293 1.2
      vertex 83.5355339050293 -47.5355339050293 0
      vertex 83.86505226790905 -47.171966418623924 1.2
    endloop
  endfacet
  facet normal 0.8032075338446832 -0.5956993013048966 0
    outer loop
      vertex 83.86505226790905 -47.171966418623924 1.2
      vertex 83.86505226790905 -47.171966418623924 0
      vertex 84.1573480591178 -46.77785116434097 1.2
    endloop
  endfacet
  facet normal 0.8577286066956991 -0.5141027497065688 0
    outer loop
      vertex 84.1573480591178 -46.77785116434097 1.2
      vertex 84.1573480591178 -46.77785116434097 0
      vertex 84.40960632264614 -46.35698368400335 1.2
    endloop
  endfacet
  facet normal 0.9039892942597553 -0.42755509102775247 0
    outer loop
      vertex 84.40960632264614 -46.35698368400335 1.2
      vertex 84.40960632264614 -46.35698368400335 0
      vertex 84.61939766258001 -45.91341716051102 1.2
    endloop
  endfacet
  facet normal 0.941544067614677 -0.33688984659619614 0
    outer loop
      vertex 84.61939766258001 -45.91341716051102 1.2
      vertex 84.61939766258001 -45.91341716051102 0
      vertex 84.78470167517662 -45.45142338424921 1.2
    endloop
  endfacet
  facet normal 0.9700312510179105 -0.24298018859287093 0
    outer loop
      vertex 84.78470167517662 -45.45142338424921 1.2
      vertex 84.78470167517662 -45.45142338424921 0
      vertex 84.9039264023304 -44.97545161098242 1.2
    endloop
  endfacet
  facet normal 0.989176509724005 -0.14673047607854153 0
    outer loop
      vertex 84.9039264023304 -44.97545161098242 1.2
      vertex 84.9039264023304 -44.97545161098242 0
      vertex 84.97592363506556 -44.49008569866419 1.2
    endloop
  endfacet
  facet normal 0.9987954563607843 -0.049067671159865246 0
    outer loop
      vertex 84.97592363506556 -44.49008569866419 1.2
      vertex 84.97592363506556 -44.49008569866419 0
      vertex 85 -44 1.2
    endloop
  endfacet
  facet normal 1 0 0
    outer loop
      vertex 85 -44 1.2
      vertex 85 -44 0
      vertex 85 44 0
    endloop
  endfacet
  facet normal 0 1 0
    outer loop
      vertex -80 49 1.2
      vertex 80 49 1.2
      vertex 80 49 0
    endloop
  endfacet
  facet normal 1 0 0
    outer loop
      vertex 85 -44 1.2
      vertex 85 44 0
      vertex 85 44 1.2
    endloop
  endfacet
  facet normal 0.8577286066956991 0.5141027497065688 0
    outer loop
      vertex 84.1573480591178 46.77785116434097 1.2
      vertex 84.40960632264614 46.35698368400335 0
      vertex 84.1573480591178 46.77785116434097 0
    endloop
  endfacet
  facet normal 0.8032075338446832 0.5956993013048966 0
    outer loop
      vertex 83.86505226790905 47.171966418623924 1.2
      vertex 84.1573480591178 46.77785116434097 0
      vertex 83.86505226790905 47.171966418623924 0
    endloop
  endfacet
  facet normal 0.9987954563607843 0.049067671159865246 0
    outer loop
      vertex 84.97592363506556 44.49008569866419 1.2
      vertex 85 44 0
      vertex 84.97592363506556 44.49008569866419 0
    endloop
  endfacet
  facet normal 0.989176509724005 0.14673047607854153 0
    outer loop
      vertex 84.9039264023304 44.97545161098242 1.2
      vertex 84.97592363506556 44.49008569866419 0
      vertex 84.9039264023304 44.97545161098242 0
    endloop
  endfacet
  facet normal 0.9700312510179105 0.24298018859287093 0
    outer loop
      vertex 84.78470167517662 45.45142338424921 1.2
      vertex 84.9039264023304 44.97545161098242 0
      vertex 84.78470167517662 45.45142338424921 0
    endloop
  endfacet
  facet normal 0.941544067614677 0.33688984659619614 0
    outer loop
      vertex 84.61939766258001 45.91341716051102 1.2
      vertex 84.78470167517662 45.45142338424921 0
      vertex 84.61939766258001 45.91341716051102 0
    endloop
  endfacet
  facet normal 0.9039892942597553 0.42755509102775247 0
    outer loop
      vertex 84.40960632264614 46.35698368400335 1.2
      vertex 84.61939766258001 45.91341716051102 0
      vertex 84.40960632264614 46.35698368400335 0
    endloop
  endfacet
  facet normal 0.24298018859287093 0.9700312510179105 0
    outer loop
      vertex 80.97545161098242 48.9039264023304 1.2
      vertex 81.45142338424921 48.78470167517662 0
      vertex 80.97545161098242 48.9039264023304 0
    endloop
  endfacet
  facet normal 0.049067671159865246 0.9987954563607843 0
    outer loop
      vertex 80 49 1.2
      vertex 80.49008569866419 48.975923635065556 0
      vertex 80 49 0
    endloop
  endfacet
  facet normal 0.14673047607854153 0.989176509724005 0
    outer loop
      vertex 80.49008569866419 48.975923635065556 1.2
      vertex 80.97545161098242 48.9039264023304 0
      vertex 80.49008569866419 48.975923635065556 0
    endloop
  endfacet
  facet normal 0.5956993013048966 0.8032075338446832 0
    outer loop
      vertex 82.77785116434097 48.157348059117794 1.2
      vertex 83.17196641862392 47.86505226790905 0
      vertex 82.77785116434097 48.157348059117794 0
    endloop
  endfacet
  facet normal 0.33688984659619614 0.941544067614677 0
    outer loop
      vertex 81.45142338424921 48.78470167517662 1.2
      vertex 81.91341716051102 48.61939766258001 0
      vertex 81.45142338424921 48.78470167517662 0
    endloop
  endfacet
  facet normal 0.42755509102775247 0.9039892942597553 0
    outer loop
      vertex 81.91341716051102 48.61939766258001 1.2
      vertex 82.35698368400335 48.40960632264614 0
      vertex 81.91341716051102 48.61939766258001 0
    endloop
  endfacet
  facet normal 0.5141027497065688 0.8577286066956991 0
    outer loop
      vertex 82.35698368400335 48.40960632264614 1.2
      vertex 82.77785116434097 48.157348059117794 0
      vertex 82.35698368400335 48.40960632264614 0
    endloop
  endfacet
  facet normal 0.7409511245144411 0.6715589557743871 0
    outer loop
      vertex 83.5355339050293 47.5355339050293 1.2
      vertex 83.86505226790905 47.171966418623924 0
      vertex 83.5355339050293 47.5355339050293 0
    endloop
  endfacet
  facet normal 0.6715589557743871 0.7409511245144411 0
    outer loop
      vertex 83.17196641862392 47.86505226790905 1.2
      vertex 83.5355339050293 47.5355339050293 0
      vertex 83.17196641862392 47.86505226790905 0
    endloop
  endfacet
  facet normal 0.8577286066956991 0.5141027497065688 0
    outer loop
      vertex 84.1573480591178 46.77785116434097 1.2
      vertex 84.40960632264614 46.35698368400335 1.2
      vertex 84.40960632264614 46.35698368400335 0
    endloop
  endfacet
  facet normal 0.8032075338446832 0.5956993013048966 0
    outer loop
      vertex 84.1573480591178 46.77785116434097 1.2
      vertex 84.1573480591178 46.77785116434097 0
      vertex 83.86505226790905 47.171966418623924 1.2
    endloop
  endfacet
  facet normal 0.9987954563607843 0.049067671159865246 0
    outer loop
      vertex 85 44 1.2
      vertex 85 44 0
      vertex 84.97592363506556 44.49008569866419 1.2
    endloop
  endfacet
  facet normal 0.989176509724005 0.14673047607854153 0
    outer loop
      vertex 84.97592363506556 44.49008569866419 1.2
      vertex 84.97592363506556 44.49008569866419 0
      vertex 84.9039264023304 44.97545161098242 1.2
    endloop
  endfacet
  facet normal 0.9700312510179105 0.24298018859287093 0
    outer loop
      vertex 84.9039264023304 44.97545161098242 1.2
      vertex 84.9039264023304 44.97545161098242 0
      vertex 84.78470167517662 45.45142338424921 1.2
    endloop
  endfacet
  facet normal 0.941544067614677 0.33688984659619614 0
    outer loop
      vertex 84.78470167517662 45.45142338424921 1.2
      vertex 84.78470167517662 45.45142338424921 0
      vertex 84.61939766258001 45.91341716051102 1.2
    endloop
  endfacet
  facet normal 0.9039892942597553 0.42755509102775247 0
    outer loop
      vertex 84.61939766258001 45.91341716051102 1.2
      vertex 84.61939766258001 45.91341716051102 0
      vertex 84.40960632264614 46.35698368400335 1.2
    endloop
  endfacet
  facet normal 0.14673047607854153 0.989176509724005 0
    outer loop
      vertex 80.49008569866419 48.975923635065556 1.2
      vertex 80.97545161098242 48.9039264023304 1.2
      vertex 80.97545161098242 48.9039264023304 0
    endloop
  endfacet
  facet normal 0.24298018859287093 0.9700312510179105 0
    outer loop
      vertex 80.97545161098242 48.9039264023304 1.2
      vertex 81.45142338424921 48.78470167517662 1.2
      vertex 81.45142338424921 48.78470167517662 0
    endloop
  endfacet
  facet normal 0.049067671159865246 0.9987954563607843 0
    outer loop
      vertex 80 49 1.2
      vertex 80.49008569866419 48.975923635065556 1.2
      vertex 80.49008569866419 48.975923635065556 0
    endloop
  endfacet
  facet normal 0.42755509102775247 0.9039892942597553 0
    outer loop
      vertex 82.35698368400335 48.40960632264614 1.2
      vertex 82.35698368400335 48.40960632264614 0
      vertex 81.91341716051102 48.61939766258001 1.2
    endloop
  endfacet
  facet normal 0.33688984659619614 0.941544067614677 0
    outer loop
      vertex 81.45142338424921 48.78470167517662 1.2
      vertex 81.91341716051102 48.61939766258001 1.2
      vertex 81.91341716051102 48.61939766258001 0
    endloop
  endfacet
  facet normal 0.5141027497065688 0.8577286066956991 0
    outer loop
      vertex 82.77785116434097 48.157348059117794 1.2
      vertex 82.77785116434097 48.157348059117794 0
      vertex 82.35698368400335 48.40960632264614 1.2
    endloop
  endfacet
  facet normal 0.6715589557743871 0.7409511245144411 0
    outer loop
      vertex 83.5355339050293 47.5355339050293 1.2
      vertex 83.5355339050293 47.5355339050293 0
      vertex 83.17196641862392 47.86505226790905 1.2
    endloop
  endfacet
  facet normal 0.5956993013048966 0.8032075338446832 0
    outer loop
      vertex 82.77785116434097 48.157348059117794 1.2
      vertex 83.17196641862392 47.86505226790905 1.2
      vertex 83.17196641862392 47.86505226790905 0
    endloop
  endfacet
  facet normal 0.7409511245144411 0.6715589557743871 0
    outer loop
      vertex 83.5355339050293 47.5355339050293 1.2
      vertex 83.86505226790905 47.171966418623924 1.2
      vertex 83.86505226790905 47.171966418623924 0
    endloop
  endfacet
  facet normal 0.9700312537033409 0.2429801778720331 0
    outer loop
      vertex -33.69858235120773 -14.031992740929127 3.8
      vertex -33.86549696326256 -13.365632250905037 3.8
      vertex -33.86549696326256 -13.365632250905037 5
    endloop
  endfacet
  facet normal 0 0 1
    outer loop
      vertex -33.69858235120773 -14.031992740929127 3.8
      vertex -28.546020910143852 -13.268786571919918 3.8
      vertex -33.86549696326256 -13.365632250905037 3.8
    endloop
  endfacet
  facet normal 0 0 1
    outer loop
      vertex -33.46715673059225 -14.678784027695656 3.8
      vertex -27.580569356679916 -13.913880668580532 3.8
      vertex -33.69858235120773 -14.031992740929127 3.8
    endloop
  endfacet
  facet normal 0 0 1
    outer loop
      vertex -33.69858235120773 -14.031992740929127 3.8
      vertex -27.580569356679916 -13.913880668580532 3.8
      vertex -27.76536686718464 -13.847759068012238 3.8
    endloop
  endfacet
  facet normal 0 0 1
    outer loop
      vertex -33.69858235120773 -14.031992740929127 3.8
      vertex -27.94279347360134 -13.763842530548573 3.8
      vertex -28.111140467226505 -13.662939228117466 3.8
    endloop
  endfacet
  facet normal 0 0 1
    outer loop
      vertex -33.69858235120773 -14.031992740929127 3.8
      vertex -28.111140467226505 -13.662939228117466 3.8
      vertex -28.268786571919918 -13.546020910143852 3.8
    endloop
  endfacet
  facet normal 0 0 1
    outer loop
      vertex -33.69858235120773 -14.031992740929127 3.8
      vertex -28.268786571919918 -13.546020910143852 3.8
      vertex -28.414213560521603 -13.414213560521603 3.8
    endloop
  endfacet
  facet normal 0 0 1
    outer loop
      vertex -33.69858235120773 -14.031992740929127 3.8
      vertex -28.414213560521603 -13.414213560521603 3.8
      vertex -28.546020910143852 -13.268786571919918 3.8
    endloop
  endfacet
  facet normal 0 0 1
    outer loop
      vertex -33.69858235120773 -14.031992740929127 3.8
      vertex -27.76536686718464 -13.847759068012238 3.8
      vertex -27.94279347360134 -13.763842530548573 3.8
    endloop
  endfacet
  facet normal 0 0 1
    outer loop
      vertex -33.46715673059225 -14.678784027695656 3.8
      vertex -27.3901806473732 -13.96157056093216 3.8
      vertex -27.580569356679916 -13.913880668580532 3.8
    endloop
  endfacet
  facet normal 0 0 1
    outer loop
      vertex -33.46715673059225 -14.678784027695656 3.8
      vertex -27.196034282445908 -13.990369454026222 3.8
      vertex -27.3901806473732 -13.96157056093216 3.8
    endloop
  endfacet
  facet normal 0 0 1
    outer loop
      vertex -33.46715673059225 -14.678784027695656 3.8
      vertex -27 -14 3.8
      vertex -27.196034282445908 -13.990369454026222 3.8
    endloop
  endfacet
  facet normal 0.6715589577100645 0.7409511227600454 0
    outer loop
      vertex -31.9497474655509 -16.9497474655509 3.8
      vertex -31.9497474655509 -16.9497474655509 5
      vertex -31.440752990543842 -17.41107317060232 3.8
    endloop
  endfacet
  facet normal 0.5956993076257145 0.8032075291568451 0
    outer loop
      vertex -30.888991631567478 -17.82028728723526 3.8
      vertex -31.440752990543842 -17.41107317060232 3.8
      vertex -31.440752990543842 -17.41107317060232 5
    endloop
  endfacet
  facet normal 0.2429801778720331 0.9700312537033409 0
    outer loop
      vertex -29.031992740929127 -18.698582351207733 3.8
      vertex -29.031992740929127 -18.698582351207733 5
      vertex -28.365632250905037 -18.865496963262558 3.8
    endloop
  endfacet
  facet normal 0.14673047765274455 0.9891765094904941 0
    outer loop
      vertex -28.365632250905037 -18.865496963262558 3.8
      vertex -28.365632250905037 -18.865496963262558 5
      vertex -27.686119981110096 -18.966293089091778 3.8
    endloop
  endfacet
  facet normal 0.5141027455583117 0.8577286091820686 0
    outer loop
      vertex -30.888991631567478 -17.82028728723526 3.8
      vertex -30.888991631567478 -17.82028728723526 5
      vertex -30.299777157604694 -18.173448853194714 3.8
    endloop
  endfacet
  facet normal 0.42755509447720585 0.9039892926282852 0
    outer loop
      vertex -30.299777157604694 -18.173448853194714 3.8
      vertex -30.299777157604694 -18.173448853194714 5
      vertex -29.678784027695656 -18.46715673059225 3.8
    endloop
  endfacet
  facet normal 0.3368898504421839 0.9415440662385606 0
    outer loop
      vertex -29.678784027695656 -18.46715673059225 3.8
      vertex -29.678784027695656 -18.46715673059225 5
      vertex -29.031992740929127 -18.698582351207733 3.8
    endloop
  endfacet
  facet normal 0.8032075291568451 0.5956993076257145 0
    outer loop
      vertex -32.82028728723526 -15.888991631567478 3.8
      vertex -32.82028728723526 -15.888991631567478 5
      vertex -32.41107317060232 -16.440752990543842 3.8
    endloop
  endfacet
  facet normal 0.8577286091820686 0.5141027455583117 0
    outer loop
      vertex -32.82028728723526 -15.888991631567478 3.8
      vertex -33.173448853194714 -15.299777157604694 3.8
      vertex -33.173448853194714 -15.299777157604694 5
    endloop
  endfacet
  facet normal 0.7409511227600454 0.6715589577100645 0
    outer loop
      vertex -31.9497474655509 -16.9497474655509 3.8
      vertex -32.41107317060232 -16.440752990543842 3.8
      vertex -32.41107317060232 -16.440752990543842 5
    endloop
  endfacet
  facet normal 0.9039892926282852 0.42755509447720585 0
    outer loop
      vertex -33.173448853194714 -15.299777157604694 3.8
      vertex -33.46715673059225 -14.678784027695656 3.8
      vertex -33.46715673059225 -14.678784027695656 5
    endloop
  endfacet
  facet normal 0.9415440662385606 0.3368898504421839 0
    outer loop
      vertex -33.46715673059225 -14.678784027695656 3.8
      vertex -33.69858235120773 -14.031992740929127 3.8
      vertex -33.69858235120773 -14.031992740929127 5
    endloop
  endfacet
  facet normal 0.04906767094724794 0.9987954563712295 0
    outer loop
      vertex -27.686119981110096 -18.966293089091778 3.8
      vertex -27.686119981110096 -18.966293089091778 5
      vertex -27 -19 3.8
    endloop
  endfacet
  facet normal 0.9700312537033409 0.2429801778720331 0
    outer loop
      vertex -33.69858235120773 -14.031992740929127 3.8
      vertex -33.86549696326256 -13.365632250905037 5
      vertex -33.69858235120773 -14.031992740929127 5
    endloop
  endfacet
  facet normal 0.5956993076257145 0.8032075291568451 0
    outer loop
      vertex -30.888991631567478 -17.82028728723526 3.8
      vertex -31.440752990543842 -17.41107317060232 5
      vertex -30.888991631567478 -17.82028728723526 5
    endloop
  endfacet
  facet normal 0.6715589577100645 0.7409511227600454 0
    outer loop
      vertex -31.440752990543842 -17.41107317060232 3.8
      vertex -31.9497474655509 -16.9497474655509 5
      vertex -31.440752990543842 -17.41107317060232 5
    endloop
  endfacet
  facet normal 0.3368898504421839 0.9415440662385606 0
    outer loop
      vertex -29.031992740929127 -18.698582351207733 3.8
      vertex -29.678784027695656 -18.46715673059225 5
      vertex -29.031992740929127 -18.698582351207733 5
    endloop
  endfacet
  facet normal 0.2429801778720331 0.9700312537033409 0
    outer loop
      vertex -28.365632250905037 -18.865496963262558 3.8
      vertex -29.031992740929127 -18.698582351207733 5
      vertex -28.365632250905037 -18.865496963262558 5
    endloop
  endfacet
  facet normal 0.5141027455583117 0.8577286091820686 0
    outer loop
      vertex -30.299777157604694 -18.173448853194714 3.8
      vertex -30.888991631567478 -17.82028728723526 5
      vertex -30.299777157604694 -18.173448853194714 5
    endloop
  endfacet
  facet normal 0.42755509447720585 0.9039892926282852 0
    outer loop
      vertex -29.678784027695656 -18.46715673059225 3.8
      vertex -30.299777157604694 -18.173448853194714 5
      vertex -29.678784027695656 -18.46715673059225 5
    endloop
  endfacet
  facet normal 0.8032075291568451 0.5956993076257145 0
    outer loop
      vertex -32.41107317060232 -16.440752990543842 3.8
      vertex -32.82028728723526 -15.888991631567478 5
      vertex -32.41107317060232 -16.440752990543842 5
    endloop
  endfacet
  facet normal 0.8577286091820686 0.5141027455583117 0
    outer loop
      vertex -32.82028728723526 -15.888991631567478 3.8
      vertex -33.173448853194714 -15.299777157604694 5
      vertex -32.82028728723526 -15.888991631567478 5
    endloop
  endfacet
  facet normal 0.7409511227600454 0.6715589577100645 0
    outer loop
      vertex -31.9497474655509 -16.9497474655509 3.8
      vertex -32.41107317060232 -16.440752990543842 5
      vertex -31.9497474655509 -16.9497474655509 5
    endloop
  endfacet
  facet normal 0.9039892926282852 0.42755509447720585 0
    outer loop
      vertex -33.173448853194714 -15.299777157604694 3.8
      vertex -33.46715673059225 -14.678784027695656 5
      vertex -33.173448853194714 -15.299777157604694 5
    endloop
  endfacet
  facet normal 0.9415440662385606 0.3368898504421839 0
    outer loop
      vertex -33.46715673059225 -14.678784027695656 3.8
      vertex -33.69858235120773 -14.031992740929127 5
      vertex -33.46715673059225 -14.678784027695656 5
    endloop
  endfacet
  facet normal 0.14673047765274455 0.9891765094904941 0
    outer loop
      vertex -27.686119981110096 -18.966293089091778 3.8
      vertex -28.365632250905037 -18.865496963262558 5
      vertex -27.686119981110096 -18.966293089091778 5
    endloop
  endfacet
  facet normal 0.04906767094724794 0.9987954563712295 0
    outer loop
      vertex -27 -19 3.8
      vertex -27.686119981110096 -18.966293089091778 5
      vertex -27 -19 5
    endloop
  endfacet
  facet normal 0.9891765094904941 0.14673047765274455 0
    outer loop
      vertex -33.86549696326256 -13.365632250905037 3.8
      vertex -33.96629308909178 -12.686119981110096 3.8
      vertex -33.96629308909178 -12.686119981110096 5
    endloop
  endfacet
  facet normal 0.9987954563712295 0.04906767094724794 0
    outer loop
      vertex -34 -12 3.8
      vertex -34 -12 5
      vertex -33.96629308909178 -12.686119981110096 3.8
    endloop
  endfacet
  facet normal 0 0 1
    outer loop
      vertex -33.86549696326256 -13.365632250905037 3.8
      vertex -29 -12 3.8
      vertex -33.96629308909178 -12.686119981110096 3.8
    endloop
  endfacet
  facet normal 0 0 1
    outer loop
      vertex -34 -12 3.8
      vertex -33.96629308909178 -12.686119981110096 3.8
      vertex -29 -12 3.8
    endloop
  endfacet
  facet normal 0 0 1
    outer loop
      vertex -33.86549696326256 -13.365632250905037 3.8
      vertex -28.662939228117466 -13.111140467226505 3.8
      vertex -28.763842530548573 -12.942793473601341 3.8
    endloop
  endfacet
  facet normal 0 0 1
    outer loop
      vertex -33.86549696326256 -13.365632250905037 3.8
      vertex -28.546020910143852 -13.268786571919918 3.8
      vertex -28.662939228117466 -13.111140467226505 3.8
    endloop
  endfacet
  facet normal 0 0 1
    outer loop
      vertex -33.86549696326256 -13.365632250905037 3.8
      vertex -28.763842530548573 -12.942793473601341 3.8
      vertex -28.847759068012238 -12.765366867184639 3.8
    endloop
  endfacet
  facet normal 0 0 1
    outer loop
      vertex -33.86549696326256 -13.365632250905037 3.8
      vertex -28.847759068012238 -12.765366867184639 3.8
      vertex -28.913880668580532 -12.580569356679916 3.8
    endloop
  endfacet
  facet normal 0 0 1
    outer loop
      vertex -33.86549696326256 -13.365632250905037 3.8
      vertex -28.913880668580532 -12.580569356679916 3.8
      vertex -28.96157056093216 -12.3901806473732 3.8
    endloop
  endfacet
  facet normal 0 0 1
    outer loop
      vertex -33.86549696326256 -13.365632250905037 3.8
      vertex -28.96157056093216 -12.3901806473732 3.8
      vertex -28.990369454026222 -12.196034282445908 3.8
    endloop
  endfacet
  facet normal 0 0 1
    outer loop
      vertex -33.86549696326256 -13.365632250905037 3.8
      vertex -28.990369454026222 -12.196034282445908 3.8
      vertex -29 -12 3.8
    endloop
  endfacet
  facet normal 0 0 1
    outer loop
      vertex -34 -12 3.8
      vertex -29 -12 3.8
      vertex -34 12 3.8
    endloop
  endfacet
  facet normal 0.9891765094904941 0.14673047765274455 0
    outer loop
      vertex -33.86549696326256 -13.365632250905037 3.8
      vertex -33.96629308909178 -12.686119981110096 5
      vertex -33.86549696326256 -13.365632250905037 5
    endloop
  endfacet
  facet normal 0.9987954563712295 0.04906767094724794 0
    outer loop
      vertex -33.96629308909178 -12.686119981110096 3.8
      vertex -34 -12 5
      vertex -33.96629308909178 -12.686119981110096 5
    endloop
  endfacet
  facet normal 1 0 0
    outer loop
      vertex -34 -12 3.8
      vertex -34 12 5
      vertex -34 -12 5
    endloop
  endfacet
  facet normal 0 0 1
    outer loop
      vertex -33.173448853194714 -15.299777157604694 3.8
      vertex 27 -14 3.8
      vertex -33.46715673059225 -14.678784027695656 3.8
    endloop
  endfacet
  facet normal 0 0 1
    outer loop
      vertex -29.031992740929127 -18.698582351207733 3.8
      vertex -28.365632250905037 -18.865496963262558 3.8
      vertex 30.299777157604694 -18.173448853194714 3.8
    endloop
  endfacet
  facet normal 0 0 1
    outer loop
      vertex -28.365632250905037 -18.865496963262558 3.8
      vertex -27.686119981110096 -18.966293089091778 3.8
      vertex 29.678784027695656 -18.46715673059225 3.8
    endloop
  endfacet
  facet normal 0 0 1
    outer loop
      vertex -27.686119981110096 -18.966293089091778 3.8
      vertex -27 -19 3.8
      vertex 29.031992740929127 -18.698582351207733 3.8
    endloop
  endfacet
  facet normal 0 0 1
    outer loop
      vertex -30.888991631567478 -17.82028728723526 3.8
      vertex 32.41107317060232 -16.440752990543842 3.8
      vertex -31.440752990543842 -17.41107317060232 3.8
    endloop
  endfacet
  facet normal 0 0 1
    outer loop
      vertex -29.678784027695656 -18.46715673059225 3.8
      vertex -29.031992740929127 -18.698582351207733 3.8
      vertex 30.888991631567478 -17.82028728723526 3.8
    endloop
  endfacet
  facet normal 0 0 1
    outer loop
      vertex -30.299777157604694 -18.173448853194714 3.8
      vertex -29.678784027695656 -18.46715673059225 3.8
      vertex 31.440752990543842 -17.41107317060232 3.8
    endloop
  endfacet
  facet normal 0 0 1
    outer loop
      vertex -30.888991631567478 -17.82028728723526 3.8
      vertex -30.299777157604694 -18.173448853194714 3.8
      vertex 31.9497474655509 -16.9497474655509 3.8
    endloop
  endfacet
  facet normal 0 0 1
    outer loop
      vertex -31.9497474655509 -16.9497474655509 3.8
      vertex -31.440752990543842 -17.41107317060232 3.8
      vertex 32.82028728723526 -15.888991631567478 3.8
    endloop
  endfacet
  facet normal 0 0 1
    outer loop
      vertex -31.9497474655509 -16.9497474655509 3.8
      vertex 33.173448853194714 -15.299777157604694 3.8
      vertex -32.41107317060232 -16.440752990543842 3.8
    endloop
  endfacet
  facet normal 0 0 1
    outer loop
      vertex -32.82028728723526 -15.888991631567478 3.8
      vertex -32.41107317060232 -16.440752990543842 3.8
      vertex 33.46715673059225 -14.678784027695656 3.8
    endloop
  endfacet
  facet normal 0 0 1
    outer loop
      vertex -32.82028728723526 -15.888991631567478 3.8
      vertex 33.69858235120773 -14.031992740929127 3.8
      vertex -33.173448853194714 -15.299777157604694 3.8
    endloop
  endfacet
  facet normal 0 0 1
    outer loop
      vertex -33.46715673059225 -14.678784027695656 3.8
      vertex 27 -14 3.8
      vertex -27 -14 3.8
    endloop
  endfacet
  facet normal 0 1 0
    outer loop
      vertex -27 -19 3.8
      vertex -27 -19 5
      vertex 27 -19 3.8
    endloop
  endfacet
  facet normal 1 0 0
    outer loop
      vertex -34 -12 3.8
      vertex -34 12 3.8
      vertex -34 12 5
    endloop
  endfacet
  facet normal 0.9987954563712295 -0.04906767094724794 0
    outer loop
      vertex -34 12 3.8
      vertex -33.96629308909178 12.686119981110096 3.8
      vertex -33.96629308909178 12.686119981110096 5
    endloop
  endfacet
  facet normal 0.9891765094904941 -0.14673047765274455 0
    outer loop
      vertex -33.96629308909178 12.686119981110096 3.8
      vertex -33.86549696326256 13.365632250905037 3.8
      vertex -33.86549696326256 13.365632250905037 5
    endloop
  endfacet
  facet normal 0 0 1
    outer loop
      vertex -29 -12 3.8
      vertex -29 12 3.8
      vertex -34 12 3.8
    endloop
  endfacet
  facet normal 0 0 1
    outer loop
      vertex -34 12 3.8
      vertex -29 12 3.8
      vertex -33.96629308909178 12.686119981110096 3.8
    endloop
  endfacet
  facet normal 0 0 1
    outer loop
      vertex -33.96629308909178 12.686119981110096 3.8
      vertex -28.847759068012238 12.765366867184639 3.8
      vertex -33.86549696326256 13.365632250905037 3.8
    endloop
  endfacet
  facet normal 0 0 1
    outer loop
      vertex -33.96629308909178 12.686119981110096 3.8
      vertex -29 12 3.8
      vertex -28.990369454026222 12.196034282445908 3.8
    endloop
  endfacet
  facet normal 0 0 1
    outer loop
      vertex -33.96629308909178 12.686119981110096 3.8
      vertex -28.990369454026222 12.196034282445908 3.8
      vertex -28.96157056093216 12.3901806473732 3.8
    endloop
  endfacet
  facet normal 0 0 1
    outer loop
      vertex -33.96629308909178 12.686119981110096 3.8
      vertex -28.96157056093216 12.3901806473732 3.8
      vertex -28.913880668580532 12.580569356679916 3.8
    endloop
  endfacet
  facet normal 0 0 1
    outer loop
      vertex -33.96629308909178 12.686119981110096 3.8
      vertex -28.913880668580532 12.580569356679916 3.8
      vertex -28.847759068012238 12.765366867184639 3.8
    endloop
  endfacet
  facet normal 0 0 1
    outer loop
      vertex -33.86549696326256 13.365632250905037 3.8
      vertex -28.847759068012238 12.765366867184639 3.8
      vertex -28.763842530548573 12.942793473601341 3.8
    endloop
  endfacet
  facet normal 0 0 1
    outer loop
      vertex -33.86549696326256 13.365632250905037 3.8
      vertex -28.763842530548573 12.942793473601341 3.8
      vertex -28.662939228117466 13.111140467226505 3.8
    endloop
  endfacet
  facet normal 0 0 1
    outer loop
      vertex -33.86549696326256 13.365632250905037 3.8
      vertex -28.662939228117466 13.111140467226505 3.8
      vertex -28.546020910143852 13.268786571919918 3.8
    endloop
  endfacet
  facet normal 0 0 1
    outer loop
      vertex -33.86549696326256 13.365632250905037 3.8
      vertex -28.546020910143852 13.268786571919918 3.8
      vertex -28.414213560521603 13.414213560521603 3.8
    endloop
  endfacet
  facet normal 0.9987954563712295 -0.04906767094724794 0
    outer loop
      vertex -34 12 3.8
      vertex -33.96629308909178 12.686119981110096 5
      vertex -34 12 5
    endloop
  endfacet
  facet normal 0.9891765094904941 -0.14673047765274455 0
    outer loop
      vertex -33.96629308909178 12.686119981110096 3.8
      vertex -33.86549696326256 13.365632250905037 5
      vertex -33.96629308909178 12.686119981110096 5
    endloop
  endfacet
  facet normal 0.9700312537033409 -0.2429801778720331 0
    outer loop
      vertex -33.86549696326256 13.365632250905037 3.8
      vertex -33.69858235120773 14.031992740929127 3.8
      vertex -33.69858235120773 14.031992740929127 5
    endloop
  endfacet
  facet normal 0 0 1
    outer loop
      vertex -33.86549696326256 13.365632250905037 3.8
      vertex -28.414213560521603 13.414213560521603 3.8
      vertex -33.69858235120773 14.031992740929127 3.8
    endloop
  endfacet
  facet normal 0 0 1
    outer loop
      vertex -33.69858235120773 14.031992740929127 3.8
      vertex -28.414213560521603 13.414213560521603 3.8
      vertex -28.268786571919918 13.546020910143852 3.8
    endloop
  endfacet
  facet normal 0 0 1
    outer loop
      vertex -33.69858235120773 14.031992740929127 3.8
      vertex -28.268786571919918 13.546020910143852 3.8
      vertex -28.111140467226505 13.662939228117466 3.8
    endloop
  endfacet
  facet normal 0 0 1
    outer loop
      vertex -33.69858235120773 14.031992740929127 3.8
      vertex -28.111140467226505 13.662939228117466 3.8
      vertex -27.94279347360134 13.763842530548573 3.8
    endloop
  endfacet
  facet normal 0 0 1
    outer loop
      vertex -33.69858235120773 14.031992740929127 3.8
      vertex -27.94279347360134 13.763842530548573 3.8
      vertex -27.76536686718464 13.847759068012238 3.8
    endloop
  endfacet
  facet normal 0 0 1
    outer loop
      vertex -33.69858235120773 14.031992740929127 3.8
      vertex -27.76536686718464 13.847759068012238 3.8
      vertex -27.580569356679916 13.913880668580532 3.8
    endloop
  endfacet
  facet normal 0 0 1
    outer loop
      vertex -33.69858235120773 14.031992740929127 3.8
      vertex -27.580569356679916 13.913880668580532 3.8
      vertex -27.3901806473732 13.96157056093216 3.8
    endloop
  endfacet
  facet normal 0 0 1
    outer loop
      vertex -33.69858235120773 14.031992740929127 3.8
      vertex -27.3901806473732 13.96157056093216 3.8
      vertex -27.196034282445908 13.990369454026222 3.8
    endloop
  endfacet
  facet normal 0 0 1
    outer loop
      vertex -33.69858235120773 14.031992740929127 3.8
      vertex -27.196034282445908 13.990369454026222 3.8
      vertex -27 14 3.8
    endloop
  endfacet
  facet normal 0 0 1
    outer loop
      vertex -28.365632250905037 18.865496963262558 3.8
      vertex -27 19 3.8
      vertex -27.686119981110096 18.966293089091778 3.8
    endloop
  endfacet
  facet normal 0.9415440662385606 -0.3368898504421839 0
    outer loop
      vertex -33.69858235120773 14.031992740929127 3.8
      vertex -33.46715673059225 14.678784027695656 3.8
      vertex -33.46715673059225 14.678784027695656 5
    endloop
  endfacet
  facet normal 0.9039892926282852 -0.42755509447720585 0
    outer loop
      vertex -33.46715673059225 14.678784027695656 3.8
      vertex -33.173448853194714 15.299777157604694 3.8
      vertex -33.173448853194714 15.299777157604694 5
    endloop
  endfacet
  facet normal 0.8577286091820686 -0.5141027455583117 0
    outer loop
      vertex -33.173448853194714 15.299777157604694 3.8
      vertex -32.82028728723526 15.888991631567478 3.8
      vertex -32.82028728723526 15.888991631567478 5
    endloop
  endfacet
  facet normal 0.8032075291568451 -0.5956993076257145 0
    outer loop
      vertex -32.82028728723526 15.888991631567478 3.8
      vertex -32.41107317060232 16.440752990543842 3.8
      vertex -32.41107317060232 16.440752990543842 5
    endloop
  endfacet
  facet normal 0.7409511227600454 -0.6715589577100645 0
    outer loop
      vertex -32.41107317060232 16.440752990543842 3.8
      vertex -31.9497474655509 16.9497474655509 3.8
      vertex -31.9497474655509 16.9497474655509 5
    endloop
  endfacet
  facet normal 0.6715589577100645 -0.7409511227600454 0
    outer loop
      vertex -31.9497474655509 16.9497474655509 3.8
      vertex -31.440752990543842 17.41107317060232 3.8
      vertex -31.440752990543842 17.41107317060232 5
    endloop
  endfacet
  facet normal 0.5956993076257145 -0.8032075291568451 0
    outer loop
      vertex -31.440752990543842 17.41107317060232 3.8
      vertex -30.888991631567478 17.82028728723526 3.8
      vertex -30.888991631567478 17.82028728723526 5
    endloop
  endfacet
  facet normal 0.5141027455583117 -0.8577286091820686 0
    outer loop
      vertex -30.888991631567478 17.82028728723526 3.8
      vertex -30.299777157604694 18.173448853194714 3.8
      vertex -30.299777157604694 18.173448853194714 5
    endloop
  endfacet
  facet normal 0.42755509447720585 -0.9039892926282852 0
    outer loop
      vertex -30.299777157604694 18.173448853194714 3.8
      vertex -29.678784027695656 18.46715673059225 3.8
      vertex -29.678784027695656 18.46715673059225 5
    endloop
  endfacet
  facet normal 0.3368898504421839 -0.9415440662385606 0
    outer loop
      vertex -29.678784027695656 18.46715673059225 3.8
      vertex -29.031992740929127 18.698582351207733 3.8
      vertex -29.031992740929127 18.698582351207733 5
    endloop
  endfacet
  facet normal 0.2429801778720331 -0.9700312537033409 0
    outer loop
      vertex -29.031992740929127 18.698582351207733 3.8
      vertex -28.365632250905037 18.865496963262558 3.8
      vertex -28.365632250905037 18.865496963262558 5
    endloop
  endfacet
  facet normal 0.14673047765274455 -0.9891765094904941 0
    outer loop
      vertex -28.365632250905037 18.865496963262558 3.8
      vertex -27.686119981110096 18.966293089091778 3.8
      vertex -27.686119981110096 18.966293089091778 5
    endloop
  endfacet
  facet normal 0.04906767094724794 -0.9987954563712295 0
    outer loop
      vertex -27.686119981110096 18.966293089091778 3.8
      vertex -27 19 3.8
      vertex -27 19 5
    endloop
  endfacet
  facet normal 0.9700312537033409 -0.2429801778720331 0
    outer loop
      vertex -33.86549696326256 13.365632250905037 3.8
      vertex -33.69858235120773 14.031992740929127 5
      vertex -33.86549696326256 13.365632250905037 5
    endloop
  endfacet
  facet normal 0.9415440662385606 -0.3368898504421839 0
    outer loop
      vertex -33.69858235120773 14.031992740929127 3.8
      vertex -33.46715673059225 14.678784027695656 5
      vertex -33.69858235120773 14.031992740929127 5
    endloop
  endfacet
  facet normal 0.9039892926282852 -0.42755509447720585 0
    outer loop
      vertex -33.46715673059225 14.678784027695656 3.8
      vertex -33.173448853194714 15.299777157604694 5
      vertex -33.46715673059225 14.678784027695656 5
    endloop
  endfacet
  facet normal 0.8577286091820686 -0.5141027455583117 0
    outer loop
      vertex -33.173448853194714 15.299777157604694 3.8
      vertex -32.82028728723526 15.888991631567478 5
      vertex -33.173448853194714 15.299777157604694 5
    endloop
  endfacet
  facet normal 0.8032075291568451 -0.5956993076257145 0
    outer loop
      vertex -32.82028728723526 15.888991631567478 3.8
      vertex -32.41107317060232 16.440752990543842 5
      vertex -32.82028728723526 15.888991631567478 5
    endloop
  endfacet
  facet normal 0.7409511227600454 -0.6715589577100645 0
    outer loop
      vertex -32.41107317060232 16.440752990543842 3.8
      vertex -31.9497474655509 16.9497474655509 5
      vertex -32.41107317060232 16.440752990543842 5
    endloop
  endfacet
  facet normal 0.6715589577100645 -0.7409511227600454 0
    outer loop
      vertex -31.9497474655509 16.9497474655509 3.8
      vertex -31.440752990543842 17.41107317060232 5
      vertex -31.9497474655509 16.9497474655509 5
    endloop
  endfacet
  facet normal 0.5956993076257145 -0.8032075291568451 0
    outer loop
      vertex -31.440752990543842 17.41107317060232 3.8
      vertex -30.888991631567478 17.82028728723526 5
      vertex -31.440752990543842 17.41107317060232 5
    endloop
  endfacet
  facet normal 0.5141027455583117 -0.8577286091820686 0
    outer loop
      vertex -30.888991631567478 17.82028728723526 3.8
      vertex -30.299777157604694 18.173448853194714 5
      vertex -30.888991631567478 17.82028728723526 5
    endloop
  endfacet
  facet normal 0.42755509447720585 -0.9039892926282852 0
    outer loop
      vertex -30.299777157604694 18.173448853194714 3.8
      vertex -29.678784027695656 18.46715673059225 5
      vertex -30.299777157604694 18.173448853194714 5
    endloop
  endfacet
  facet normal 0.3368898504421839 -0.9415440662385606 0
    outer loop
      vertex -29.678784027695656 18.46715673059225 3.8
      vertex -29.031992740929127 18.698582351207733 5
      vertex -29.678784027695656 18.46715673059225 5
    endloop
  endfacet
  facet normal 0.2429801778720331 -0.9700312537033409 0
    outer loop
      vertex -29.031992740929127 18.698582351207733 3.8
      vertex -28.365632250905037 18.865496963262558 5
      vertex -29.031992740929127 18.698582351207733 5
    endloop
  endfacet
  facet normal 0.14673047765274455 -0.9891765094904941 0
    outer loop
      vertex -28.365632250905037 18.865496963262558 3.8
      vertex -27.686119981110096 18.966293089091778 5
      vertex -28.365632250905037 18.865496963262558 5
    endloop
  endfacet
  facet normal 0.04906767094724794 -0.9987954563712295 0
    outer loop
      vertex -27.686119981110096 18.966293089091778 3.8
      vertex -27 19 5
      vertex -27.686119981110096 18.966293089091778 5
    endloop
  endfacet
  facet normal 0 0 1
    outer loop
      vertex -33.69858235120773 14.031992740929127 3.8
      vertex 32.82028728723526 15.888991631567478 3.8
      vertex -33.46715673059225 14.678784027695656 3.8
    endloop
  endfacet
  facet normal 0 0 1
    outer loop
      vertex -33.46715673059225 14.678784027695656 3.8
      vertex 32.41107317060232 16.440752990543842 3.8
      vertex -33.173448853194714 15.299777157604694 3.8
    endloop
  endfacet
  facet normal 0 0 1
    outer loop
      vertex -33.173448853194714 15.299777157604694 3.8
      vertex 31.9497474655509 16.9497474655509 3.8
      vertex -32.82028728723526 15.888991631567478 3.8
    endloop
  endfacet
  facet normal 0 0 1
    outer loop
      vertex -32.82028728723526 15.888991631567478 3.8
      vertex 31.440752990543842 17.41107317060232 3.8
      vertex -32.41107317060232 16.440752990543842 3.8
    endloop
  endfacet
  facet normal 0 0 1
    outer loop
      vertex -33.69858235120773 14.031992740929127 3.8
      vertex -27 14 3.8
      vertex 33.173448853194714 15.299777157604694 3.8
    endloop
  endfacet
  facet normal 0 0 1
    outer loop
      vertex -32.41107317060232 16.440752990543842 3.8
      vertex 30.888991631567478 17.82028728723526 3.8
      vertex -31.9497474655509 16.9497474655509 3.8
    endloop
  endfacet
  facet normal 0 0 1
    outer loop
      vertex -31.9497474655509 16.9497474655509 3.8
      vertex 30.299777157604694 18.173448853194714 3.8
      vertex -31.440752990543842 17.41107317060232 3.8
    endloop
  endfacet
  facet normal 0 0 1
    outer loop
      vertex -31.440752990543842 17.41107317060232 3.8
      vertex 29.678784027695656 18.46715673059225 3.8
      vertex -30.888991631567478 17.82028728723526 3.8
    endloop
  endfacet
  facet normal 0 0 1
    outer loop
      vertex -30.888991631567478 17.82028728723526 3.8
      vertex 29.031992740929127 18.698582351207733 3.8
      vertex -30.299777157604694 18.173448853194714 3.8
    endloop
  endfacet
  facet normal 0 0 1
    outer loop
      vertex -30.299777157604694 18.173448853194714 3.8
      vertex 28.365632250905037 18.865496963262558 3.8
      vertex -29.678784027695656 18.46715673059225 3.8
    endloop
  endfacet
  facet normal 0 0 1
    outer loop
      vertex -29.678784027695656 18.46715673059225 3.8
      vertex 27.686119981110096 18.966293089091778 3.8
      vertex -29.031992740929127 18.698582351207733 3.8
    endloop
  endfacet
  facet normal 0 0 1
    outer loop
      vertex -29.031992740929127 18.698582351207733 3.8
      vertex 27 19 3.8
      vertex -28.365632250905037 18.865496963262558 3.8
    endloop
  endfacet
  facet normal 0 0 1
    outer loop
      vertex -28.365632250905037 18.865496963262558 3.8
      vertex 27 19 3.8
      vertex -27 19 3.8
    endloop
  endfacet
  facet normal 0 -1 0
    outer loop
      vertex -27 19 3.8
      vertex 27 19 5
      vertex -27 19 5
    endloop
  endfacet
  facet normal 0 0 1
    outer loop
      vertex -27 -19 3.8
      vertex 27 -19 3.8
      vertex 28.365632250905037 -18.865496963262558 3.8
    endloop
  endfacet
  facet normal 0 0 1
    outer loop
      vertex -27 -19 3.8
      vertex 28.365632250905037 -18.865496963262558 3.8
      vertex 29.031992740929127 -18.698582351207733 3.8
    endloop
  endfacet
  facet normal 0 0 1
    outer loop
      vertex -27.686119981110096 -18.966293089091778 3.8
      vertex 29.031992740929127 -18.698582351207733 3.8
      vertex 29.678784027695656 -18.46715673059225 3.8
    endloop
  endfacet
  facet normal 0 0 1
    outer loop
      vertex -28.365632250905037 -18.865496963262558 3.8
      vertex 29.678784027695656 -18.46715673059225 3.8
      vertex 30.299777157604694 -18.173448853194714 3.8
    endloop
  endfacet
  facet normal 0 0 1
    outer loop
      vertex -29.031992740929127 -18.698582351207733 3.8
      vertex 30.299777157604694 -18.173448853194714 3.8
      vertex 30.888991631567478 -17.82028728723526 3.8
    endloop
  endfacet
  facet normal 0 0 1
    outer loop
      vertex -29.678784027695656 -18.46715673059225 3.8
      vertex 30.888991631567478 -17.82028728723526 3.8
      vertex 31.440752990543842 -17.41107317060232 3.8
    endloop
  endfacet
  facet normal 0 0 1
    outer loop
      vertex -30.299777157604694 -18.173448853194714 3.8
      vertex 31.440752990543842 -17.41107317060232 3.8
      vertex 31.9497474655509 -16.9497474655509 3.8
    endloop
  endfacet
  facet normal 0 0 1
    outer loop
      vertex -30.888991631567478 -17.82028728723526 3.8
      vertex 31.9497474655509 -16.9497474655509 3.8
      vertex 32.41107317060232 -16.440752990543842 3.8
    endloop
  endfacet
  facet normal 0 0 1
    outer loop
      vertex -33.173448853194714 -15.299777157604694 3.8
      vertex 33.69858235120773 -14.031992740929127 3.8
      vertex 27 -14 3.8
    endloop
  endfacet
  facet normal 0 0 1
    outer loop
      vertex -31.440752990543842 -17.41107317060232 3.8
      vertex 32.41107317060232 -16.440752990543842 3.8
      vertex 32.82028728723526 -15.888991631567478 3.8
    endloop
  endfacet
  facet normal 0 0 1
    outer loop
      vertex -31.9497474655509 -16.9497474655509 3.8
      vertex 32.82028728723526 -15.888991631567478 3.8
      vertex 33.173448853194714 -15.299777157604694 3.8
    endloop
  endfacet
  facet normal 0 0 1
    outer loop
      vertex -32.41107317060232 -16.440752990543842 3.8
      vertex 33.173448853194714 -15.299777157604694 3.8
      vertex 33.46715673059225 -14.678784027695656 3.8
    endloop
  endfacet
  facet normal 0 0 1
    outer loop
      vertex -32.82028728723526 -15.888991631567478 3.8
      vertex 33.46715673059225 -14.678784027695656 3.8
      vertex 33.69858235120773 -14.031992740929127 3.8
    endloop
  endfacet
  facet normal 0 1 0
    outer loop
      vertex 27 -19 3.8
      vertex -27 -19 5
      vertex 27 -19 5
    endloop
  endfacet
  facet normal 0 0 1
    outer loop
      vertex 27 -19 3.8
      vertex 27.686119981110096 -18.966293089091778 3.8
      vertex 28.365632250905037 -18.865496963262558 3.8
    endloop
  endfacet
  facet normal 0 0 1
    outer loop
      vertex 27 -14 3.8
      vertex 33.69858235120773 -14.031992740929127 3.8
      vertex 27.196034282445908 -13.990369454026222 3.8
    endloop
  endfacet
  facet normal 0 0 1
    outer loop
      vertex 27.196034282445908 -13.990369454026222 3.8
      vertex 33.69858235120773 -14.031992740929127 3.8
      vertex 27.3901806473732 -13.96157056093216 3.8
    endloop
  endfacet
  facet normal 0 0 1
    outer loop
      vertex 27.3901806473732 -13.96157056093216 3.8
      vertex 33.69858235120773 -14.031992740929127 3.8
      vertex 27.580569356679916 -13.913880668580532 3.8
    endloop
  endfacet
  facet normal 0 0 1
    outer loop
      vertex 27.580569356679916 -13.913880668580532 3.8
      vertex 33.69858235120773 -14.031992740929127 3.8
      vertex 27.76536686718464 -13.847759068012238 3.8
    endloop
  endfacet
  facet normal 0 0 1
    outer loop
      vertex 27.76536686718464 -13.847759068012238 3.8
      vertex 33.69858235120773 -14.031992740929127 3.8
      vertex 27.94279347360134 -13.763842530548573 3.8
    endloop
  endfacet
  facet normal 0 0 1
    outer loop
      vertex 27.94279347360134 -13.763842530548573 3.8
      vertex 33.69858235120773 -14.031992740929127 3.8
      vertex 28.111140467226505 -13.662939228117466 3.8
    endloop
  endfacet
  facet normal 0 0 1
    outer loop
      vertex 28.111140467226505 -13.662939228117466 3.8
      vertex 33.69858235120773 -14.031992740929127 3.8
      vertex 28.268786571919918 -13.546020910143852 3.8
    endloop
  endfacet
  facet normal 0 0 1
    outer loop
      vertex 28.268786571919918 -13.546020910143852 3.8
      vertex 33.69858235120773 -14.031992740929127 3.8
      vertex 28.414213560521603 -13.414213560521603 3.8
    endloop
  endfacet
  facet normal 0 0 1
    outer loop
      vertex 28.414213560521603 -13.414213560521603 3.8
      vertex 33.69858235120773 -14.031992740929127 3.8
      vertex 33.86549696326256 -13.365632250905037 3.8
    endloop
  endfacet
  facet normal -0.04906767094724794 0.9987954563712295 0
    outer loop
      vertex 27 -19 3.8
      vertex 27 -19 5
      vertex 27.686119981110096 -18.966293089091778 3.8
    endloop
  endfacet
  facet normal -0.14673047765274455 0.9891765094904941 0
    outer loop
      vertex 27.686119981110096 -18.966293089091778 3.8
      vertex 27.686119981110096 -18.966293089091778 5
      vertex 28.365632250905037 -18.865496963262558 3.8
    endloop
  endfacet
  facet normal -0.2429801778720331 0.9700312537033409 0
    outer loop
      vertex 28.365632250905037 -18.865496963262558 3.8
      vertex 28.365632250905037 -18.865496963262558 5
      vertex 29.031992740929127 -18.698582351207733 3.8
    endloop
  endfacet
  facet normal -0.3368898504421839 0.9415440662385606 0
    outer loop
      vertex 29.031992740929127 -18.698582351207733 3.8
      vertex 29.031992740929127 -18.698582351207733 5
      vertex 29.678784027695656 -18.46715673059225 3.8
    endloop
  endfacet
  facet normal -0.42755509447720585 0.9039892926282852 0
    outer loop
      vertex 29.678784027695656 -18.46715673059225 3.8
      vertex 29.678784027695656 -18.46715673059225 5
      vertex 30.299777157604694 -18.173448853194714 3.8
    endloop
  endfacet
  facet normal -0.5141027455583117 0.8577286091820686 0
    outer loop
      vertex 30.299777157604694 -18.173448853194714 3.8
      vertex 30.299777157604694 -18.173448853194714 5
      vertex 30.888991631567478 -17.82028728723526 3.8
    endloop
  endfacet
  facet normal -0.5956993076257145 0.8032075291568451 0
    outer loop
      vertex 30.888991631567478 -17.82028728723526 3.8
      vertex 30.888991631567478 -17.82028728723526 5
      vertex 31.440752990543842 -17.41107317060232 3.8
    endloop
  endfacet
  facet normal -0.6715589577100645 0.7409511227600454 0
    outer loop
      vertex 31.440752990543842 -17.41107317060232 3.8
      vertex 31.440752990543842 -17.41107317060232 5
      vertex 31.9497474655509 -16.9497474655509 3.8
    endloop
  endfacet
  facet normal -0.7409511227600454 0.6715589577100645 0
    outer loop
      vertex 31.9497474655509 -16.9497474655509 3.8
      vertex 31.9497474655509 -16.9497474655509 5
      vertex 32.41107317060232 -16.440752990543842 3.8
    endloop
  endfacet
  facet normal -0.8032075291568451 0.5956993076257145 0
    outer loop
      vertex 32.41107317060232 -16.440752990543842 3.8
      vertex 32.41107317060232 -16.440752990543842 5
      vertex 32.82028728723526 -15.888991631567478 3.8
    endloop
  endfacet
  facet normal -0.8577286091820686 0.5141027455583117 0
    outer loop
      vertex 32.82028728723526 -15.888991631567478 3.8
      vertex 32.82028728723526 -15.888991631567478 5
      vertex 33.173448853194714 -15.299777157604694 3.8
    endloop
  endfacet
  facet normal -0.9039892926282852 0.42755509447720585 0
    outer loop
      vertex 33.173448853194714 -15.299777157604694 3.8
      vertex 33.173448853194714 -15.299777157604694 5
      vertex 33.46715673059225 -14.678784027695656 3.8
    endloop
  endfacet
  facet normal -0.9415440662385606 0.3368898504421839 0
    outer loop
      vertex 33.46715673059225 -14.678784027695656 3.8
      vertex 33.46715673059225 -14.678784027695656 5
      vertex 33.69858235120773 -14.031992740929127 3.8
    endloop
  endfacet
  facet normal -0.9700312537033409 0.2429801778720331 0
    outer loop
      vertex 33.69858235120773 -14.031992740929127 3.8
      vertex 33.69858235120773 -14.031992740929127 5
      vertex 33.86549696326256 -13.365632250905037 3.8
    endloop
  endfacet
  facet normal -0.04906767094724794 0.9987954563712295 0
    outer loop
      vertex 27.686119981110096 -18.966293089091778 3.8
      vertex 27 -19 5
      vertex 27.686119981110096 -18.966293089091778 5
    endloop
  endfacet
  facet normal -0.14673047765274455 0.9891765094904941 0
    outer loop
      vertex 28.365632250905037 -18.865496963262558 3.8
      vertex 27.686119981110096 -18.966293089091778 5
      vertex 28.365632250905037 -18.865496963262558 5
    endloop
  endfacet
  facet normal -0.2429801778720331 0.9700312537033409 0
    outer loop
      vertex 29.031992740929127 -18.698582351207733 3.8
      vertex 28.365632250905037 -18.865496963262558 5
      vertex 29.031992740929127 -18.698582351207733 5
    endloop
  endfacet
  facet normal -0.3368898504421839 0.9415440662385606 0
    outer loop
      vertex 29.678784027695656 -18.46715673059225 3.8
      vertex 29.031992740929127 -18.698582351207733 5
      vertex 29.678784027695656 -18.46715673059225 5
    endloop
  endfacet
  facet normal -0.42755509447720585 0.9039892926282852 0
    outer loop
      vertex 30.299777157604694 -18.173448853194714 3.8
      vertex 29.678784027695656 -18.46715673059225 5
      vertex 30.299777157604694 -18.173448853194714 5
    endloop
  endfacet
  facet normal -0.5141027455583117 0.8577286091820686 0
    outer loop
      vertex 30.888991631567478 -17.82028728723526 3.8
      vertex 30.299777157604694 -18.173448853194714 5
      vertex 30.888991631567478 -17.82028728723526 5
    endloop
  endfacet
  facet normal -0.5956993076257145 0.8032075291568451 0
    outer loop
      vertex 31.440752990543842 -17.41107317060232 3.8
      vertex 30.888991631567478 -17.82028728723526 5
      vertex 31.440752990543842 -17.41107317060232 5
    endloop
  endfacet
  facet normal -0.6715589577100645 0.7409511227600454 0
    outer loop
      vertex 31.9497474655509 -16.9497474655509 3.8
      vertex 31.440752990543842 -17.41107317060232 5
      vertex 31.9497474655509 -16.9497474655509 5
    endloop
  endfacet
  facet normal -0.7409511227600454 0.6715589577100645 0
    outer loop
      vertex 32.41107317060232 -16.440752990543842 3.8
      vertex 31.9497474655509 -16.9497474655509 5
      vertex 32.41107317060232 -16.440752990543842 5
    endloop
  endfacet
  facet normal -0.8032075291568451 0.5956993076257145 0
    outer loop
      vertex 32.82028728723526 -15.888991631567478 3.8
      vertex 32.41107317060232 -16.440752990543842 5
      vertex 32.82028728723526 -15.888991631567478 5
    endloop
  endfacet
  facet normal -0.8577286091820686 0.5141027455583117 0
    outer loop
      vertex 33.173448853194714 -15.299777157604694 3.8
      vertex 32.82028728723526 -15.888991631567478 5
      vertex 33.173448853194714 -15.299777157604694 5
    endloop
  endfacet
  facet normal -0.9039892926282852 0.42755509447720585 0
    outer loop
      vertex 33.46715673059225 -14.678784027695656 3.8
      vertex 33.173448853194714 -15.299777157604694 5
      vertex 33.46715673059225 -14.678784027695656 5
    endloop
  endfacet
  facet normal -0.9415440662385606 0.3368898504421839 0
    outer loop
      vertex 33.69858235120773 -14.031992740929127 3.8
      vertex 33.46715673059225 -14.678784027695656 5
      vertex 33.69858235120773 -14.031992740929127 5
    endloop
  endfacet
  facet normal -0.9700312537033409 0.2429801778720331 0
    outer loop
      vertex 33.86549696326256 -13.365632250905037 3.8
      vertex 33.69858235120773 -14.031992740929127 5
      vertex 33.86549696326256 -13.365632250905037 5
    endloop
  endfacet
  facet normal 0 0 1
    outer loop
      vertex 28.414213560521603 -13.414213560521603 3.8
      vertex 33.86549696326256 -13.365632250905037 3.8
      vertex 28.546020910143852 -13.268786571919918 3.8
    endloop
  endfacet
  facet normal 0 0 1
    outer loop
      vertex 28.546020910143852 -13.268786571919918 3.8
      vertex 33.86549696326256 -13.365632250905037 3.8
      vertex 28.662939228117466 -13.111140467226505 3.8
    endloop
  endfacet
  facet normal 0 0 1
    outer loop
      vertex 28.662939228117466 -13.111140467226505 3.8
      vertex 33.86549696326256 -13.365632250905037 3.8
      vertex 28.763842530548573 -12.942793473601341 3.8
    endloop
  endfacet
  facet normal 0 0 1
    outer loop
      vertex 28.763842530548573 -12.942793473601341 3.8
      vertex 33.86549696326256 -13.365632250905037 3.8
      vertex 28.847759068012238 -12.765366867184639 3.8
    endloop
  endfacet
  facet normal 0 0 1
    outer loop
      vertex 28.847759068012238 -12.765366867184639 3.8
      vertex 33.96629308909178 -12.686119981110096 3.8
      vertex 28.913880668580532 -12.580569356679916 3.8
    endloop
  endfacet
  facet normal 0 0 1
    outer loop
      vertex 28.913880668580532 -12.580569356679916 3.8
      vertex 33.96629308909178 -12.686119981110096 3.8
      vertex 28.96157056093216 -12.3901806473732 3.8
    endloop
  endfacet
  facet normal 0 0 1
    outer loop
      vertex 28.96157056093216 -12.3901806473732 3.8
      vertex 33.96629308909178 -12.686119981110096 3.8
      vertex 28.990369454026222 -12.196034282445908 3.8
    endloop
  endfacet
  facet normal 0 0 1
    outer loop
      vertex 28.990369454026222 -12.196034282445908 3.8
      vertex 33.96629308909178 -12.686119981110096 3.8
      vertex 29 -12 3.8
    endloop
  endfacet
  facet normal 0 0 1
    outer loop
      vertex 28.847759068012238 -12.765366867184639 3.8
      vertex 33.86549696326256 -13.365632250905037 3.8
      vertex 33.96629308909178 -12.686119981110096 3.8
    endloop
  endfacet
  facet normal 0 0 1
    outer loop
      vertex 29 -12 3.8
      vertex 33.96629308909178 -12.686119981110096 3.8
      vertex 34 -12 3.8
    endloop
  endfacet
  facet normal 0 0 1
    outer loop
      vertex 29 -12 3.8
      vertex 34 -12 3.8
      vertex 29 12 3.8
    endloop
  endfacet
  facet normal -0.9891765094904941 0.14673047765274455 0
    outer loop
      vertex 33.86549696326256 -13.365632250905037 3.8
      vertex 33.86549696326256 -13.365632250905037 5
      vertex 33.96629308909178 -12.686119981110096 3.8
    endloop
  endfacet
  facet normal -0.9987954563712295 0.04906767094724794 0
    outer loop
      vertex 33.96629308909178 -12.686119981110096 3.8
      vertex 33.96629308909178 -12.686119981110096 5
      vertex 34 -12 3.8
    endloop
  endfacet
  facet normal -1 0 0
    outer loop
      vertex 34 -12 3.8
      vertex 34 -12 5
      vertex 34 12 3.8
    endloop
  endfacet
  facet normal -0.9891765094904941 0.14673047765274455 0
    outer loop
      vertex 33.96629308909178 -12.686119981110096 3.8
      vertex 33.86549696326256 -13.365632250905037 5
      vertex 33.96629308909178 -12.686119981110096 5
    endloop
  endfacet
  facet normal -0.9987954563712295 0.04906767094724794 0
    outer loop
      vertex 34 -12 3.8
      vertex 33.96629308909178 -12.686119981110096 5
      vertex 34 -12 5
    endloop
  endfacet
  facet normal 0 0 1
    outer loop
      vertex -27 14 3.8
      vertex 27 14 3.8
      vertex 33.46715673059225 14.678784027695656 3.8
    endloop
  endfacet
  facet normal 0 0 1
    outer loop
      vertex -33.69858235120773 14.031992740929127 3.8
      vertex 33.173448853194714 15.299777157604694 3.8
      vertex 32.82028728723526 15.888991631567478 3.8
    endloop
  endfacet
  facet normal 0 0 1
    outer loop
      vertex -33.46715673059225 14.678784027695656 3.8
      vertex 32.82028728723526 15.888991631567478 3.8
      vertex 32.41107317060232 16.440752990543842 3.8
    endloop
  endfacet
  facet normal 0 0 1
    outer loop
      vertex -33.173448853194714 15.299777157604694 3.8
      vertex 32.41107317060232 16.440752990543842 3.8
      vertex 31.9497474655509 16.9497474655509 3.8
    endloop
  endfacet
  facet normal 0 0 1
    outer loop
      vertex -32.82028728723526 15.888991631567478 3.8
      vertex 31.9497474655509 16.9497474655509 3.8
      vertex 31.440752990543842 17.41107317060232 3.8
    endloop
  endfacet
  facet normal 0 0 1
    outer loop
      vertex -31.9497474655509 16.9497474655509 3.8
      vertex 30.888991631567478 17.82028728723526 3.8
      vertex 30.299777157604694 18.173448853194714 3.8
    endloop
  endfacet
  facet normal 0 0 1
    outer loop
      vertex -31.440752990543842 17.41107317060232 3.8
      vertex 30.299777157604694 18.173448853194714 3.8
      vertex 29.678784027695656 18.46715673059225 3.8
    endloop
  endfacet
  facet normal 0 0 1
    outer loop
      vertex -30.888991631567478 17.82028728723526 3.8
      vertex 29.678784027695656 18.46715673059225 3.8
      vertex 29.031992740929127 18.698582351207733 3.8
    endloop
  endfacet
  facet normal 0 0 1
    outer loop
      vertex -32.41107317060232 16.440752990543842 3.8
      vertex 31.440752990543842 17.41107317060232 3.8
      vertex 30.888991631567478 17.82028728723526 3.8
    endloop
  endfacet
  facet normal 0 0 1
    outer loop
      vertex -29.031992740929127 18.698582351207733 3.8
      vertex 27.686119981110096 18.966293089091778 3.8
      vertex 27 19 3.8
    endloop
  endfacet
  facet normal 0 0 1
    outer loop
      vertex -29.678784027695656 18.46715673059225 3.8
      vertex 28.365632250905037 18.865496963262558 3.8
      vertex 27.686119981110096 18.966293089091778 3.8
    endloop
  endfacet
  facet normal 0 0 1
    outer loop
      vertex -30.299777157604694 18.173448853194714 3.8
      vertex 29.031992740929127 18.698582351207733 3.8
      vertex 28.365632250905037 18.865496963262558 3.8
    endloop
  endfacet
  facet normal 0 -1 0
    outer loop
      vertex -27 19 3.8
      vertex 27 19 3.8
      vertex 27 19 5
    endloop
  endfacet
  facet normal 0 0 1
    outer loop
      vertex -27 14 3.8
      vertex 33.46715673059225 14.678784027695656 3.8
      vertex 33.173448853194714 15.299777157604694 3.8
    endloop
  endfacet
  facet normal 0 0 1
    outer loop
      vertex 34 -12 3.8
      vertex 34 12 3.8
      vertex 29 12 3.8
    endloop
  endfacet
  facet normal 0 0 1
    outer loop
      vertex 29 12 3.8
      vertex 33.86549696326256 13.365632250905037 3.8
      vertex 28.990369454026222 12.196034282445908 3.8
    endloop
  endfacet
  facet normal 0 0 1
    outer loop
      vertex 28.990369454026222 12.196034282445908 3.8
      vertex 33.86549696326256 13.365632250905037 3.8
      vertex 28.96157056093216 12.3901806473732 3.8
    endloop
  endfacet
  facet normal 0 0 1
    outer loop
      vertex 28.96157056093216 12.3901806473732 3.8
      vertex 33.86549696326256 13.365632250905037 3.8
      vertex 28.913880668580532 12.580569356679916 3.8
    endloop
  endfacet
  facet normal 0 0 1
    outer loop
      vertex 28.913880668580532 12.580569356679916 3.8
      vertex 33.86549696326256 13.365632250905037 3.8
      vertex 28.847759068012238 12.765366867184639 3.8
    endloop
  endfacet
  facet normal 0 0 1
    outer loop
      vertex 28.847759068012238 12.765366867184639 3.8
      vertex 33.86549696326256 13.365632250905037 3.8
      vertex 28.763842530548573 12.942793473601341 3.8
    endloop
  endfacet
  facet normal 0 0 1
    outer loop
      vertex 28.546020910143852 13.268786571919918 3.8
      vertex 28.662939228117466 13.111140467226505 3.8
      vertex 33.86549696326256 13.365632250905037 3.8
    endloop
  endfacet
  facet normal 0 0 1
    outer loop
      vertex 28.763842530548573 12.942793473601341 3.8
      vertex 33.86549696326256 13.365632250905037 3.8
      vertex 28.662939228117466 13.111140467226505 3.8
    endloop
  endfacet
  facet normal 0 0 1
    outer loop
      vertex 29 12 3.8
      vertex 34 12 3.8
      vertex 33.96629308909178 12.686119981110096 3.8
    endloop
  endfacet
  facet normal 0 0 1
    outer loop
      vertex 29 12 3.8
      vertex 33.96629308909178 12.686119981110096 3.8
      vertex 33.86549696326256 13.365632250905037 3.8
    endloop
  endfacet
  facet normal -0.9987954563712295 -0.04906767094724794 0
    outer loop
      vertex 33.96629308909178 12.686119981110096 3.8
      vertex 34 12 3.8
      vertex 34 12 5
    endloop
  endfacet
  facet normal -0.9891765094904941 -0.14673047765274455 0
    outer loop
      vertex 33.96629308909178 12.686119981110096 3.8
      vertex 33.96629308909178 12.686119981110096 5
      vertex 33.86549696326256 13.365632250905037 3.8
    endloop
  endfacet
  facet normal -1 0 0
    outer loop
      vertex 34 12 3.8
      vertex 34 -12 5
      vertex 34 12 5
    endloop
  endfacet
  facet normal -0.9987954563712295 -0.04906767094724794 0
    outer loop
      vertex 33.96629308909178 12.686119981110096 3.8
      vertex 34 12 5
      vertex 33.96629308909178 12.686119981110096 5
    endloop
  endfacet
  facet normal -0.9891765094904941 -0.14673047765274455 0
    outer loop
      vertex 33.86549696326256 13.365632250905037 3.8
      vertex 33.96629308909178 12.686119981110096 5
      vertex 33.86549696326256 13.365632250905037 5
    endloop
  endfacet
  facet normal 0 0 1
    outer loop
      vertex 27 14 3.8
      vertex 27.196034282445908 13.990369454026222 3.8
      vertex 33.46715673059225 14.678784027695656 3.8
    endloop
  endfacet
  facet normal 0 0 1
    outer loop
      vertex 27.196034282445908 13.990369454026222 3.8
      vertex 27.3901806473732 13.96157056093216 3.8
      vertex 33.46715673059225 14.678784027695656 3.8
    endloop
  endfacet
  facet normal 0 0 1
    outer loop
      vertex 27.580569356679916 13.913880668580532 3.8
      vertex 33.46715673059225 14.678784027695656 3.8
      vertex 27.3901806473732 13.96157056093216 3.8
    endloop
  endfacet
  facet normal 0 0 1
    outer loop
      vertex 27.76536686718464 13.847759068012238 3.8
      vertex 27.94279347360134 13.763842530548573 3.8
      vertex 33.69858235120773 14.031992740929127 3.8
    endloop
  endfacet
  facet normal 0 0 1
    outer loop
      vertex 28.546020910143852 13.268786571919918 3.8
      vertex 33.69858235120773 14.031992740929127 3.8
      vertex 28.414213560521603 13.414213560521603 3.8
    endloop
  endfacet
  facet normal 0 0 1
    outer loop
      vertex 28.268786571919918 13.546020910143852 3.8
      vertex 28.414213560521603 13.414213560521603 3.8
      vertex 33.69858235120773 14.031992740929127 3.8
    endloop
  endfacet
  facet normal 0 0 1
    outer loop
      vertex 28.268786571919918 13.546020910143852 3.8
      vertex 33.69858235120773 14.031992740929127 3.8
      vertex 28.111140467226505 13.662939228117466 3.8
    endloop
  endfacet
  facet normal 0 0 1
    outer loop
      vertex 28.111140467226505 13.662939228117466 3.8
      vertex 33.69858235120773 14.031992740929127 3.8
      vertex 27.94279347360134 13.763842530548573 3.8
    endloop
  endfacet
  facet normal 0 0 1
    outer loop
      vertex 27.580569356679916 13.913880668580532 3.8
      vertex 27.76536686718464 13.847759068012238 3.8
      vertex 33.69858235120773 14.031992740929127 3.8
    endloop
  endfacet
  facet normal 0 0 1
    outer loop
      vertex 27.580569356679916 13.913880668580532 3.8
      vertex 33.69858235120773 14.031992740929127 3.8
      vertex 33.46715673059225 14.678784027695656 3.8
    endloop
  endfacet
  facet normal 0 0 1
    outer loop
      vertex 28.546020910143852 13.268786571919918 3.8
      vertex 33.86549696326256 13.365632250905037 3.8
      vertex 33.69858235120773 14.031992740929127 3.8
    endloop
  endfacet
  facet normal -0.04906767094724794 -0.9987954563712295 0
    outer loop
      vertex 27 19 3.8
      vertex 27.686119981110096 18.966293089091778 3.8
      vertex 27.686119981110096 18.966293089091778 5
    endloop
  endfacet
  facet normal -0.9415440662385606 -0.3368898504421839 0
    outer loop
      vertex 33.69858235120773 14.031992740929127 3.8
      vertex 33.69858235120773 14.031992740929127 5
      vertex 33.46715673059225 14.678784027695656 3.8
    endloop
  endfacet
  facet normal -0.9039892926282852 -0.42755509447720585 0
    outer loop
      vertex 33.46715673059225 14.678784027695656 3.8
      vertex 33.46715673059225 14.678784027695656 5
      vertex 33.173448853194714 15.299777157604694 3.8
    endloop
  endfacet
  facet normal -0.7409511227600454 -0.6715589577100645 0
    outer loop
      vertex 32.41107317060232 16.440752990543842 3.8
      vertex 32.41107317060232 16.440752990543842 5
      vertex 31.9497474655509 16.9497474655509 3.8
    endloop
  endfacet
  facet normal -0.8577286091820686 -0.5141027455583117 0
    outer loop
      vertex 33.173448853194714 15.299777157604694 3.8
      vertex 33.173448853194714 15.299777157604694 5
      vertex 32.82028728723526 15.888991631567478 3.8
    endloop
  endfacet
  facet normal -0.8032075291568451 -0.5956993076257145 0
    outer loop
      vertex 32.41107317060232 16.440752990543842 3.8
      vertex 32.82028728723526 15.888991631567478 3.8
      vertex 32.82028728723526 15.888991631567478 5
    endloop
  endfacet
  facet normal -0.3368898504421839 -0.9415440662385606 0
    outer loop
      vertex 29.031992740929127 18.698582351207733 3.8
      vertex 29.678784027695656 18.46715673059225 3.8
      vertex 29.678784027695656 18.46715673059225 5
    endloop
  endfacet
  facet normal -0.42755509447720585 -0.9039892926282852 0
    outer loop
      vertex 29.678784027695656 18.46715673059225 3.8
      vertex 30.299777157604694 18.173448853194714 3.8
      vertex 30.299777157604694 18.173448853194714 5
    endloop
  endfacet
  facet normal -0.5141027455583117 -0.8577286091820686 0
    outer loop
      vertex 30.299777157604694 18.173448853194714 3.8
      vertex 30.888991631567478 17.82028728723526 3.8
      vertex 30.888991631567478 17.82028728723526 5
    endloop
  endfacet
  facet normal -0.14673047765274455 -0.9891765094904941 0
    outer loop
      vertex 27.686119981110096 18.966293089091778 3.8
      vertex 28.365632250905037 18.865496963262558 3.8
      vertex 28.365632250905037 18.865496963262558 5
    endloop
  endfacet
  facet normal -0.2429801778720331 -0.9700312537033409 0
    outer loop
      vertex 28.365632250905037 18.865496963262558 3.8
      vertex 29.031992740929127 18.698582351207733 3.8
      vertex 29.031992740929127 18.698582351207733 5
    endloop
  endfacet
  facet normal -0.5956993076257145 -0.8032075291568451 0
    outer loop
      vertex 31.440752990543842 17.41107317060232 3.8
      vertex 31.440752990543842 17.41107317060232 5
      vertex 30.888991631567478 17.82028728723526 3.8
    endloop
  endfacet
  facet normal -0.6715589577100645 -0.7409511227600454 0
    outer loop
      vertex 31.440752990543842 17.41107317060232 3.8
      vertex 31.9497474655509 16.9497474655509 3.8
      vertex 31.9497474655509 16.9497474655509 5
    endloop
  endfacet
  facet normal -0.9700312537033409 -0.2429801778720331 0
    outer loop
      vertex 33.86549696326256 13.365632250905037 3.8
      vertex 33.86549696326256 13.365632250905037 5
      vertex 33.69858235120773 14.031992740929127 3.8
    endloop
  endfacet
  facet normal -0.04906767094724794 -0.9987954563712295 0
    outer loop
      vertex 27 19 3.8
      vertex 27.686119981110096 18.966293089091778 5
      vertex 27 19 5
    endloop
  endfacet
  facet normal -0.14673047765274455 -0.9891765094904941 0
    outer loop
      vertex 27.686119981110096 18.966293089091778 3.8
      vertex 28.365632250905037 18.865496963262558 5
      vertex 27.686119981110096 18.966293089091778 5
    endloop
  endfacet
  facet normal -0.9415440662385606 -0.3368898504421839 0
    outer loop
      vertex 33.46715673059225 14.678784027695656 3.8
      vertex 33.69858235120773 14.031992740929127 5
      vertex 33.46715673059225 14.678784027695656 5
    endloop
  endfacet
  facet normal -0.9039892926282852 -0.42755509447720585 0
    outer loop
      vertex 33.173448853194714 15.299777157604694 3.8
      vertex 33.46715673059225 14.678784027695656 5
      vertex 33.173448853194714 15.299777157604694 5
    endloop
  endfacet
  facet normal -0.7409511227600454 -0.6715589577100645 0
    outer loop
      vertex 31.9497474655509 16.9497474655509 3.8
      vertex 32.41107317060232 16.440752990543842 5
      vertex 31.9497474655509 16.9497474655509 5
    endloop
  endfacet
  facet normal -0.8577286091820686 -0.5141027455583117 0
    outer loop
      vertex 32.82028728723526 15.888991631567478 3.8
      vertex 33.173448853194714 15.299777157604694 5
      vertex 32.82028728723526 15.888991631567478 5
    endloop
  endfacet
  facet normal -0.8032075291568451 -0.5956993076257145 0
    outer loop
      vertex 32.41107317060232 16.440752990543842 3.8
      vertex 32.82028728723526 15.888991631567478 5
      vertex 32.41107317060232 16.440752990543842 5
    endloop
  endfacet
  facet normal -0.42755509447720585 -0.9039892926282852 0
    outer loop
      vertex 29.678784027695656 18.46715673059225 3.8
      vertex 30.299777157604694 18.173448853194714 5
      vertex 29.678784027695656 18.46715673059225 5
    endloop
  endfacet
  facet normal -0.5141027455583117 -0.8577286091820686 0
    outer loop
      vertex 30.299777157604694 18.173448853194714 3.8
      vertex 30.888991631567478 17.82028728723526 5
      vertex 30.299777157604694 18.173448853194714 5
    endloop
  endfacet
  facet normal -0.2429801778720331 -0.9700312537033409 0
    outer loop
      vertex 28.365632250905037 18.865496963262558 3.8
      vertex 29.031992740929127 18.698582351207733 5
      vertex 28.365632250905037 18.865496963262558 5
    endloop
  endfacet
  facet normal -0.3368898504421839 -0.9415440662385606 0
    outer loop
      vertex 29.031992740929127 18.698582351207733 3.8
      vertex 29.678784027695656 18.46715673059225 5
      vertex 29.031992740929127 18.698582351207733 5
    endloop
  endfacet
  facet normal -0.6715589577100645 -0.7409511227600454 0
    outer loop
      vertex 31.440752990543842 17.41107317060232 3.8
      vertex 31.9497474655509 16.9497474655509 5
      vertex 31.440752990543842 17.41107317060232 5
    endloop
  endfacet
  facet normal -0.5956993076257145 -0.8032075291568451 0
    outer loop
      vertex 30.888991631567478 17.82028728723526 3.8
      vertex 31.440752990543842 17.41107317060232 5
      vertex 30.888991631567478 17.82028728723526 5
    endloop
  endfacet
  facet normal -0.9700312537033409 -0.2429801778720331 0
    outer loop
      vertex 33.69858235120773 14.031992740929127 3.8
      vertex 33.86549696326256 13.365632250905037 5
      vertex 33.69858235120773 14.031992740929127 5
    endloop
  endfacet
  facet normal -0.671558983390028 -0.7409510994850822 0
    outer loop
      vertex -28.414213560521603 -13.414213560521603 3.8
      vertex -28.268786571919918 -13.546020910143852 3.8
      vertex -28.268786571919918 -13.546020910143852 5
    endloop
  endfacet
  facet normal -0.5956992989376801 -0.8032075356003305 0
    outer loop
      vertex -28.111140467226505 -13.662939228117466 3.8
      vertex -28.111140467226505 -13.662939228117466 5
      vertex -28.268786571919918 -13.546020910143852 3.8
    endloop
  endfacet
  facet normal -0.242980195736783 -0.9700312492284537 0
    outer loop
      vertex -27.3901806473732 -13.96157056093216 3.8
      vertex -27.3901806473732 -13.96157056093216 5
      vertex -27.580569356679916 -13.913880668580532 3.8
    endloop
  endfacet
  facet normal -0.5141027351876691 -0.8577286153979925 0
    outer loop
      vertex -27.94279347360134 -13.763842530548573 3.8
      vertex -27.94279347360134 -13.763842530548573 5
      vertex -28.111140467226505 -13.662939228117466 3.8
    endloop
  endfacet
  facet normal -0.4275551031008397 -0.9039892885496101 0
    outer loop
      vertex -27.94279347360134 -13.763842530548573 3.8
      vertex -27.76536686718464 -13.847759068012238 3.8
      vertex -27.76536686718464 -13.847759068012238 5
    endloop
  endfacet
  facet normal -0.33688982640475995 -0.9415440748392879 0
    outer loop
      vertex -27.76536686718464 -13.847759068012238 3.8
      vertex -27.580569356679916 -13.913880668580532 3.8
      vertex -27.580569356679916 -13.913880668580532 5
    endloop
  endfacet
  facet normal -0.14673047607854153 -0.9891765097240051 0
    outer loop
      vertex -27.3901806473732 -13.96157056093216 3.8
      vertex -27.196034282445908 -13.990369454026222 3.8
      vertex -27.196034282445908 -13.990369454026222 5
    endloop
  endfacet
  facet normal -0.0490676704157047 -0.9987954563973426 0
    outer loop
      vertex -27.196034282445908 -13.990369454026222 3.8
      vertex -27 -14 3.8
      vertex -27 -14 5
    endloop
  endfacet
  facet normal -0.5956992989376801 -0.8032075356003305 0
    outer loop
      vertex -28.268786571919918 -13.546020910143852 3.8
      vertex -28.111140467226505 -13.662939228117466 5
      vertex -28.268786571919918 -13.546020910143852 5
    endloop
  endfacet
  facet normal -0.242980195736783 -0.9700312492284537 0
    outer loop
      vertex -27.580569356679916 -13.913880668580532 3.8
      vertex -27.3901806473732 -13.96157056093216 5
      vertex -27.580569356679916 -13.913880668580532 5
    endloop
  endfacet
  facet normal -0.4275551031008397 -0.9039892885496101 0
    outer loop
      vertex -27.94279347360134 -13.763842530548573 3.8
      vertex -27.76536686718464 -13.847759068012238 5
      vertex -27.94279347360134 -13.763842530548573 5
    endloop
  endfacet
  facet normal -0.5141027351876691 -0.8577286153979925 0
    outer loop
      vertex -28.111140467226505 -13.662939228117466 3.8
      vertex -27.94279347360134 -13.763842530548573 5
      vertex -28.111140467226505 -13.662939228117466 5
    endloop
  endfacet
  facet normal -0.33688982640475995 -0.9415440748392879 0
    outer loop
      vertex -27.76536686718464 -13.847759068012238 3.8
      vertex -27.580569356679916 -13.913880668580532 5
      vertex -27.76536686718464 -13.847759068012238 5
    endloop
  endfacet
  facet normal -0.14673047607854153 -0.9891765097240051 0
    outer loop
      vertex -27.3901806473732 -13.96157056093216 3.8
      vertex -27.196034282445908 -13.990369454026222 5
      vertex -27.3901806473732 -13.96157056093216 5
    endloop
  endfacet
  facet normal -0.0490676704157047 -0.9987954563973426 0
    outer loop
      vertex -27.196034282445908 -13.990369454026222 3.8
      vertex -27 -14 5
      vertex -27.196034282445908 -13.990369454026222 5
    endloop
  endfacet
  facet normal -0.9415440748392879 -0.33688982640475995 0
    outer loop
      vertex -28.847759068012238 -12.765366867184639 3.8
      vertex -28.847759068012238 -12.765366867184639 5
      vertex -28.913880668580532 -12.580569356679916 3.8
    endloop
  endfacet
  facet normal -0.8032075356003305 -0.5956992989376801 0
    outer loop
      vertex -28.662939228117466 -13.111140467226505 3.8
      vertex -28.546020910143852 -13.268786571919918 3.8
      vertex -28.546020910143852 -13.268786571919918 5
    endloop
  endfacet
  facet normal -0.7409510994850822 -0.671558983390028 0
    outer loop
      vertex -28.414213560521603 -13.414213560521603 3.8
      vertex -28.414213560521603 -13.414213560521603 5
      vertex -28.546020910143852 -13.268786571919918 3.8
    endloop
  endfacet
  facet normal -0.8577286153979925 -0.5141027351876691 0
    outer loop
      vertex -28.662939228117466 -13.111140467226505 3.8
      vertex -28.662939228117466 -13.111140467226505 5
      vertex -28.763842530548573 -12.942793473601341 3.8
    endloop
  endfacet
  facet normal -0.9039892885496101 -0.4275551031008397 0
    outer loop
      vertex -28.763842530548573 -12.942793473601341 3.8
      vertex -28.763842530548573 -12.942793473601341 5
      vertex -28.847759068012238 -12.765366867184639 3.8
    endloop
  endfacet
  facet normal -0.9700312492284537 -0.242980195736783 0
    outer loop
      vertex -28.913880668580532 -12.580569356679916 3.8
      vertex -28.913880668580532 -12.580569356679916 5
      vertex -28.96157056093216 -12.3901806473732 3.8
    endloop
  endfacet
  facet normal -0.9891765097240051 -0.14673047607854153 0
    outer loop
      vertex -28.96157056093216 -12.3901806473732 3.8
      vertex -28.96157056093216 -12.3901806473732 5
      vertex -28.990369454026222 -12.196034282445908 3.8
    endloop
  endfacet
  facet normal -0.9987954563973426 -0.0490676704157047 0
    outer loop
      vertex -28.990369454026222 -12.196034282445908 3.8
      vertex -28.990369454026222 -12.196034282445908 5
      vertex -29 -12 3.8
    endloop
  endfacet
  facet normal -0.7409510994850822 -0.671558983390028 0
    outer loop
      vertex -28.546020910143852 -13.268786571919918 3.8
      vertex -28.414213560521603 -13.414213560521603 5
      vertex -28.546020910143852 -13.268786571919918 5
    endloop
  endfacet
  facet normal -0.8032075356003305 -0.5956992989376801 0
    outer loop
      vertex -28.662939228117466 -13.111140467226505 3.8
      vertex -28.546020910143852 -13.268786571919918 5
      vertex -28.662939228117466 -13.111140467226505 5
    endloop
  endfacet
  facet normal -0.671558983390028 -0.7409510994850822 0
    outer loop
      vertex -28.414213560521603 -13.414213560521603 3.8
      vertex -28.268786571919918 -13.546020910143852 5
      vertex -28.414213560521603 -13.414213560521603 5
    endloop
  endfacet
  facet normal -0.8577286153979925 -0.5141027351876691 0
    outer loop
      vertex -28.763842530548573 -12.942793473601341 3.8
      vertex -28.662939228117466 -13.111140467226505 5
      vertex -28.763842530548573 -12.942793473601341 5
    endloop
  endfacet
  facet normal -0.9039892885496101 -0.4275551031008397 0
    outer loop
      vertex -28.847759068012238 -12.765366867184639 3.8
      vertex -28.763842530548573 -12.942793473601341 5
      vertex -28.847759068012238 -12.765366867184639 5
    endloop
  endfacet
  facet normal -0.9415440748392879 -0.33688982640475995 0
    outer loop
      vertex -28.913880668580532 -12.580569356679916 3.8
      vertex -28.847759068012238 -12.765366867184639 5
      vertex -28.913880668580532 -12.580569356679916 5
    endloop
  endfacet
  facet normal -0.9700312492284537 -0.242980195736783 0
    outer loop
      vertex -28.96157056093216 -12.3901806473732 3.8
      vertex -28.913880668580532 -12.580569356679916 5
      vertex -28.96157056093216 -12.3901806473732 5
    endloop
  endfacet
  facet normal -0.9891765097240051 -0.14673047607854153 0
    outer loop
      vertex -28.990369454026222 -12.196034282445908 3.8
      vertex -28.96157056093216 -12.3901806473732 5
      vertex -28.990369454026222 -12.196034282445908 5
    endloop
  endfacet
  facet normal -0.9987954563973426 -0.0490676704157047 0
    outer loop
      vertex -29 -12 3.8
      vertex -28.990369454026222 -12.196034282445908 5
      vertex -29 -12 5
    endloop
  endfacet
  facet normal -1 0 0
    outer loop
      vertex -29 -12 3.8
      vertex -29 -12 5
      vertex -29 12 5
    endloop
  endfacet
  facet normal 0 -1 0
    outer loop
      vertex -27 -14 3.8
      vertex 27 -14 3.8
      vertex -27 -14 5
    endloop
  endfacet
  facet normal -1 0 0
    outer loop
      vertex -29 -12 3.8
      vertex -29 12 5
      vertex -29 12 3.8
    endloop
  endfacet
  facet normal -0.9987954563973426 0.0490676704157047 0
    outer loop
      vertex -29 12 3.8
      vertex -29 12 5
      vertex -28.990369454026222 12.196034282445908 3.8
    endloop
  endfacet
  facet normal -0.9891765097240051 0.14673047607854153 0
    outer loop
      vertex -28.990369454026222 12.196034282445908 3.8
      vertex -28.990369454026222 12.196034282445908 5
      vertex -28.96157056093216 12.3901806473732 3.8
    endloop
  endfacet
  facet normal -0.9700312492284537 0.242980195736783 0
    outer loop
      vertex -28.96157056093216 12.3901806473732 3.8
      vertex -28.96157056093216 12.3901806473732 5
      vertex -28.913880668580532 12.580569356679916 3.8
    endloop
  endfacet
  facet normal -0.9415440748392879 0.33688982640475995 0
    outer loop
      vertex -28.913880668580532 12.580569356679916 3.8
      vertex -28.913880668580532 12.580569356679916 5
      vertex -28.847759068012238 12.765366867184639 3.8
    endloop
  endfacet
  facet normal -0.9039892885496101 0.4275551031008397 0
    outer loop
      vertex -28.847759068012238 12.765366867184639 3.8
      vertex -28.847759068012238 12.765366867184639 5
      vertex -28.763842530548573 12.942793473601341 3.8
    endloop
  endfacet
  facet normal -0.8577286153979925 0.5141027351876691 0
    outer loop
      vertex -28.763842530548573 12.942793473601341 3.8
      vertex -28.763842530548573 12.942793473601341 5
      vertex -28.662939228117466 13.111140467226505 3.8
    endloop
  endfacet
  facet normal -0.8032075356003305 0.5956992989376801 0
    outer loop
      vertex -28.662939228117466 13.111140467226505 3.8
      vertex -28.662939228117466 13.111140467226505 5
      vertex -28.546020910143852 13.268786571919918 3.8
    endloop
  endfacet
  facet normal -0.7409510994850822 0.671558983390028 0
    outer loop
      vertex -28.546020910143852 13.268786571919918 3.8
      vertex -28.546020910143852 13.268786571919918 5
      vertex -28.414213560521603 13.414213560521603 3.8
    endloop
  endfacet
  facet normal -0.671558983390028 0.7409510994850822 0
    outer loop
      vertex -28.414213560521603 13.414213560521603 3.8
      vertex -28.414213560521603 13.414213560521603 5
      vertex -28.268786571919918 13.546020910143852 3.8
    endloop
  endfacet
  facet normal -0.9987954563973426 0.0490676704157047 0
    outer loop
      vertex -28.990369454026222 12.196034282445908 3.8
      vertex -29 12 5
      vertex -28.990369454026222 12.196034282445908 5
    endloop
  endfacet
  facet normal -0.9891765097240051 0.14673047607854153 0
    outer loop
      vertex -28.96157056093216 12.3901806473732 3.8
      vertex -28.990369454026222 12.196034282445908 5
      vertex -28.96157056093216 12.3901806473732 5
    endloop
  endfacet
  facet normal -0.9700312492284537 0.242980195736783 0
    outer loop
      vertex -28.913880668580532 12.580569356679916 3.8
      vertex -28.96157056093216 12.3901806473732 5
      vertex -28.913880668580532 12.580569356679916 5
    endloop
  endfacet
  facet normal -0.9415440748392879 0.33688982640475995 0
    outer loop
      vertex -28.847759068012238 12.765366867184639 3.8
      vertex -28.913880668580532 12.580569356679916 5
      vertex -28.847759068012238 12.765366867184639 5
    endloop
  endfacet
  facet normal -0.9039892885496101 0.4275551031008397 0
    outer loop
      vertex -28.763842530548573 12.942793473601341 3.8
      vertex -28.847759068012238 12.765366867184639 5
      vertex -28.763842530548573 12.942793473601341 5
    endloop
  endfacet
  facet normal -0.8577286153979925 0.5141027351876691 0
    outer loop
      vertex -28.662939228117466 13.111140467226505 3.8
      vertex -28.763842530548573 12.942793473601341 5
      vertex -28.662939228117466 13.111140467226505 5
    endloop
  endfacet
  facet normal -0.8032075356003305 0.5956992989376801 0
    outer loop
      vertex -28.546020910143852 13.268786571919918 3.8
      vertex -28.662939228117466 13.111140467226505 5
      vertex -28.546020910143852 13.268786571919918 5
    endloop
  endfacet
  facet normal -0.7409510994850822 0.671558983390028 0
    outer loop
      vertex -28.414213560521603 13.414213560521603 3.8
      vertex -28.546020910143852 13.268786571919918 5
      vertex -28.414213560521603 13.414213560521603 5
    endloop
  endfacet
  facet normal -0.5956992989376801 0.8032075356003305 0
    outer loop
      vertex -28.268786571919918 13.546020910143852 3.8
      vertex -28.268786571919918 13.546020910143852 5
      vertex -28.111140467226505 13.662939228117466 3.8
    endloop
  endfacet
  facet normal -0.5141027351876691 0.8577286153979925 0
    outer loop
      vertex -28.111140467226505 13.662939228117466 3.8
      vertex -28.111140467226505 13.662939228117466 5
      vertex -27.94279347360134 13.763842530548573 3.8
    endloop
  endfacet
  facet normal -0.4275551031008397 0.9039892885496101 0
    outer loop
      vertex -27.94279347360134 13.763842530548573 3.8
      vertex -27.94279347360134 13.763842530548573 5
      vertex -27.76536686718464 13.847759068012238 3.8
    endloop
  endfacet
  facet normal -0.33688982640475995 0.9415440748392879 0
    outer loop
      vertex -27.76536686718464 13.847759068012238 3.8
      vertex -27.76536686718464 13.847759068012238 5
      vertex -27.580569356679916 13.913880668580532 3.8
    endloop
  endfacet
  facet normal -0.242980195736783 0.9700312492284537 0
    outer loop
      vertex -27.580569356679916 13.913880668580532 3.8
      vertex -27.580569356679916 13.913880668580532 5
      vertex -27.3901806473732 13.96157056093216 3.8
    endloop
  endfacet
  facet normal -0.14673047607854153 0.9891765097240051 0
    outer loop
      vertex -27.3901806473732 13.96157056093216 3.8
      vertex -27.3901806473732 13.96157056093216 5
      vertex -27.196034282445908 13.990369454026222 3.8
    endloop
  endfacet
  facet normal -0.0490676704157047 0.9987954563973426 0
    outer loop
      vertex -27.196034282445908 13.990369454026222 3.8
      vertex -27.196034282445908 13.990369454026222 5
      vertex -27 14 3.8
    endloop
  endfacet
  facet normal -0.671558983390028 0.7409510994850822 0
    outer loop
      vertex -28.268786571919918 13.546020910143852 3.8
      vertex -28.414213560521603 13.414213560521603 5
      vertex -28.268786571919918 13.546020910143852 5
    endloop
  endfacet
  facet normal -0.5956992989376801 0.8032075356003305 0
    outer loop
      vertex -28.111140467226505 13.662939228117466 3.8
      vertex -28.268786571919918 13.546020910143852 5
      vertex -28.111140467226505 13.662939228117466 5
    endloop
  endfacet
  facet normal -0.5141027351876691 0.8577286153979925 0
    outer loop
      vertex -27.94279347360134 13.763842530548573 3.8
      vertex -28.111140467226505 13.662939228117466 5
      vertex -27.94279347360134 13.763842530548573 5
    endloop
  endfacet
  facet normal -0.4275551031008397 0.9039892885496101 0
    outer loop
      vertex -27.76536686718464 13.847759068012238 3.8
      vertex -27.94279347360134 13.763842530548573 5
      vertex -27.76536686718464 13.847759068012238 5
    endloop
  endfacet
  facet normal -0.33688982640475995 0.9415440748392879 0
    outer loop
      vertex -27.580569356679916 13.913880668580532 3.8
      vertex -27.76536686718464 13.847759068012238 5
      vertex -27.580569356679916 13.913880668580532 5
    endloop
  endfacet
  facet normal -0.242980195736783 0.9700312492284537 0
    outer loop
      vertex -27.3901806473732 13.96157056093216 3.8
      vertex -27.580569356679916 13.913880668580532 5
      vertex -27.3901806473732 13.96157056093216 5
    endloop
  endfacet
  facet normal -0.14673047607854153 0.9891765097240051 0
    outer loop
      vertex -27.196034282445908 13.990369454026222 3.8
      vertex -27.3901806473732 13.96157056093216 5
      vertex -27.196034282445908 13.990369454026222 5
    endloop
  endfacet
  facet normal -0.0490676704157047 0.9987954563973426 0
    outer loop
      vertex -27 14 3.8
      vertex -27.196034282445908 13.990369454026222 5
      vertex -27 14 5
    endloop
  endfacet
  facet normal 0 1 0
    outer loop
      vertex -27 14 3.8
      vertex -27 14 5
      vertex 27 14 5
    endloop
  endfacet
  facet normal 0 -1 0
    outer loop
      vertex 27 -14 3.8
      vertex 27 -14 5
      vertex -27 -14 5
    endloop
  endfacet
  facet normal 0.0490676704157047 -0.9987954563973426 0
    outer loop
      vertex 27 -14 3.8
      vertex 27.196034282445908 -13.990369454026222 3.8
      vertex 27.196034282445908 -13.990369454026222 5
    endloop
  endfacet
  facet normal 0.14673047607854153 -0.9891765097240051 0
    outer loop
      vertex 27.196034282445908 -13.990369454026222 3.8
      vertex 27.3901806473732 -13.96157056093216 3.8
      vertex 27.3901806473732 -13.96157056093216 5
    endloop
  endfacet
  facet normal 0.242980195736783 -0.9700312492284537 0
    outer loop
      vertex 27.3901806473732 -13.96157056093216 3.8
      vertex 27.580569356679916 -13.913880668580532 3.8
      vertex 27.580569356679916 -13.913880668580532 5
    endloop
  endfacet
  facet normal 0.33688982640475995 -0.9415440748392879 0
    outer loop
      vertex 27.580569356679916 -13.913880668580532 3.8
      vertex 27.76536686718464 -13.847759068012238 3.8
      vertex 27.76536686718464 -13.847759068012238 5
    endloop
  endfacet
  facet normal 0.4275551031008397 -0.9039892885496101 0
    outer loop
      vertex 27.76536686718464 -13.847759068012238 3.8
      vertex 27.94279347360134 -13.763842530548573 3.8
      vertex 27.94279347360134 -13.763842530548573 5
    endloop
  endfacet
  facet normal 0.5141027351876691 -0.8577286153979925 0
    outer loop
      vertex 27.94279347360134 -13.763842530548573 3.8
      vertex 28.111140467226505 -13.662939228117466 3.8
      vertex 28.111140467226505 -13.662939228117466 5
    endloop
  endfacet
  facet normal 0.5956992989376801 -0.8032075356003305 0
    outer loop
      vertex 28.111140467226505 -13.662939228117466 3.8
      vertex 28.268786571919918 -13.546020910143852 3.8
      vertex 28.268786571919918 -13.546020910143852 5
    endloop
  endfacet
  facet normal 0.0490676704157047 -0.9987954563973426 0
    outer loop
      vertex 27 -14 3.8
      vertex 27.196034282445908 -13.990369454026222 5
      vertex 27 -14 5
    endloop
  endfacet
  facet normal 0.14673047607854153 -0.9891765097240051 0
    outer loop
      vertex 27.196034282445908 -13.990369454026222 3.8
      vertex 27.3901806473732 -13.96157056093216 5
      vertex 27.196034282445908 -13.990369454026222 5
    endloop
  endfacet
  facet normal 0.242980195736783 -0.9700312492284537 0
    outer loop
      vertex 27.3901806473732 -13.96157056093216 3.8
      vertex 27.580569356679916 -13.913880668580532 5
      vertex 27.3901806473732 -13.96157056093216 5
    endloop
  endfacet
  facet normal 0.33688982640475995 -0.9415440748392879 0
    outer loop
      vertex 27.580569356679916 -13.913880668580532 3.8
      vertex 27.76536686718464 -13.847759068012238 5
      vertex 27.580569356679916 -13.913880668580532 5
    endloop
  endfacet
  facet normal 0.4275551031008397 -0.9039892885496101 0
    outer loop
      vertex 27.76536686718464 -13.847759068012238 3.8
      vertex 27.94279347360134 -13.763842530548573 5
      vertex 27.76536686718464 -13.847759068012238 5
    endloop
  endfacet
  facet normal 0.5141027351876691 -0.8577286153979925 0
    outer loop
      vertex 27.94279347360134 -13.763842530548573 3.8
      vertex 28.111140467226505 -13.662939228117466 5
      vertex 27.94279347360134 -13.763842530548573 5
    endloop
  endfacet
  facet normal 0.5956992989376801 -0.8032075356003305 0
    outer loop
      vertex 28.111140467226505 -13.662939228117466 3.8
      vertex 28.268786571919918 -13.546020910143852 5
      vertex 28.111140467226505 -13.662939228117466 5
    endloop
  endfacet
  facet normal 0.671558983390028 -0.7409510994850822 0
    outer loop
      vertex 28.268786571919918 -13.546020910143852 3.8
      vertex 28.414213560521603 -13.414213560521603 5
      vertex 28.268786571919918 -13.546020910143852 5
    endloop
  endfacet
  facet normal 0.671558983390028 -0.7409510994850822 0
    outer loop
      vertex 28.268786571919918 -13.546020910143852 3.8
      vertex 28.414213560521603 -13.414213560521603 3.8
      vertex 28.414213560521603 -13.414213560521603 5
    endloop
  endfacet
  facet normal 0.7409510994850822 -0.671558983390028 0
    outer loop
      vertex 28.414213560521603 -13.414213560521603 3.8
      vertex 28.546020910143852 -13.268786571919918 3.8
      vertex 28.546020910143852 -13.268786571919918 5
    endloop
  endfacet
  facet normal 0.8032075356003305 -0.5956992989376801 0
    outer loop
      vertex 28.546020910143852 -13.268786571919918 3.8
      vertex 28.662939228117466 -13.111140467226505 3.8
      vertex 28.662939228117466 -13.111140467226505 5
    endloop
  endfacet
  facet normal 0.8577286153979925 -0.5141027351876691 0
    outer loop
      vertex 28.662939228117466 -13.111140467226505 3.8
      vertex 28.763842530548573 -12.942793473601341 3.8
      vertex 28.763842530548573 -12.942793473601341 5
    endloop
  endfacet
  facet normal 0.9039892885496101 -0.4275551031008397 0
    outer loop
      vertex 28.763842530548573 -12.942793473601341 3.8
      vertex 28.847759068012238 -12.765366867184639 3.8
      vertex 28.847759068012238 -12.765366867184639 5
    endloop
  endfacet
  facet normal 0.9415440748392879 -0.33688982640475995 0
    outer loop
      vertex 28.847759068012238 -12.765366867184639 3.8
      vertex 28.913880668580532 -12.580569356679916 3.8
      vertex 28.913880668580532 -12.580569356679916 5
    endloop
  endfacet
  facet normal 0.9700312492284537 -0.242980195736783 0
    outer loop
      vertex 28.913880668580532 -12.580569356679916 3.8
      vertex 28.96157056093216 -12.3901806473732 3.8
      vertex 28.96157056093216 -12.3901806473732 5
    endloop
  endfacet
  facet normal 0.9891765097240051 -0.14673047607854153 0
    outer loop
      vertex 28.96157056093216 -12.3901806473732 3.8
      vertex 28.990369454026222 -12.196034282445908 3.8
      vertex 28.990369454026222 -12.196034282445908 5
    endloop
  endfacet
  facet normal 0.9987954563973426 -0.0490676704157047 0
    outer loop
      vertex 28.990369454026222 -12.196034282445908 3.8
      vertex 29 -12 3.8
      vertex 29 -12 5
    endloop
  endfacet
  facet normal 1 0 0
    outer loop
      vertex 29 -12 3.8
      vertex 29 12 3.8
      vertex 29 -12 5
    endloop
  endfacet
  facet normal 0.7409510994850822 -0.671558983390028 0
    outer loop
      vertex 28.414213560521603 -13.414213560521603 3.8
      vertex 28.546020910143852 -13.268786571919918 5
      vertex 28.414213560521603 -13.414213560521603 5
    endloop
  endfacet
  facet normal 0.8032075356003305 -0.5956992989376801 0
    outer loop
      vertex 28.546020910143852 -13.268786571919918 3.8
      vertex 28.662939228117466 -13.111140467226505 5
      vertex 28.546020910143852 -13.268786571919918 5
    endloop
  endfacet
  facet normal 0.8577286153979925 -0.5141027351876691 0
    outer loop
      vertex 28.662939228117466 -13.111140467226505 3.8
      vertex 28.763842530548573 -12.942793473601341 5
      vertex 28.662939228117466 -13.111140467226505 5
    endloop
  endfacet
  facet normal 0.9039892885496101 -0.4275551031008397 0
    outer loop
      vertex 28.763842530548573 -12.942793473601341 3.8
      vertex 28.847759068012238 -12.765366867184639 5
      vertex 28.763842530548573 -12.942793473601341 5
    endloop
  endfacet
  facet normal 0.9415440748392879 -0.33688982640475995 0
    outer loop
      vertex 28.847759068012238 -12.765366867184639 3.8
      vertex 28.913880668580532 -12.580569356679916 5
      vertex 28.847759068012238 -12.765366867184639 5
    endloop
  endfacet
  facet normal 0.9700312492284537 -0.242980195736783 0
    outer loop
      vertex 28.913880668580532 -12.580569356679916 3.8
      vertex 28.96157056093216 -12.3901806473732 5
      vertex 28.913880668580532 -12.580569356679916 5
    endloop
  endfacet
  facet normal 0.9891765097240051 -0.14673047607854153 0
    outer loop
      vertex 28.96157056093216 -12.3901806473732 3.8
      vertex 28.990369454026222 -12.196034282445908 5
      vertex 28.96157056093216 -12.3901806473732 5
    endloop
  endfacet
  facet normal 0.9987954563973426 -0.0490676704157047 0
    outer loop
      vertex 28.990369454026222 -12.196034282445908 3.8
      vertex 29 -12 5
      vertex 28.990369454026222 -12.196034282445908 5
    endloop
  endfacet
  facet normal 0 1 0
    outer loop
      vertex -27 14 3.8
      vertex 27 14 5
      vertex 27 14 3.8
    endloop
  endfacet
  facet normal 0.9987954563973426 0.0490676704157047 0
    outer loop
      vertex 29 12 3.8
      vertex 28.990369454026222 12.196034282445908 3.8
      vertex 28.990369454026222 12.196034282445908 5
    endloop
  endfacet
  facet normal 0.9891765097240051 0.14673047607854153 0
    outer loop
      vertex 28.990369454026222 12.196034282445908 3.8
      vertex 28.96157056093216 12.3901806473732 3.8
      vertex 28.96157056093216 12.3901806473732 5
    endloop
  endfacet
  facet normal 0.9700312492284537 0.242980195736783 0
    outer loop
      vertex 28.96157056093216 12.3901806473732 3.8
      vertex 28.913880668580532 12.580569356679916 3.8
      vertex 28.913880668580532 12.580569356679916 5
    endloop
  endfacet
  facet normal 0.9039892885496101 0.4275551031008397 0
    outer loop
      vertex 28.847759068012238 12.765366867184639 3.8
      vertex 28.763842530548573 12.942793473601341 3.8
      vertex 28.763842530548573 12.942793473601341 5
    endloop
  endfacet
  facet normal 0.8577286153979925 0.5141027351876691 0
    outer loop
      vertex 28.763842530548573 12.942793473601341 3.8
      vertex 28.662939228117466 13.111140467226505 3.8
      vertex 28.662939228117466 13.111140467226505 5
    endloop
  endfacet
  facet normal 0.7409510994850822 0.671558983390028 0
    outer loop
      vertex 28.546020910143852 13.268786571919918 3.8
      vertex 28.414213560521603 13.414213560521603 3.8
      vertex 28.414213560521603 13.414213560521603 5
    endloop
  endfacet
  facet normal 0.8032075356003305 0.5956992989376801 0
    outer loop
      vertex 28.546020910143852 13.268786571919918 3.8
      vertex 28.546020910143852 13.268786571919918 5
      vertex 28.662939228117466 13.111140467226505 3.8
    endloop
  endfacet
  facet normal 0.9415440748392879 0.33688982640475995 0
    outer loop
      vertex 28.913880668580532 12.580569356679916 3.8
      vertex 28.847759068012238 12.765366867184639 3.8
      vertex 28.847759068012238 12.765366867184639 5
    endloop
  endfacet
  facet normal 1 0 0
    outer loop
      vertex 29 12 3.8
      vertex 29 12 5
      vertex 29 -12 5
    endloop
  endfacet
  facet normal 0.9987954563973426 0.0490676704157047 0
    outer loop
      vertex 29 12 3.8
      vertex 28.990369454026222 12.196034282445908 5
      vertex 29 12 5
    endloop
  endfacet
  facet normal 0.9891765097240051 0.14673047607854153 0
    outer loop
      vertex 28.990369454026222 12.196034282445908 3.8
      vertex 28.96157056093216 12.3901806473732 5
      vertex 28.990369454026222 12.196034282445908 5
    endloop
  endfacet
  facet normal 0.9700312492284537 0.242980195736783 0
    outer loop
      vertex 28.96157056093216 12.3901806473732 3.8
      vertex 28.913880668580532 12.580569356679916 5
      vertex 28.96157056093216 12.3901806473732 5
    endloop
  endfacet
  facet normal 0.9415440748392879 0.33688982640475995 0
    outer loop
      vertex 28.913880668580532 12.580569356679916 3.8
      vertex 28.847759068012238 12.765366867184639 5
      vertex 28.913880668580532 12.580569356679916 5
    endloop
  endfacet
  facet normal 0.9039892885496101 0.4275551031008397 0
    outer loop
      vertex 28.847759068012238 12.765366867184639 3.8
      vertex 28.763842530548573 12.942793473601341 5
      vertex 28.847759068012238 12.765366867184639 5
    endloop
  endfacet
  facet normal 0.8577286153979925 0.5141027351876691 0
    outer loop
      vertex 28.763842530548573 12.942793473601341 3.8
      vertex 28.662939228117466 13.111140467226505 5
      vertex 28.763842530548573 12.942793473601341 5
    endloop
  endfacet
  facet normal 0.671558983390028 0.7409510994850822 0
    outer loop
      vertex 28.414213560521603 13.414213560521603 3.8
      vertex 28.268786571919918 13.546020910143852 5
      vertex 28.414213560521603 13.414213560521603 5
    endloop
  endfacet
  facet normal 0.8032075356003305 0.5956992989376801 0
    outer loop
      vertex 28.662939228117466 13.111140467226505 3.8
      vertex 28.546020910143852 13.268786571919918 5
      vertex 28.662939228117466 13.111140467226505 5
    endloop
  endfacet
  facet normal 0.7409510994850822 0.671558983390028 0
    outer loop
      vertex 28.546020910143852 13.268786571919918 3.8
      vertex 28.414213560521603 13.414213560521603 5
      vertex 28.546020910143852 13.268786571919918 5
    endloop
  endfacet
  facet normal 0.0490676704157047 0.9987954563973426 0
    outer loop
      vertex 27 14 3.8
      vertex 27 14 5
      vertex 27.196034282445908 13.990369454026222 3.8
    endloop
  endfacet
  facet normal 0.14673047607854153 0.9891765097240051 0
    outer loop
      vertex 27.196034282445908 13.990369454026222 3.8
      vertex 27.196034282445908 13.990369454026222 5
      vertex 27.3901806473732 13.96157056093216 3.8
    endloop
  endfacet
  facet normal 0.33688982640475995 0.9415440748392879 0
    outer loop
      vertex 27.580569356679916 13.913880668580532 3.8
      vertex 27.580569356679916 13.913880668580532 5
      vertex 27.76536686718464 13.847759068012238 3.8
    endloop
  endfacet
  facet normal 0.4275551031008397 0.9039892885496101 0
    outer loop
      vertex 27.76536686718464 13.847759068012238 3.8
      vertex 27.76536686718464 13.847759068012238 5
      vertex 27.94279347360134 13.763842530548573 3.8
    endloop
  endfacet
  facet normal 0.5141027351876691 0.8577286153979925 0
    outer loop
      vertex 28.111140467226505 13.662939228117466 3.8
      vertex 27.94279347360134 13.763842530548573 3.8
      vertex 27.94279347360134 13.763842530548573 5
    endloop
  endfacet
  facet normal 0.242980195736783 0.9700312492284537 0
    outer loop
      vertex 27.580569356679916 13.913880668580532 3.8
      vertex 27.3901806473732 13.96157056093216 3.8
      vertex 27.3901806473732 13.96157056093216 5
    endloop
  endfacet
  facet normal 0.5956992989376801 0.8032075356003305 0
    outer loop
      vertex 28.268786571919918 13.546020910143852 3.8
      vertex 28.111140467226505 13.662939228117466 3.8
      vertex 28.111140467226505 13.662939228117466 5
    endloop
  endfacet
  facet normal 0.671558983390028 0.7409510994850822 0
    outer loop
      vertex 28.268786571919918 13.546020910143852 3.8
      vertex 28.268786571919918 13.546020910143852 5
      vertex 28.414213560521603 13.414213560521603 3.8
    endloop
  endfacet
  facet normal 0.0490676704157047 0.9987954563973426 0
    outer loop
      vertex 27.196034282445908 13.990369454026222 3.8
      vertex 27 14 5
      vertex 27.196034282445908 13.990369454026222 5
    endloop
  endfacet
  facet normal 0.14673047607854153 0.9891765097240051 0
    outer loop
      vertex 27.3901806473732 13.96157056093216 3.8
      vertex 27.196034282445908 13.990369454026222 5
      vertex 27.3901806473732 13.96157056093216 5
    endloop
  endfacet
  facet normal 0.33688982640475995 0.9415440748392879 0
    outer loop
      vertex 27.76536686718464 13.847759068012238 3.8
      vertex 27.580569356679916 13.913880668580532 5
      vertex 27.76536686718464 13.847759068012238 5
    endloop
  endfacet
  facet normal 0.5141027351876691 0.8577286153979925 0
    outer loop
      vertex 28.111140467226505 13.662939228117466 3.8
      vertex 27.94279347360134 13.763842530548573 5
      vertex 28.111140467226505 13.662939228117466 5
    endloop
  endfacet
  facet normal 0.4275551031008397 0.9039892885496101 0
    outer loop
      vertex 27.94279347360134 13.763842530548573 3.8
      vertex 27.76536686718464 13.847759068012238 5
      vertex 27.94279347360134 13.763842530548573 5
    endloop
  endfacet
  facet normal 0.242980195736783 0.9700312492284537 0
    outer loop
      vertex 27.580569356679916 13.913880668580532 3.8
      vertex 27.3901806473732 13.96157056093216 5
      vertex 27.580569356679916 13.913880668580532 5
    endloop
  endfacet
  facet normal 0.5956992989376801 0.8032075356003305 0
    outer loop
      vertex 28.268786571919918 13.546020910143852 3.8
      vertex 28.111140467226505 13.662939228117466 5
      vertex 28.268786571919918 13.546020910143852 5
    endloop
  endfacet
  facet normal 0 0 -1
    outer loop
      vertex -88.18408362567425 -51.07514627277851 0
      vertex -88.6517568975687 -50.44456186145544 0
      vertex -82.67878402769566 -50.46715673059225 0
    endloop
  endfacet
  facet normal 0 0 -1
    outer loop
      vertex -88.6517568975687 -50.44456186145544 0
      vertex -89.05537011474371 -49.771173894405365 0
      vertex -83.88899163156748 -49.82028728723526 0
    endloop
  endfacet
  facet normal 0 0 -1
    outer loop
      vertex -89.39103625714779 -49.061467461287975 0
      vertex -84.44075299054384 -49.41107317060232 0
      vertex -89.05537011474371 -49.771173894405365 0
    endloop
  endfacet
  facet normal 0 0 -1
    outer loop
      vertex -89.39103625714779 -49.061467461287975 0
      vertex -89.65552268922329 -48.322277419269085 0
      vertex -85.41107317060232 -48.44075299054384 0
    endloop
  endfacet
  facet normal 0 0 -1
    outer loop
      vertex -89.65552268922329 -48.322277419269085 0
      vertex -89.84628224372864 -47.56072257459164 0
      vertex -85.82028728723526 -47.88899163156748 0
    endloop
  endfacet
  facet normal 0 0 -1
    outer loop
      vertex -89.84628224372864 -47.56072257459164 0
      vertex -86.17344885319471 -47.299777157604694 0
      vertex -85.82028728723526 -47.88899163156748 0
    endloop
  endfacet
  facet normal 0 0 -1
    outer loop
      vertex -89.05537011474371 -49.771173894405365 0
      vertex -84.44075299054384 -49.41107317060232 0
      vertex -83.88899163156748 -49.82028728723526 0
    endloop
  endfacet
  facet normal 0 0 -1
    outer loop
      vertex -89.39103625714779 -49.061467461287975 0
      vertex -84.9497474655509 -48.9497474655509 0
      vertex -84.44075299054384 -49.41107317060232 0
    endloop
  endfacet
  facet normal 0 0 -1
    outer loop
      vertex -88.6517568975687 -50.44456186145544 0
      vertex -83.88899163156748 -49.82028728723526 0
      vertex -83.2997771576047 -50.173448853194714 0
    endloop
  endfacet
  facet normal 0 0 -1
    outer loop
      vertex -88.6517568975687 -50.44456186145544 0
      vertex -83.2997771576047 -50.173448853194714 0
      vertex -82.67878402769566 -50.46715673059225 0
    endloop
  endfacet
  facet normal 0 0 -1
    outer loop
      vertex -89.39103625714779 -49.061467461287975 0
      vertex -85.41107317060232 -48.44075299054384 0
      vertex -84.9497474655509 -48.9497474655509 0
    endloop
  endfacet
  facet normal 0 0 -1
    outer loop
      vertex -89.65552268922329 -48.322277419269085 0
      vertex -85.82028728723526 -47.88899163156748 0
      vertex -85.41107317060232 -48.44075299054384 0
    endloop
  endfacet
  facet normal 0 0 -1
    outer loop
      vertex -88.18408362567425 -51.07514627277851 0
      vertex -82.67878402769566 -50.46715673059225 0
      vertex -82.03199274092913 -50.69858235120773 0
    endloop
  endfacet
  facet normal 0 0 -1
    outer loop
      vertex -88.18408362567425 -51.07514627277851 0
      vertex -82.03199274092913 -50.69858235120773 0
      vertex -81.36563225090504 -50.86549696326256 0
    endloop
  endfacet
  facet normal 0 0 -1
    outer loop
      vertex -88.18408362567425 -51.07514627277851 0
      vertex -81.36563225090504 -50.86549696326256 0
      vertex -80.6861199811101 -50.96629308909178 0
    endloop
  endfacet
  facet normal 0 0 -1
    outer loop
      vertex -88.18408362567425 -51.07514627277851 0
      vertex -80.6861199811101 -50.96629308909178 0
      vertex -80 -51 0
    endloop
  endfacet
  facet normal 0 0 -1
    outer loop
      vertex -89.84628224372864 -47.56072257459164 0
      vertex -89.96147781610489 -46.78413712233305 0
      vertex -86.69858235120773 -46.03199274092913 0
    endloop
  endfacet
  facet normal 0 0 -1
    outer loop
      vertex -89.96147781610489 -46.78413712233305 0
      vertex -90 -46 0
      vertex -86.86549696326256 -45.36563225090504 0
    endloop
  endfacet
  facet normal 0 0 -1
    outer loop
      vertex -89.84628224372864 -47.56072257459164 0
      vertex -86.46715673059225 -46.678784027695656 0
      vertex -86.17344885319471 -47.299777157604694 0
    endloop
  endfacet
  facet normal 0 0 -1
    outer loop
      vertex -89.84628224372864 -47.56072257459164 0
      vertex -86.69858235120773 -46.03199274092913 0
      vertex -86.46715673059225 -46.678784027695656 0
    endloop
  endfacet
  facet normal 0 0 -1
    outer loop
      vertex -89.96147781610489 -46.78413712233305 0
      vertex -86.86549696326256 -45.36563225090504 0
      vertex -86.69858235120773 -46.03199274092913 0
    endloop
  endfacet
  facet normal 0 0 -1
    outer loop
      vertex -90 -46 0
      vertex -86.96629308909178 -44.686119981110096 0
      vertex -86.86549696326256 -45.36563225090504 0
    endloop
  endfacet
  facet normal 0 0 -1
    outer loop
      vertex -90 -46 0
      vertex -87 -44 0
      vertex -86.96629308909178 -44.686119981110096 0
    endloop
  endfacet
  facet normal 0 0 -1
    outer loop
      vertex -83.86505226790905 -47.171966418623924 0
      vertex -84.1573480591178 -46.77785116434097 0
      vertex -77.4992661493922 -42.80137445260419 0
    endloop
  endfacet
  facet normal 0 0 -1
    outer loop
      vertex -84.61939766258001 -45.91341716051102 0
      vertex -84.78470167517662 -45.45142338424921 0
      vertex -77.4992661493922 -42.80137445260419 0
    endloop
  endfacet
  facet normal 0 0 -1
    outer loop
      vertex -84.1573480591178 -46.77785116434097 0
      vertex -84.40960632264614 -46.35698368400335 0
      vertex -77.4992661493922 -42.80137445260419 0
    endloop
  endfacet
  facet normal 0 0 -1
    outer loop
      vertex -84.40960632264614 -46.35698368400335 0
      vertex -84.61939766258001 -45.91341716051102 0
      vertex -77.4992661493922 -42.80137445260419 0
    endloop
  endfacet
  facet normal 0 0 -1
    outer loop
      vertex -84.78470167517662 -45.45142338424921 0
      vertex -84.9039264023304 -44.97545161098242 0
      vertex -77.4992661493922 -42.80137445260419 0
    endloop
  endfacet
  facet normal 0 0 -1
    outer loop
      vertex -83.86505226790905 -47.171966418623924 0
      vertex -76.8013744526042 -43.499266149392206 0
      vertex -76.65056183502065 -43.570595205269186 0
    endloop
  endfacet
  facet normal 0 0 -1
    outer loop
      vertex -83.86505226790905 -47.171966418623924 0
      vertex -76.65056183502065 -43.570595205269186 0
      vertex -76.49348395133259 -43.626798570744754 0
    endloop
  endfacet
  facet normal 0 0 -1
    outer loop
      vertex -83.86505226790905 -47.171966418623924 0
      vertex -76.33165354742742 -43.66733497668549 0
      vertex -76.16662913856025 -43.69181403534274 0
    endloop
  endfacet
  facet normal 0 0 -1
    outer loop
      vertex -83.86505226790905 -47.171966418623924 0
      vertex -76.49348395133259 -43.626798570744754 0
      vertex -76.33165354742742 -43.66733497668549 0
    endloop
  endfacet
  facet normal 0 0 -1
    outer loop
      vertex -83.86505226790905 -47.171966418623924 0
      vertex -77.31411777071665 -43.0784685830782 0
      vertex -77.20208152801713 -43.20208152801713 0
    endloop
  endfacet
  facet normal 0 0 -1
    outer loop
      vertex -83.86505226790905 -47.171966418623924 0
      vertex -77.4992661493922 -42.80137445260419 0
      vertex -77.41349834091433 -42.94446939613332 0
    endloop
  endfacet
  facet normal 0 0 -1
    outer loop
      vertex -83.86505226790905 -47.171966418623924 0
      vertex -77.41349834091433 -42.94446939613332 0
      vertex -77.31411777071665 -43.0784685830782 0
    endloop
  endfacet
  facet normal 0 0 -1
    outer loop
      vertex -83.86505226790905 -47.171966418623924 0
      vertex -77.07846858307819 -43.314117770716656 0
      vertex -76.94446939613333 -43.41349834091433 0
    endloop
  endfacet
  facet normal 0 0 -1
    outer loop
      vertex -83.86505226790905 -47.171966418623924 0
      vertex -77.20208152801713 -43.20208152801713 0
      vertex -77.07846858307819 -43.314117770716656 0
    endloop
  endfacet
  facet normal 0 0 -1
    outer loop
      vertex -83.86505226790905 -47.171966418623924 0
      vertex -76.94446939613333 -43.41349834091433 0
      vertex -76.8013744526042 -43.499266149392206 0
    endloop
  endfacet
  facet normal 0 0 -1
    outer loop
      vertex -77.4992661493922 -41.19862554739581 0
      vertex -84.9039264023304 -44.97545161098242 0
      vertex -84.97592363506556 -44.49008569866419 0
    endloop
  endfacet
  facet normal 0 0 -1
    outer loop
      vertex -77.4992661493922 -41.19862554739581 0
      vertex -84.97592363506556 -44.49008569866419 0
      vertex -85 -44 0
    endloop
  endfacet
  facet normal 0 0 -1
    outer loop
      vertex -84.9039264023304 -44.97545161098242 0
      vertex -77.57059520526919 -42.65056183502065 0
      vertex -77.4992661493922 -42.80137445260419 0
    endloop
  endfacet
  facet normal 0 0 -1
    outer loop
      vertex -84.9039264023304 -44.97545161098242 0
      vertex -77.62679857074475 -42.493483951332585 0
      vertex -77.57059520526919 -42.65056183502065 0
    endloop
  endfacet
  facet normal 0 0 -1
    outer loop
      vertex -84.9039264023304 -44.97545161098242 0
      vertex -77.6673349766855 -42.331653547427415 0
      vertex -77.62679857074475 -42.493483951332585 0
    endloop
  endfacet
  facet normal 0 0 -1
    outer loop
      vertex -84.9039264023304 -44.97545161098242 0
      vertex -77.69181403534273 -42.16662913856025 0
      vertex -77.6673349766855 -42.331653547427415 0
    endloop
  endfacet
  facet normal 0 0 -1
    outer loop
      vertex -84.9039264023304 -44.97545161098242 0
      vertex -77.7 -42 0
      vertex -77.69181403534273 -42.16662913856025 0
    endloop
  endfacet
  facet normal 0 0 -1
    outer loop
      vertex -84.9039264023304 -44.97545161098242 0
      vertex -77.69181403534273 -41.83337086143975 0
      vertex -77.7 -42 0
    endloop
  endfacet
  facet normal 0 0 -1
    outer loop
      vertex -84.9039264023304 -44.97545161098242 0
      vertex -77.6673349766855 -41.668346452572585 0
      vertex -77.69181403534273 -41.83337086143975 0
    endloop
  endfacet
  facet normal 0 0 -1
    outer loop
      vertex -84.9039264023304 -44.97545161098242 0
      vertex -77.62679857074475 -41.506516048667415 0
      vertex -77.6673349766855 -41.668346452572585 0
    endloop
  endfacet
  facet normal 0 0 -1
    outer loop
      vertex -84.9039264023304 -44.97545161098242 0
      vertex -77.57059520526919 -41.34943816497935 0
      vertex -77.62679857074475 -41.506516048667415 0
    endloop
  endfacet
  facet normal 0 0 -1
    outer loop
      vertex -84.9039264023304 -44.97545161098242 0
      vertex -77.4992661493922 -41.19862554739581 0
      vertex -77.57059520526919 -41.34943816497935 0
    endloop
  endfacet
  facet normal 0 0 -1
    outer loop
      vertex -85 -44 0
      vertex -77.41349834091433 -41.05553060386668 0
      vertex -77.4992661493922 -41.19862554739581 0
    endloop
  endfacet
  facet normal 0 0 -1
    outer loop
      vertex -85 -44 0
      vertex -77.31411777071665 -40.9215314169218 0
      vertex -77.41349834091433 -41.05553060386668 0
    endloop
  endfacet
  facet normal 0 0 -1
    outer loop
      vertex -85 -44 0
      vertex -77.20208152801713 -40.79791847198287 0
      vertex -77.31411777071665 -40.9215314169218 0
    endloop
  endfacet
  facet normal 0 0 -1
    outer loop
      vertex -85 -44 0
      vertex -77.07846858307819 -40.685882229283344 0
      vertex -77.20208152801713 -40.79791847198287 0
    endloop
  endfacet
  facet normal 0 0 -1
    outer loop
      vertex -85 -44 0
      vertex -76.94446939613333 -40.58650165908567 0
      vertex -77.07846858307819 -40.685882229283344 0
    endloop
  endfacet
  facet normal 0 0 -1
    outer loop
      vertex -85 -44 0
      vertex -76.8013744526042 -40.500733850607794 0
      vertex -76.94446939613333 -40.58650165908567 0
    endloop
  endfacet
  facet normal 0 0 -1
    outer loop
      vertex -85 -44 0
      vertex -76.65056183502065 -40.429404794730814 0
      vertex -76.8013744526042 -40.500733850607794 0
    endloop
  endfacet
  facet normal 0 0 -1
    outer loop
      vertex -83.86505226790905 -47.171966418623924 0
      vertex -76.16662913856025 -43.69181403534274 0
      vertex -76 -43.7 0
    endloop
  endfacet
  facet normal 0 0 -1
    outer loop
      vertex -74.30818596465727 -41.83337086143975 0
      vertex -42.67431578064991 -30.9 0
      vertex -74.3 -42 0
    endloop
  endfacet
  facet normal 0 0 -1
    outer loop
      vertex -74.3326650233145 -41.668346452572585 0
      vertex -42.67431578064991 -30.9 0
      vertex -74.30818596465727 -41.83337086143975 0
    endloop
  endfacet
  facet normal 0 0 -1
    outer loop
      vertex -74.37320142925525 -41.506516048667415 0
      vertex -42.67431578064991 -30.9 0
      vertex -74.3326650233145 -41.668346452572585 0
    endloop
  endfacet
  facet normal 0 0 -1
    outer loop
      vertex -44.34863156129983 -28 0
      vertex -74.79791847198287 -40.79791847198287 0
      vertex -74.92153141692181 -40.685882229283344 0
    endloop
  endfacet
  facet normal 0 0 -1
    outer loop
      vertex -75.1986255473958 -40.500733850607794 0
      vertex -75.34943816497935 -40.429404794730814 0
      vertex -44.34863156129983 -28 0
    endloop
  endfacet
  facet normal 0 0 -1
    outer loop
      vertex -75.05553060386667 -40.58650165908567 0
      vertex -75.1986255473958 -40.500733850607794 0
      vertex -44.34863156129983 -28 0
    endloop
  endfacet
  facet normal 0 0 -1
    outer loop
      vertex -74.92153141692181 -40.685882229283344 0
      vertex -75.05553060386667 -40.58650165908567 0
      vertex -44.34863156129983 -28 0
    endloop
  endfacet
  facet normal 0 0 -1
    outer loop
      vertex -75.83337086143975 -40.30818596465726 0
      vertex -76 -40.3 0
      vertex -44.34863156129983 -28 0
    endloop
  endfacet
  facet normal 0 0 -1
    outer loop
      vertex -75.66834645257258 -40.33266502331451 0
      vertex -75.83337086143975 -40.30818596465726 0
      vertex -44.34863156129983 -28 0
    endloop
  endfacet
  facet normal 0 0 -1
    outer loop
      vertex -75.50651604866741 -40.373201429255246 0
      vertex -75.66834645257258 -40.33266502331451 0
      vertex -44.34863156129983 -28 0
    endloop
  endfacet
  facet normal 0 0 -1
    outer loop
      vertex -75.34943816497935 -40.429404794730814 0
      vertex -75.50651604866741 -40.373201429255246 0
      vertex -44.34863156129983 -28 0
    endloop
  endfacet
  facet normal 0 0 -1
    outer loop
      vertex -74.42940479473081 -41.34943816497935 0
      vertex -44.34863156129983 -28 0
      vertex -74.37320142925525 -41.506516048667415 0
    endloop
  endfacet
  facet normal 0 0 -1
    outer loop
      vertex -74.5007338506078 -41.19862554739581 0
      vertex -44.34863156129983 -28 0
      vertex -74.42940479473081 -41.34943816497935 0
    endloop
  endfacet
  facet normal 0 0 -1
    outer loop
      vertex -74.58650165908567 -41.05553060386668 0
      vertex -44.34863156129983 -28 0
      vertex -74.5007338506078 -41.19862554739581 0
    endloop
  endfacet
  facet normal 0 0 -1
    outer loop
      vertex -74.68588222928335 -40.9215314169218 0
      vertex -44.34863156129983 -28 0
      vertex -74.58650165908567 -41.05553060386668 0
    endloop
  endfacet
  facet normal 0 0 -1
    outer loop
      vertex -74.79791847198287 -40.79791847198287 0
      vertex -44.34863156129983 -28 0
      vertex -74.68588222928335 -40.9215314169218 0
    endloop
  endfacet
  facet normal 0 0 -1
    outer loop
      vertex -85 -44 0
      vertex -24 -12 0
      vertex -76.65056183502065 -40.429404794730814 0
    endloop
  endfacet
  facet normal 0 0 -1
    outer loop
      vertex -24 -12 0
      vertex -76.49348395133259 -40.373201429255246 0
      vertex -76.65056183502065 -40.429404794730814 0
    endloop
  endfacet
  facet normal 0 0 -1
    outer loop
      vertex -24 -12 0
      vertex -76.33165354742742 -40.33266502331451 0
      vertex -76.49348395133259 -40.373201429255246 0
    endloop
  endfacet
  facet normal 0 0 -1
    outer loop
      vertex -24 -12 0
      vertex -76 -40.3 0
      vertex -76.16662913856025 -40.30818596465726 0
    endloop
  endfacet
  facet normal 0 0 -1
    outer loop
      vertex -24 -12 0
      vertex -76.16662913856025 -40.30818596465726 0
      vertex -76.33165354742742 -40.33266502331451 0
    endloop
  endfacet
  facet normal 0 0 -1
    outer loop
      vertex -44.34863156129983 -28 0
      vertex -42.67431578064991 -30.9 0
      vertex -74.37320142925525 -41.506516048667415 0
    endloop
  endfacet
  facet normal 0 0 -1
    outer loop
      vertex -76 -40.3 0
      vertex -42.67431578064991 -25.1 0
      vertex -44.34863156129983 -28 0
    endloop
  endfacet
  facet normal -0.6715589535927202 -0.7409511264917887 0
    outer loop
      vertex -87.65685424953699 -51.65685424953699 0
      vertex -87.07514627277851 -52.18408362567425 0
      vertex -87.65685424953699 -51.65685424953699 5
    endloop
  endfacet
  facet normal -0.7409511264917887 -0.6715589535927202 0
    outer loop
      vertex -87.65685424953699 -51.65685424953699 0
      vertex -88.18408362567425 -51.07514627277851 5
      vertex -88.18408362567425 -51.07514627277851 0
    endloop
  endfacet
  facet normal -0.8032075322326658 -0.5956993034784503 0
    outer loop
      vertex -88.18408362567425 -51.07514627277851 0
      vertex -88.6517568975687 -50.44456186145544 5
      vertex -88.6517568975687 -50.44456186145544 0
    endloop
  endfacet
  facet normal -0.5956993034784503 -0.8032075322326658 0
    outer loop
      vertex -86.44456186145544 -52.6517568975687 0
      vertex -87.07514627277851 -52.18408362567425 5
      vertex -87.07514627277851 -52.18408362567425 0
    endloop
  endfacet
  facet normal -0.5141027463543802 -0.8577286087049234 0
    outer loop
      vertex -86.44456186145544 -52.6517568975687 0
      vertex -85.77117389440536 -53.05537011474371 0
      vertex -86.44456186145544 -52.6517568975687 5
    endloop
  endfacet
  facet normal -0.4275550916774866 -0.9039892939524538 0
    outer loop
      vertex -85.06146746128798 -53.39103625714779 0
      vertex -85.77117389440536 -53.05537011474371 5
      vertex -85.77117389440536 -53.05537011474371 0
    endloop
  endfacet
  facet normal -0.3368898600571533 -0.9415440627982695 0
    outer loop
      vertex -85.06146746128798 -53.39103625714779 0
      vertex -84.32227741926908 -53.65552268922329 0
      vertex -85.06146746128798 -53.39103625714779 5
    endloop
  endfacet
  facet normal -0.8577286087049234 -0.5141027463543802 0
    outer loop
      vertex -88.6517568975687 -50.44456186145544 0
      vertex -89.05537011474371 -49.771173894405365 5
      vertex -89.05537011474371 -49.771173894405365 0
    endloop
  endfacet
  facet normal -0.9039892939524538 -0.4275550916774866 0
    outer loop
      vertex -89.39103625714779 -49.061467461287975 0
      vertex -89.05537011474371 -49.771173894405365 0
      vertex -89.39103625714779 -49.061467461287975 5
    endloop
  endfacet
  facet normal -0.9415440627982695 -0.3368898600571533 0
    outer loop
      vertex -89.39103625714779 -49.061467461287975 0
      vertex -89.65552268922329 -48.322277419269085 5
      vertex -89.65552268922329 -48.322277419269085 0
    endloop
  endfacet
  facet normal -0.9700312542623905 -0.2429801756401818 0
    outer loop
      vertex -89.65552268922329 -48.322277419269085 0
      vertex -89.84628224372864 -47.56072257459164 5
      vertex -89.84628224372864 -47.56072257459164 0
    endloop
  endfacet
  facet normal -0.2429801756401818 -0.9700312542623905 0
    outer loop
      vertex -84.32227741926908 -53.65552268922329 0
      vertex -83.56072257459164 -53.84628224372864 0
      vertex -84.32227741926908 -53.65552268922329 5
    endloop
  endfacet
  facet normal -0.14673047745596915 -0.9891765095196828 0
    outer loop
      vertex -83.56072257459164 -53.84628224372864 0
      vertex -82.78413712233305 -53.96147781610489 0
      vertex -83.56072257459164 -53.84628224372864 5
    endloop
  endfacet
  facet normal -0.049067670880805034 -0.9987954563744936 0
    outer loop
      vertex -82.78413712233305 -53.96147781610489 0
      vertex -82 -54 0
      vertex -82.78413712233305 -53.96147781610489 5
    endloop
  endfacet
  facet normal -0.9891765095196828 -0.14673047745596915 0
    outer loop
      vertex -89.84628224372864 -47.56072257459164 0
      vertex -89.96147781610489 -46.78413712233305 5
      vertex -89.96147781610489 -46.78413712233305 0
    endloop
  endfacet
  facet normal -0.9987954563744936 -0.049067670880805034 0
    outer loop
      vertex -89.96147781610489 -46.78413712233305 0
      vertex -90 -46 5
      vertex -90 -46 0
    endloop
  endfacet
  facet normal 0 0 -1
    outer loop
      vertex -90 -46 0
      vertex -90 46 0
      vertex -87 -44 0
    endloop
  endfacet
  facet normal 0 0 -1
    outer loop
      vertex -76 -40.3 0
      vertex -24 -12 0
      vertex -42.67431578064991 -25.1 0
    endloop
  endfacet
  facet normal 0 0 -1
    outer loop
      vertex -85 -44 0
      vertex -26.319031357765198 -10.903179854154587 0
      vertex -26.121320344507694 -11.121320344507694 0
    endloop
  endfacet
  facet normal 0 0 -1
    outer loop
      vertex -85 -44 0
      vertex -25.666710697114468 -11.494408838450909 0
      vertex -25.414190210402012 -11.645763792097569 0
    endloop
  endfacet
  facet normal 0 0 -1
    outer loop
      vertex -85 -44 0
      vertex -25.414190210402012 -11.645763792097569 0
      vertex -25.14805030077696 -11.771638594567776 0
    endloop
  endfacet
  facet normal 0 0 -1
    outer loop
      vertex -85 -44 0
      vertex -25.14805030077696 -11.771638594567776 0
      vertex -24.870854035019875 -11.870821006596088 0
    endloop
  endfacet
  facet normal 0 0 -1
    outer loop
      vertex -85 -44 0
      vertex -25.903179854154587 -11.319031357765198 0
      vertex -25.666710697114468 -11.494408838450909 0
    endloop
  endfacet
  facet normal 0 0 -1
    outer loop
      vertex -85 -44 0
      vertex -26.121320344507694 -11.121320344507694 0
      vertex -25.903179854154587 -11.319031357765198 0
    endloop
  endfacet
  facet normal 0 0 -1
    outer loop
      vertex -85 -44 0
      vertex -26.771638594567776 -10.148050300776958 0
      vertex -26.64576379209757 -10.414190210402012 0
    endloop
  endfacet
  facet normal 0 0 -1
    outer loop
      vertex -85 -44 0
      vertex -26.49440883845091 -10.666710697114468 0
      vertex -26.319031357765198 -10.903179854154587 0
    endloop
  endfacet
  facet normal 0 0 -1
    outer loop
      vertex -85 -44 0
      vertex -26.64576379209757 -10.414190210402012 0
      vertex -26.49440883845091 -10.666710697114468 0
    endloop
  endfacet
  facet normal 0 0 -1
    outer loop
      vertex -85 -44 0
      vertex -26.87082100659609 -9.870854035019875 0
      vertex -26.771638594567776 -10.148050300776958 0
    endloop
  endfacet
  facet normal 0 0 -1
    outer loop
      vertex -85 -44 0
      vertex -26.94235584139824 -9.585270963609219 0
      vertex -26.87082100659609 -9.870854035019875 0
    endloop
  endfacet
  facet normal 0 0 -1
    outer loop
      vertex -85 -44 0
      vertex -26.985554181039333 -9.294051423668861 0
      vertex -26.94235584139824 -9.585270963609219 0
    endloop
  endfacet
  facet normal 0 0 -1
    outer loop
      vertex -85 -44 0
      vertex -27 -9 0
      vertex -26.985554181039333 -9.294051423668861 0
    endloop
  endfacet
  facet normal 0 0 -1
    outer loop
      vertex -85 -44 0
      vertex -27 9 0
      vertex -27 -9 0
    endloop
  endfacet
  facet normal 0 0 -1
    outer loop
      vertex -85 -44 0
      vertex -42.67431578064991 25.1 0
      vertex -27 9 0
    endloop
  endfacet
  facet normal 0 0 -1
    outer loop
      vertex -87.65685424953699 -51.65685424953699 0
      vertex 80 -51 0
      vertex -87.07514627277851 -52.18408362567425 0
    endloop
  endfacet
  facet normal 0 0 -1
    outer loop
      vertex -87.65685424953699 -51.65685424953699 0
      vertex -88.18408362567425 -51.07514627277851 0
      vertex 80 -51 0
    endloop
  endfacet
  facet normal 0 0 -1
    outer loop
      vertex -86.44456186145544 -52.6517568975687 0
      vertex 87.65685424953699 -51.65685424953699 0
      vertex -85.77117389440536 -53.05537011474371 0
    endloop
  endfacet
  facet normal 0 0 -1
    outer loop
      vertex -86.44456186145544 -52.6517568975687 0
      vertex -87.07514627277851 -52.18408362567425 0
      vertex 88.18408362567425 -51.07514627277851 0
    endloop
  endfacet
  facet normal 0 0 -1
    outer loop
      vertex -88.18408362567425 -51.07514627277851 0
      vertex -80 -51 0
      vertex 80 -51 0
    endloop
  endfacet
  facet normal 0 0 -1
    outer loop
      vertex -85.06146746128798 -53.39103625714779 0
      vertex 86.44456186145544 -52.6517568975687 0
      vertex -84.32227741926908 -53.65552268922329 0
    endloop
  endfacet
  facet normal 0 0 -1
    outer loop
      vertex -83.56072257459164 -53.84628224372864 0
      vertex 85.06146746128798 -53.39103625714779 0
      vertex -82.78413712233305 -53.96147781610489 0
    endloop
  endfacet
  facet normal 0 0 -1
    outer loop
      vertex -82.78413712233305 -53.96147781610489 0
      vertex 84.32227741926908 -53.65552268922329 0
      vertex -82 -54 0
    endloop
  endfacet
  facet normal 0 0 -1
    outer loop
      vertex -84.32227741926908 -53.65552268922329 0
      vertex 85.77117389440536 -53.05537011474371 0
      vertex -83.56072257459164 -53.84628224372864 0
    endloop
  endfacet
  facet normal 0 0 -1
    outer loop
      vertex -85.06146746128798 -53.39103625714779 0
      vertex -85.77117389440536 -53.05537011474371 0
      vertex 87.07514627277851 -52.18408362567425 0
    endloop
  endfacet
  facet normal 0 0 -1
    outer loop
      vertex 84.40960632264614 -46.35698368400335 0
      vertex -83.17196641862392 -47.86505226790905 0
      vertex -83.5355339050293 -47.5355339050293 0
    endloop
  endfacet
  facet normal 0 0 -1
    outer loop
      vertex 83.86505226790905 -47.171966418623924 0
      vertex -82.35698368400335 -48.40960632264614 0
      vertex -82.77785116434097 -48.157348059117794 0
    endloop
  endfacet
  facet normal 0 0 -1
    outer loop
      vertex 83.86505226790905 -47.171966418623924 0
      vertex -81.91341716051102 -48.61939766258001 0
      vertex -82.35698368400335 -48.40960632264614 0
    endloop
  endfacet
  facet normal 0 0 -1
    outer loop
      vertex 84.40960632264614 -46.35698368400335 0
      vertex -82.77785116434097 -48.157348059117794 0
      vertex -83.17196641862392 -47.86505226790905 0
    endloop
  endfacet
  facet normal 0 0 -1
    outer loop
      vertex 83.86505226790905 -47.171966418623924 0
      vertex -81.45142338424921 -48.78470167517662 0
      vertex -81.91341716051102 -48.61939766258001 0
    endloop
  endfacet
  facet normal 0 0 -1
    outer loop
      vertex 83.86505226790905 -47.171966418623924 0
      vertex -80.97545161098242 -48.9039264023304 0
      vertex -81.45142338424921 -48.78470167517662 0
    endloop
  endfacet
  facet normal 0 0 -1
    outer loop
      vertex -80.49008569866419 -48.975923635065556 0
      vertex 83.17196641862392 -47.86505226790905 0
      vertex -80 -49 0
    endloop
  endfacet
  facet normal 0 0 -1
    outer loop
      vertex -80.49008569866419 -48.975923635065556 0
      vertex -80.97545161098242 -48.9039264023304 0
      vertex 83.5355339050293 -47.5355339050293 0
    endloop
  endfacet
  facet normal 0 0 -1
    outer loop
      vertex 84.40960632264614 -46.35698368400335 0
      vertex -83.5355339050293 -47.5355339050293 0
      vertex -83.86505226790905 -47.171966418623924 0
    endloop
  endfacet
  facet normal 0 0 -1
    outer loop
      vertex -83.86505226790905 -47.171966418623924 0
      vertex -76 -43.7 0
      vertex 85 -44 0
    endloop
  endfacet
  facet normal 0 0 -1
    outer loop
      vertex -75.1986255473958 -43.499266149392206 0
      vertex -75.05553060386667 -43.41349834091433 0
      vertex 75.1986255473958 -43.499266149392206 0
    endloop
  endfacet
  facet normal 0 0 -1
    outer loop
      vertex -75.05553060386667 -43.41349834091433 0
      vertex -74.92153141692181 -43.314117770716656 0
      vertex 75.05553060386667 -43.41349834091433 0
    endloop
  endfacet
  facet normal 0 0 -1
    outer loop
      vertex -74.92153141692181 -43.314117770716656 0
      vertex -74.79791847198287 -43.20208152801713 0
      vertex 74.92153141692181 -43.314117770716656 0
    endloop
  endfacet
  facet normal 0 0 -1
    outer loop
      vertex -74.79791847198287 -43.20208152801713 0
      vertex -74.68588222928335 -43.0784685830782 0
      vertex 74.92153141692181 -43.314117770716656 0
    endloop
  endfacet
  facet normal 0 0 -1
    outer loop
      vertex -74.58650165908567 -42.94446939613332 0
      vertex 74.92153141692181 -43.314117770716656 0
      vertex -74.68588222928335 -43.0784685830782 0
    endloop
  endfacet
  facet normal 0 0 -1
    outer loop
      vertex -74.5007338506078 -42.80137445260419 0
      vertex 74.92153141692181 -43.314117770716656 0
      vertex -74.58650165908567 -42.94446939613332 0
    endloop
  endfacet
  facet normal 0 0 -1
    outer loop
      vertex -74.42940479473081 -42.65056183502065 0
      vertex 74.92153141692181 -43.314117770716656 0
      vertex -74.5007338506078 -42.80137445260419 0
    endloop
  endfacet
  facet normal 0 0 -1
    outer loop
      vertex -74.37320142925525 -42.493483951332585 0
      vertex 74.92153141692181 -43.314117770716656 0
      vertex -74.42940479473081 -42.65056183502065 0
    endloop
  endfacet
  facet normal 0 0 -1
    outer loop
      vertex -74.30818596465727 -42.16662913856025 0
      vertex 74.79791847198287 -43.20208152801713 0
      vertex -74.3326650233145 -42.331653547427415 0
    endloop
  endfacet
  facet normal 0 0 -1
    outer loop
      vertex -74.3 -42 0
      vertex 74.58650165908567 -42.94446939613332 0
      vertex -74.30818596465727 -42.16662913856025 0
    endloop
  endfacet
  facet normal 0 0 -1
    outer loop
      vertex -74.3326650233145 -42.331653547427415 0
      vertex 74.92153141692181 -43.314117770716656 0
      vertex -74.37320142925525 -42.493483951332585 0
    endloop
  endfacet
  facet normal 0 0 -1
    outer loop
      vertex -76 -43.7 0
      vertex -75.83337086143975 -43.69181403534274 0
      vertex 85 -44 0
    endloop
  endfacet
  facet normal 0 0 -1
    outer loop
      vertex -75.83337086143975 -43.69181403534274 0
      vertex -75.66834645257258 -43.66733497668549 0
      vertex 85 -44 0
    endloop
  endfacet
  facet normal 0 0 -1
    outer loop
      vertex -75.66834645257258 -43.66733497668549 0
      vertex -75.50651604866741 -43.626798570744754 0
      vertex 85 -44 0
    endloop
  endfacet
  facet normal 0 0 -1
    outer loop
      vertex -75.50651604866741 -43.626798570744754 0
      vertex -75.34943816497935 -43.570595205269186 0
      vertex 85 -44 0
    endloop
  endfacet
  facet normal 0 0 -1
    outer loop
      vertex -75.34943816497935 -43.570595205269186 0
      vertex -75.1986255473958 -43.499266149392206 0
      vertex 85 -44 0
    endloop
  endfacet
  facet normal 0 0 -1
    outer loop
      vertex -42.67431578064991 -30.9 0
      vertex 75.05553060386667 -40.58650165908567 0
      vertex -74.3 -42 0
    endloop
  endfacet
  facet normal 0 0 -1
    outer loop
      vertex -39.32568421935009 -30.9 0
      vertex -37.65136843870017 -28 0
      vertex 39.32568421935009 -30.9 0
    endloop
  endfacet
  facet normal 0 0 -1
    outer loop
      vertex -39.32568421935009 -30.9 0
      vertex 75.1986255473958 -40.500733850607794 0
      vertex -42.67431578064991 -30.9 0
    endloop
  endfacet
  facet normal 0 -1 0
    outer loop
      vertex -82 -54 0
      vertex 82 -54 0
      vertex -82 -54 5
    endloop
  endfacet
  facet normal 0 0 -1
    outer loop
      vertex -85 -44 0
      vertex -24.870854035019875 -11.870821006596088 0
      vertex -24.58527096360922 -11.94235584139824 0
    endloop
  endfacet
  facet normal 0 0 -1
    outer loop
      vertex -85 -44 0
      vertex -24.58527096360922 -11.94235584139824 0
      vertex -24.29405142366886 -11.985554181039333 0
    endloop
  endfacet
  facet normal 0 0 -1
    outer loop
      vertex -85 -44 0
      vertex -24.29405142366886 -11.985554181039333 0
      vertex -24 -12 0
    endloop
  endfacet
  facet normal 0 0 -1
    outer loop
      vertex -24 -12 0
      vertex -39.32568421935009 -25.1 0
      vertex -42.67431578064991 -25.1 0
    endloop
  endfacet
  facet normal 0 0 -1
    outer loop
      vertex -37.65136843870017 -28 0
      vertex -39.32568421935009 -25.1 0
      vertex 39.32568421935009 -25.1 0
    endloop
  endfacet
  facet normal 0 0 -1
    outer loop
      vertex -24 -12 0
      vertex 39.32568421935009 -25.1 0
      vertex -39.32568421935009 -25.1 0
    endloop
  endfacet
  facet normal -0.6715589535927202 -0.7409511264917887 0
    outer loop
      vertex -87.07514627277851 -52.18408362567425 0
      vertex -87.07514627277851 -52.18408362567425 5
      vertex -87.65685424953699 -51.65685424953699 5
    endloop
  endfacet
  facet normal -0.8032075322326658 -0.5956993034784503 0
    outer loop
      vertex -88.18408362567425 -51.07514627277851 0
      vertex -88.18408362567425 -51.07514627277851 5
      vertex -88.6517568975687 -50.44456186145544 5
    endloop
  endfacet
  facet normal -0.7409511264917887 -0.6715589535927202 0
    outer loop
      vertex -87.65685424953699 -51.65685424953699 0
      vertex -87.65685424953699 -51.65685424953699 5
      vertex -88.18408362567425 -51.07514627277851 5
    endloop
  endfacet
  facet normal -0.5956993034784503 -0.8032075322326658 0
    outer loop
      vertex -86.44456186145544 -52.6517568975687 0
      vertex -86.44456186145544 -52.6517568975687 5
      vertex -87.07514627277851 -52.18408362567425 5
    endloop
  endfacet
  facet normal -0.5141027463543802 -0.8577286087049234 0
    outer loop
      vertex -85.77117389440536 -53.05537011474371 0
      vertex -85.77117389440536 -53.05537011474371 5
      vertex -86.44456186145544 -52.6517568975687 5
    endloop
  endfacet
  facet normal -0.4275550916774866 -0.9039892939524538 0
    outer loop
      vertex -85.06146746128798 -53.39103625714779 0
      vertex -85.06146746128798 -53.39103625714779 5
      vertex -85.77117389440536 -53.05537011474371 5
    endloop
  endfacet
  facet normal -0.3368898600571533 -0.9415440627982695 0
    outer loop
      vertex -84.32227741926908 -53.65552268922329 0
      vertex -84.32227741926908 -53.65552268922329 5
      vertex -85.06146746128798 -53.39103625714779 5
    endloop
  endfacet
  facet normal -0.8577286087049234 -0.5141027463543802 0
    outer loop
      vertex -88.6517568975687 -50.44456186145544 0
      vertex -88.6517568975687 -50.44456186145544 5
      vertex -89.05537011474371 -49.771173894405365 5
    endloop
  endfacet
  facet normal -0.9039892939524538 -0.4275550916774866 0
    outer loop
      vertex -89.05537011474371 -49.771173894405365 0
      vertex -89.05537011474371 -49.771173894405365 5
      vertex -89.39103625714779 -49.061467461287975 5
    endloop
  endfacet
  facet normal -0.9415440627982695 -0.3368898600571533 0
    outer loop
      vertex -89.39103625714779 -49.061467461287975 0
      vertex -89.39103625714779 -49.061467461287975 5
      vertex -89.65552268922329 -48.322277419269085 5
    endloop
  endfacet
  facet normal -0.9700312542623905 -0.2429801756401818 0
    outer loop
      vertex -89.65552268922329 -48.322277419269085 0
      vertex -89.65552268922329 -48.322277419269085 5
      vertex -89.84628224372864 -47.56072257459164 5
    endloop
  endfacet
  facet normal -0.9891765095196828 -0.14673047745596915 0
    outer loop
      vertex -89.84628224372864 -47.56072257459164 0
      vertex -89.84628224372864 -47.56072257459164 5
      vertex -89.96147781610489 -46.78413712233305 5
    endloop
  endfacet
  facet normal -0.2429801756401818 -0.9700312542623905 0
    outer loop
      vertex -83.56072257459164 -53.84628224372864 0
      vertex -83.56072257459164 -53.84628224372864 5
      vertex -84.32227741926908 -53.65552268922329 5
    endloop
  endfacet
  facet normal -0.14673047745596915 -0.9891765095196828 0
    outer loop
      vertex -82.78413712233305 -53.96147781610489 0
      vertex -82.78413712233305 -53.96147781610489 5
      vertex -83.56072257459164 -53.84628224372864 5
    endloop
  endfacet
  facet normal -0.049067670880805034 -0.9987954563744936 0
    outer loop
      vertex -82 -54 0
      vertex -82 -54 5
      vertex -82.78413712233305 -53.96147781610489 5
    endloop
  endfacet
  facet normal -0.9987954563744936 -0.049067670880805034 0
    outer loop
      vertex -89.96147781610489 -46.78413712233305 0
      vertex -89.96147781610489 -46.78413712233305 5
      vertex -90 -46 5
    endloop
  endfacet
  facet normal 0 0 1
    outer loop
      vertex -89.84628224372864 -47.56072257459164 5
      vertex -77.41349834091433 -41.05553060386668 5
      vertex -89.96147781610489 -46.78413712233305 5
    endloop
  endfacet
  facet normal 0 0 1
    outer loop
      vertex -89.84628224372864 -47.56072257459164 5
      vertex -77.41349834091433 -42.94446939613332 5
      vertex -77.4992661493922 -42.80137445260419 5
    endloop
  endfacet
  facet normal 0 0 1
    outer loop
      vertex -89.84628224372864 -47.56072257459164 5
      vertex -77.4992661493922 -42.80137445260419 5
      vertex -77.57059520526919 -42.65056183502065 5
    endloop
  endfacet
  facet normal 0 0 1
    outer loop
      vertex -89.84628224372864 -47.56072257459164 5
      vertex -77.57059520526919 -42.65056183502065 5
      vertex -77.62679857074475 -42.493483951332585 5
    endloop
  endfacet
  facet normal 0 0 1
    outer loop
      vertex -89.84628224372864 -47.56072257459164 5
      vertex -77.62679857074475 -42.493483951332585 5
      vertex -77.6673349766855 -42.331653547427415 5
    endloop
  endfacet
  facet normal 0 0 1
    outer loop
      vertex -89.84628224372864 -47.56072257459164 5
      vertex -77.69181403534273 -42.16662913856025 5
      vertex -77.7 -42 5
    endloop
  endfacet
  facet normal 0 0 1
    outer loop
      vertex -89.84628224372864 -47.56072257459164 5
      vertex -77.6673349766855 -42.331653547427415 5
      vertex -77.69181403534273 -42.16662913856025 5
    endloop
  endfacet
  facet normal 0 0 1
    outer loop
      vertex -89.84628224372864 -47.56072257459164 5
      vertex -76.94446939613333 -43.41349834091433 5
      vertex -77.07846858307819 -43.314117770716656 5
    endloop
  endfacet
  facet normal 0 0 1
    outer loop
      vertex -89.84628224372864 -47.56072257459164 5
      vertex -76.33165354742742 -43.66733497668549 5
      vertex -76.49348395133259 -43.626798570744754 5
    endloop
  endfacet
  facet normal 0 0 1
    outer loop
      vertex -89.84628224372864 -47.56072257459164 5
      vertex -76.8013744526042 -43.499266149392206 5
      vertex -76.94446939613333 -43.41349834091433 5
    endloop
  endfacet
  facet normal 0 0 1
    outer loop
      vertex -89.84628224372864 -47.56072257459164 5
      vertex -76.65056183502065 -43.570595205269186 5
      vertex -76.8013744526042 -43.499266149392206 5
    endloop
  endfacet
  facet normal 0 0 1
    outer loop
      vertex -89.84628224372864 -47.56072257459164 5
      vertex -76.49348395133259 -43.626798570744754 5
      vertex -76.65056183502065 -43.570595205269186 5
    endloop
  endfacet
  facet normal 0 0 1
    outer loop
      vertex -89.84628224372864 -47.56072257459164 5
      vertex -76.16662913856025 -43.69181403534274 5
      vertex -76.33165354742742 -43.66733497668549 5
    endloop
  endfacet
  facet normal 0 0 1
    outer loop
      vertex -89.84628224372864 -47.56072257459164 5
      vertex -76 -43.7 5
      vertex -76.16662913856025 -43.69181403534274 5
    endloop
  endfacet
  facet normal 0 0 1
    outer loop
      vertex -89.84628224372864 -47.56072257459164 5
      vertex -77.20208152801713 -43.20208152801713 5
      vertex -77.31411777071665 -43.0784685830782 5
    endloop
  endfacet
  facet normal 0 0 1
    outer loop
      vertex -89.84628224372864 -47.56072257459164 5
      vertex -77.31411777071665 -43.0784685830782 5
      vertex -77.41349834091433 -42.94446939613332 5
    endloop
  endfacet
  facet normal 0 0 1
    outer loop
      vertex -89.84628224372864 -47.56072257459164 5
      vertex -77.07846858307819 -43.314117770716656 5
      vertex -77.20208152801713 -43.20208152801713 5
    endloop
  endfacet
  facet normal 0 0 1
    outer loop
      vertex -89.84628224372864 -47.56072257459164 5
      vertex -77.7 -42 5
      vertex -77.69181403534273 -41.83337086143975 5
    endloop
  endfacet
  facet normal 0 0 1
    outer loop
      vertex -89.84628224372864 -47.56072257459164 5
      vertex -77.69181403534273 -41.83337086143975 5
      vertex -77.6673349766855 -41.668346452572585 5
    endloop
  endfacet
  facet normal 0 0 1
    outer loop
      vertex -89.84628224372864 -47.56072257459164 5
      vertex -77.6673349766855 -41.668346452572585 5
      vertex -77.62679857074475 -41.506516048667415 5
    endloop
  endfacet
  facet normal 0 0 1
    outer loop
      vertex -89.84628224372864 -47.56072257459164 5
      vertex -77.62679857074475 -41.506516048667415 5
      vertex -77.57059520526919 -41.34943816497935 5
    endloop
  endfacet
  facet normal 0 0 1
    outer loop
      vertex -89.84628224372864 -47.56072257459164 5
      vertex -77.57059520526919 -41.34943816497935 5
      vertex -77.4992661493922 -41.19862554739581 5
    endloop
  endfacet
  facet normal 0 0 1
    outer loop
      vertex -89.84628224372864 -47.56072257459164 5
      vertex -77.4992661493922 -41.19862554739581 5
      vertex -77.41349834091433 -41.05553060386668 5
    endloop
  endfacet
  facet normal 0 0 1
    outer loop
      vertex -89.96147781610489 -46.78413712233305 5
      vertex -77.41349834091433 -41.05553060386668 5
      vertex -77.31411777071665 -40.9215314169218 5
    endloop
  endfacet
  facet normal 0 0 1
    outer loop
      vertex -89.96147781610489 -46.78413712233305 5
      vertex -77.31411777071665 -40.9215314169218 5
      vertex -77.20208152801713 -40.79791847198287 5
    endloop
  endfacet
  facet normal 0 0 1
    outer loop
      vertex -89.96147781610489 -46.78413712233305 5
      vertex -77.20208152801713 -40.79791847198287 5
      vertex -77.07846858307819 -40.685882229283344 5
    endloop
  endfacet
  facet normal 0 0 1
    outer loop
      vertex -89.96147781610489 -46.78413712233305 5
      vertex -77.07846858307819 -40.685882229283344 5
      vertex -76.94446939613333 -40.58650165908567 5
    endloop
  endfacet
  facet normal 0 0 1
    outer loop
      vertex -89.96147781610489 -46.78413712233305 5
      vertex -76.94446939613333 -40.58650165908567 5
      vertex -76.8013744526042 -40.500733850607794 5
    endloop
  endfacet
  facet normal 0 0 1
    outer loop
      vertex -89.96147781610489 -46.78413712233305 5
      vertex -32.41107317060232 -16.440752990543842 5
      vertex -90 -46 5
    endloop
  endfacet
  facet normal 0 0 1
    outer loop
      vertex -89.96147781610489 -46.78413712233305 5
      vertex -76.8013744526042 -40.500733850607794 5
      vertex -32.41107317060232 -16.440752990543842 5
    endloop
  endfacet
  facet normal 0 0 1
    outer loop
      vertex -31.9497474655509 -16.9497474655509 5
      vertex -74.58650165908567 -42.94446939613332 5
      vertex -74.68588222928335 -43.0784685830782 5
    endloop
  endfacet
  facet normal 0 0 1
    outer loop
      vertex -31.9497474655509 -16.9497474655509 5
      vertex -74.5007338506078 -42.80137445260419 5
      vertex -74.58650165908567 -42.94446939613332 5
    endloop
  endfacet
  facet normal 0 0 1
    outer loop
      vertex -31.9497474655509 -16.9497474655509 5
      vertex -74.42940479473081 -42.65056183502065 5
      vertex -74.5007338506078 -42.80137445260419 5
    endloop
  endfacet
  facet normal 0 0 1
    outer loop
      vertex -31.9497474655509 -16.9497474655509 5
      vertex -74.37320142925525 -42.493483951332585 5
      vertex -74.42940479473081 -42.65056183502065 5
    endloop
  endfacet
  facet normal 0 0 1
    outer loop
      vertex -31.9497474655509 -16.9497474655509 5
      vertex -74.3326650233145 -42.331653547427415 5
      vertex -74.37320142925525 -42.493483951332585 5
    endloop
  endfacet
  facet normal 0 0 1
    outer loop
      vertex -31.9497474655509 -16.9497474655509 5
      vertex -74.30818596465727 -42.16662913856025 5
      vertex -74.3326650233145 -42.331653547427415 5
    endloop
  endfacet
  facet normal 0 0 1
    outer loop
      vertex -32.41107317060232 -16.440752990543842 5
      vertex -76.8013744526042 -40.500733850607794 5
      vertex -76.65056183502065 -40.429404794730814 5
    endloop
  endfacet
  facet normal 0 0 1
    outer loop
      vertex -32.41107317060232 -16.440752990543842 5
      vertex -76.49348395133259 -40.373201429255246 5
      vertex -76.33165354742742 -40.33266502331451 5
    endloop
  endfacet
  facet normal 0 0 1
    outer loop
      vertex -32.41107317060232 -16.440752990543842 5
      vertex -76.65056183502065 -40.429404794730814 5
      vertex -76.49348395133259 -40.373201429255246 5
    endloop
  endfacet
  facet normal 0 0 1
    outer loop
      vertex -32.41107317060232 -16.440752990543842 5
      vertex -76.16662913856025 -40.30818596465726 5
      vertex -76 -40.3 5
    endloop
  endfacet
  facet normal 0 0 1
    outer loop
      vertex -32.41107317060232 -16.440752990543842 5
      vertex -76.33165354742742 -40.33266502331451 5
      vertex -76.16662913856025 -40.30818596465726 5
    endloop
  endfacet
  facet normal 0 0 1
    outer loop
      vertex -32.41107317060232 -16.440752990543842 5
      vertex -76 -40.3 5
      vertex -75.83337086143975 -40.30818596465726 5
    endloop
  endfacet
  facet normal 0 0 1
    outer loop
      vertex -31.9497474655509 -16.9497474655509 5
      vertex -75.83337086143975 -40.30818596465726 5
      vertex -75.66834645257258 -40.33266502331451 5
    endloop
  endfacet
  facet normal 0 0 1
    outer loop
      vertex -31.9497474655509 -16.9497474655509 5
      vertex -75.66834645257258 -40.33266502331451 5
      vertex -75.50651604866741 -40.373201429255246 5
    endloop
  endfacet
  facet normal 0 0 1
    outer loop
      vertex -31.9497474655509 -16.9497474655509 5
      vertex -75.34943816497935 -40.429404794730814 5
      vertex -75.1986255473958 -40.500733850607794 5
    endloop
  endfacet
  facet normal 0 0 1
    outer loop
      vertex -31.9497474655509 -16.9497474655509 5
      vertex -75.50651604866741 -40.373201429255246 5
      vertex -75.34943816497935 -40.429404794730814 5
    endloop
  endfacet
  facet normal 0 0 1
    outer loop
      vertex -31.9497474655509 -16.9497474655509 5
      vertex -74.92153141692181 -40.685882229283344 5
      vertex -74.79791847198287 -40.79791847198287 5
    endloop
  endfacet
  facet normal 0 0 1
    outer loop
      vertex -31.9497474655509 -16.9497474655509 5
      vertex -74.79791847198287 -40.79791847198287 5
      vertex -74.68588222928335 -40.9215314169218 5
    endloop
  endfacet
  facet normal 0 0 1
    outer loop
      vertex -31.9497474655509 -16.9497474655509 5
      vertex -75.05553060386667 -40.58650165908567 5
      vertex -74.92153141692181 -40.685882229283344 5
    endloop
  endfacet
  facet normal 0 0 1
    outer loop
      vertex -31.9497474655509 -16.9497474655509 5
      vertex -75.1986255473958 -40.500733850607794 5
      vertex -75.05553060386667 -40.58650165908567 5
    endloop
  endfacet
  facet normal 0 0 1
    outer loop
      vertex -31.9497474655509 -16.9497474655509 5
      vertex -74.3 -42 5
      vertex -74.30818596465727 -42.16662913856025 5
    endloop
  endfacet
  facet normal 0 0 1
    outer loop
      vertex -31.9497474655509 -16.9497474655509 5
      vertex -74.30818596465727 -41.83337086143975 5
      vertex -74.3 -42 5
    endloop
  endfacet
  facet normal 0 0 1
    outer loop
      vertex -31.9497474655509 -16.9497474655509 5
      vertex -74.3326650233145 -41.668346452572585 5
      vertex -74.30818596465727 -41.83337086143975 5
    endloop
  endfacet
  facet normal 0 0 1
    outer loop
      vertex -31.9497474655509 -16.9497474655509 5
      vertex -74.37320142925525 -41.506516048667415 5
      vertex -74.3326650233145 -41.668346452572585 5
    endloop
  endfacet
  facet normal 0 0 1
    outer loop
      vertex -31.9497474655509 -16.9497474655509 5
      vertex -74.5007338506078 -41.19862554739581 5
      vertex -74.42940479473081 -41.34943816497935 5
    endloop
  endfacet
  facet normal 0 0 1
    outer loop
      vertex -31.9497474655509 -16.9497474655509 5
      vertex -74.42940479473081 -41.34943816497935 5
      vertex -74.37320142925525 -41.506516048667415 5
    endloop
  endfacet
  facet normal 0 0 1
    outer loop
      vertex -31.9497474655509 -16.9497474655509 5
      vertex -74.58650165908567 -41.05553060386668 5
      vertex -74.5007338506078 -41.19862554739581 5
    endloop
  endfacet
  facet normal 0 0 1
    outer loop
      vertex -31.9497474655509 -16.9497474655509 5
      vertex -74.68588222928335 -40.9215314169218 5
      vertex -74.58650165908567 -41.05553060386668 5
    endloop
  endfacet
  facet normal 0 0 1
    outer loop
      vertex -74.68588222928335 -43.0784685830782 5
      vertex -41.80137445260419 -29.499266149392202 5
      vertex -41.94446939613332 -29.413498340914327 5
    endloop
  endfacet
  facet normal 0 0 1
    outer loop
      vertex -74.68588222928335 -43.0784685830782 5
      vertex -42.0784685830782 -29.314117770716653 5
      vertex -42.20208152801713 -29.202081528017132 5
    endloop
  endfacet
  facet normal 0 0 1
    outer loop
      vertex -74.68588222928335 -43.0784685830782 5
      vertex -42.20208152801713 -29.202081528017132 5
      vertex -42.314117770716656 -29.078468583078198 5
    endloop
  endfacet
  facet normal 0 0 1
    outer loop
      vertex -74.68588222928335 -43.0784685830782 5
      vertex -41.94446939613332 -29.413498340914327 5
      vertex -42.0784685830782 -29.314117770716653 5
    endloop
  endfacet
  facet normal 0 0 1
    outer loop
      vertex -74.68588222928335 -43.0784685830782 5
      vertex -41.493483951332585 -29.626798570744754 5
      vertex -41.65056183502065 -29.570595205269186 5
    endloop
  endfacet
  facet normal 0 0 1
    outer loop
      vertex -74.68588222928335 -43.0784685830782 5
      vertex -41.65056183502065 -29.570595205269186 5
      vertex -41.80137445260419 -29.499266149392202 5
    endloop
  endfacet
  facet normal 0 0 1
    outer loop
      vertex -74.68588222928335 -43.0784685830782 5
      vertex -41.331653547427415 -29.667334976685492 5
      vertex -41.493483951332585 -29.626798570744754 5
    endloop
  endfacet
  facet normal 0 0 1
    outer loop
      vertex -74.68588222928335 -43.0784685830782 5
      vertex -41.16662913856025 -29.691814035342734 5
      vertex -41.331653547427415 -29.667334976685492 5
    endloop
  endfacet
  facet normal 0 0 1
    outer loop
      vertex -74.68588222928335 -43.0784685830782 5
      vertex -41 -29.7 5
      vertex -41.16662913856025 -29.691814035342734 5
    endloop
  endfacet
  facet normal 0 0 1
    outer loop
      vertex -74.68588222928335 -43.0784685830782 5
      vertex -42.314117770716656 -29.078468583078198 5
      vertex -42.41349834091433 -28.944469396133325 5
    endloop
  endfacet
  facet normal 0 0 1
    outer loop
      vertex -74.68588222928335 -43.0784685830782 5
      vertex -42.41349834091433 -28.944469396133325 5
      vertex -42.499266149392206 -28.801374452604197 5
    endloop
  endfacet
  facet normal 0 0 1
    outer loop
      vertex -74.68588222928335 -43.0784685830782 5
      vertex -42.570595205269186 -28.650561835020653 5
      vertex -42.626798570744754 -28.493483951332585 5
    endloop
  endfacet
  facet normal 0 0 1
    outer loop
      vertex -74.68588222928335 -43.0784685830782 5
      vertex -42.499266149392206 -28.801374452604197 5
      vertex -42.570595205269186 -28.650561835020653 5
    endloop
  endfacet
  facet normal 0 0 1
    outer loop
      vertex -74.68588222928335 -43.0784685830782 5
      vertex -42.626798570744754 -28.493483951332585 5
      vertex -42.66733497668549 -28.33165354742742 5
    endloop
  endfacet
  facet normal 0 0 1
    outer loop
      vertex -74.68588222928335 -43.0784685830782 5
      vertex -42.66733497668549 -28.33165354742742 5
      vertex -42.69181403534274 -28.166629138560253 5
    endloop
  endfacet
  facet normal 0 0 1
    outer loop
      vertex -74.68588222928335 -43.0784685830782 5
      vertex -42.69181403534274 -28.166629138560253 5
      vertex -42.7 -28 5
    endloop
  endfacet
  facet normal 0 0 1
    outer loop
      vertex -74.68588222928335 -43.0784685830782 5
      vertex -42.7 -28 5
      vertex -42.69181403534274 -27.833370861439747 5
    endloop
  endfacet
  facet normal 0 0 1
    outer loop
      vertex -74.68588222928335 -43.0784685830782 5
      vertex -42.69181403534274 -27.833370861439747 5
      vertex -42.66733497668549 -27.66834645257258 5
    endloop
  endfacet
  facet normal 0 0 1
    outer loop
      vertex -74.68588222928335 -43.0784685830782 5
      vertex -42.66733497668549 -27.66834645257258 5
      vertex -42.626798570744754 -27.506516048667415 5
    endloop
  endfacet
  facet normal 0 0 1
    outer loop
      vertex -74.68588222928335 -43.0784685830782 5
      vertex -42.626798570744754 -27.506516048667415 5
      vertex -42.570595205269186 -27.349438164979347 5
    endloop
  endfacet
  facet normal 0 0 1
    outer loop
      vertex -74.68588222928335 -43.0784685830782 5
      vertex -42.570595205269186 -27.349438164979347 5
      vertex -42.499266149392206 -27.198625547395803 5
    endloop
  endfacet
  facet normal 0 0 1
    outer loop
      vertex -74.68588222928335 -43.0784685830782 5
      vertex -42.499266149392206 -27.198625547395803 5
      vertex -42.41349834091433 -27.055530603866675 5
    endloop
  endfacet
  facet normal 0 0 1
    outer loop
      vertex -74.68588222928335 -43.0784685830782 5
      vertex -42.41349834091433 -27.055530603866675 5
      vertex -42.314117770716656 -26.921531416921802 5
    endloop
  endfacet
  facet normal 0 0 1
    outer loop
      vertex -74.68588222928335 -43.0784685830782 5
      vertex -42.20208152801713 -26.797918471982868 5
      vertex -42.0784685830782 -26.685882229283347 5
    endloop
  endfacet
  facet normal 0 0 1
    outer loop
      vertex -74.68588222928335 -43.0784685830782 5
      vertex -42.314117770716656 -26.921531416921802 5
      vertex -42.20208152801713 -26.797918471982868 5
    endloop
  endfacet
  facet normal 0 0 1
    outer loop
      vertex -74.68588222928335 -43.0784685830782 5
      vertex -42.0784685830782 -26.685882229283347 5
      vertex -41.94446939613332 -26.586501659085673 5
    endloop
  endfacet
  facet normal 0 0 1
    outer loop
      vertex -74.68588222928335 -43.0784685830782 5
      vertex -41.94446939613332 -26.586501659085673 5
      vertex -41.80137445260419 -26.500733850607798 5
    endloop
  endfacet
  facet normal 0 0 1
    outer loop
      vertex -31.9497474655509 -16.9497474655509 5
      vertex -74.68588222928335 -43.0784685830782 5
      vertex -41.80137445260419 -26.500733850607798 5
    endloop
  endfacet
  facet normal -1 0 0
    outer loop
      vertex -90 -46 0
      vertex -90 -46 5
      vertex -90 46 5
    endloop
  endfacet
  facet normal 0 0 1
    outer loop
      vertex -90 -46 5
      vertex -33.173448853194714 -15.299777157604694 5
      vertex -33.46715673059225 -14.678784027695656 5
    endloop
  endfacet
  facet normal 0 0 1
    outer loop
      vertex -90 -46 5
      vertex -32.41107317060232 -16.440752990543842 5
      vertex -32.82028728723526 -15.888991631567478 5
    endloop
  endfacet
  facet normal 0 0 1
    outer loop
      vertex -90 -46 5
      vertex -32.82028728723526 -15.888991631567478 5
      vertex -33.173448853194714 -15.299777157604694 5
    endloop
  endfacet
  facet normal 0 0 1
    outer loop
      vertex -90 -46 5
      vertex -33.46715673059225 -14.678784027695656 5
      vertex -33.69858235120773 -14.031992740929127 5
    endloop
  endfacet
  facet normal 0 0 1
    outer loop
      vertex -90 -46 5
      vertex -33.69858235120773 -14.031992740929127 5
      vertex -33.86549696326256 -13.365632250905037 5
    endloop
  endfacet
  facet normal 0 0 1
    outer loop
      vertex -90 -46 5
      vertex -33.86549696326256 -13.365632250905037 5
      vertex -33.96629308909178 -12.686119981110096 5
    endloop
  endfacet
  facet normal 0 0 1
    outer loop
      vertex -90 -46 5
      vertex -33.96629308909178 -12.686119981110096 5
      vertex -34 -12 5
    endloop
  endfacet
  facet normal 0 0 1
    outer loop
      vertex -75.83337086143975 -40.30818596465726 5
      vertex -31.9497474655509 -16.9497474655509 5
      vertex -32.41107317060232 -16.440752990543842 5
    endloop
  endfacet
  facet normal 0 0 1
    outer loop
      vertex -90 -46 5
      vertex -34 -12 5
      vertex -34 12 5
    endloop
  endfacet
  facet normal 0 0 1
    outer loop
      vertex -86.44456186145544 -52.6517568975687 5
      vertex -85.77117389440536 -53.05537011474371 5
      vertex 87.65685424953699 -51.65685424953699 5
    endloop
  endfacet
  facet normal 0 0 1
    outer loop
      vertex -86.44456186145544 -52.6517568975687 5
      vertex 88.18408362567425 -51.07514627277851 5
      vertex -87.07514627277851 -52.18408362567425 5
    endloop
  endfacet
  facet normal 0 0 1
    outer loop
      vertex -87.65685424953699 -51.65685424953699 5
      vertex 89.05537011474371 -49.771173894405365 5
      vertex -88.18408362567425 -51.07514627277851 5
    endloop
  endfacet
  facet normal 0 0 1
    outer loop
      vertex -87.65685424953699 -51.65685424953699 5
      vertex -87.07514627277851 -52.18408362567425 5
      vertex 88.6517568975687 -50.44456186145544 5
    endloop
  endfacet
  facet normal 0 0 1
    outer loop
      vertex -88.18408362567425 -51.07514627277851 5
      vertex 89.39103625714779 -49.061467461287975 5
      vertex -88.6517568975687 -50.44456186145544 5
    endloop
  endfacet
  facet normal 0 0 1
    outer loop
      vertex -88.6517568975687 -50.44456186145544 5
      vertex 89.65552268922329 -48.322277419269085 5
      vertex -89.05537011474371 -49.771173894405365 5
    endloop
  endfacet
  facet normal 0 0 1
    outer loop
      vertex -89.39103625714779 -49.061467461287975 5
      vertex -89.05537011474371 -49.771173894405365 5
      vertex 89.84628224372864 -47.56072257459164 5
    endloop
  endfacet
  facet normal 0 0 1
    outer loop
      vertex -89.39103625714779 -49.061467461287975 5
      vertex 89.96147781610489 -46.78413712233305 5
      vertex -89.65552268922329 -48.322277419269085 5
    endloop
  endfacet
  facet normal 0 0 1
    outer loop
      vertex -89.65552268922329 -48.322277419269085 5
      vertex 90 -46 5
      vertex -89.84628224372864 -47.56072257459164 5
    endloop
  endfacet
  facet normal 0 0 1
    outer loop
      vertex -85.06146746128798 -53.39103625714779 5
      vertex -84.32227741926908 -53.65552268922329 5
      vertex 86.44456186145544 -52.6517568975687 5
    endloop
  endfacet
  facet normal 0 0 1
    outer loop
      vertex -83.56072257459164 -53.84628224372864 5
      vertex -82.78413712233305 -53.96147781610489 5
      vertex 85.06146746128798 -53.39103625714779 5
    endloop
  endfacet
  facet normal 0 0 1
    outer loop
      vertex -82.78413712233305 -53.96147781610489 5
      vertex -82 -54 5
      vertex 84.32227741926908 -53.65552268922329 5
    endloop
  endfacet
  facet normal 0 0 1
    outer loop
      vertex -84.32227741926908 -53.65552268922329 5
      vertex -83.56072257459164 -53.84628224372864 5
      vertex 85.77117389440536 -53.05537011474371 5
    endloop
  endfacet
  facet normal 0 0 1
    outer loop
      vertex -85.06146746128798 -53.39103625714779 5
      vertex 87.07514627277851 -52.18408362567425 5
      vertex -85.77117389440536 -53.05537011474371 5
    endloop
  endfacet
  facet normal 0 0 1
    outer loop
      vertex -89.84628224372864 -47.56072257459164 5
      vertex 90 -46 5
      vertex -76 -43.7 5
    endloop
  endfacet
  facet normal 0 0 1
    outer loop
      vertex 90 -46 5
      vertex -75.83337086143975 -43.69181403534274 5
      vertex -76 -43.7 5
    endloop
  endfacet
  facet normal 0 0 1
    outer loop
      vertex 90 -46 5
      vertex -75.66834645257258 -43.66733497668549 5
      vertex -75.83337086143975 -43.69181403534274 5
    endloop
  endfacet
  facet normal 0 0 1
    outer loop
      vertex 90 -46 5
      vertex -75.50651604866741 -43.626798570744754 5
      vertex -75.66834645257258 -43.66733497668549 5
    endloop
  endfacet
  facet normal 0 0 1
    outer loop
      vertex 90 -46 5
      vertex -75.34943816497935 -43.570595205269186 5
      vertex -75.50651604866741 -43.626798570744754 5
    endloop
  endfacet
  facet normal 0 0 1
    outer loop
      vertex 90 -46 5
      vertex -75.1986255473958 -43.499266149392206 5
      vertex -75.34943816497935 -43.570595205269186 5
    endloop
  endfacet
  facet normal 0 0 1
    outer loop
      vertex 90 -46 5
      vertex -75.05553060386667 -43.41349834091433 5
      vertex -75.1986255473958 -43.499266149392206 5
    endloop
  endfacet
  facet normal 0 0 1
    outer loop
      vertex 90 -46 5
      vertex -74.92153141692181 -43.314117770716656 5
      vertex -75.05553060386667 -43.41349834091433 5
    endloop
  endfacet
  facet normal 0 0 1
    outer loop
      vertex 90 -46 5
      vertex -74.79791847198287 -43.20208152801713 5
      vertex -74.92153141692181 -43.314117770716656 5
    endloop
  endfacet
  facet normal 0 0 1
    outer loop
      vertex 90 -46 5
      vertex -74.68588222928335 -43.0784685830782 5
      vertex -74.79791847198287 -43.20208152801713 5
    endloop
  endfacet
  facet normal 0 0 1
    outer loop
      vertex -40.506516048667415 -29.626798570744754 5
      vertex 40.34943816497935 -29.570595205269186 5
      vertex -40.34943816497935 -29.570595205269186 5
    endloop
  endfacet
  facet normal 0 0 1
    outer loop
      vertex -40.19862554739581 -29.499266149392202 5
      vertex 40.05553060386668 -29.413498340914327 5
      vertex -40.05553060386668 -29.413498340914327 5
    endloop
  endfacet
  facet normal 0 0 1
    outer loop
      vertex -40.34943816497935 -29.570595205269186 5
      vertex 40.19862554739581 -29.499266149392202 5
      vertex -40.19862554739581 -29.499266149392202 5
    endloop
  endfacet
  facet normal 0 0 1
    outer loop
      vertex -40.05553060386668 -29.413498340914327 5
      vertex 39.9215314169218 -29.314117770716653 5
      vertex -39.9215314169218 -29.314117770716653 5
    endloop
  endfacet
  facet normal 0 0 1
    outer loop
      vertex -39.9215314169218 -29.314117770716653 5
      vertex 39.79791847198287 -29.202081528017132 5
      vertex -39.79791847198287 -29.202081528017132 5
    endloop
  endfacet
  facet normal 0 0 1
    outer loop
      vertex -39.79791847198287 -29.202081528017132 5
      vertex 39.685882229283344 -29.078468583078198 5
      vertex -39.685882229283344 -29.078468583078198 5
    endloop
  endfacet
  facet normal 0 0 1
    outer loop
      vertex -39.685882229283344 -29.078468583078198 5
      vertex 39.58650165908567 -28.944469396133325 5
      vertex -39.58650165908567 -28.944469396133325 5
    endloop
  endfacet
  facet normal 0 0 1
    outer loop
      vertex -39.58650165908567 -28.944469396133325 5
      vertex 39.500733850607794 -28.801374452604197 5
      vertex -39.500733850607794 -28.801374452604197 5
    endloop
  endfacet
  facet normal 0 0 1
    outer loop
      vertex -39.500733850607794 -28.801374452604197 5
      vertex 39.500733850607794 -28.801374452604197 5
      vertex -39.429404794730814 -28.650561835020653 5
    endloop
  endfacet
  facet normal 0 0 1
    outer loop
      vertex -39.429404794730814 -28.650561835020653 5
      vertex 39.500733850607794 -28.801374452604197 5
      vertex -39.373201429255246 -28.493483951332585 5
    endloop
  endfacet
  facet normal 0 0 1
    outer loop
      vertex -39.373201429255246 -28.493483951332585 5
      vertex 39.500733850607794 -28.801374452604197 5
      vertex -39.33266502331451 -28.33165354742742 5
    endloop
  endfacet
  facet normal 0 0 1
    outer loop
      vertex -39.33266502331451 -28.33165354742742 5
      vertex 39.500733850607794 -28.801374452604197 5
      vertex -39.30818596465726 -28.166629138560253 5
    endloop
  endfacet
  facet normal 0 0 1
    outer loop
      vertex -39.30818596465726 -28.166629138560253 5
      vertex 39.3 -28 5
      vertex -39.3 -28 5
    endloop
  endfacet
  facet normal 0 0 1
    outer loop
      vertex -39.3 -28 5
      vertex 39.500733850607794 -27.198625547395803 5
      vertex -39.30818596465726 -27.833370861439747 5
    endloop
  endfacet
  facet normal 0 0 1
    outer loop
      vertex -39.30818596465726 -27.833370861439747 5
      vertex 39.500733850607794 -27.198625547395803 5
      vertex -39.33266502331451 -27.66834645257258 5
    endloop
  endfacet
  facet normal 0 0 1
    outer loop
      vertex -39.33266502331451 -27.66834645257258 5
      vertex 39.500733850607794 -27.198625547395803 5
      vertex -39.373201429255246 -27.506516048667415 5
    endloop
  endfacet
  facet normal 0 0 1
    outer loop
      vertex -39.373201429255246 -27.506516048667415 5
      vertex 39.500733850607794 -27.198625547395803 5
      vertex -39.429404794730814 -27.349438164979347 5
    endloop
  endfacet
  facet normal 0 0 1
    outer loop
      vertex -39.58650165908567 -27.055530603866675 5
      vertex 39.58650165908567 -27.055530603866675 5
      vertex -39.685882229283344 -26.921531416921802 5
    endloop
  endfacet
  facet normal 0 0 1
    outer loop
      vertex -39.429404794730814 -27.349438164979347 5
      vertex 39.58650165908567 -27.055530603866675 5
      vertex -39.500733850607794 -27.198625547395803 5
    endloop
  endfacet
  facet normal 0 0 1
    outer loop
      vertex -39.500733850607794 -27.198625547395803 5
      vertex 39.58650165908567 -27.055530603866675 5
      vertex -39.58650165908567 -27.055530603866675 5
    endloop
  endfacet
  facet normal 0 0 1
    outer loop
      vertex 90 -46 5
      vertex -41 -29.7 5
      vertex -74.68588222928335 -43.0784685830782 5
    endloop
  endfacet
  facet normal 0 0 1
    outer loop
      vertex -39.79791847198287 -26.797918471982868 5
      vertex -31.440752990543842 -17.41107317060232 5
      vertex -39.9215314169218 -26.685882229283347 5
    endloop
  endfacet
  facet normal 0 0 1
    outer loop
      vertex -31.9497474655509 -16.9497474655509 5
      vertex -41.65056183502065 -26.429404794730814 5
      vertex -41.493483951332585 -26.373201429255246 5
    endloop
  endfacet
  facet normal 0 0 1
    outer loop
      vertex -31.9497474655509 -16.9497474655509 5
      vertex -41.80137445260419 -26.500733850607798 5
      vertex -41.65056183502065 -26.429404794730814 5
    endloop
  endfacet
  facet normal 0 0 1
    outer loop
      vertex -31.9497474655509 -16.9497474655509 5
      vertex -41.493483951332585 -26.373201429255246 5
      vertex -41.331653547427415 -26.332665023314508 5
    endloop
  endfacet
  facet normal 0 0 1
    outer loop
      vertex -31.9497474655509 -16.9497474655509 5
      vertex -41.331653547427415 -26.332665023314508 5
      vertex -41.16662913856025 -26.308185964657266 5
    endloop
  endfacet
  facet normal 0 0 1
    outer loop
      vertex -31.9497474655509 -16.9497474655509 5
      vertex -41.16662913856025 -26.308185964657266 5
      vertex -41 -26.3 5
    endloop
  endfacet
  facet normal 0 0 1
    outer loop
      vertex -31.9497474655509 -16.9497474655509 5
      vertex -40.668346452572585 -26.332665023314508 5
      vertex -40.506516048667415 -26.373201429255246 5
    endloop
  endfacet
  facet normal 0 0 1
    outer loop
      vertex -31.9497474655509 -16.9497474655509 5
      vertex -40.34943816497935 -26.429404794730814 5
      vertex -40.19862554739581 -26.500733850607798 5
    endloop
  endfacet
  facet normal 0 0 1
    outer loop
      vertex -31.9497474655509 -16.9497474655509 5
      vertex -40.506516048667415 -26.373201429255246 5
      vertex -40.34943816497935 -26.429404794730814 5
    endloop
  endfacet
  facet normal 0 0 1
    outer loop
      vertex -31.9497474655509 -16.9497474655509 5
      vertex -40.05553060386668 -26.586501659085673 5
      vertex -39.9215314169218 -26.685882229283347 5
    endloop
  endfacet
  facet normal 0 0 1
    outer loop
      vertex -31.9497474655509 -16.9497474655509 5
      vertex -40.19862554739581 -26.500733850607798 5
      vertex -40.05553060386668 -26.586501659085673 5
    endloop
  endfacet
  facet normal 0 0 1
    outer loop
      vertex -31.9497474655509 -16.9497474655509 5
      vertex -40.83337086143975 -26.308185964657266 5
      vertex -40.668346452572585 -26.332665023314508 5
    endloop
  endfacet
  facet normal 0 0 1
    outer loop
      vertex -31.9497474655509 -16.9497474655509 5
      vertex -41 -26.3 5
      vertex -40.83337086143975 -26.308185964657266 5
    endloop
  endfacet
  facet normal 0 0 1
    outer loop
      vertex -39.79791847198287 -26.797918471982868 5
      vertex -30.888991631567478 -17.82028728723526 5
      vertex -31.440752990543842 -17.41107317060232 5
    endloop
  endfacet
  facet normal 0 0 1
    outer loop
      vertex -31.9497474655509 -16.9497474655509 5
      vertex -39.9215314169218 -26.685882229283347 5
      vertex -31.440752990543842 -17.41107317060232 5
    endloop
  endfacet
  facet normal 0 0 1
    outer loop
      vertex -39.79791847198287 -26.797918471982868 5
      vertex -29.678784027695656 -18.46715673059225 5
      vertex -30.299777157604694 -18.173448853194714 5
    endloop
  endfacet
  facet normal 0 0 1
    outer loop
      vertex -39.79791847198287 -26.797918471982868 5
      vertex -29.031992740929127 -18.698582351207733 5
      vertex -29.678784027695656 -18.46715673059225 5
    endloop
  endfacet
  facet normal 0 0 1
    outer loop
      vertex -39.79791847198287 -26.797918471982868 5
      vertex -28.365632250905037 -18.865496963262558 5
      vertex -29.031992740929127 -18.698582351207733 5
    endloop
  endfacet
  facet normal 0 0 1
    outer loop
      vertex -39.79791847198287 -26.797918471982868 5
      vertex -30.299777157604694 -18.173448853194714 5
      vertex -30.888991631567478 -17.82028728723526 5
    endloop
  endfacet
  facet normal 0 0 1
    outer loop
      vertex -39.79791847198287 -26.797918471982868 5
      vertex -27.686119981110096 -18.966293089091778 5
      vertex -28.365632250905037 -18.865496963262558 5
    endloop
  endfacet
  facet normal 0 0 1
    outer loop
      vertex -39.79791847198287 -26.797918471982868 5
      vertex -27 -19 5
      vertex -27.686119981110096 -18.966293089091778 5
    endloop
  endfacet
  facet normal 0 0 1
    outer loop
      vertex -26.49440883845091 -10.666710697114468 5
      vertex -29 -12 5
      vertex -28.990369454026222 -12.196034282445908 5
    endloop
  endfacet
  facet normal 0 0 1
    outer loop
      vertex -26.121320344507694 -11.121320344507694 5
      vertex -28.414213560521603 -13.414213560521603 5
      vertex -28.268786571919918 -13.546020910143852 5
    endloop
  endfacet
  facet normal 0 0 1
    outer loop
      vertex -26.121320344507694 -11.121320344507694 5
      vertex -28.268786571919918 -13.546020910143852 5
      vertex -28.111140467226505 -13.662939228117466 5
    endloop
  endfacet
  facet normal 0 0 1
    outer loop
      vertex -24.58527096360922 -11.94235584139824 5
      vertex -27.94279347360134 -13.763842530548573 5
      vertex -27.76536686718464 -13.847759068012238 5
    endloop
  endfacet
  facet normal 0 0 1
    outer loop
      vertex -26.121320344507694 -11.121320344507694 5
      vertex -28.111140467226505 -13.662939228117466 5
      vertex -27.94279347360134 -13.763842530548573 5
    endloop
  endfacet
  facet normal 0 0 1
    outer loop
      vertex -26.121320344507694 -11.121320344507694 5
      vertex -28.662939228117466 -13.111140467226505 5
      vertex -28.546020910143852 -13.268786571919918 5
    endloop
  endfacet
  facet normal 0 0 1
    outer loop
      vertex -26.121320344507694 -11.121320344507694 5
      vertex -28.763842530548573 -12.942793473601341 5
      vertex -28.662939228117466 -13.111140467226505 5
    endloop
  endfacet
  facet normal 0 0 1
    outer loop
      vertex -26.121320344507694 -11.121320344507694 5
      vertex -28.847759068012238 -12.765366867184639 5
      vertex -28.763842530548573 -12.942793473601341 5
    endloop
  endfacet
  facet normal 0 0 1
    outer loop
      vertex -26.121320344507694 -11.121320344507694 5
      vertex -28.546020910143852 -13.268786571919918 5
      vertex -28.414213560521603 -13.414213560521603 5
    endloop
  endfacet
  facet normal 0 0 1
    outer loop
      vertex -26.121320344507694 -11.121320344507694 5
      vertex -28.913880668580532 -12.580569356679916 5
      vertex -28.847759068012238 -12.765366867184639 5
    endloop
  endfacet
  facet normal 0 0 1
    outer loop
      vertex -26.121320344507694 -11.121320344507694 5
      vertex -28.96157056093216 -12.3901806473732 5
      vertex -28.913880668580532 -12.580569356679916 5
    endloop
  endfacet
  facet normal 0 0 1
    outer loop
      vertex -26.319031357765198 -10.903179854154587 5
      vertex -28.990369454026222 -12.196034282445908 5
      vertex -28.96157056093216 -12.3901806473732 5
    endloop
  endfacet
  facet normal 0 0 1
    outer loop
      vertex -24.58527096360922 -11.94235584139824 5
      vertex -27.76536686718464 -13.847759068012238 5
      vertex -27.580569356679916 -13.913880668580532 5
    endloop
  endfacet
  facet normal 0 0 1
    outer loop
      vertex -24.29405142366886 -11.985554181039333 5
      vertex -27.580569356679916 -13.913880668580532 5
      vertex -27.3901806473732 -13.96157056093216 5
    endloop
  endfacet
  facet normal 0 0 1
    outer loop
      vertex -24.29405142366886 -11.985554181039333 5
      vertex -27.3901806473732 -13.96157056093216 5
      vertex -27.196034282445908 -13.990369454026222 5
    endloop
  endfacet
  facet normal 0 0 1
    outer loop
      vertex -24.29405142366886 -11.985554181039333 5
      vertex -27.196034282445908 -13.990369454026222 5
      vertex -27 -14 5
    endloop
  endfacet
  facet normal 0 0 1
    outer loop
      vertex -27.94279347360134 -13.763842530548573 5
      vertex -25.414190210402012 -11.645763792097569 5
      vertex -25.666710697114468 -11.494408838450909 5
    endloop
  endfacet
  facet normal 0 0 1
    outer loop
      vertex -27.94279347360134 -13.763842530548573 5
      vertex -25.14805030077696 -11.771638594567776 5
      vertex -25.414190210402012 -11.645763792097569 5
    endloop
  endfacet
  facet normal 0 0 1
    outer loop
      vertex -27.94279347360134 -13.763842530548573 5
      vertex -25.903179854154587 -11.319031357765198 5
      vertex -26.121320344507694 -11.121320344507694 5
    endloop
  endfacet
  facet normal 0 0 1
    outer loop
      vertex -27.94279347360134 -13.763842530548573 5
      vertex -25.666710697114468 -11.494408838450909 5
      vertex -25.903179854154587 -11.319031357765198 5
    endloop
  endfacet
  facet normal 0 0 1
    outer loop
      vertex -27.94279347360134 -13.763842530548573 5
      vertex -24.870854035019875 -11.870821006596088 5
      vertex -25.14805030077696 -11.771638594567776 5
    endloop
  endfacet
  facet normal 0 0 1
    outer loop
      vertex -27.94279347360134 -13.763842530548573 5
      vertex -24.58527096360922 -11.94235584139824 5
      vertex -24.870854035019875 -11.870821006596088 5
    endloop
  endfacet
  facet normal 0 0 1
    outer loop
      vertex -24.58527096360922 -11.94235584139824 5
      vertex -27.580569356679916 -13.913880668580532 5
      vertex -24.29405142366886 -11.985554181039333 5
    endloop
  endfacet
  facet normal 0 0 1
    outer loop
      vertex -26.319031357765198 -10.903179854154587 5
      vertex -28.96157056093216 -12.3901806473732 5
      vertex -26.121320344507694 -11.121320344507694 5
    endloop
  endfacet
  facet normal 0 0 1
    outer loop
      vertex -26.49440883845091 -10.666710697114468 5
      vertex -28.990369454026222 -12.196034282445908 5
      vertex -26.319031357765198 -10.903179854154587 5
    endloop
  endfacet
  facet normal 0 0 1
    outer loop
      vertex -26.64576379209757 -10.414190210402012 5
      vertex -29 -12 5
      vertex -26.49440883845091 -10.666710697114468 5
    endloop
  endfacet
  facet normal 0 0 1
    outer loop
      vertex -26.771638594567776 -10.148050300776958 5
      vertex -29 -12 5
      vertex -26.64576379209757 -10.414190210402012 5
    endloop
  endfacet
  facet normal 0 0 1
    outer loop
      vertex -26.87082100659609 -9.870854035019875 5
      vertex -29 -12 5
      vertex -26.771638594567776 -10.148050300776958 5
    endloop
  endfacet
  facet normal 0 0 1
    outer loop
      vertex -26.94235584139824 -9.585270963609219 5
      vertex -29 -12 5
      vertex -26.87082100659609 -9.870854035019875 5
    endloop
  endfacet
  facet normal 0 0 1
    outer loop
      vertex -26.985554181039333 -9.294051423668861 5
      vertex -29 -12 5
      vertex -26.94235584139824 -9.585270963609219 5
    endloop
  endfacet
  facet normal 0 0 1
    outer loop
      vertex -27 -14 5
      vertex -24 -12 5
      vertex -24.29405142366886 -11.985554181039333 5
    endloop
  endfacet
  facet normal 0 0 1
    outer loop
      vertex -27 -9 5
      vertex -29 -12 5
      vertex -26.985554181039333 -9.294051423668861 5
    endloop
  endfacet
  facet normal 0 0 1
    outer loop
      vertex -27 -9 5
      vertex -27 9 5
      vertex -29 -12 5
    endloop
  endfacet
  facet normal 0 0 1
    outer loop
      vertex -39.685882229283344 -26.921531416921802 5
      vertex 39.58650165908567 -27.055530603866675 5
      vertex -39.79791847198287 -26.797918471982868 5
    endloop
  endfacet
  facet normal 0 0 1
    outer loop
      vertex -39.79791847198287 -26.797918471982868 5
      vertex 27 -19 5
      vertex -27 -19 5
    endloop
  endfacet
  facet normal 0 0 1
    outer loop
      vertex -27 -14 5
      vertex 27 -14 5
      vertex -24 -12 5
    endloop
  endfacet
  facet normal 0 0 -1
    outer loop
      vertex -85 -44 0
      vertex -77.31411777071665 40.9215314169218 0
      vertex -77.20208152801713 40.79791847198287 0
    endloop
  endfacet
  facet normal 0 0 -1
    outer loop
      vertex -85 -44 0
      vertex -77.07846858307819 40.685882229283344 0
      vertex -76.94446939613333 40.58650165908567 0
    endloop
  endfacet
  facet normal 0 0 -1
    outer loop
      vertex -85 -44 0
      vertex -76.8013744526042 40.500733850607794 0
      vertex -76.65056183502065 40.429404794730814 0
    endloop
  endfacet
  facet normal 0 0 -1
    outer loop
      vertex -85 -44 0
      vertex -76.94446939613333 40.58650165908567 0
      vertex -76.8013744526042 40.500733850607794 0
    endloop
  endfacet
  facet normal 0 0 -1
    outer loop
      vertex -85 -44 0
      vertex -77.20208152801713 40.79791847198287 0
      vertex -77.07846858307819 40.685882229283344 0
    endloop
  endfacet
  facet normal 0 0 -1
    outer loop
      vertex -85 -44 0
      vertex -77.57059520526919 41.34943816497935 0
      vertex -77.4992661493922 41.19862554739581 0
    endloop
  endfacet
  facet normal 0 0 -1
    outer loop
      vertex -85 -44 0
      vertex -77.4992661493922 41.19862554739581 0
      vertex -77.41349834091433 41.05553060386668 0
    endloop
  endfacet
  facet normal 0 0 -1
    outer loop
      vertex -85 -44 0
      vertex -77.41349834091433 41.05553060386668 0
      vertex -77.31411777071665 40.9215314169218 0
    endloop
  endfacet
  facet normal 0 0 -1
    outer loop
      vertex -85 -44 0
      vertex -77.62679857074475 41.506516048667415 0
      vertex -77.57059520526919 41.34943816497935 0
    endloop
  endfacet
  facet normal 0 0 -1
    outer loop
      vertex -85 -44 0
      vertex -77.6673349766855 41.668346452572585 0
      vertex -77.62679857074475 41.506516048667415 0
    endloop
  endfacet
  facet normal 0 0 -1
    outer loop
      vertex -85 -44 0
      vertex -77.69181403534273 41.83337086143975 0
      vertex -77.6673349766855 41.668346452572585 0
    endloop
  endfacet
  facet normal 0 0 -1
    outer loop
      vertex -85 -44 0
      vertex -77.7 42 0
      vertex -77.69181403534273 41.83337086143975 0
    endloop
  endfacet
  facet normal 0 0 -1
    outer loop
      vertex -85 -44 0
      vertex -76.65056183502065 40.429404794730814 0
      vertex -44.34863156129983 28 0
    endloop
  endfacet
  facet normal 0 0 -1
    outer loop
      vertex -90 46 0
      vertex -87 44 0
      vertex -87 -44 0
    endloop
  endfacet
  facet normal 0 0 -1
    outer loop
      vertex -85 -44 0
      vertex -85 44 0
      vertex -77.7 42 0
    endloop
  endfacet
  facet normal 0 0 -1
    outer loop
      vertex -85 -44 0
      vertex -44.34863156129983 28 0
      vertex -42.67431578064991 25.1 0
    endloop
  endfacet
  facet normal -1 0 0
    outer loop
      vertex -90 -46 0
      vertex -90 46 5
      vertex -90 46 0
    endloop
  endfacet
  facet normal 0 0 -1
    outer loop
      vertex -90 46 0
      vertex -86.96629308909178 44.686119981110096 0
      vertex -87 44 0
    endloop
  endfacet
  facet normal 0 0 -1
    outer loop
      vertex -90 46 0
      vertex -86.86549696326256 45.36563225090504 0
      vertex -86.96629308909178 44.686119981110096 0
    endloop
  endfacet
  facet normal 0 0 -1
    outer loop
      vertex -90 46 0
      vertex -89.96147781610489 46.78413712233305 0
      vertex -86.69858235120773 46.03199274092913 0
    endloop
  endfacet
  facet normal 0 0 -1
    outer loop
      vertex -89.96147781610489 46.78413712233305 0
      vertex -89.84628224372864 47.56072257459164 0
      vertex -86.46715673059225 46.678784027695656 0
    endloop
  endfacet
  facet normal 0 0 -1
    outer loop
      vertex -90 46 0
      vertex -86.69858235120773 46.03199274092913 0
      vertex -86.86549696326256 45.36563225090504 0
    endloop
  endfacet
  facet normal 0 0 -1
    outer loop
      vertex -89.96147781610489 46.78413712233305 0
      vertex -86.46715673059225 46.678784027695656 0
      vertex -86.69858235120773 46.03199274092913 0
    endloop
  endfacet
  facet normal 0 0 -1
    outer loop
      vertex -89.84628224372864 47.56072257459164 0
      vertex -86.17344885319471 47.299777157604694 0
      vertex -86.46715673059225 46.678784027695656 0
    endloop
  endfacet
  facet normal 0 0 -1
    outer loop
      vertex -85 44 0
      vertex -84.97592363506556 44.49008569866419 0
      vertex -77.57059520526919 42.65056183502065 0
    endloop
  endfacet
  facet normal 0 0 -1
    outer loop
      vertex -85 44 0
      vertex -77.69181403534273 42.16662913856025 0
      vertex -77.7 42 0
    endloop
  endfacet
  facet normal 0 0 -1
    outer loop
      vertex -85 44 0
      vertex -77.6673349766855 42.331653547427415 0
      vertex -77.69181403534273 42.16662913856025 0
    endloop
  endfacet
  facet normal 0 0 -1
    outer loop
      vertex -85 44 0
      vertex -77.62679857074475 42.493483951332585 0
      vertex -77.6673349766855 42.331653547427415 0
    endloop
  endfacet
  facet normal 0 0 -1
    outer loop
      vertex -85 44 0
      vertex -77.57059520526919 42.65056183502065 0
      vertex -77.62679857074475 42.493483951332585 0
    endloop
  endfacet
  facet normal 0 0 -1
    outer loop
      vertex -84.97592363506556 44.49008569866419 0
      vertex -84.9039264023304 44.97545161098242 0
      vertex -77.57059520526919 42.65056183502065 0
    endloop
  endfacet
  facet normal 0 0 -1
    outer loop
      vertex -84.9039264023304 44.97545161098242 0
      vertex -84.78470167517662 45.45142338424921 0
      vertex -77.57059520526919 42.65056183502065 0
    endloop
  endfacet
  facet normal 0 0 -1
    outer loop
      vertex -84.78470167517662 45.45142338424921 0
      vertex -84.61939766258001 45.91341716051102 0
      vertex -77.57059520526919 42.65056183502065 0
    endloop
  endfacet
  facet normal 0 0 -1
    outer loop
      vertex -84.61939766258001 45.91341716051102 0
      vertex -84.40960632264614 46.35698368400335 0
      vertex -77.57059520526919 42.65056183502065 0
    endloop
  endfacet
  facet normal 0 0 -1
    outer loop
      vertex -84.40960632264614 46.35698368400335 0
      vertex -77.4992661493922 42.80137445260419 0
      vertex -77.57059520526919 42.65056183502065 0
    endloop
  endfacet
  facet normal 0 0 -1
    outer loop
      vertex -84.40960632264614 46.35698368400335 0
      vertex -77.41349834091433 42.94446939613332 0
      vertex -77.4992661493922 42.80137445260419 0
    endloop
  endfacet
  facet normal 0 0 -1
    outer loop
      vertex -84.40960632264614 46.35698368400335 0
      vertex -77.31411777071665 43.0784685830782 0
      vertex -77.41349834091433 42.94446939613332 0
    endloop
  endfacet
  facet normal 0 0 -1
    outer loop
      vertex -84.40960632264614 46.35698368400335 0
      vertex -77.20208152801713 43.20208152801713 0
      vertex -77.31411777071665 43.0784685830782 0
    endloop
  endfacet
  facet normal 0 0 -1
    outer loop
      vertex -84.40960632264614 46.35698368400335 0
      vertex -77.07846858307819 43.314117770716656 0
      vertex -77.20208152801713 43.20208152801713 0
    endloop
  endfacet
  facet normal 0 0 -1
    outer loop
      vertex -84.40960632264614 46.35698368400335 0
      vertex -76.94446939613333 43.41349834091433 0
      vertex -77.07846858307819 43.314117770716656 0
    endloop
  endfacet
  facet normal 0 0 -1
    outer loop
      vertex -84.40960632264614 46.35698368400335 0
      vertex -76.8013744526042 43.499266149392206 0
      vertex -76.94446939613333 43.41349834091433 0
    endloop
  endfacet
  facet normal 0 0 -1
    outer loop
      vertex -84.40960632264614 46.35698368400335 0
      vertex -76.65056183502065 43.570595205269186 0
      vertex -76.8013744526042 43.499266149392206 0
    endloop
  endfacet
  facet normal 0 0 -1
    outer loop
      vertex -84.40960632264614 46.35698368400335 0
      vertex -76.49348395133259 43.626798570744754 0
      vertex -76.65056183502065 43.570595205269186 0
    endloop
  endfacet
  facet normal 0 0 -1
    outer loop
      vertex -84.40960632264614 46.35698368400335 0
      vertex -76.33165354742742 43.66733497668549 0
      vertex -76.49348395133259 43.626798570744754 0
    endloop
  endfacet
  facet normal 0 0 -1
    outer loop
      vertex -84.40960632264614 46.35698368400335 0
      vertex -76.16662913856025 43.69181403534274 0
      vertex -76.33165354742742 43.66733497668549 0
    endloop
  endfacet
  facet normal 0 0 -1
    outer loop
      vertex -84.40960632264614 46.35698368400335 0
      vertex -76 43.7 0
      vertex -76.16662913856025 43.69181403534274 0
    endloop
  endfacet
  facet normal 0 0 -1
    outer loop
      vertex -89.84628224372864 47.56072257459164 0
      vertex -89.65552268922329 48.322277419269085 0
      vertex -86.17344885319471 47.299777157604694 0
    endloop
  endfacet
  facet normal 0 0 -1
    outer loop
      vertex -89.65552268922329 48.322277419269085 0
      vertex -85.82028728723526 47.88899163156748 0
      vertex -86.17344885319471 47.299777157604694 0
    endloop
  endfacet
  facet normal 0 0 -1
    outer loop
      vertex -89.65552268922329 48.322277419269085 0
      vertex -89.39103625714779 49.061467461287975 0
      vertex -85.82028728723526 47.88899163156748 0
    endloop
  endfacet
  facet normal 0 0 -1
    outer loop
      vertex -89.39103625714779 49.061467461287975 0
      vertex -89.05537011474371 49.771173894405365 0
      vertex -84.9497474655509 48.9497474655509 0
    endloop
  endfacet
  facet normal 0 0 -1
    outer loop
      vertex -89.05537011474371 49.771173894405365 0
      vertex -88.6517568975687 50.44456186145544 0
      vertex -83.88899163156748 49.82028728723526 0
    endloop
  endfacet
  facet normal 0 0 -1
    outer loop
      vertex -89.39103625714779 49.061467461287975 0
      vertex -85.41107317060232 48.44075299054384 0
      vertex -85.82028728723526 47.88899163156748 0
    endloop
  endfacet
  facet normal 0 0 -1
    outer loop
      vertex -89.39103625714779 49.061467461287975 0
      vertex -84.9497474655509 48.9497474655509 0
      vertex -85.41107317060232 48.44075299054384 0
    endloop
  endfacet
  facet normal 0 0 -1
    outer loop
      vertex -89.05537011474371 49.771173894405365 0
      vertex -84.44075299054384 49.41107317060232 0
      vertex -84.9497474655509 48.9497474655509 0
    endloop
  endfacet
  facet normal 0 0 -1
    outer loop
      vertex -89.05537011474371 49.771173894405365 0
      vertex -83.88899163156748 49.82028728723526 0
      vertex -84.44075299054384 49.41107317060232 0
    endloop
  endfacet
  facet normal 0 0 -1
    outer loop
      vertex -88.6517568975687 50.44456186145544 0
      vertex -83.2997771576047 50.173448853194714 0
      vertex -83.88899163156748 49.82028728723526 0
    endloop
  endfacet
  facet normal 0 0 -1
    outer loop
      vertex -88.6517568975687 50.44456186145544 0
      vertex -82.67878402769566 50.46715673059225 0
      vertex -83.2997771576047 50.173448853194714 0
    endloop
  endfacet
  facet normal 0 0 -1
    outer loop
      vertex -88.6517568975687 50.44456186145544 0
      vertex -88.18408362567425 51.07514627277851 0
      vertex -82.67878402769566 50.46715673059225 0
    endloop
  endfacet
  facet normal 0 0 -1
    outer loop
      vertex -88.18408362567425 51.07514627277851 0
      vertex -82.03199274092913 50.69858235120773 0
      vertex -82.67878402769566 50.46715673059225 0
    endloop
  endfacet
  facet normal 0 0 -1
    outer loop
      vertex -88.18408362567425 51.07514627277851 0
      vertex -81.36563225090504 50.86549696326256 0
      vertex -82.03199274092913 50.69858235120773 0
    endloop
  endfacet
  facet normal 0 0 -1
    outer loop
      vertex -88.18408362567425 51.07514627277851 0
      vertex -80.6861199811101 50.96629308909178 0
      vertex -81.36563225090504 50.86549696326256 0
    endloop
  endfacet
  facet normal 0 0 -1
    outer loop
      vertex -88.18408362567425 51.07514627277851 0
      vertex -80 51 0
      vertex -80.6861199811101 50.96629308909178 0
    endloop
  endfacet
  facet normal 0 0 -1
    outer loop
      vertex -83.56072257459164 53.84628224372864 0
      vertex -82.78413712233305 53.96147781610489 0
      vertex -82 54 0
    endloop
  endfacet
  facet normal 0 0 -1
    outer loop
      vertex -84.40960632264614 46.35698368400335 0
      vertex -75.66834645257258 43.66733497668549 0
      vertex -75.83337086143975 43.69181403534274 0
    endloop
  endfacet
  facet normal 0 0 -1
    outer loop
      vertex -84.40960632264614 46.35698368400335 0
      vertex -75.83337086143975 43.69181403534274 0
      vertex -76 43.7 0
    endloop
  endfacet
  facet normal 0 0 -1
    outer loop
      vertex -84.40960632264614 46.35698368400335 0
      vertex -75.50651604866741 43.626798570744754 0
      vertex -75.66834645257258 43.66733497668549 0
    endloop
  endfacet
  facet normal 0 0 -1
    outer loop
      vertex -76.65056183502065 40.429404794730814 0
      vertex -76.49348395133259 40.373201429255246 0
      vertex -44.34863156129983 28 0
    endloop
  endfacet
  facet normal 0 0 -1
    outer loop
      vertex -76.49348395133259 40.373201429255246 0
      vertex -76.33165354742742 40.33266502331451 0
      vertex -44.34863156129983 28 0
    endloop
  endfacet
  facet normal 0 0 -1
    outer loop
      vertex -76.33165354742742 40.33266502331451 0
      vertex -76.16662913856025 40.30818596465726 0
      vertex -44.34863156129983 28 0
    endloop
  endfacet
  facet normal 0 0 -1
    outer loop
      vertex -76.16662913856025 40.30818596465726 0
      vertex -76 40.3 0
      vertex -44.34863156129983 28 0
    endloop
  endfacet
  facet normal 0 0 -1
    outer loop
      vertex -76 40.3 0
      vertex -75.83337086143975 40.30818596465726 0
      vertex -44.34863156129983 28 0
    endloop
  endfacet
  facet normal 0 0 -1
    outer loop
      vertex -75.83337086143975 40.30818596465726 0
      vertex -75.66834645257258 40.33266502331451 0
      vertex -44.34863156129983 28 0
    endloop
  endfacet
  facet normal 0 0 -1
    outer loop
      vertex -75.66834645257258 40.33266502331451 0
      vertex -75.50651604866741 40.373201429255246 0
      vertex -44.34863156129983 28 0
    endloop
  endfacet
  facet normal 0 0 -1
    outer loop
      vertex -75.50651604866741 40.373201429255246 0
      vertex -75.34943816497935 40.429404794730814 0
      vertex -44.34863156129983 28 0
    endloop
  endfacet
  facet normal 0 0 -1
    outer loop
      vertex -75.34943816497935 40.429404794730814 0
      vertex -75.1986255473958 40.500733850607794 0
      vertex -44.34863156129983 28 0
    endloop
  endfacet
  facet normal 0 0 -1
    outer loop
      vertex -75.1986255473958 40.500733850607794 0
      vertex -75.05553060386667 40.58650165908567 0
      vertex -44.34863156129983 28 0
    endloop
  endfacet
  facet normal 0 0 -1
    outer loop
      vertex -75.05553060386667 40.58650165908567 0
      vertex -74.92153141692181 40.685882229283344 0
      vertex -44.34863156129983 28 0
    endloop
  endfacet
  facet normal 0 0 -1
    outer loop
      vertex -74.92153141692181 40.685882229283344 0
      vertex -74.79791847198287 40.79791847198287 0
      vertex -44.34863156129983 28 0
    endloop
  endfacet
  facet normal 0 0 -1
    outer loop
      vertex -74.79791847198287 40.79791847198287 0
      vertex -74.68588222928335 40.9215314169218 0
      vertex -44.34863156129983 28 0
    endloop
  endfacet
  facet normal 0 0 -1
    outer loop
      vertex -74.58650165908567 41.05553060386668 0
      vertex -44.34863156129983 28 0
      vertex -74.68588222928335 40.9215314169218 0
    endloop
  endfacet
  facet normal 0 0 -1
    outer loop
      vertex -74.5007338506078 41.19862554739581 0
      vertex -44.34863156129983 28 0
      vertex -74.58650165908567 41.05553060386668 0
    endloop
  endfacet
  facet normal 0 0 -1
    outer loop
      vertex -74.42940479473081 41.34943816497935 0
      vertex -44.34863156129983 28 0
      vertex -74.5007338506078 41.19862554739581 0
    endloop
  endfacet
  facet normal 0 0 -1
    outer loop
      vertex -74.37320142925525 41.506516048667415 0
      vertex -44.34863156129983 28 0
      vertex -74.42940479473081 41.34943816497935 0
    endloop
  endfacet
  facet normal 0 0 -1
    outer loop
      vertex -74.3326650233145 41.668346452572585 0
      vertex -42.67431578064991 30.9 0
      vertex -74.37320142925525 41.506516048667415 0
    endloop
  endfacet
  facet normal 0 0 -1
    outer loop
      vertex -74.30818596465727 41.83337086143975 0
      vertex -42.67431578064991 30.9 0
      vertex -74.3326650233145 41.668346452572585 0
    endloop
  endfacet
  facet normal 0 0 -1
    outer loop
      vertex -74.3 42 0
      vertex -42.67431578064991 30.9 0
      vertex -74.30818596465727 41.83337086143975 0
    endloop
  endfacet
  facet normal 0 0 -1
    outer loop
      vertex -74.30818596465727 42.16662913856025 0
      vertex -42.67431578064991 30.9 0
      vertex -74.3 42 0
    endloop
  endfacet
  facet normal 0 0 -1
    outer loop
      vertex -74.3326650233145 42.331653547427415 0
      vertex -42.67431578064991 30.9 0
      vertex -74.30818596465727 42.16662913856025 0
    endloop
  endfacet
  facet normal 0 0 -1
    outer loop
      vertex -74.37320142925525 42.493483951332585 0
      vertex -42.67431578064991 30.9 0
      vertex -74.3326650233145 42.331653547427415 0
    endloop
  endfacet
  facet normal 0 0 -1
    outer loop
      vertex -74.42940479473081 42.65056183502065 0
      vertex -42.67431578064991 30.9 0
      vertex -74.37320142925525 42.493483951332585 0
    endloop
  endfacet
  facet normal 0 0 -1
    outer loop
      vertex -74.5007338506078 42.80137445260419 0
      vertex -42.67431578064991 30.9 0
      vertex -74.42940479473081 42.65056183502065 0
    endloop
  endfacet
  facet normal 0 0 -1
    outer loop
      vertex -74.79791847198287 43.20208152801713 0
      vertex -42.67431578064991 30.9 0
      vertex -74.68588222928335 43.0784685830782 0
    endloop
  endfacet
  facet normal 0 0 -1
    outer loop
      vertex -42.67431578064991 30.9 0
      vertex -74.79791847198287 43.20208152801713 0
      vertex -74.92153141692181 43.314117770716656 0
    endloop
  endfacet
  facet normal 0 0 -1
    outer loop
      vertex -74.58650165908567 42.94446939613332 0
      vertex -42.67431578064991 30.9 0
      vertex -74.5007338506078 42.80137445260419 0
    endloop
  endfacet
  facet normal 0 0 -1
    outer loop
      vertex -74.68588222928335 43.0784685830782 0
      vertex -42.67431578064991 30.9 0
      vertex -74.58650165908567 42.94446939613332 0
    endloop
  endfacet
  facet normal 0 0 -1
    outer loop
      vertex -44.34863156129983 28 0
      vertex -74.37320142925525 41.506516048667415 0
      vertex -42.67431578064991 30.9 0
    endloop
  endfacet
  facet normal 0 0 -1
    outer loop
      vertex -74.92153141692181 43.314117770716656 0
      vertex -39.32568421935009 30.9 0
      vertex -42.67431578064991 30.9 0
    endloop
  endfacet
  facet normal -0.9987954563744936 0.049067670880805034 0
    outer loop
      vertex -90 46 0
      vertex -89.96147781610489 46.78413712233305 5
      vertex -89.96147781610489 46.78413712233305 0
    endloop
  endfacet
  facet normal -0.9891765095196828 0.14673047745596915 0
    outer loop
      vertex -89.96147781610489 46.78413712233305 0
      vertex -89.84628224372864 47.56072257459164 5
      vertex -89.84628224372864 47.56072257459164 0
    endloop
  endfacet
  facet normal -0.9700312542623905 0.2429801756401818 0
    outer loop
      vertex -89.84628224372864 47.56072257459164 0
      vertex -89.65552268922329 48.322277419269085 5
      vertex -89.65552268922329 48.322277419269085 0
    endloop
  endfacet
  facet normal -0.9415440627982695 0.3368898600571533 0
    outer loop
      vertex -89.65552268922329 48.322277419269085 0
      vertex -89.39103625714779 49.061467461287975 5
      vertex -89.39103625714779 49.061467461287975 0
    endloop
  endfacet
  facet normal -0.9039892939524538 0.4275550916774866 0
    outer loop
      vertex -89.39103625714779 49.061467461287975 0
      vertex -89.05537011474371 49.771173894405365 5
      vertex -89.05537011474371 49.771173894405365 0
    endloop
  endfacet
  facet normal -0.8577286087049234 0.5141027463543802 0
    outer loop
      vertex -89.05537011474371 49.771173894405365 0
      vertex -88.6517568975687 50.44456186145544 5
      vertex -88.6517568975687 50.44456186145544 0
    endloop
  endfacet
  facet normal -0.8032075322326658 0.5956993034784503 0
    outer loop
      vertex -88.6517568975687 50.44456186145544 0
      vertex -88.18408362567425 51.07514627277851 5
      vertex -88.18408362567425 51.07514627277851 0
    endloop
  endfacet
  facet normal -0.7409511264917887 0.6715589535927202 0
    outer loop
      vertex -88.18408362567425 51.07514627277851 0
      vertex -87.65685424953699 51.65685424953699 5
      vertex -87.65685424953699 51.65685424953699 0
    endloop
  endfacet
  facet normal -0.6715589535927202 0.7409511264917887 0
    outer loop
      vertex -87.65685424953699 51.65685424953699 0
      vertex -87.07514627277851 52.18408362567425 5
      vertex -87.07514627277851 52.18408362567425 0
    endloop
  endfacet
  facet normal -0.5956993034784503 0.8032075322326658 0
    outer loop
      vertex -87.07514627277851 52.18408362567425 0
      vertex -86.44456186145544 52.6517568975687 5
      vertex -86.44456186145544 52.6517568975687 0
    endloop
  endfacet
  facet normal -0.5141027463543802 0.8577286087049234 0
    outer loop
      vertex -86.44456186145544 52.6517568975687 0
      vertex -85.77117389440536 53.05537011474371 5
      vertex -85.77117389440536 53.05537011474371 0
    endloop
  endfacet
  facet normal -0.4275550916774866 0.9039892939524538 0
    outer loop
      vertex -85.77117389440536 53.05537011474371 0
      vertex -85.06146746128798 53.39103625714779 5
      vertex -85.06146746128798 53.39103625714779 0
    endloop
  endfacet
  facet normal -0.3368898600571533 0.9415440627982695 0
    outer loop
      vertex -85.06146746128798 53.39103625714779 0
      vertex -84.32227741926908 53.65552268922329 5
      vertex -84.32227741926908 53.65552268922329 0
    endloop
  endfacet
  facet normal -0.2429801756401818 0.9700312542623905 0
    outer loop
      vertex -84.32227741926908 53.65552268922329 0
      vertex -83.56072257459164 53.84628224372864 5
      vertex -83.56072257459164 53.84628224372864 0
    endloop
  endfacet
  facet normal -0.14673047745596915 0.9891765095196828 0
    outer loop
      vertex -83.56072257459164 53.84628224372864 0
      vertex -82.78413712233305 53.96147781610489 5
      vertex -82.78413712233305 53.96147781610489 0
    endloop
  endfacet
  facet normal -0.049067670880805034 0.9987954563744936 0
    outer loop
      vertex -82.78413712233305 53.96147781610489 0
      vertex -82 54 5
      vertex -82 54 0
    endloop
  endfacet
  facet normal 0 0 -1
    outer loop
      vertex -39.32568421935009 25.1 0
      vertex -27 9 0
      vertex -42.67431578064991 25.1 0
    endloop
  endfacet
  facet normal 0 0 -1
    outer loop
      vertex -39.32568421935009 25.1 0
      vertex -37.65136843870017 28 0
      vertex -25.414190210402012 11.645763792097569 0
    endloop
  endfacet
  facet normal 0 0 -1
    outer loop
      vertex -39.32568421935009 25.1 0
      vertex -26.985554181039333 9.294051423668861 0
      vertex -27 9 0
    endloop
  endfacet
  facet normal 0 0 -1
    outer loop
      vertex -39.32568421935009 25.1 0
      vertex -26.94235584139824 9.585270963609219 0
      vertex -26.985554181039333 9.294051423668861 0
    endloop
  endfacet
  facet normal 0 0 -1
    outer loop
      vertex -39.32568421935009 25.1 0
      vertex -26.87082100659609 9.870854035019875 0
      vertex -26.94235584139824 9.585270963609219 0
    endloop
  endfacet
  facet normal 0 0 -1
    outer loop
      vertex -39.32568421935009 25.1 0
      vertex -26.771638594567776 10.148050300776958 0
      vertex -26.87082100659609 9.870854035019875 0
    endloop
  endfacet
  facet normal 0 0 -1
    outer loop
      vertex -39.32568421935009 25.1 0
      vertex -26.64576379209757 10.414190210402012 0
      vertex -26.771638594567776 10.148050300776958 0
    endloop
  endfacet
  facet normal 0 0 -1
    outer loop
      vertex -39.32568421935009 25.1 0
      vertex -26.49440883845091 10.666710697114468 0
      vertex -26.64576379209757 10.414190210402012 0
    endloop
  endfacet
  facet normal 0 0 -1
    outer loop
      vertex -39.32568421935009 25.1 0
      vertex -26.319031357765198 10.903179854154587 0
      vertex -26.49440883845091 10.666710697114468 0
    endloop
  endfacet
  facet normal 0 0 -1
    outer loop
      vertex -39.32568421935009 25.1 0
      vertex -26.121320344507694 11.121320344507694 0
      vertex -26.319031357765198 10.903179854154587 0
    endloop
  endfacet
  facet normal 0 0 -1
    outer loop
      vertex -39.32568421935009 25.1 0
      vertex -25.903179854154587 11.319031357765198 0
      vertex -26.121320344507694 11.121320344507694 0
    endloop
  endfacet
  facet normal 0 0 -1
    outer loop
      vertex -39.32568421935009 25.1 0
      vertex -25.666710697114468 11.494408838450909 0
      vertex -25.903179854154587 11.319031357765198 0
    endloop
  endfacet
  facet normal 0 0 -1
    outer loop
      vertex -39.32568421935009 25.1 0
      vertex -25.414190210402012 11.645763792097569 0
      vertex -25.666710697114468 11.494408838450909 0
    endloop
  endfacet
  facet normal 0 0 -1
    outer loop
      vertex -25.414190210402012 11.645763792097569 0
      vertex -37.65136843870017 28 0
      vertex -25.14805030077696 11.771638594567776 0
    endloop
  endfacet
  facet normal 0 0 -1
    outer loop
      vertex -25.14805030077696 11.771638594567776 0
      vertex -37.65136843870017 28 0
      vertex -24.870854035019875 11.870821006596088 0
    endloop
  endfacet
  facet normal 0 0 -1
    outer loop
      vertex -24.870854035019875 11.870821006596088 0
      vertex -37.65136843870017 28 0
      vertex -24.58527096360922 11.94235584139824 0
    endloop
  endfacet
  facet normal 0 0 -1
    outer loop
      vertex -24.58527096360922 11.94235584139824 0
      vertex -37.65136843870017 28 0
      vertex -24.29405142366886 11.985554181039333 0
    endloop
  endfacet
  facet normal 0 0 -1
    outer loop
      vertex -24.29405142366886 11.985554181039333 0
      vertex -37.65136843870017 28 0
      vertex -24 12 0
    endloop
  endfacet
  facet normal 0 0 -1
    outer loop
      vertex 24 12 0
      vertex -24 12 0
      vertex -37.65136843870017 28 0
    endloop
  endfacet
  facet normal 0 0 -1
    outer loop
      vertex -84.40960632264614 46.35698368400335 0
      vertex 39.32568421935009 30.9 0
      vertex -75.50651604866741 43.626798570744754 0
    endloop
  endfacet
  facet normal 0 0 -1
    outer loop
      vertex -74.92153141692181 43.314117770716656 0
      vertex -75.05553060386667 43.41349834091433 0
      vertex 39.32568421935009 30.9 0
    endloop
  endfacet
  facet normal 0 0 -1
    outer loop
      vertex -75.34943816497935 43.570595205269186 0
      vertex -75.50651604866741 43.626798570744754 0
      vertex 39.32568421935009 30.9 0
    endloop
  endfacet
  facet normal 0 0 -1
    outer loop
      vertex -75.05553060386667 43.41349834091433 0
      vertex -75.1986255473958 43.499266149392206 0
      vertex 39.32568421935009 30.9 0
    endloop
  endfacet
  facet normal 0 0 -1
    outer loop
      vertex -75.1986255473958 43.499266149392206 0
      vertex -75.34943816497935 43.570595205269186 0
      vertex 39.32568421935009 30.9 0
    endloop
  endfacet
  facet normal 0 0 -1
    outer loop
      vertex -74.92153141692181 43.314117770716656 0
      vertex 39.32568421935009 30.9 0
      vertex -39.32568421935009 30.9 0
    endloop
  endfacet
  facet normal 0 0 -1
    outer loop
      vertex 82.77785116434097 48.157348059117794 0
      vertex -84.40960632264614 46.35698368400335 0
      vertex -84.1573480591178 46.77785116434097 0
    endloop
  endfacet
  facet normal 0 0 -1
    outer loop
      vertex 82.77785116434097 48.157348059117794 0
      vertex -84.1573480591178 46.77785116434097 0
      vertex -83.86505226790905 47.171966418623924 0
    endloop
  endfacet
  facet normal 0 0 -1
    outer loop
      vertex 80.97545161098242 48.9039264023304 0
      vertex -83.86505226790905 47.171966418623924 0
      vertex -83.5355339050293 47.5355339050293 0
    endloop
  endfacet
  facet normal 0 0 -1
    outer loop
      vertex 80.49008569866419 48.975923635065556 0
      vertex -83.5355339050293 47.5355339050293 0
      vertex -83.17196641862392 47.86505226790905 0
    endloop
  endfacet
  facet normal 0 0 -1
    outer loop
      vertex 80 49 0
      vertex -83.17196641862392 47.86505226790905 0
      vertex -82.77785116434097 48.157348059117794 0
    endloop
  endfacet
  facet normal 0 0 -1
    outer loop
      vertex 80 49 0
      vertex -82.77785116434097 48.157348059117794 0
      vertex -82.35698368400335 48.40960632264614 0
    endloop
  endfacet
  facet normal 0 0 -1
    outer loop
      vertex -88.18408362567425 51.07514627277851 0
      vertex -87.65685424953699 51.65685424953699 0
      vertex 86.44456186145544 52.6517568975687 0
    endloop
  endfacet
  facet normal 0 0 -1
    outer loop
      vertex -87.65685424953699 51.65685424953699 0
      vertex -87.07514627277851 52.18408362567425 0
      vertex 85.77117389440536 53.05537011474371 0
    endloop
  endfacet
  facet normal 0 0 -1
    outer loop
      vertex -87.07514627277851 52.18408362567425 0
      vertex -86.44456186145544 52.6517568975687 0
      vertex 85.06146746128798 53.39103625714779 0
    endloop
  endfacet
  facet normal 0 0 -1
    outer loop
      vertex -86.44456186145544 52.6517568975687 0
      vertex -85.77117389440536 53.05537011474371 0
      vertex 84.32227741926908 53.65552268922329 0
    endloop
  endfacet
  facet normal 0 0 -1
    outer loop
      vertex -85.77117389440536 53.05537011474371 0
      vertex -85.06146746128798 53.39103625714779 0
      vertex 83.56072257459164 53.84628224372864 0
    endloop
  endfacet
  facet normal 0 0 -1
    outer loop
      vertex -85.06146746128798 53.39103625714779 0
      vertex -84.32227741926908 53.65552268922329 0
      vertex 82.78413712233305 53.96147781610489 0
    endloop
  endfacet
  facet normal 0 0 -1
    outer loop
      vertex -84.32227741926908 53.65552268922329 0
      vertex -83.56072257459164 53.84628224372864 0
      vertex 82 54 0
    endloop
  endfacet
  facet normal 0 0 -1
    outer loop
      vertex 80 49 0
      vertex -82.35698368400335 48.40960632264614 0
      vertex -81.91341716051102 48.61939766258001 0
    endloop
  endfacet
  facet normal 0 0 -1
    outer loop
      vertex 80 49 0
      vertex -81.91341716051102 48.61939766258001 0
      vertex -81.45142338424921 48.78470167517662 0
    endloop
  endfacet
  facet normal 0 0 -1
    outer loop
      vertex 80 49 0
      vertex -81.45142338424921 48.78470167517662 0
      vertex -80.97545161098242 48.9039264023304 0
    endloop
  endfacet
  facet normal 0 0 -1
    outer loop
      vertex 80 49 0
      vertex -80.97545161098242 48.9039264023304 0
      vertex -80.49008569866419 48.975923635065556 0
    endloop
  endfacet
  facet normal 0 0 -1
    outer loop
      vertex 80 49 0
      vertex -80.49008569866419 48.975923635065556 0
      vertex -80 49 0
    endloop
  endfacet
  facet normal 0 0 -1
    outer loop
      vertex -88.18408362567425 51.07514627277851 0
      vertex 87.07514627277851 52.18408362567425 0
      vertex -80 51 0
    endloop
  endfacet
  facet normal 0 0 -1
    outer loop
      vertex -83.56072257459164 53.84628224372864 0
      vertex -82 54 0
      vertex 82 54 0
    endloop
  endfacet
  facet normal 0 0 -1
    outer loop
      vertex -37.65136843870017 28 0
      vertex -39.32568421935009 30.9 0
      vertex 37.65136843870017 28 0
    endloop
  endfacet
  facet normal 0 0 -1
    outer loop
      vertex -84.40960632264614 46.35698368400335 0
      vertex 42.67431578064991 30.9 0
      vertex 39.32568421935009 30.9 0
    endloop
  endfacet
  facet normal 0 0 1
    outer loop
      vertex -90 -46 5
      vertex -34 12 5
      vertex -90 46 5
    endloop
  endfacet
  facet normal 0 0 1
    outer loop
      vertex -90 46 5
      vertex -34 12 5
      vertex -33.96629308909178 12.686119981110096 5
    endloop
  endfacet
  facet normal 0 0 1
    outer loop
      vertex -90 46 5
      vertex -33.96629308909178 12.686119981110096 5
      vertex -33.86549696326256 13.365632250905037 5
    endloop
  endfacet
  facet normal 0 0 1
    outer loop
      vertex -90 46 5
      vertex -33.86549696326256 13.365632250905037 5
      vertex -33.69858235120773 14.031992740929127 5
    endloop
  endfacet
  facet normal 0 0 1
    outer loop
      vertex -90 46 5
      vertex -33.69858235120773 14.031992740929127 5
      vertex -33.46715673059225 14.678784027695656 5
    endloop
  endfacet
  facet normal 0 0 1
    outer loop
      vertex -90 46 5
      vertex -33.46715673059225 14.678784027695656 5
      vertex -33.173448853194714 15.299777157604694 5
    endloop
  endfacet
  facet normal 0 0 1
    outer loop
      vertex -90 46 5
      vertex -33.173448853194714 15.299777157604694 5
      vertex -32.82028728723526 15.888991631567478 5
    endloop
  endfacet
  facet normal 0 0 1
    outer loop
      vertex -90 46 5
      vertex -32.82028728723526 15.888991631567478 5
      vertex -32.41107317060232 16.440752990543842 5
    endloop
  endfacet
  facet normal 0 0 1
    outer loop
      vertex -90 46 5
      vertex -32.41107317060232 16.440752990543842 5
      vertex -31.9497474655509 16.9497474655509 5
    endloop
  endfacet
  facet normal 0 0 1
    outer loop
      vertex -90 46 5
      vertex -31.9497474655509 16.9497474655509 5
      vertex -31.440752990543842 17.41107317060232 5
    endloop
  endfacet
  facet normal -0.9987954563744936 0.049067670880805034 0
    outer loop
      vertex -90 46 0
      vertex -90 46 5
      vertex -89.96147781610489 46.78413712233305 5
    endloop
  endfacet
  facet normal -0.9891765095196828 0.14673047745596915 0
    outer loop
      vertex -89.96147781610489 46.78413712233305 0
      vertex -89.96147781610489 46.78413712233305 5
      vertex -89.84628224372864 47.56072257459164 5
    endloop
  endfacet
  facet normal -0.9700312542623905 0.2429801756401818 0
    outer loop
      vertex -89.84628224372864 47.56072257459164 0
      vertex -89.84628224372864 47.56072257459164 5
      vertex -89.65552268922329 48.322277419269085 5
    endloop
  endfacet
  facet normal -0.9415440627982695 0.3368898600571533 0
    outer loop
      vertex -89.65552268922329 48.322277419269085 0
      vertex -89.65552268922329 48.322277419269085 5
      vertex -89.39103625714779 49.061467461287975 5
    endloop
  endfacet
  facet normal -0.9039892939524538 0.4275550916774866 0
    outer loop
      vertex -89.39103625714779 49.061467461287975 0
      vertex -89.39103625714779 49.061467461287975 5
      vertex -89.05537011474371 49.771173894405365 5
    endloop
  endfacet
  facet normal -0.8577286087049234 0.5141027463543802 0
    outer loop
      vertex -89.05537011474371 49.771173894405365 0
      vertex -89.05537011474371 49.771173894405365 5
      vertex -88.6517568975687 50.44456186145544 5
    endloop
  endfacet
  facet normal -0.8032075322326658 0.5956993034784503 0
    outer loop
      vertex -88.6517568975687 50.44456186145544 0
      vertex -88.6517568975687 50.44456186145544 5
      vertex -88.18408362567425 51.07514627277851 5
    endloop
  endfacet
  facet normal -0.7409511264917887 0.6715589535927202 0
    outer loop
      vertex -88.18408362567425 51.07514627277851 0
      vertex -88.18408362567425 51.07514627277851 5
      vertex -87.65685424953699 51.65685424953699 5
    endloop
  endfacet
  facet normal -0.6715589535927202 0.7409511264917887 0
    outer loop
      vertex -87.65685424953699 51.65685424953699 0
      vertex -87.65685424953699 51.65685424953699 5
      vertex -87.07514627277851 52.18408362567425 5
    endloop
  endfacet
  facet normal -0.5956993034784503 0.8032075322326658 0
    outer loop
      vertex -87.07514627277851 52.18408362567425 0
      vertex -87.07514627277851 52.18408362567425 5
      vertex -86.44456186145544 52.6517568975687 5
    endloop
  endfacet
  facet normal -0.5141027463543802 0.8577286087049234 0
    outer loop
      vertex -86.44456186145544 52.6517568975687 0
      vertex -86.44456186145544 52.6517568975687 5
      vertex -85.77117389440536 53.05537011474371 5
    endloop
  endfacet
  facet normal -0.4275550916774866 0.9039892939524538 0
    outer loop
      vertex -85.77117389440536 53.05537011474371 0
      vertex -85.77117389440536 53.05537011474371 5
      vertex -85.06146746128798 53.39103625714779 5
    endloop
  endfacet
  facet normal -0.3368898600571533 0.9415440627982695 0
    outer loop
      vertex -85.06146746128798 53.39103625714779 0
      vertex -85.06146746128798 53.39103625714779 5
      vertex -84.32227741926908 53.65552268922329 5
    endloop
  endfacet
  facet normal -0.2429801756401818 0.9700312542623905 0
    outer loop
      vertex -84.32227741926908 53.65552268922329 0
      vertex -84.32227741926908 53.65552268922329 5
      vertex -83.56072257459164 53.84628224372864 5
    endloop
  endfacet
  facet normal -0.14673047745596915 0.9891765095196828 0
    outer loop
      vertex -83.56072257459164 53.84628224372864 0
      vertex -83.56072257459164 53.84628224372864 5
      vertex -82.78413712233305 53.96147781610489 5
    endloop
  endfacet
  facet normal -0.049067670880805034 0.9987954563744936 0
    outer loop
      vertex -82.78413712233305 53.96147781610489 0
      vertex -82.78413712233305 53.96147781610489 5
      vertex -82 54 5
    endloop
  endfacet
  facet normal 0 0 1
    outer loop
      vertex -90 46 5
      vertex -77.31411777071665 40.9215314169218 5
      vertex -77.41349834091433 41.05553060386668 5
    endloop
  endfacet
  facet normal 0 0 1
    outer loop
      vertex -90 46 5
      vertex -77.41349834091433 41.05553060386668 5
      vertex -77.4992661493922 41.19862554739581 5
    endloop
  endfacet
  facet normal 0 0 1
    outer loop
      vertex -90 46 5
      vertex -77.4992661493922 41.19862554739581 5
      vertex -77.57059520526919 41.34943816497935 5
    endloop
  endfacet
  facet normal 0 0 1
    outer loop
      vertex -90 46 5
      vertex -77.57059520526919 41.34943816497935 5
      vertex -77.62679857074475 41.506516048667415 5
    endloop
  endfacet
  facet normal 0 0 1
    outer loop
      vertex -90 46 5
      vertex -77.62679857074475 41.506516048667415 5
      vertex -77.6673349766855 41.668346452572585 5
    endloop
  endfacet
  facet normal 0 0 1
    outer loop
      vertex -90 46 5
      vertex -77.6673349766855 41.668346452572585 5
      vertex -77.69181403534273 41.83337086143975 5
    endloop
  endfacet
  facet normal 0 0 1
    outer loop
      vertex -90 46 5
      vertex -77.69181403534273 41.83337086143975 5
      vertex -77.7 42 5
    endloop
  endfacet
  facet normal 0 0 1
    outer loop
      vertex -90 46 5
      vertex -77.7 42 5
      vertex -77.69181403534273 42.16662913856025 5
    endloop
  endfacet
  facet normal 0 0 1
    outer loop
      vertex -90 46 5
      vertex -77.69181403534273 42.16662913856025 5
      vertex -77.6673349766855 42.331653547427415 5
    endloop
  endfacet
  facet normal 0 0 1
    outer loop
      vertex -90 46 5
      vertex -77.6673349766855 42.331653547427415 5
      vertex -77.62679857074475 42.493483951332585 5
    endloop
  endfacet
  facet normal 0 0 1
    outer loop
      vertex -90 46 5
      vertex -77.62679857074475 42.493483951332585 5
      vertex -77.57059520526919 42.65056183502065 5
    endloop
  endfacet
  facet normal 0 0 1
    outer loop
      vertex -90 46 5
      vertex -77.57059520526919 42.65056183502065 5
      vertex -77.4992661493922 42.80137445260419 5
    endloop
  endfacet
  facet normal 0 0 1
    outer loop
      vertex -90 46 5
      vertex -76.8013744526042 40.500733850607794 5
      vertex -76.94446939613333 40.58650165908567 5
    endloop
  endfacet
  facet normal 0 0 1
    outer loop
      vertex -90 46 5
      vertex -77.07846858307819 40.685882229283344 5
      vertex -77.20208152801713 40.79791847198287 5
    endloop
  endfacet
  facet normal 0 0 1
    outer loop
      vertex -90 46 5
      vertex -77.20208152801713 40.79791847198287 5
      vertex -77.31411777071665 40.9215314169218 5
    endloop
  endfacet
  facet normal 0 0 1
    outer loop
      vertex -90 46 5
      vertex -76.94446939613333 40.58650165908567 5
      vertex -77.07846858307819 40.685882229283344 5
    endloop
  endfacet
  facet normal 0 0 1
    outer loop
      vertex -90 46 5
      vertex -76.65056183502065 40.429404794730814 5
      vertex -76.8013744526042 40.500733850607794 5
    endloop
  endfacet
  facet normal 0 0 1
    outer loop
      vertex -90 46 5
      vertex -77.4992661493922 42.80137445260419 5
      vertex -77.41349834091433 42.94446939613332 5
    endloop
  endfacet
  facet normal 0 0 1
    outer loop
      vertex -90 46 5
      vertex -77.41349834091433 42.94446939613332 5
      vertex -77.31411777071665 43.0784685830782 5
    endloop
  endfacet
  facet normal 0 0 1
    outer loop
      vertex -90 46 5
      vertex -77.20208152801713 43.20208152801713 5
      vertex -77.07846858307819 43.314117770716656 5
    endloop
  endfacet
  facet normal 0 0 1
    outer loop
      vertex -90 46 5
      vertex -77.31411777071665 43.0784685830782 5
      vertex -77.20208152801713 43.20208152801713 5
    endloop
  endfacet
  facet normal 0 0 1
    outer loop
      vertex -90 46 5
      vertex -77.07846858307819 43.314117770716656 5
      vertex -76.94446939613333 43.41349834091433 5
    endloop
  endfacet
  facet normal 0 0 1
    outer loop
      vertex -90 46 5
      vertex -76.94446939613333 43.41349834091433 5
      vertex -76.8013744526042 43.499266149392206 5
    endloop
  endfacet
  facet normal 0 0 1
    outer loop
      vertex -90 46 5
      vertex -76.65056183502065 43.570595205269186 5
      vertex -76.49348395133259 43.626798570744754 5
    endloop
  endfacet
  facet normal 0 0 1
    outer loop
      vertex -90 46 5
      vertex -76.8013744526042 43.499266149392206 5
      vertex -76.65056183502065 43.570595205269186 5
    endloop
  endfacet
  facet normal 0 0 1
    outer loop
      vertex -90 46 5
      vertex -76.49348395133259 43.626798570744754 5
      vertex -76.33165354742742 43.66733497668549 5
    endloop
  endfacet
  facet normal 0 0 1
    outer loop
      vertex -90 46 5
      vertex -76.16662913856025 43.69181403534274 5
      vertex -76 43.7 5
    endloop
  endfacet
  facet normal 0 0 1
    outer loop
      vertex -90 46 5
      vertex -76.33165354742742 43.66733497668549 5
      vertex -76.16662913856025 43.69181403534274 5
    endloop
  endfacet
  facet normal 0 0 1
    outer loop
      vertex -90 46 5
      vertex -76 43.7 5
      vertex -75.83337086143975 43.69181403534274 5
    endloop
  endfacet
  facet normal 0 0 1
    outer loop
      vertex -90 46 5
      vertex -75.83337086143975 43.69181403534274 5
      vertex -75.66834645257258 43.66733497668549 5
    endloop
  endfacet
  facet normal 0 0 1
    outer loop
      vertex -83.56072257459164 53.84628224372864 5
      vertex -82 54 5
      vertex -82.78413712233305 53.96147781610489 5
    endloop
  endfacet
  facet normal 0 0 1
    outer loop
      vertex -76.49348395133259 40.373201429255246 5
      vertex -76.65056183502065 40.429404794730814 5
      vertex -27 19 5
    endloop
  endfacet
  facet normal 0 0 1
    outer loop
      vertex -76.33165354742742 40.33266502331451 5
      vertex -76.49348395133259 40.373201429255246 5
      vertex -41.80137445260419 26.500733850607798 5
    endloop
  endfacet
  facet normal 0 0 1
    outer loop
      vertex -76.16662913856025 40.30818596465726 5
      vertex -76.33165354742742 40.33266502331451 5
      vertex -41.94446939613332 26.586501659085673 5
    endloop
  endfacet
  facet normal 0 0 1
    outer loop
      vertex -76 40.3 5
      vertex -76.16662913856025 40.30818596465726 5
      vertex -42.0784685830782 26.685882229283347 5
    endloop
  endfacet
  facet normal 0 0 1
    outer loop
      vertex -90 46 5
      vertex -27 19 5
      vertex -76.65056183502065 40.429404794730814 5
    endloop
  endfacet
  facet normal 0 0 1
    outer loop
      vertex -75.66834645257258 40.33266502331451 5
      vertex -75.83337086143975 40.30818596465726 5
      vertex -42.314117770716656 26.921531416921802 5
    endloop
  endfacet
  facet normal 0 0 1
    outer loop
      vertex -75.83337086143975 40.30818596465726 5
      vertex -76 40.3 5
      vertex -42.20208152801713 26.797918471982868 5
    endloop
  endfacet
  facet normal 0 0 1
    outer loop
      vertex -75.50651604866741 40.373201429255246 5
      vertex -75.66834645257258 40.33266502331451 5
      vertex -42.41349834091433 27.055530603866675 5
    endloop
  endfacet
  facet normal 0 0 1
    outer loop
      vertex -90 46 5
      vertex -31.440752990543842 17.41107317060232 5
      vertex -30.888991631567478 17.82028728723526 5
    endloop
  endfacet
  facet normal 0 0 1
    outer loop
      vertex -75.83337086143975 40.30818596465726 5
      vertex -42.20208152801713 26.797918471982868 5
      vertex -42.314117770716656 26.921531416921802 5
    endloop
  endfacet
  facet normal 0 0 1
    outer loop
      vertex -75.66834645257258 40.33266502331451 5
      vertex -42.314117770716656 26.921531416921802 5
      vertex -42.41349834091433 27.055530603866675 5
    endloop
  endfacet
  facet normal 0 0 1
    outer loop
      vertex -75.50651604866741 40.373201429255246 5
      vertex -42.499266149392206 27.198625547395803 5
      vertex -42.570595205269186 27.349438164979347 5
    endloop
  endfacet
  facet normal 0 0 1
    outer loop
      vertex -75.50651604866741 40.373201429255246 5
      vertex -42.41349834091433 27.055530603866675 5
      vertex -42.499266149392206 27.198625547395803 5
    endloop
  endfacet
  facet normal 0 0 1
    outer loop
      vertex -75.50651604866741 40.373201429255246 5
      vertex -42.570595205269186 27.349438164979347 5
      vertex -42.626798570744754 27.506516048667415 5
    endloop
  endfacet
  facet normal 0 0 1
    outer loop
      vertex -75.50651604866741 40.373201429255246 5
      vertex -42.626798570744754 27.506516048667415 5
      vertex -42.66733497668549 27.66834645257258 5
    endloop
  endfacet
  facet normal 0 0 1
    outer loop
      vertex -75.50651604866741 40.373201429255246 5
      vertex -42.66733497668549 27.66834645257258 5
      vertex -42.69181403534274 27.833370861439747 5
    endloop
  endfacet
  facet normal 0 0 1
    outer loop
      vertex -75.50651604866741 40.373201429255246 5
      vertex -42.69181403534274 27.833370861439747 5
      vertex -42.7 28 5
    endloop
  endfacet
  facet normal 0 0 1
    outer loop
      vertex -75.50651604866741 40.373201429255246 5
      vertex -42.7 28 5
      vertex -42.69181403534274 28.166629138560253 5
    endloop
  endfacet
  facet normal 0 0 1
    outer loop
      vertex -75.50651604866741 40.373201429255246 5
      vertex -42.69181403534274 28.166629138560253 5
      vertex -42.66733497668549 28.33165354742742 5
    endloop
  endfacet
  facet normal 0 0 1
    outer loop
      vertex -75.50651604866741 40.373201429255246 5
      vertex -42.66733497668549 28.33165354742742 5
      vertex -42.626798570744754 28.493483951332585 5
    endloop
  endfacet
  facet normal 0 0 1
    outer loop
      vertex -75.50651604866741 40.373201429255246 5
      vertex -42.626798570744754 28.493483951332585 5
      vertex -42.570595205269186 28.650561835020653 5
    endloop
  endfacet
  facet normal 0 0 1
    outer loop
      vertex -75.50651604866741 40.373201429255246 5
      vertex -42.570595205269186 28.650561835020653 5
      vertex -42.499266149392206 28.801374452604197 5
    endloop
  endfacet
  facet normal 0 0 1
    outer loop
      vertex -75.50651604866741 40.373201429255246 5
      vertex -42.499266149392206 28.801374452604197 5
      vertex -42.41349834091433 28.944469396133325 5
    endloop
  endfacet
  facet normal 0 0 1
    outer loop
      vertex -76.49348395133259 40.373201429255246 5
      vertex -41.65056183502065 26.429404794730814 5
      vertex -41.80137445260419 26.500733850607798 5
    endloop
  endfacet
  facet normal 0 0 1
    outer loop
      vertex -76.16662913856025 40.30818596465726 5
      vertex -41.94446939613332 26.586501659085673 5
      vertex -42.0784685830782 26.685882229283347 5
    endloop
  endfacet
  facet normal 0 0 1
    outer loop
      vertex -76.33165354742742 40.33266502331451 5
      vertex -41.80137445260419 26.500733850607798 5
      vertex -41.94446939613332 26.586501659085673 5
    endloop
  endfacet
  facet normal 0 0 1
    outer loop
      vertex -76 40.3 5
      vertex -42.0784685830782 26.685882229283347 5
      vertex -42.20208152801713 26.797918471982868 5
    endloop
  endfacet
  facet normal 0 0 1
    outer loop
      vertex -75.50651604866741 40.373201429255246 5
      vertex -42.41349834091433 28.944469396133325 5
      vertex -42.314117770716656 29.078468583078198 5
    endloop
  endfacet
  facet normal 0 0 1
    outer loop
      vertex -75.50651604866741 40.373201429255246 5
      vertex -42.314117770716656 29.078468583078198 5
      vertex -42.20208152801713 29.202081528017132 5
    endloop
  endfacet
  facet normal 0 0 1
    outer loop
      vertex -75.50651604866741 40.373201429255246 5
      vertex -42.20208152801713 29.202081528017132 5
      vertex -42.0784685830782 29.314117770716653 5
    endloop
  endfacet
  facet normal 0 0 1
    outer loop
      vertex -75.50651604866741 40.373201429255246 5
      vertex -42.0784685830782 29.314117770716653 5
      vertex -41.94446939613332 29.413498340914327 5
    endloop
  endfacet
  facet normal 0 0 1
    outer loop
      vertex -75.50651604866741 40.373201429255246 5
      vertex -41.94446939613332 29.413498340914327 5
      vertex -41.80137445260419 29.499266149392202 5
    endloop
  endfacet
  facet normal 0 0 1
    outer loop
      vertex -75.50651604866741 40.373201429255246 5
      vertex -41.80137445260419 29.499266149392202 5
      vertex -41.65056183502065 29.570595205269186 5
    endloop
  endfacet
  facet normal 0 0 1
    outer loop
      vertex -75.50651604866741 40.373201429255246 5
      vertex -41.493483951332585 29.626798570744754 5
      vertex -41.331653547427415 29.667334976685492 5
    endloop
  endfacet
  facet normal 0 0 1
    outer loop
      vertex -75.50651604866741 40.373201429255246 5
      vertex -41.65056183502065 29.570595205269186 5
      vertex -41.493483951332585 29.626798570744754 5
    endloop
  endfacet
  facet normal 0 0 1
    outer loop
      vertex -75.50651604866741 40.373201429255246 5
      vertex -41.331653547427415 29.667334976685492 5
      vertex -41.16662913856025 29.691814035342734 5
    endloop
  endfacet
  facet normal 0 0 1
    outer loop
      vertex -75.50651604866741 40.373201429255246 5
      vertex -41 29.7 5
      vertex -40.83337086143975 29.691814035342734 5
    endloop
  endfacet
  facet normal 0 0 1
    outer loop
      vertex -75.50651604866741 40.373201429255246 5
      vertex -41.16662913856025 29.691814035342734 5
      vertex -41 29.7 5
    endloop
  endfacet
  facet normal 0 0 1
    outer loop
      vertex -75.50651604866741 40.373201429255246 5
      vertex -40.668346452572585 29.667334976685492 5
      vertex -40.506516048667415 29.626798570744754 5
    endloop
  endfacet
  facet normal 0 0 1
    outer loop
      vertex -75.50651604866741 40.373201429255246 5
      vertex -40.83337086143975 29.691814035342734 5
      vertex -40.668346452572585 29.667334976685492 5
    endloop
  endfacet
  facet normal 0 0 1
    outer loop
      vertex -90 46 5
      vertex -30.888991631567478 17.82028728723526 5
      vertex -30.299777157604694 18.173448853194714 5
    endloop
  endfacet
  facet normal 0 0 1
    outer loop
      vertex -90 46 5
      vertex -30.299777157604694 18.173448853194714 5
      vertex -29.678784027695656 18.46715673059225 5
    endloop
  endfacet
  facet normal 0 0 1
    outer loop
      vertex -90 46 5
      vertex -29.678784027695656 18.46715673059225 5
      vertex -29.031992740929127 18.698582351207733 5
    endloop
  endfacet
  facet normal 0 0 1
    outer loop
      vertex -90 46 5
      vertex -29.031992740929127 18.698582351207733 5
      vertex -28.365632250905037 18.865496963262558 5
    endloop
  endfacet
  facet normal 0 0 1
    outer loop
      vertex -90 46 5
      vertex -28.365632250905037 18.865496963262558 5
      vertex -27.686119981110096 18.966293089091778 5
    endloop
  endfacet
  facet normal 0 0 1
    outer loop
      vertex -90 46 5
      vertex -27.686119981110096 18.966293089091778 5
      vertex -27 19 5
    endloop
  endfacet
  facet normal 0 0 1
    outer loop
      vertex -76.49348395133259 40.373201429255246 5
      vertex -27 19 5
      vertex -41.65056183502065 26.429404794730814 5
    endloop
  endfacet
  facet normal 0 0 1
    outer loop
      vertex -29 -12 5
      vertex -26.985554181039333 9.294051423668861 5
      vertex -29 12 5
    endloop
  endfacet
  facet normal 0 0 1
    outer loop
      vertex -29 -12 5
      vertex -27 9 5
      vertex -26.985554181039333 9.294051423668861 5
    endloop
  endfacet
  facet normal 0 0 1
    outer loop
      vertex -29 12 5
      vertex -26.985554181039333 9.294051423668861 5
      vertex -26.94235584139824 9.585270963609219 5
    endloop
  endfacet
  facet normal 0 0 1
    outer loop
      vertex -29 12 5
      vertex -26.94235584139824 9.585270963609219 5
      vertex -26.87082100659609 9.870854035019875 5
    endloop
  endfacet
  facet normal 0 0 1
    outer loop
      vertex -29 12 5
      vertex -26.87082100659609 9.870854035019875 5
      vertex -26.771638594567776 10.148050300776958 5
    endloop
  endfacet
  facet normal 0 0 1
    outer loop
      vertex -29 12 5
      vertex -26.771638594567776 10.148050300776958 5
      vertex -26.64576379209757 10.414190210402012 5
    endloop
  endfacet
  facet normal 0 0 1
    outer loop
      vertex -26.121320344507694 11.121320344507694 5
      vertex -28.990369454026222 12.196034282445908 5
      vertex -29 12 5
    endloop
  endfacet
  facet normal 0 0 1
    outer loop
      vertex -29 12 5
      vertex -26.64576379209757 10.414190210402012 5
      vertex -26.49440883845091 10.666710697114468 5
    endloop
  endfacet
  facet normal 0 0 1
    outer loop
      vertex -29 12 5
      vertex -26.49440883845091 10.666710697114468 5
      vertex -26.319031357765198 10.903179854154587 5
    endloop
  endfacet
  facet normal 0 0 1
    outer loop
      vertex -26.121320344507694 11.121320344507694 5
      vertex -29 12 5
      vertex -26.319031357765198 10.903179854154587 5
    endloop
  endfacet
  facet normal 0 0 1
    outer loop
      vertex -26.121320344507694 11.121320344507694 5
      vertex -28.96157056093216 12.3901806473732 5
      vertex -28.990369454026222 12.196034282445908 5
    endloop
  endfacet
  facet normal 0 0 1
    outer loop
      vertex -26.121320344507694 11.121320344507694 5
      vertex -28.913880668580532 12.580569356679916 5
      vertex -28.96157056093216 12.3901806473732 5
    endloop
  endfacet
  facet normal 0 0 1
    outer loop
      vertex -26.121320344507694 11.121320344507694 5
      vertex -28.847759068012238 12.765366867184639 5
      vertex -28.913880668580532 12.580569356679916 5
    endloop
  endfacet
  facet normal 0 0 1
    outer loop
      vertex -26.121320344507694 11.121320344507694 5
      vertex -28.763842530548573 12.942793473601341 5
      vertex -28.847759068012238 12.765366867184639 5
    endloop
  endfacet
  facet normal 0 0 1
    outer loop
      vertex -26.121320344507694 11.121320344507694 5
      vertex -28.662939228117466 13.111140467226505 5
      vertex -28.763842530548573 12.942793473601341 5
    endloop
  endfacet
  facet normal 0 0 1
    outer loop
      vertex -26.121320344507694 11.121320344507694 5
      vertex -28.546020910143852 13.268786571919918 5
      vertex -28.662939228117466 13.111140467226505 5
    endloop
  endfacet
  facet normal 0 0 1
    outer loop
      vertex -26.121320344507694 11.121320344507694 5
      vertex -28.414213560521603 13.414213560521603 5
      vertex -28.546020910143852 13.268786571919918 5
    endloop
  endfacet
  facet normal 0 0 1
    outer loop
      vertex -26.121320344507694 11.121320344507694 5
      vertex -28.268786571919918 13.546020910143852 5
      vertex -28.414213560521603 13.414213560521603 5
    endloop
  endfacet
  facet normal 0 0 1
    outer loop
      vertex -26.121320344507694 11.121320344507694 5
      vertex -28.111140467226505 13.662939228117466 5
      vertex -28.268786571919918 13.546020910143852 5
    endloop
  endfacet
  facet normal 0 0 1
    outer loop
      vertex -26.121320344507694 11.121320344507694 5
      vertex -27.94279347360134 13.763842530548573 5
      vertex -28.111140467226505 13.662939228117466 5
    endloop
  endfacet
  facet normal 0 0 1
    outer loop
      vertex -26.121320344507694 11.121320344507694 5
      vertex -27.76536686718464 13.847759068012238 5
      vertex -27.94279347360134 13.763842530548573 5
    endloop
  endfacet
  facet normal 0 0 1
    outer loop
      vertex -26.121320344507694 11.121320344507694 5
      vertex -27.580569356679916 13.913880668580532 5
      vertex -27.76536686718464 13.847759068012238 5
    endloop
  endfacet
  facet normal 0 0 1
    outer loop
      vertex -26.121320344507694 11.121320344507694 5
      vertex -27.196034282445908 13.990369454026222 5
      vertex -27.3901806473732 13.96157056093216 5
    endloop
  endfacet
  facet normal 0 0 1
    outer loop
      vertex -26.121320344507694 11.121320344507694 5
      vertex -27.3901806473732 13.96157056093216 5
      vertex -27.580569356679916 13.913880668580532 5
    endloop
  endfacet
  facet normal 0 0 1
    outer loop
      vertex -25.903179854154587 11.319031357765198 5
      vertex -27.196034282445908 13.990369454026222 5
      vertex -26.121320344507694 11.121320344507694 5
    endloop
  endfacet
  facet normal 0 0 1
    outer loop
      vertex -25.666710697114468 11.494408838450909 5
      vertex -27 14 5
      vertex -25.903179854154587 11.319031357765198 5
    endloop
  endfacet
  facet normal 0 0 1
    outer loop
      vertex -25.414190210402012 11.645763792097569 5
      vertex -27 14 5
      vertex -25.666710697114468 11.494408838450909 5
    endloop
  endfacet
  facet normal 0 0 1
    outer loop
      vertex -25.14805030077696 11.771638594567776 5
      vertex -27 14 5
      vertex -25.414190210402012 11.645763792097569 5
    endloop
  endfacet
  facet normal 0 0 1
    outer loop
      vertex -24.870854035019875 11.870821006596088 5
      vertex -27 14 5
      vertex -25.14805030077696 11.771638594567776 5
    endloop
  endfacet
  facet normal 0 0 1
    outer loop
      vertex -24.58527096360922 11.94235584139824 5
      vertex -27 14 5
      vertex -24.870854035019875 11.870821006596088 5
    endloop
  endfacet
  facet normal 0 0 1
    outer loop
      vertex -25.903179854154587 11.319031357765198 5
      vertex -27 14 5
      vertex -27.196034282445908 13.990369454026222 5
    endloop
  endfacet
  facet normal 0 0 1
    outer loop
      vertex -24.29405142366886 11.985554181039333 5
      vertex -27 14 5
      vertex -24.58527096360922 11.94235584139824 5
    endloop
  endfacet
  facet normal 0 0 1
    outer loop
      vertex -24 12 5
      vertex -27 14 5
      vertex -24.29405142366886 11.985554181039333 5
    endloop
  endfacet
  facet normal 0 0 1
    outer loop
      vertex -27 19 5
      vertex -41.331653547427415 26.332665023314508 5
      vertex -41.493483951332585 26.373201429255246 5
    endloop
  endfacet
  facet normal 0 0 1
    outer loop
      vertex -27 19 5
      vertex -41.493483951332585 26.373201429255246 5
      vertex -41.65056183502065 26.429404794730814 5
    endloop
  endfacet
  facet normal 0 0 1
    outer loop
      vertex -27 19 5
      vertex -41 26.3 5
      vertex -41.16662913856025 26.308185964657266 5
    endloop
  endfacet
  facet normal 0 0 1
    outer loop
      vertex -27 19 5
      vertex -41.16662913856025 26.308185964657266 5
      vertex -41.331653547427415 26.332665023314508 5
    endloop
  endfacet
  facet normal 0 0 1
    outer loop
      vertex -27 19 5
      vertex -40.83337086143975 26.308185964657266 5
      vertex -41 26.3 5
    endloop
  endfacet
  facet normal 0 0 1
    outer loop
      vertex -27 19 5
      vertex -40.668346452572585 26.332665023314508 5
      vertex -40.83337086143975 26.308185964657266 5
    endloop
  endfacet
  facet normal 0 0 1
    outer loop
      vertex 24 12 5
      vertex -27 14 5
      vertex -24 12 5
    endloop
  endfacet
  facet normal 0 0 1
    outer loop
      vertex -27 19 5
      vertex 27 19 5
      vertex -40.668346452572585 26.332665023314508 5
    endloop
  endfacet
  facet normal 0 0 1
    outer loop
      vertex -40.668346452572585 26.332665023314508 5
      vertex 40.506516048667415 26.373201429255246 5
      vertex -40.506516048667415 26.373201429255246 5
    endloop
  endfacet
  facet normal 0 0 1
    outer loop
      vertex -40.506516048667415 26.373201429255246 5
      vertex 40.34943816497935 26.429404794730814 5
      vertex -40.34943816497935 26.429404794730814 5
    endloop
  endfacet
  facet normal 0 0 1
    outer loop
      vertex -40.19862554739581 26.500733850607798 5
      vertex 40.05553060386668 26.586501659085673 5
      vertex -40.05553060386668 26.586501659085673 5
    endloop
  endfacet
  facet normal 0 0 1
    outer loop
      vertex -40.34943816497935 26.429404794730814 5
      vertex 40.19862554739581 26.500733850607798 5
      vertex -40.19862554739581 26.500733850607798 5
    endloop
  endfacet
  facet normal 0 0 1
    outer loop
      vertex -40.05553060386668 26.586501659085673 5
      vertex 39.9215314169218 26.685882229283347 5
      vertex -39.9215314169218 26.685882229283347 5
    endloop
  endfacet
  facet normal 0 0 1
    outer loop
      vertex -39.9215314169218 26.685882229283347 5
      vertex 39.79791847198287 26.797918471982868 5
      vertex -39.79791847198287 26.797918471982868 5
    endloop
  endfacet
  facet normal 0 0 1
    outer loop
      vertex -39.79791847198287 26.797918471982868 5
      vertex 39.685882229283344 26.921531416921802 5
      vertex -39.685882229283344 26.921531416921802 5
    endloop
  endfacet
  facet normal 0 1 0
    outer loop
      vertex -82 54 0
      vertex -82 54 5
      vertex 82 54 5
    endloop
  endfacet
  facet normal 0 0 1
    outer loop
      vertex -75.34943816497935 40.429404794730814 5
      vertex -75.50651604866741 40.373201429255246 5
      vertex 40.19862554739581 29.499266149392202 5
    endloop
  endfacet
  facet normal 0 0 1
    outer loop
      vertex -75.1986255473958 40.500733850607794 5
      vertex -75.34943816497935 40.429404794730814 5
      vertex 41.16662913856025 29.691814035342734 5
    endloop
  endfacet
  facet normal 0 0 1
    outer loop
      vertex -75.50651604866741 40.373201429255246 5
      vertex -40.506516048667415 29.626798570744754 5
      vertex 40.19862554739581 29.499266149392202 5
    endloop
  endfacet
  facet normal 0 0 1
    outer loop
      vertex -90 46 5
      vertex -75.66834645257258 43.66733497668549 5
      vertex 75.50651604866741 43.626798570744754 5
    endloop
  endfacet
  facet normal 0 0 1
    outer loop
      vertex -90 46 5
      vertex 89.65552268922329 48.322277419269085 5
      vertex -89.96147781610489 46.78413712233305 5
    endloop
  endfacet
  facet normal 0 0 1
    outer loop
      vertex -75.05553060386667 40.58650165908567 5
      vertex -75.1986255473958 40.500733850607794 5
      vertex 74.3 42 5
    endloop
  endfacet
  facet normal 0 0 1
    outer loop
      vertex -74.92153141692181 40.685882229283344 5
      vertex -75.05553060386667 40.58650165908567 5
      vertex 74.3 42 5
    endloop
  endfacet
  facet normal 0 0 1
    outer loop
      vertex -74.79791847198287 40.79791847198287 5
      vertex -74.92153141692181 40.685882229283344 5
      vertex 74.3 42 5
    endloop
  endfacet
  facet normal 0 0 1
    outer loop
      vertex -74.68588222928335 40.9215314169218 5
      vertex 74.3 42 5
      vertex -74.58650165908567 41.05553060386668 5
    endloop
  endfacet
  facet normal 0 0 1
    outer loop
      vertex -74.79791847198287 40.79791847198287 5
      vertex 74.3 42 5
      vertex -74.68588222928335 40.9215314169218 5
    endloop
  endfacet
  facet normal 0 0 1
    outer loop
      vertex -74.58650165908567 41.05553060386668 5
      vertex 74.3 42 5
      vertex -74.5007338506078 41.19862554739581 5
    endloop
  endfacet
  facet normal 0 0 1
    outer loop
      vertex -74.5007338506078 41.19862554739581 5
      vertex 74.3 42 5
      vertex -74.42940479473081 41.34943816497935 5
    endloop
  endfacet
  facet normal 0 0 1
    outer loop
      vertex -74.42940479473081 41.34943816497935 5
      vertex 74.3 42 5
      vertex -74.37320142925525 41.506516048667415 5
    endloop
  endfacet
  facet normal 0 0 1
    outer loop
      vertex -74.37320142925525 41.506516048667415 5
      vertex 74.3 42 5
      vertex -74.3326650233145 41.668346452572585 5
    endloop
  endfacet
  facet normal 0 0 1
    outer loop
      vertex -74.3326650233145 41.668346452572585 5
      vertex 74.3 42 5
      vertex -74.30818596465727 41.83337086143975 5
    endloop
  endfacet
  facet normal 0 0 1
    outer loop
      vertex -74.30818596465727 41.83337086143975 5
      vertex 74.3 42 5
      vertex -74.3 42 5
    endloop
  endfacet
  facet normal 0 0 1
    outer loop
      vertex -74.3 42 5
      vertex 74.30818596465727 42.16662913856025 5
      vertex -74.30818596465727 42.16662913856025 5
    endloop
  endfacet
  facet normal 0 0 1
    outer loop
      vertex -74.3326650233145 42.331653547427415 5
      vertex 74.30818596465727 42.16662913856025 5
      vertex -74.37320142925525 42.493483951332585 5
    endloop
  endfacet
  facet normal 0 0 1
    outer loop
      vertex -74.30818596465727 42.16662913856025 5
      vertex 74.30818596465727 42.16662913856025 5
      vertex -74.3326650233145 42.331653547427415 5
    endloop
  endfacet
  facet normal 0 0 1
    outer loop
      vertex -74.37320142925525 42.493483951332585 5
      vertex 74.30818596465727 42.16662913856025 5
      vertex -74.42940479473081 42.65056183502065 5
    endloop
  endfacet
  facet normal 0 0 1
    outer loop
      vertex -74.42940479473081 42.65056183502065 5
      vertex 74.30818596465727 42.16662913856025 5
      vertex -74.5007338506078 42.80137445260419 5
    endloop
  endfacet
  facet normal 0 0 1
    outer loop
      vertex -74.58650165908567 42.94446939613332 5
      vertex 74.30818596465727 42.16662913856025 5
      vertex -74.68588222928335 43.0784685830782 5
    endloop
  endfacet
  facet normal 0 0 1
    outer loop
      vertex -74.68588222928335 43.0784685830782 5
      vertex 74.30818596465727 42.16662913856025 5
      vertex -74.79791847198287 43.20208152801713 5
    endloop
  endfacet
  facet normal 0 0 1
    outer loop
      vertex -74.92153141692181 43.314117770716656 5
      vertex -74.79791847198287 43.20208152801713 5
      vertex 74.30818596465727 42.16662913856025 5
    endloop
  endfacet
  facet normal 0 0 1
    outer loop
      vertex -74.5007338506078 42.80137445260419 5
      vertex 74.30818596465727 42.16662913856025 5
      vertex -74.58650165908567 42.94446939613332 5
    endloop
  endfacet
  facet normal 0 0 1
    outer loop
      vertex -75.05553060386667 43.41349834091433 5
      vertex -74.92153141692181 43.314117770716656 5
      vertex 75.05553060386667 43.41349834091433 5
    endloop
  endfacet
  facet normal 0 0 1
    outer loop
      vertex -75.66834645257258 43.66733497668549 5
      vertex -75.50651604866741 43.626798570744754 5
      vertex 75.50651604866741 43.626798570744754 5
    endloop
  endfacet
  facet normal 0 0 1
    outer loop
      vertex -75.1986255473958 43.499266149392206 5
      vertex -75.05553060386667 43.41349834091433 5
      vertex 75.1986255473958 43.499266149392206 5
    endloop
  endfacet
  facet normal 0 0 1
    outer loop
      vertex -75.34943816497935 43.570595205269186 5
      vertex -75.1986255473958 43.499266149392206 5
      vertex 75.34943816497935 43.570595205269186 5
    endloop
  endfacet
  facet normal 0 0 1
    outer loop
      vertex -75.50651604866741 43.626798570744754 5
      vertex -75.34943816497935 43.570595205269186 5
      vertex 75.50651604866741 43.626798570744754 5
    endloop
  endfacet
  facet normal 0 0 1
    outer loop
      vertex -89.96147781610489 46.78413712233305 5
      vertex 89.39103625714779 49.061467461287975 5
      vertex -89.84628224372864 47.56072257459164 5
    endloop
  endfacet
  facet normal 0 0 1
    outer loop
      vertex -89.84628224372864 47.56072257459164 5
      vertex 89.05537011474371 49.771173894405365 5
      vertex -89.65552268922329 48.322277419269085 5
    endloop
  endfacet
  facet normal 0 0 1
    outer loop
      vertex -89.65552268922329 48.322277419269085 5
      vertex 88.6517568975687 50.44456186145544 5
      vertex -89.39103625714779 49.061467461287975 5
    endloop
  endfacet
  facet normal 0 0 1
    outer loop
      vertex -89.39103625714779 49.061467461287975 5
      vertex 88.18408362567425 51.07514627277851 5
      vertex -89.05537011474371 49.771173894405365 5
    endloop
  endfacet
  facet normal 0 0 1
    outer loop
      vertex -89.05537011474371 49.771173894405365 5
      vertex 87.65685424953699 51.65685424953699 5
      vertex -88.6517568975687 50.44456186145544 5
    endloop
  endfacet
  facet normal 0 0 1
    outer loop
      vertex -88.6517568975687 50.44456186145544 5
      vertex 87.07514627277851 52.18408362567425 5
      vertex -88.18408362567425 51.07514627277851 5
    endloop
  endfacet
  facet normal 0 0 1
    outer loop
      vertex -88.18408362567425 51.07514627277851 5
      vertex 86.44456186145544 52.6517568975687 5
      vertex -87.65685424953699 51.65685424953699 5
    endloop
  endfacet
  facet normal 0 0 1
    outer loop
      vertex -87.65685424953699 51.65685424953699 5
      vertex 85.77117389440536 53.05537011474371 5
      vertex -87.07514627277851 52.18408362567425 5
    endloop
  endfacet
  facet normal 0 0 1
    outer loop
      vertex -87.07514627277851 52.18408362567425 5
      vertex 85.06146746128798 53.39103625714779 5
      vertex -86.44456186145544 52.6517568975687 5
    endloop
  endfacet
  facet normal 0 0 1
    outer loop
      vertex -86.44456186145544 52.6517568975687 5
      vertex 84.32227741926908 53.65552268922329 5
      vertex -85.77117389440536 53.05537011474371 5
    endloop
  endfacet
  facet normal 0 0 1
    outer loop
      vertex -85.77117389440536 53.05537011474371 5
      vertex 83.56072257459164 53.84628224372864 5
      vertex -85.06146746128798 53.39103625714779 5
    endloop
  endfacet
  facet normal 0 0 1
    outer loop
      vertex -85.06146746128798 53.39103625714779 5
      vertex 82.78413712233305 53.96147781610489 5
      vertex -84.32227741926908 53.65552268922329 5
    endloop
  endfacet
  facet normal 0 0 1
    outer loop
      vertex -84.32227741926908 53.65552268922329 5
      vertex 82 54 5
      vertex -83.56072257459164 53.84628224372864 5
    endloop
  endfacet
  facet normal 0 0 1
    outer loop
      vertex -83.56072257459164 53.84628224372864 5
      vertex 82 54 5
      vertex -82 54 5
    endloop
  endfacet
  facet normal 0 0 1
    outer loop
      vertex -39.685882229283344 26.921531416921802 5
      vertex 39.58650165908567 27.055530603866675 5
      vertex -39.58650165908567 27.055530603866675 5
    endloop
  endfacet
  facet normal 0 0 1
    outer loop
      vertex -39.58650165908567 27.055530603866675 5
      vertex 39.429404794730814 27.349438164979347 5
      vertex -39.500733850607794 27.198625547395803 5
    endloop
  endfacet
  facet normal 0 0 1
    outer loop
      vertex -39.500733850607794 27.198625547395803 5
      vertex 39.3 28 5
      vertex -39.429404794730814 27.349438164979347 5
    endloop
  endfacet
  facet normal 0 0 1
    outer loop
      vertex -39.429404794730814 27.349438164979347 5
      vertex 39.3 28 5
      vertex -39.373201429255246 27.506516048667415 5
    endloop
  endfacet
  facet normal 0 0 1
    outer loop
      vertex -39.373201429255246 27.506516048667415 5
      vertex 39.3 28 5
      vertex -39.33266502331451 27.66834645257258 5
    endloop
  endfacet
  facet normal 0 0 1
    outer loop
      vertex -39.33266502331451 27.66834645257258 5
      vertex 39.3 28 5
      vertex -39.30818596465726 27.833370861439747 5
    endloop
  endfacet
  facet normal 0 0 1
    outer loop
      vertex -39.30818596465726 27.833370861439747 5
      vertex 39.3 28 5
      vertex -39.3 28 5
    endloop
  endfacet
  facet normal 0 0 1
    outer loop
      vertex -39.3 28 5
      vertex 39.30818596465726 28.166629138560253 5
      vertex -39.30818596465726 28.166629138560253 5
    endloop
  endfacet
  facet normal 0 0 1
    outer loop
      vertex -39.30818596465726 28.166629138560253 5
      vertex 39.30818596465726 28.166629138560253 5
      vertex -39.33266502331451 28.33165354742742 5
    endloop
  endfacet
  facet normal 0 0 1
    outer loop
      vertex -39.33266502331451 28.33165354742742 5
      vertex 39.30818596465726 28.166629138560253 5
      vertex -39.373201429255246 28.493483951332585 5
    endloop
  endfacet
  facet normal 0 0 1
    outer loop
      vertex -39.373201429255246 28.493483951332585 5
      vertex 39.30818596465726 28.166629138560253 5
      vertex -39.429404794730814 28.650561835020653 5
    endloop
  endfacet
  facet normal 0 0 1
    outer loop
      vertex -39.429404794730814 28.650561835020653 5
      vertex 39.30818596465726 28.166629138560253 5
      vertex -39.500733850607794 28.801374452604197 5
    endloop
  endfacet
  facet normal 0 0 1
    outer loop
      vertex -40.19862554739581 29.499266149392202 5
      vertex 40.19862554739581 29.499266149392202 5
      vertex -40.34943816497935 29.570595205269186 5
    endloop
  endfacet
  facet normal 0 0 1
    outer loop
      vertex -39.500733850607794 28.801374452604197 5
      vertex 39.58650165908567 28.944469396133325 5
      vertex -39.58650165908567 28.944469396133325 5
    endloop
  endfacet
  facet normal 0 0 1
    outer loop
      vertex -39.58650165908567 28.944469396133325 5
      vertex 39.685882229283344 29.078468583078198 5
      vertex -39.685882229283344 29.078468583078198 5
    endloop
  endfacet
  facet normal 0 0 1
    outer loop
      vertex -39.685882229283344 29.078468583078198 5
      vertex 39.79791847198287 29.202081528017132 5
      vertex -39.79791847198287 29.202081528017132 5
    endloop
  endfacet
  facet normal 0 0 1
    outer loop
      vertex -39.79791847198287 29.202081528017132 5
      vertex 39.9215314169218 29.314117770716653 5
      vertex -39.9215314169218 29.314117770716653 5
    endloop
  endfacet
  facet normal 0 0 1
    outer loop
      vertex -39.9215314169218 29.314117770716653 5
      vertex 40.05553060386668 29.413498340914327 5
      vertex -40.05553060386668 29.413498340914327 5
    endloop
  endfacet
  facet normal 0 0 1
    outer loop
      vertex -40.05553060386668 29.413498340914327 5
      vertex 40.19862554739581 29.499266149392202 5
      vertex -40.19862554739581 29.499266149392202 5
    endloop
  endfacet
  facet normal 0 0 1
    outer loop
      vertex -40.34943816497935 29.570595205269186 5
      vertex 40.19862554739581 29.499266149392202 5
      vertex -40.506516048667415 29.626798570744754 5
    endloop
  endfacet
  facet normal 0 0 -1
    outer loop
      vertex -37.65136843870017 -28 0
      vertex 37.65136843870017 -28 0
      vertex 39.32568421935009 -30.9 0
    endloop
  endfacet
  facet normal 0 0 -1
    outer loop
      vertex -37.65136843870017 -28 0
      vertex 39.32568421935009 -25.1 0
      vertex 37.65136843870017 -28 0
    endloop
  endfacet
  facet normal 0 0 -1
    outer loop
      vertex -82 -54 0
      vertex 83.56072257459164 -53.84628224372864 0
      vertex 82 -54 0
    endloop
  endfacet
  facet normal 0 0 -1
    outer loop
      vertex -87.07514627277851 -52.18408362567425 0
      vertex 80 -51 0
      vertex 88.18408362567425 -51.07514627277851 0
    endloop
  endfacet
  facet normal 0 0 -1
    outer loop
      vertex -80 -49 0
      vertex 80.49008569866419 -48.975923635065556 0
      vertex 80 -49 0
    endloop
  endfacet
  facet normal 0 0 -1
    outer loop
      vertex -80 -49 0
      vertex 80.97545161098242 -48.9039264023304 0
      vertex 80.49008569866419 -48.975923635065556 0
    endloop
  endfacet
  facet normal 0 0 -1
    outer loop
      vertex -80 -49 0
      vertex 81.45142338424921 -48.78470167517662 0
      vertex 80.97545161098242 -48.9039264023304 0
    endloop
  endfacet
  facet normal 0 0 -1
    outer loop
      vertex -80 -49 0
      vertex 81.91341716051102 -48.61939766258001 0
      vertex 81.45142338424921 -48.78470167517662 0
    endloop
  endfacet
  facet normal 0 0 -1
    outer loop
      vertex -80 -49 0
      vertex 82.35698368400335 -48.40960632264614 0
      vertex 81.91341716051102 -48.61939766258001 0
    endloop
  endfacet
  facet normal 0 0 -1
    outer loop
      vertex -82 -54 0
      vertex 84.32227741926908 -53.65552268922329 0
      vertex 83.56072257459164 -53.84628224372864 0
    endloop
  endfacet
  facet normal 0 0 -1
    outer loop
      vertex -82.78413712233305 -53.96147781610489 0
      vertex 85.06146746128798 -53.39103625714779 0
      vertex 84.32227741926908 -53.65552268922329 0
    endloop
  endfacet
  facet normal 0 0 -1
    outer loop
      vertex -83.56072257459164 -53.84628224372864 0
      vertex 85.77117389440536 -53.05537011474371 0
      vertex 85.06146746128798 -53.39103625714779 0
    endloop
  endfacet
  facet normal 0 0 -1
    outer loop
      vertex -84.32227741926908 -53.65552268922329 0
      vertex 86.44456186145544 -52.6517568975687 0
      vertex 85.77117389440536 -53.05537011474371 0
    endloop
  endfacet
  facet normal 0 0 -1
    outer loop
      vertex -85.06146746128798 -53.39103625714779 0
      vertex 87.07514627277851 -52.18408362567425 0
      vertex 86.44456186145544 -52.6517568975687 0
    endloop
  endfacet
  facet normal 0 0 -1
    outer loop
      vertex -85.77117389440536 -53.05537011474371 0
      vertex 87.65685424953699 -51.65685424953699 0
      vertex 87.07514627277851 -52.18408362567425 0
    endloop
  endfacet
  facet normal 0 0 -1
    outer loop
      vertex -86.44456186145544 -52.6517568975687 0
      vertex 88.18408362567425 -51.07514627277851 0
      vertex 87.65685424953699 -51.65685424953699 0
    endloop
  endfacet
  facet normal 0 0 -1
    outer loop
      vertex -80 -49 0
      vertex 82.77785116434097 -48.157348059117794 0
      vertex 82.35698368400335 -48.40960632264614 0
    endloop
  endfacet
  facet normal 0 0 -1
    outer loop
      vertex -80 -49 0
      vertex 83.17196641862392 -47.86505226790905 0
      vertex 82.77785116434097 -48.157348059117794 0
    endloop
  endfacet
  facet normal 0 0 -1
    outer loop
      vertex -80.49008569866419 -48.975923635065556 0
      vertex 83.5355339050293 -47.5355339050293 0
      vertex 83.17196641862392 -47.86505226790905 0
    endloop
  endfacet
  facet normal 0 0 -1
    outer loop
      vertex -80.97545161098242 -48.9039264023304 0
      vertex 83.86505226790905 -47.171966418623924 0
      vertex 83.5355339050293 -47.5355339050293 0
    endloop
  endfacet
  facet normal 0 0 -1
    outer loop
      vertex -82.77785116434097 -48.157348059117794 0
      vertex 84.1573480591178 -46.77785116434097 0
      vertex 83.86505226790905 -47.171966418623924 0
    endloop
  endfacet
  facet normal 0 0 -1
    outer loop
      vertex -75.1986255473958 -43.499266149392206 0
      vertex 75.1986255473958 -43.499266149392206 0
      vertex 75.34943816497935 -43.570595205269186 0
    endloop
  endfacet
  facet normal 0 0 -1
    outer loop
      vertex -75.1986255473958 -43.499266149392206 0
      vertex 75.34943816497935 -43.570595205269186 0
      vertex 75.50651604866741 -43.626798570744754 0
    endloop
  endfacet
  facet normal 0 0 -1
    outer loop
      vertex -75.05553060386667 -43.41349834091433 0
      vertex 75.05553060386667 -43.41349834091433 0
      vertex 75.1986255473958 -43.499266149392206 0
    endloop
  endfacet
  facet normal 0 0 -1
    outer loop
      vertex -74.92153141692181 -43.314117770716656 0
      vertex 74.92153141692181 -43.314117770716656 0
      vertex 75.05553060386667 -43.41349834091433 0
    endloop
  endfacet
  facet normal 0 0 -1
    outer loop
      vertex -74.3326650233145 -42.331653547427415 0
      vertex 74.79791847198287 -43.20208152801713 0
      vertex 74.92153141692181 -43.314117770716656 0
    endloop
  endfacet
  facet normal 0 0 -1
    outer loop
      vertex -74.30818596465727 -42.16662913856025 0
      vertex 74.58650165908567 -42.94446939613332 0
      vertex 74.68588222928335 -43.0784685830782 0
    endloop
  endfacet
  facet normal 0 0 -1
    outer loop
      vertex -74.30818596465727 -42.16662913856025 0
      vertex 74.68588222928335 -43.0784685830782 0
      vertex 74.79791847198287 -43.20208152801713 0
    endloop
  endfacet
  facet normal 0 0 -1
    outer loop
      vertex -74.3 -42 0
      vertex 74.5007338506078 -42.80137445260419 0
      vertex 74.58650165908567 -42.94446939613332 0
    endloop
  endfacet
  facet normal 0 0 -1
    outer loop
      vertex -74.3 -42 0
      vertex 74.42940479473081 -42.65056183502065 0
      vertex 74.5007338506078 -42.80137445260419 0
    endloop
  endfacet
  facet normal 0 0 -1
    outer loop
      vertex -74.3 -42 0
      vertex 74.37320142925525 -42.493483951332585 0
      vertex 74.42940479473081 -42.65056183502065 0
    endloop
  endfacet
  facet normal 0 0 -1
    outer loop
      vertex -74.3 -42 0
      vertex 74.3326650233145 -42.331653547427415 0
      vertex 74.37320142925525 -42.493483951332585 0
    endloop
  endfacet
  facet normal 0 0 -1
    outer loop
      vertex -74.3 -42 0
      vertex 74.30818596465727 -42.16662913856025 0
      vertex 74.3326650233145 -42.331653547427415 0
    endloop
  endfacet
  facet normal 0 0 -1
    outer loop
      vertex -74.3 -42 0
      vertex 74.3 -42 0
      vertex 74.30818596465727 -42.16662913856025 0
    endloop
  endfacet
  facet normal 0 0 -1
    outer loop
      vertex -74.3 -42 0
      vertex 74.30818596465727 -41.83337086143975 0
      vertex 74.3 -42 0
    endloop
  endfacet
  facet normal 0 0 -1
    outer loop
      vertex -74.3 -42 0
      vertex 74.3326650233145 -41.668346452572585 0
      vertex 74.30818596465727 -41.83337086143975 0
    endloop
  endfacet
  facet normal 0 0 -1
    outer loop
      vertex -74.3 -42 0
      vertex 74.37320142925525 -41.506516048667415 0
      vertex 74.3326650233145 -41.668346452572585 0
    endloop
  endfacet
  facet normal 0 0 -1
    outer loop
      vertex -74.3 -42 0
      vertex 74.42940479473081 -41.34943816497935 0
      vertex 74.37320142925525 -41.506516048667415 0
    endloop
  endfacet
  facet normal 0 0 -1
    outer loop
      vertex -74.3 -42 0
      vertex 74.5007338506078 -41.19862554739581 0
      vertex 74.42940479473081 -41.34943816497935 0
    endloop
  endfacet
  facet normal 0 0 -1
    outer loop
      vertex -74.3 -42 0
      vertex 74.58650165908567 -41.05553060386668 0
      vertex 74.5007338506078 -41.19862554739581 0
    endloop
  endfacet
  facet normal 0 0 -1
    outer loop
      vertex -74.3 -42 0
      vertex 74.68588222928335 -40.9215314169218 0
      vertex 74.58650165908567 -41.05553060386668 0
    endloop
  endfacet
  facet normal 0 0 -1
    outer loop
      vertex -74.3 -42 0
      vertex 74.79791847198287 -40.79791847198287 0
      vertex 74.68588222928335 -40.9215314169218 0
    endloop
  endfacet
  facet normal 0 0 -1
    outer loop
      vertex -74.3 -42 0
      vertex 74.92153141692181 -40.685882229283344 0
      vertex 74.79791847198287 -40.79791847198287 0
    endloop
  endfacet
  facet normal 0 0 -1
    outer loop
      vertex -74.3 -42 0
      vertex 75.05553060386667 -40.58650165908567 0
      vertex 74.92153141692181 -40.685882229283344 0
    endloop
  endfacet
  facet normal 0 0 -1
    outer loop
      vertex -75.1986255473958 -43.499266149392206 0
      vertex 75.50651604866741 -43.626798570744754 0
      vertex 75.66834645257258 -43.66733497668549 0
    endloop
  endfacet
  facet normal 0 0 -1
    outer loop
      vertex -75.1986255473958 -43.499266149392206 0
      vertex 75.66834645257258 -43.66733497668549 0
      vertex 75.83337086143975 -43.69181403534274 0
    endloop
  endfacet
  facet normal 0 0 -1
    outer loop
      vertex -75.1986255473958 -43.499266149392206 0
      vertex 75.83337086143975 -43.69181403534274 0
      vertex 76 -43.7 0
    endloop
  endfacet
  facet normal 0 0 -1
    outer loop
      vertex -82.77785116434097 -48.157348059117794 0
      vertex 84.40960632264614 -46.35698368400335 0
      vertex 84.1573480591178 -46.77785116434097 0
    endloop
  endfacet
  facet normal 0 0 -1
    outer loop
      vertex -83.86505226790905 -47.171966418623924 0
      vertex 84.61939766258001 -45.91341716051102 0
      vertex 84.40960632264614 -46.35698368400335 0
    endloop
  endfacet
  facet normal 0 0 -1
    outer loop
      vertex -83.86505226790905 -47.171966418623924 0
      vertex 84.78470167517662 -45.45142338424921 0
      vertex 84.61939766258001 -45.91341716051102 0
    endloop
  endfacet
  facet normal 0 0 -1
    outer loop
      vertex -83.86505226790905 -47.171966418623924 0
      vertex 84.9039264023304 -44.97545161098242 0
      vertex 84.78470167517662 -45.45142338424921 0
    endloop
  endfacet
  facet normal 0 0 -1
    outer loop
      vertex -83.86505226790905 -47.171966418623924 0
      vertex 84.97592363506556 -44.49008569866419 0
      vertex 84.9039264023304 -44.97545161098242 0
    endloop
  endfacet
  facet normal 0 0 -1
    outer loop
      vertex -83.86505226790905 -47.171966418623924 0
      vertex 85 -44 0
      vertex 84.97592363506556 -44.49008569866419 0
    endloop
  endfacet
  facet normal 0 0 -1
    outer loop
      vertex -75.1986255473958 -43.499266149392206 0
      vertex 76 -43.7 0
      vertex 85 -44 0
    endloop
  endfacet
  facet normal 0 0 -1
    outer loop
      vertex -39.32568421935009 -30.9 0
      vertex 39.32568421935009 -30.9 0
      vertex 75.1986255473958 -40.500733850607794 0
    endloop
  endfacet
  facet normal 0 0 -1
    outer loop
      vertex -42.67431578064991 -30.9 0
      vertex 75.1986255473958 -40.500733850607794 0
      vertex 75.05553060386667 -40.58650165908567 0
    endloop
  endfacet
  facet normal 0 0 -1
    outer loop
      vertex -24 -12 0
      vertex 24 -12 0
      vertex 39.32568421935009 -25.1 0
    endloop
  endfacet
  facet normal 0 0 -1
    outer loop
      vertex 39.32568421935009 -25.1 0
      vertex 24 -12 0
      vertex 24.29405142366886 -11.985554181039333 0
    endloop
  endfacet
  facet normal 0 0 -1
    outer loop
      vertex 39.32568421935009 -25.1 0
      vertex 24.29405142366886 -11.985554181039333 0
      vertex 24.58527096360922 -11.94235584139824 0
    endloop
  endfacet
  facet normal 0 0 -1
    outer loop
      vertex 39.32568421935009 -25.1 0
      vertex 24.58527096360922 -11.94235584139824 0
      vertex 24.870854035019875 -11.870821006596088 0
    endloop
  endfacet
  facet normal 0 0 -1
    outer loop
      vertex 39.32568421935009 -25.1 0
      vertex 24.870854035019875 -11.870821006596088 0
      vertex 25.14805030077696 -11.771638594567776 0
    endloop
  endfacet
  facet normal 0 0 -1
    outer loop
      vertex 39.32568421935009 -25.1 0
      vertex 25.14805030077696 -11.771638594567776 0
      vertex 25.414190210402012 -11.645763792097569 0
    endloop
  endfacet
  facet normal 0 0 -1
    outer loop
      vertex 39.32568421935009 -25.1 0
      vertex 25.414190210402012 -11.645763792097569 0
      vertex 25.666710697114468 -11.494408838450909 0
    endloop
  endfacet
  facet normal 0 0 -1
    outer loop
      vertex 39.32568421935009 -25.1 0
      vertex 25.666710697114468 -11.494408838450909 0
      vertex 25.903179854154587 -11.319031357765198 0
    endloop
  endfacet
  facet normal 0 0 -1
    outer loop
      vertex 39.32568421935009 -25.1 0
      vertex 25.903179854154587 -11.319031357765198 0
      vertex 26.121320344507694 -11.121320344507694 0
    endloop
  endfacet
  facet normal 0 0 -1
    outer loop
      vertex 39.32568421935009 -25.1 0
      vertex 26.121320344507694 -11.121320344507694 0
      vertex 26.319031357765198 -10.903179854154587 0
    endloop
  endfacet
  facet normal 0 0 -1
    outer loop
      vertex 39.32568421935009 -25.1 0
      vertex 26.319031357765198 -10.903179854154587 0
      vertex 26.49440883845091 -10.666710697114468 0
    endloop
  endfacet
  facet normal 0 0 -1
    outer loop
      vertex 39.32568421935009 -25.1 0
      vertex 26.49440883845091 -10.666710697114468 0
      vertex 26.64576379209757 -10.414190210402012 0
    endloop
  endfacet
  facet normal 0 0 -1
    outer loop
      vertex 39.32568421935009 -25.1 0
      vertex 26.64576379209757 -10.414190210402012 0
      vertex 26.771638594567776 -10.148050300776958 0
    endloop
  endfacet
  facet normal 0 0 -1
    outer loop
      vertex 39.32568421935009 -25.1 0
      vertex 26.771638594567776 -10.148050300776958 0
      vertex 26.87082100659609 -9.870854035019875 0
    endloop
  endfacet
  facet normal 0 0 -1
    outer loop
      vertex 39.32568421935009 -25.1 0
      vertex 26.87082100659609 -9.870854035019875 0
      vertex 26.94235584139824 -9.585270963609219 0
    endloop
  endfacet
  facet normal 0 0 -1
    outer loop
      vertex 42.67431578064991 -30.9 0
      vertex 75.1986255473958 -40.500733850607794 0
      vertex 39.32568421935009 -30.9 0
    endloop
  endfacet
  facet normal 0 0 -1
    outer loop
      vertex 42.67431578064991 -30.9 0
      vertex 44.34863156129983 -28 0
      vertex 75.1986255473958 -40.500733850607794 0
    endloop
  endfacet
  facet normal 0 0 -1
    outer loop
      vertex 82 -54 0
      vertex 83.56072257459164 -53.84628224372864 0
      vertex 82.78413712233305 -53.96147781610489 0
    endloop
  endfacet
  facet normal 0 0 -1
    outer loop
      vertex 88.18408362567425 -51.07514627277851 0
      vertex 80 -51 0
      vertex 80.6861199811101 -50.96629308909178 0
    endloop
  endfacet
  facet normal 0 0 -1
    outer loop
      vertex 88.18408362567425 -51.07514627277851 0
      vertex 80.6861199811101 -50.96629308909178 0
      vertex 81.36563225090504 -50.86549696326256 0
    endloop
  endfacet
  facet normal 0 0 -1
    outer loop
      vertex 88.18408362567425 -51.07514627277851 0
      vertex 81.36563225090504 -50.86549696326256 0
      vertex 82.03199274092913 -50.69858235120773 0
    endloop
  endfacet
  facet normal 0 0 -1
    outer loop
      vertex 88.18408362567425 -51.07514627277851 0
      vertex 82.03199274092913 -50.69858235120773 0
      vertex 82.67878402769566 -50.46715673059225 0
    endloop
  endfacet
  facet normal 0 0 -1
    outer loop
      vertex 88.18408362567425 -51.07514627277851 0
      vertex 82.67878402769566 -50.46715673059225 0
      vertex 88.6517568975687 -50.44456186145544 0
    endloop
  endfacet
  facet normal 0 0 -1
    outer loop
      vertex 88.6517568975687 -50.44456186145544 0
      vertex 82.67878402769566 -50.46715673059225 0
      vertex 83.2997771576047 -50.173448853194714 0
    endloop
  endfacet
  facet normal 0 0 -1
    outer loop
      vertex 88.6517568975687 -50.44456186145544 0
      vertex 83.2997771576047 -50.173448853194714 0
      vertex 83.88899163156748 -49.82028728723526 0
    endloop
  endfacet
  facet normal 0 0 -1
    outer loop
      vertex 89.05537011474371 -49.771173894405365 0
      vertex 83.88899163156748 -49.82028728723526 0
      vertex 84.44075299054384 -49.41107317060232 0
    endloop
  endfacet
  facet normal 0 0 -1
    outer loop
      vertex 89.05537011474371 -49.771173894405365 0
      vertex 84.44075299054384 -49.41107317060232 0
      vertex 84.9497474655509 -48.9497474655509 0
    endloop
  endfacet
  facet normal 0 0 -1
    outer loop
      vertex 89.39103625714779 -49.061467461287975 0
      vertex 84.9497474655509 -48.9497474655509 0
      vertex 85.41107317060232 -48.44075299054384 0
    endloop
  endfacet
  facet normal 0 0 -1
    outer loop
      vertex 89.39103625714779 -49.061467461287975 0
      vertex 85.41107317060232 -48.44075299054384 0
      vertex 85.82028728723526 -47.88899163156748 0
    endloop
  endfacet
  facet normal 0 0 -1
    outer loop
      vertex 88.6517568975687 -50.44456186145544 0
      vertex 83.88899163156748 -49.82028728723526 0
      vertex 89.05537011474371 -49.771173894405365 0
    endloop
  endfacet
  facet normal 0 0 -1
    outer loop
      vertex 89.05537011474371 -49.771173894405365 0
      vertex 84.9497474655509 -48.9497474655509 0
      vertex 89.39103625714779 -49.061467461287975 0
    endloop
  endfacet
  facet normal 0 0 -1
    outer loop
      vertex 89.39103625714779 -49.061467461287975 0
      vertex 85.82028728723526 -47.88899163156748 0
      vertex 89.65552268922329 -48.322277419269085 0
    endloop
  endfacet
  facet normal 0 0 -1
    outer loop
      vertex 89.65552268922329 -48.322277419269085 0
      vertex 85.82028728723526 -47.88899163156748 0
      vertex 86.17344885319471 -47.299777157604694 0
    endloop
  endfacet
  facet normal 0 0 -1
    outer loop
      vertex 89.65552268922329 -48.322277419269085 0
      vertex 86.17344885319471 -47.299777157604694 0
      vertex 89.84628224372864 -47.56072257459164 0
    endloop
  endfacet
  facet normal 0 0 -1
    outer loop
      vertex 76 -43.7 0
      vertex 76.16662913856025 -43.69181403534274 0
      vertex 85 -44 0
    endloop
  endfacet
  facet normal 0 0 -1
    outer loop
      vertex 76.16662913856025 -43.69181403534274 0
      vertex 76.33165354742742 -43.66733497668549 0
      vertex 85 -44 0
    endloop
  endfacet
  facet normal 0 0 -1
    outer loop
      vertex 76.33165354742742 -43.66733497668549 0
      vertex 76.49348395133259 -43.626798570744754 0
      vertex 85 -44 0
    endloop
  endfacet
  facet normal 0 0 -1
    outer loop
      vertex 76.49348395133259 -43.626798570744754 0
      vertex 76.65056183502065 -43.570595205269186 0
      vertex 85 -44 0
    endloop
  endfacet
  facet normal 0 0 -1
    outer loop
      vertex 76.65056183502065 -43.570595205269186 0
      vertex 76.8013744526042 -43.499266149392206 0
      vertex 85 -44 0
    endloop
  endfacet
  facet normal 0 0 -1
    outer loop
      vertex 76.8013744526042 -43.499266149392206 0
      vertex 76.94446939613333 -43.41349834091433 0
      vertex 85 -44 0
    endloop
  endfacet
  facet normal 0 0 -1
    outer loop
      vertex 76.94446939613333 -43.41349834091433 0
      vertex 77.07846858307819 -43.314117770716656 0
      vertex 85 -44 0
    endloop
  endfacet
  facet normal 0 0 -1
    outer loop
      vertex 77.07846858307819 -43.314117770716656 0
      vertex 77.20208152801713 -43.20208152801713 0
      vertex 85 -44 0
    endloop
  endfacet
  facet normal 0 0 -1
    outer loop
      vertex 77.20208152801713 -43.20208152801713 0
      vertex 77.31411777071665 -43.0784685830782 0
      vertex 85 -44 0
    endloop
  endfacet
  facet normal 0 0 -1
    outer loop
      vertex 77.4992661493922 -42.80137445260419 0
      vertex 85 -44 0
      vertex 77.41349834091433 -42.94446939613332 0
    endloop
  endfacet
  facet normal 0 0 -1
    outer loop
      vertex 77.41349834091433 -42.94446939613332 0
      vertex 85 -44 0
      vertex 77.31411777071665 -43.0784685830782 0
    endloop
  endfacet
  facet normal 0 0 -1
    outer loop
      vertex 77.57059520526919 -42.65056183502065 0
      vertex 85 -44 0
      vertex 77.4992661493922 -42.80137445260419 0
    endloop
  endfacet
  facet normal 0 0 -1
    outer loop
      vertex 77.62679857074475 -42.493483951332585 0
      vertex 85 -44 0
      vertex 77.57059520526919 -42.65056183502065 0
    endloop
  endfacet
  facet normal 0 0 -1
    outer loop
      vertex 77.6673349766855 -42.331653547427415 0
      vertex 85 -44 0
      vertex 77.62679857074475 -42.493483951332585 0
    endloop
  endfacet
  facet normal 0 0 -1
    outer loop
      vertex 77.69181403534273 -42.16662913856025 0
      vertex 85 -44 0
      vertex 77.6673349766855 -42.331653547427415 0
    endloop
  endfacet
  facet normal 0 0 -1
    outer loop
      vertex 77.7 -42 0
      vertex 85 -44 0
      vertex 77.69181403534273 -42.16662913856025 0
    endloop
  endfacet
  facet normal 0 0 -1
    outer loop
      vertex 77.69181403534273 -41.83337086143975 0
      vertex 85 -44 0
      vertex 77.7 -42 0
    endloop
  endfacet
  facet normal 0 0 -1
    outer loop
      vertex 77.6673349766855 -41.668346452572585 0
      vertex 85 -44 0
      vertex 77.69181403534273 -41.83337086143975 0
    endloop
  endfacet
  facet normal 0 0 -1
    outer loop
      vertex 77.62679857074475 -41.506516048667415 0
      vertex 85 -44 0
      vertex 77.6673349766855 -41.668346452572585 0
    endloop
  endfacet
  facet normal 0 0 -1
    outer loop
      vertex 77.57059520526919 -41.34943816497935 0
      vertex 85 -44 0
      vertex 77.62679857074475 -41.506516048667415 0
    endloop
  endfacet
  facet normal 0 0 -1
    outer loop
      vertex 85 -44 0
      vertex 77.20208152801713 -40.79791847198287 0
      vertex 77.07846858307819 -40.685882229283344 0
    endloop
  endfacet
  facet normal 0 0 -1
    outer loop
      vertex 77.41349834091433 -41.05553060386668 0
      vertex 85 -44 0
      vertex 77.4992661493922 -41.19862554739581 0
    endloop
  endfacet
  facet normal 0 0 -1
    outer loop
      vertex 77.31411777071665 -40.9215314169218 0
      vertex 85 -44 0
      vertex 77.41349834091433 -41.05553060386668 0
    endloop
  endfacet
  facet normal 0 0 -1
    outer loop
      vertex 77.4992661493922 -41.19862554739581 0
      vertex 85 -44 0
      vertex 77.57059520526919 -41.34943816497935 0
    endloop
  endfacet
  facet normal 0 0 -1
    outer loop
      vertex 77.20208152801713 -40.79791847198287 0
      vertex 85 -44 0
      vertex 77.31411777071665 -40.9215314169218 0
    endloop
  endfacet
  facet normal 0 0 -1
    outer loop
      vertex 77.07846858307819 -40.685882229283344 0
      vertex 76.94446939613333 -40.58650165908567 0
      vertex 85 -44 0
    endloop
  endfacet
  facet normal 0 0 -1
    outer loop
      vertex 89.84628224372864 -47.56072257459164 0
      vertex 86.17344885319471 -47.299777157604694 0
      vertex 86.46715673059225 -46.678784027695656 0
    endloop
  endfacet
  facet normal 0 0 -1
    outer loop
      vertex 89.96147781610489 -46.78413712233305 0
      vertex 86.46715673059225 -46.678784027695656 0
      vertex 86.69858235120773 -46.03199274092913 0
    endloop
  endfacet
  facet normal 0 0 -1
    outer loop
      vertex 90 -46 0
      vertex 86.69858235120773 -46.03199274092913 0
      vertex 86.86549696326256 -45.36563225090504 0
    endloop
  endfacet
  facet normal 0 0 -1
    outer loop
      vertex 89.84628224372864 -47.56072257459164 0
      vertex 86.46715673059225 -46.678784027695656 0
      vertex 89.96147781610489 -46.78413712233305 0
    endloop
  endfacet
  facet normal 0 0 -1
    outer loop
      vertex 89.96147781610489 -46.78413712233305 0
      vertex 86.69858235120773 -46.03199274092913 0
      vertex 90 -46 0
    endloop
  endfacet
  facet normal 0 0 -1
    outer loop
      vertex 90 -46 0
      vertex 86.86549696326256 -45.36563225090504 0
      vertex 86.96629308909178 -44.686119981110096 0
    endloop
  endfacet
  facet normal 0 0 -1
    outer loop
      vertex 90 -46 0
      vertex 86.96629308909178 -44.686119981110096 0
      vertex 87 -44 0
    endloop
  endfacet
  facet normal 0.049067670880805034 -0.9987954563744936 0
    outer loop
      vertex 82 -54 0
      vertex 82.78413712233305 -53.96147781610489 0
      vertex 82 -54 5
    endloop
  endfacet
  facet normal 0.14673047745596915 -0.9891765095196828 0
    outer loop
      vertex 82.78413712233305 -53.96147781610489 0
      vertex 83.56072257459164 -53.84628224372864 0
      vertex 82.78413712233305 -53.96147781610489 5
    endloop
  endfacet
  facet normal 0.2429801756401818 -0.9700312542623905 0
    outer loop
      vertex 83.56072257459164 -53.84628224372864 0
      vertex 84.32227741926908 -53.65552268922329 0
      vertex 83.56072257459164 -53.84628224372864 5
    endloop
  endfacet
  facet normal 0.3368898600571533 -0.9415440627982695 0
    outer loop
      vertex 84.32227741926908 -53.65552268922329 0
      vertex 85.06146746128798 -53.39103625714779 0
      vertex 84.32227741926908 -53.65552268922329 5
    endloop
  endfacet
  facet normal 0.4275550916774866 -0.9039892939524538 0
    outer loop
      vertex 85.06146746128798 -53.39103625714779 0
      vertex 85.77117389440536 -53.05537011474371 0
      vertex 85.06146746128798 -53.39103625714779 5
    endloop
  endfacet
  facet normal 0.5141027463543802 -0.8577286087049234 0
    outer loop
      vertex 85.77117389440536 -53.05537011474371 0
      vertex 86.44456186145544 -52.6517568975687 0
      vertex 85.77117389440536 -53.05537011474371 5
    endloop
  endfacet
  facet normal 0.5956993034784503 -0.8032075322326658 0
    outer loop
      vertex 86.44456186145544 -52.6517568975687 0
      vertex 87.07514627277851 -52.18408362567425 0
      vertex 86.44456186145544 -52.6517568975687 5
    endloop
  endfacet
  facet normal 0.6715589535927202 -0.7409511264917887 0
    outer loop
      vertex 87.07514627277851 -52.18408362567425 0
      vertex 87.65685424953699 -51.65685424953699 0
      vertex 87.07514627277851 -52.18408362567425 5
    endloop
  endfacet
  facet normal 0.7409511264917887 -0.6715589535927202 0
    outer loop
      vertex 87.65685424953699 -51.65685424953699 0
      vertex 88.18408362567425 -51.07514627277851 0
      vertex 87.65685424953699 -51.65685424953699 5
    endloop
  endfacet
  facet normal 0.8032075322326658 -0.5956993034784503 0
    outer loop
      vertex 88.18408362567425 -51.07514627277851 0
      vertex 88.6517568975687 -50.44456186145544 0
      vertex 88.18408362567425 -51.07514627277851 5
    endloop
  endfacet
  facet normal 0.8577286087049234 -0.5141027463543802 0
    outer loop
      vertex 88.6517568975687 -50.44456186145544 0
      vertex 89.05537011474371 -49.771173894405365 0
      vertex 88.6517568975687 -50.44456186145544 5
    endloop
  endfacet
  facet normal 0.9039892939524538 -0.4275550916774866 0
    outer loop
      vertex 89.05537011474371 -49.771173894405365 0
      vertex 89.39103625714779 -49.061467461287975 0
      vertex 89.05537011474371 -49.771173894405365 5
    endloop
  endfacet
  facet normal 0.9415440627982695 -0.3368898600571533 0
    outer loop
      vertex 89.39103625714779 -49.061467461287975 0
      vertex 89.65552268922329 -48.322277419269085 0
      vertex 89.39103625714779 -49.061467461287975 5
    endloop
  endfacet
  facet normal 0.9700312542623905 -0.2429801756401818 0
    outer loop
      vertex 89.65552268922329 -48.322277419269085 0
      vertex 89.84628224372864 -47.56072257459164 0
      vertex 89.65552268922329 -48.322277419269085 5
    endloop
  endfacet
  facet normal 0.9891765095196828 -0.14673047745596915 0
    outer loop
      vertex 89.84628224372864 -47.56072257459164 0
      vertex 89.96147781610489 -46.78413712233305 0
      vertex 89.84628224372864 -47.56072257459164 5
    endloop
  endfacet
  facet normal 0.9987954563744936 -0.049067670880805034 0
    outer loop
      vertex 89.96147781610489 -46.78413712233305 0
      vertex 90 -46 0
      vertex 89.96147781610489 -46.78413712233305 5
    endloop
  endfacet
  facet normal 0 0 -1
    outer loop
      vertex 39.32568421935009 -25.1 0
      vertex 85 44 0
      vertex 42.67431578064991 -25.1 0
    endloop
  endfacet
  facet normal 0 0 -1
    outer loop
      vertex 42.67431578064991 -25.1 0
      vertex 85 44 0
      vertex 44.34863156129983 -28 0
    endloop
  endfacet
  facet normal 0 0 -1
    outer loop
      vertex 76.94446939613333 -40.58650165908567 0
      vertex 85 44 0
      vertex 85 -44 0
    endloop
  endfacet
  facet normal 0 0 -1
    outer loop
      vertex 90 -46 0
      vertex 87 -44 0
      vertex 87 44 0
    endloop
  endfacet
  facet normal 0 0 -1
    outer loop
      vertex 44.34863156129983 -28 0
      vertex 85 44 0
      vertex 75.1986255473958 -40.500733850607794 0
    endloop
  endfacet
  facet normal 0 0 -1
    outer loop
      vertex 75.34943816497935 -40.429404794730814 0
      vertex 75.1986255473958 -40.500733850607794 0
      vertex 85 44 0
    endloop
  endfacet
  facet normal 0 0 -1
    outer loop
      vertex 75.50651604866741 -40.373201429255246 0
      vertex 75.34943816497935 -40.429404794730814 0
      vertex 85 44 0
    endloop
  endfacet
  facet normal 0 0 -1
    outer loop
      vertex 75.66834645257258 -40.33266502331451 0
      vertex 75.50651604866741 -40.373201429255246 0
      vertex 85 44 0
    endloop
  endfacet
  facet normal 0 0 -1
    outer loop
      vertex 76.49348395133259 -40.373201429255246 0
      vertex 76.33165354742742 -40.33266502331451 0
      vertex 85 44 0
    endloop
  endfacet
  facet normal 0 0 -1
    outer loop
      vertex 76.65056183502065 -40.429404794730814 0
      vertex 76.49348395133259 -40.373201429255246 0
      vertex 85 44 0
    endloop
  endfacet
  facet normal 0 0 -1
    outer loop
      vertex 75.83337086143975 -40.30818596465726 0
      vertex 75.66834645257258 -40.33266502331451 0
      vertex 85 44 0
    endloop
  endfacet
  facet normal 0 0 -1
    outer loop
      vertex 76 -40.3 0
      vertex 75.83337086143975 -40.30818596465726 0
      vertex 85 44 0
    endloop
  endfacet
  facet normal 0 0 -1
    outer loop
      vertex 76.16662913856025 -40.30818596465726 0
      vertex 76 -40.3 0
      vertex 85 44 0
    endloop
  endfacet
  facet normal 0 0 -1
    outer loop
      vertex 76.33165354742742 -40.33266502331451 0
      vertex 76.16662913856025 -40.30818596465726 0
      vertex 85 44 0
    endloop
  endfacet
  facet normal 0 0 -1
    outer loop
      vertex 76.94446939613333 -40.58650165908567 0
      vertex 76.8013744526042 -40.500733850607794 0
      vertex 85 44 0
    endloop
  endfacet
  facet normal 0 0 -1
    outer loop
      vertex 76.8013744526042 -40.500733850607794 0
      vertex 76.65056183502065 -40.429404794730814 0
      vertex 85 44 0
    endloop
  endfacet
  facet normal 1 0 0
    outer loop
      vertex 90 -46 0
      vertex 90 46 0
      vertex 90 -46 5
    endloop
  endfacet
  facet normal 0 -1 0
    outer loop
      vertex -82 -54 5
      vertex 82 -54 0
      vertex 82 -54 5
    endloop
  endfacet
  facet normal 0 0 1
    outer loop
      vertex 90 -46 5
      vertex -40.83337086143975 -29.691814035342734 5
      vertex -41 -29.7 5
    endloop
  endfacet
  facet normal 0 0 1
    outer loop
      vertex 90 -46 5
      vertex -40.668346452572585 -29.667334976685492 5
      vertex -40.83337086143975 -29.691814035342734 5
    endloop
  endfacet
  facet normal 0 0 1
    outer loop
      vertex 90 -46 5
      vertex -40.506516048667415 -29.626798570744754 5
      vertex -40.668346452572585 -29.667334976685492 5
    endloop
  endfacet
  facet normal 0 0 1
    outer loop
      vertex -40.34943816497935 -29.570595205269186 5
      vertex 40.34943816497935 -29.570595205269186 5
      vertex 40.19862554739581 -29.499266149392202 5
    endloop
  endfacet
  facet normal 0 0 1
    outer loop
      vertex -40.506516048667415 -29.626798570744754 5
      vertex 40.506516048667415 -29.626798570744754 5
      vertex 40.34943816497935 -29.570595205269186 5
    endloop
  endfacet
  facet normal 0 0 1
    outer loop
      vertex -40.506516048667415 -29.626798570744754 5
      vertex 40.668346452572585 -29.667334976685492 5
      vertex 40.506516048667415 -29.626798570744754 5
    endloop
  endfacet
  facet normal 0 0 1
    outer loop
      vertex -40.19862554739581 -29.499266149392202 5
      vertex 40.19862554739581 -29.499266149392202 5
      vertex 40.05553060386668 -29.413498340914327 5
    endloop
  endfacet
  facet normal 0 0 1
    outer loop
      vertex -40.05553060386668 -29.413498340914327 5
      vertex 40.05553060386668 -29.413498340914327 5
      vertex 39.9215314169218 -29.314117770716653 5
    endloop
  endfacet
  facet normal 0 0 1
    outer loop
      vertex -39.9215314169218 -29.314117770716653 5
      vertex 39.9215314169218 -29.314117770716653 5
      vertex 39.79791847198287 -29.202081528017132 5
    endloop
  endfacet
  facet normal 0 0 1
    outer loop
      vertex -39.79791847198287 -29.202081528017132 5
      vertex 39.79791847198287 -29.202081528017132 5
      vertex 39.685882229283344 -29.078468583078198 5
    endloop
  endfacet
  facet normal 0 0 1
    outer loop
      vertex -39.685882229283344 -29.078468583078198 5
      vertex 39.685882229283344 -29.078468583078198 5
      vertex 39.58650165908567 -28.944469396133325 5
    endloop
  endfacet
  facet normal 0 0 1
    outer loop
      vertex -39.58650165908567 -28.944469396133325 5
      vertex 39.58650165908567 -28.944469396133325 5
      vertex 39.500733850607794 -28.801374452604197 5
    endloop
  endfacet
  facet normal 0 0 1
    outer loop
      vertex -39.30818596465726 -28.166629138560253 5
      vertex 39.500733850607794 -28.801374452604197 5
      vertex 39.429404794730814 -28.650561835020653 5
    endloop
  endfacet
  facet normal 0 0 1
    outer loop
      vertex -39.30818596465726 -28.166629138560253 5
      vertex 39.429404794730814 -28.650561835020653 5
      vertex 39.373201429255246 -28.493483951332585 5
    endloop
  endfacet
  facet normal 0 0 1
    outer loop
      vertex -39.30818596465726 -28.166629138560253 5
      vertex 39.373201429255246 -28.493483951332585 5
      vertex 39.33266502331451 -28.33165354742742 5
    endloop
  endfacet
  facet normal 0 0 1
    outer loop
      vertex -39.30818596465726 -28.166629138560253 5
      vertex 39.33266502331451 -28.33165354742742 5
      vertex 39.30818596465726 -28.166629138560253 5
    endloop
  endfacet
  facet normal 0 0 1
    outer loop
      vertex -39.30818596465726 -28.166629138560253 5
      vertex 39.30818596465726 -28.166629138560253 5
      vertex 39.3 -28 5
    endloop
  endfacet
  facet normal 0 0 1
    outer loop
      vertex -39.3 -28 5
      vertex 39.3 -28 5
      vertex 39.30818596465726 -27.833370861439747 5
    endloop
  endfacet
  facet normal 0 0 1
    outer loop
      vertex -39.3 -28 5
      vertex 39.30818596465726 -27.833370861439747 5
      vertex 39.33266502331451 -27.66834645257258 5
    endloop
  endfacet
  facet normal 0 0 1
    outer loop
      vertex -39.3 -28 5
      vertex 39.33266502331451 -27.66834645257258 5
      vertex 39.373201429255246 -27.506516048667415 5
    endloop
  endfacet
  facet normal 0 0 1
    outer loop
      vertex -39.3 -28 5
      vertex 39.373201429255246 -27.506516048667415 5
      vertex 39.429404794730814 -27.349438164979347 5
    endloop
  endfacet
  facet normal 0 0 1
    outer loop
      vertex -39.3 -28 5
      vertex 39.429404794730814 -27.349438164979347 5
      vertex 39.500733850607794 -27.198625547395803 5
    endloop
  endfacet
  facet normal 0 0 1
    outer loop
      vertex -39.429404794730814 -27.349438164979347 5
      vertex 39.500733850607794 -27.198625547395803 5
      vertex 39.58650165908567 -27.055530603866675 5
    endloop
  endfacet
  facet normal 0 0 1
    outer loop
      vertex -82 -54 5
      vertex 82 -54 5
      vertex 83.56072257459164 -53.84628224372864 5
    endloop
  endfacet
  facet normal 0 0 1
    outer loop
      vertex -82 -54 5
      vertex 83.56072257459164 -53.84628224372864 5
      vertex 84.32227741926908 -53.65552268922329 5
    endloop
  endfacet
  facet normal 0 0 1
    outer loop
      vertex -82.78413712233305 -53.96147781610489 5
      vertex 84.32227741926908 -53.65552268922329 5
      vertex 85.06146746128798 -53.39103625714779 5
    endloop
  endfacet
  facet normal 0 0 1
    outer loop
      vertex -83.56072257459164 -53.84628224372864 5
      vertex 85.06146746128798 -53.39103625714779 5
      vertex 85.77117389440536 -53.05537011474371 5
    endloop
  endfacet
  facet normal 0 0 1
    outer loop
      vertex -84.32227741926908 -53.65552268922329 5
      vertex 85.77117389440536 -53.05537011474371 5
      vertex 86.44456186145544 -52.6517568975687 5
    endloop
  endfacet
  facet normal 0 0 1
    outer loop
      vertex -85.06146746128798 -53.39103625714779 5
      vertex 86.44456186145544 -52.6517568975687 5
      vertex 87.07514627277851 -52.18408362567425 5
    endloop
  endfacet
  facet normal 0 0 1
    outer loop
      vertex -85.77117389440536 -53.05537011474371 5
      vertex 87.07514627277851 -52.18408362567425 5
      vertex 87.65685424953699 -51.65685424953699 5
    endloop
  endfacet
  facet normal 0 0 1
    outer loop
      vertex -86.44456186145544 -52.6517568975687 5
      vertex 87.65685424953699 -51.65685424953699 5
      vertex 88.18408362567425 -51.07514627277851 5
    endloop
  endfacet
  facet normal 0 0 1
    outer loop
      vertex -87.07514627277851 -52.18408362567425 5
      vertex 88.18408362567425 -51.07514627277851 5
      vertex 88.6517568975687 -50.44456186145544 5
    endloop
  endfacet
  facet normal 0 0 1
    outer loop
      vertex -87.65685424953699 -51.65685424953699 5
      vertex 88.6517568975687 -50.44456186145544 5
      vertex 89.05537011474371 -49.771173894405365 5
    endloop
  endfacet
  facet normal 0 0 1
    outer loop
      vertex -88.18408362567425 -51.07514627277851 5
      vertex 89.05537011474371 -49.771173894405365 5
      vertex 89.39103625714779 -49.061467461287975 5
    endloop
  endfacet
  facet normal 0 0 1
    outer loop
      vertex -88.6517568975687 -50.44456186145544 5
      vertex 89.39103625714779 -49.061467461287975 5
      vertex 89.65552268922329 -48.322277419269085 5
    endloop
  endfacet
  facet normal 0 0 1
    outer loop
      vertex -89.05537011474371 -49.771173894405365 5
      vertex 89.65552268922329 -48.322277419269085 5
      vertex 89.84628224372864 -47.56072257459164 5
    endloop
  endfacet
  facet normal 0 0 1
    outer loop
      vertex -89.39103625714779 -49.061467461287975 5
      vertex 89.84628224372864 -47.56072257459164 5
      vertex 89.96147781610489 -46.78413712233305 5
    endloop
  endfacet
  facet normal 0 0 1
    outer loop
      vertex -89.65552268922329 -48.322277419269085 5
      vertex 89.96147781610489 -46.78413712233305 5
      vertex 90 -46 5
    endloop
  endfacet
  facet normal 0 0 1
    outer loop
      vertex -40.506516048667415 -29.626798570744754 5
      vertex 75.05553060386667 -43.41349834091433 5
      vertex 40.668346452572585 -29.667334976685492 5
    endloop
  endfacet
  facet normal 0 0 1
    outer loop
      vertex -40.506516048667415 -29.626798570744754 5
      vertex 75.1986255473958 -43.499266149392206 5
      vertex 75.05553060386667 -43.41349834091433 5
    endloop
  endfacet
  facet normal 0 0 1
    outer loop
      vertex -40.506516048667415 -29.626798570744754 5
      vertex 75.34943816497935 -43.570595205269186 5
      vertex 75.1986255473958 -43.499266149392206 5
    endloop
  endfacet
  facet normal 0 0 1
    outer loop
      vertex -40.506516048667415 -29.626798570744754 5
      vertex 75.50651604866741 -43.626798570744754 5
      vertex 75.34943816497935 -43.570595205269186 5
    endloop
  endfacet
  facet normal 0 0 1
    outer loop
      vertex -40.506516048667415 -29.626798570744754 5
      vertex 75.66834645257258 -43.66733497668549 5
      vertex 75.50651604866741 -43.626798570744754 5
    endloop
  endfacet
  facet normal 0 0 1
    outer loop
      vertex 90 -46 5
      vertex 75.66834645257258 -43.66733497668549 5
      vertex -40.506516048667415 -29.626798570744754 5
    endloop
  endfacet
  facet normal 0 0 1
    outer loop
      vertex -39.79791847198287 -26.797918471982868 5
      vertex 27.686119981110096 -18.966293089091778 5
      vertex 27 -19 5
    endloop
  endfacet
  facet normal 0 0 1
    outer loop
      vertex -39.79791847198287 -26.797918471982868 5
      vertex 39.58650165908567 -27.055530603866675 5
      vertex 27.686119981110096 -18.966293089091778 5
    endloop
  endfacet
  facet normal 0 0 1
    outer loop
      vertex -24 -12 5
      vertex 27 -14 5
      vertex 24 -12 5
    endloop
  endfacet
  facet normal 0 0 1
    outer loop
      vertex 39.58650165908567 -27.055530603866675 5
      vertex 28.365632250905037 -18.865496963262558 5
      vertex 27.686119981110096 -18.966293089091778 5
    endloop
  endfacet
  facet normal 0 0 1
    outer loop
      vertex 39.58650165908567 -27.055530603866675 5
      vertex 29.031992740929127 -18.698582351207733 5
      vertex 28.365632250905037 -18.865496963262558 5
    endloop
  endfacet
  facet normal 0 0 1
    outer loop
      vertex 39.58650165908567 -27.055530603866675 5
      vertex 29.678784027695656 -18.46715673059225 5
      vertex 29.031992740929127 -18.698582351207733 5
    endloop
  endfacet
  facet normal 0 0 1
    outer loop
      vertex 39.58650165908567 -27.055530603866675 5
      vertex 30.299777157604694 -18.173448853194714 5
      vertex 29.678784027695656 -18.46715673059225 5
    endloop
  endfacet
  facet normal 0 0 1
    outer loop
      vertex 39.58650165908567 -27.055530603866675 5
      vertex 30.888991631567478 -17.82028728723526 5
      vertex 30.299777157604694 -18.173448853194714 5
    endloop
  endfacet
  facet normal 0 0 1
    outer loop
      vertex 39.685882229283344 -26.921531416921802 5
      vertex 30.888991631567478 -17.82028728723526 5
      vertex 39.58650165908567 -27.055530603866675 5
    endloop
  endfacet
  facet normal 0 0 1
    outer loop
      vertex 39.79791847198287 -26.797918471982868 5
      vertex 30.888991631567478 -17.82028728723526 5
      vertex 39.685882229283344 -26.921531416921802 5
    endloop
  endfacet
  facet normal 0 0 1
    outer loop
      vertex 39.9215314169218 -26.685882229283347 5
      vertex 31.440752990543842 -17.41107317060232 5
      vertex 39.79791847198287 -26.797918471982868 5
    endloop
  endfacet
  facet normal 0 0 1
    outer loop
      vertex 39.79791847198287 -26.797918471982868 5
      vertex 31.440752990543842 -17.41107317060232 5
      vertex 30.888991631567478 -17.82028728723526 5
    endloop
  endfacet
  facet normal 0 0 1
    outer loop
      vertex 39.9215314169218 -26.685882229283347 5
      vertex 31.9497474655509 -16.9497474655509 5
      vertex 31.440752990543842 -17.41107317060232 5
    endloop
  endfacet
  facet normal 0 0 1
    outer loop
      vertex 40.19862554739581 -26.500733850607798 5
      vertex 31.9497474655509 -16.9497474655509 5
      vertex 40.05553060386668 -26.586501659085673 5
    endloop
  endfacet
  facet normal 0 0 1
    outer loop
      vertex 40.05553060386668 -26.586501659085673 5
      vertex 31.9497474655509 -16.9497474655509 5
      vertex 39.9215314169218 -26.685882229283347 5
    endloop
  endfacet
  facet normal 0 0 1
    outer loop
      vertex 40.34943816497935 -26.429404794730814 5
      vertex 31.9497474655509 -16.9497474655509 5
      vertex 40.19862554739581 -26.500733850607798 5
    endloop
  endfacet
  facet normal 0 0 1
    outer loop
      vertex 40.506516048667415 -26.373201429255246 5
      vertex 32.41107317060232 -16.440752990543842 5
      vertex 40.34943816497935 -26.429404794730814 5
    endloop
  endfacet
  facet normal 0 0 1
    outer loop
      vertex 40.668346452572585 -26.332665023314508 5
      vertex 32.41107317060232 -16.440752990543842 5
      vertex 40.506516048667415 -26.373201429255246 5
    endloop
  endfacet
  facet normal 0 0 1
    outer loop
      vertex 40.83337086143975 -26.308185964657266 5
      vertex 32.82028728723526 -15.888991631567478 5
      vertex 40.668346452572585 -26.332665023314508 5
    endloop
  endfacet
  facet normal 0 0 1
    outer loop
      vertex 41 -26.3 5
      vertex 32.82028728723526 -15.888991631567478 5
      vertex 40.83337086143975 -26.308185964657266 5
    endloop
  endfacet
  facet normal 0 0 1
    outer loop
      vertex 40.34943816497935 -26.429404794730814 5
      vertex 32.41107317060232 -16.440752990543842 5
      vertex 31.9497474655509 -16.9497474655509 5
    endloop
  endfacet
  facet normal 0 0 1
    outer loop
      vertex 40.668346452572585 -26.332665023314508 5
      vertex 32.82028728723526 -15.888991631567478 5
      vertex 32.41107317060232 -16.440752990543842 5
    endloop
  endfacet
  facet normal 0 0 1
    outer loop
      vertex 41 -26.3 5
      vertex 33.173448853194714 -15.299777157604694 5
      vertex 32.82028728723526 -15.888991631567478 5
    endloop
  endfacet
  facet normal 0 0 1
    outer loop
      vertex 41 -26.3 5
      vertex 33.46715673059225 -14.678784027695656 5
      vertex 33.173448853194714 -15.299777157604694 5
    endloop
  endfacet
  facet normal 0 0 1
    outer loop
      vertex 41 -26.3 5
      vertex 33.69858235120773 -14.031992740929127 5
      vertex 33.46715673059225 -14.678784027695656 5
    endloop
  endfacet
  facet normal 0 0 1
    outer loop
      vertex 41 -26.3 5
      vertex 33.86549696326256 -13.365632250905037 5
      vertex 33.69858235120773 -14.031992740929127 5
    endloop
  endfacet
  facet normal 0 0 1
    outer loop
      vertex 41 -26.3 5
      vertex 33.96629308909178 -12.686119981110096 5
      vertex 33.86549696326256 -13.365632250905037 5
    endloop
  endfacet
  facet normal 0 0 1
    outer loop
      vertex 41 -26.3 5
      vertex 34 -12 5
      vertex 33.96629308909178 -12.686119981110096 5
    endloop
  endfacet
  facet normal 0 0 1
    outer loop
      vertex 24 -12 5
      vertex 27 -14 5
      vertex 24.29405142366886 -11.985554181039333 5
    endloop
  endfacet
  facet normal 0 0 1
    outer loop
      vertex 24.29405142366886 -11.985554181039333 5
      vertex 27 -14 5
      vertex 24.58527096360922 -11.94235584139824 5
    endloop
  endfacet
  facet normal 0 0 1
    outer loop
      vertex 25.903179854154587 -11.319031357765198 5
      vertex 27 -14 5
      vertex 27.196034282445908 -13.990369454026222 5
    endloop
  endfacet
  facet normal 0 0 1
    outer loop
      vertex 24.58527096360922 -11.94235584139824 5
      vertex 27 -14 5
      vertex 24.870854035019875 -11.870821006596088 5
    endloop
  endfacet
  facet normal 0 0 1
    outer loop
      vertex 24.870854035019875 -11.870821006596088 5
      vertex 27 -14 5
      vertex 25.14805030077696 -11.771638594567776 5
    endloop
  endfacet
  facet normal 0 0 1
    outer loop
      vertex 25.14805030077696 -11.771638594567776 5
      vertex 27 -14 5
      vertex 25.414190210402012 -11.645763792097569 5
    endloop
  endfacet
  facet normal 0 0 1
    outer loop
      vertex 25.414190210402012 -11.645763792097569 5
      vertex 27 -14 5
      vertex 25.666710697114468 -11.494408838450909 5
    endloop
  endfacet
  facet normal 0 0 1
    outer loop
      vertex 25.666710697114468 -11.494408838450909 5
      vertex 27 -14 5
      vertex 25.903179854154587 -11.319031357765198 5
    endloop
  endfacet
  facet normal 0 0 1
    outer loop
      vertex 25.903179854154587 -11.319031357765198 5
      vertex 27.196034282445908 -13.990369454026222 5
      vertex 26.121320344507694 -11.121320344507694 5
    endloop
  endfacet
  facet normal 0 0 1
    outer loop
      vertex 26.121320344507694 -11.121320344507694 5
      vertex 27.196034282445908 -13.990369454026222 5
      vertex 27.3901806473732 -13.96157056093216 5
    endloop
  endfacet
  facet normal 0 0 1
    outer loop
      vertex 26.121320344507694 -11.121320344507694 5
      vertex 27.3901806473732 -13.96157056093216 5
      vertex 27.580569356679916 -13.913880668580532 5
    endloop
  endfacet
  facet normal 0 0 1
    outer loop
      vertex 26.121320344507694 -11.121320344507694 5
      vertex 27.580569356679916 -13.913880668580532 5
      vertex 27.76536686718464 -13.847759068012238 5
    endloop
  endfacet
  facet normal 0 0 1
    outer loop
      vertex 26.121320344507694 -11.121320344507694 5
      vertex 27.76536686718464 -13.847759068012238 5
      vertex 27.94279347360134 -13.763842530548573 5
    endloop
  endfacet
  facet normal 0 0 1
    outer loop
      vertex 26.121320344507694 -11.121320344507694 5
      vertex 27.94279347360134 -13.763842530548573 5
      vertex 28.111140467226505 -13.662939228117466 5
    endloop
  endfacet
  facet normal 0 0 1
    outer loop
      vertex 26.121320344507694 -11.121320344507694 5
      vertex 28.111140467226505 -13.662939228117466 5
      vertex 28.268786571919918 -13.546020910143852 5
    endloop
  endfacet
  facet normal 0 0 1
    outer loop
      vertex 26.121320344507694 -11.121320344507694 5
      vertex 28.268786571919918 -13.546020910143852 5
      vertex 28.414213560521603 -13.414213560521603 5
    endloop
  endfacet
  facet normal 0 0 1
    outer loop
      vertex 26.121320344507694 -11.121320344507694 5
      vertex 28.414213560521603 -13.414213560521603 5
      vertex 28.546020910143852 -13.268786571919918 5
    endloop
  endfacet
  facet normal 0 0 1
    outer loop
      vertex 26.121320344507694 -11.121320344507694 5
      vertex 28.546020910143852 -13.268786571919918 5
      vertex 28.662939228117466 -13.111140467226505 5
    endloop
  endfacet
  facet normal 0 0 1
    outer loop
      vertex 26.121320344507694 -11.121320344507694 5
      vertex 28.662939228117466 -13.111140467226505 5
      vertex 28.763842530548573 -12.942793473601341 5
    endloop
  endfacet
  facet normal 0 0 1
    outer loop
      vertex 26.121320344507694 -11.121320344507694 5
      vertex 28.763842530548573 -12.942793473601341 5
      vertex 28.847759068012238 -12.765366867184639 5
    endloop
  endfacet
  facet normal 0 0 1
    outer loop
      vertex 26.121320344507694 -11.121320344507694 5
      vertex 28.847759068012238 -12.765366867184639 5
      vertex 28.913880668580532 -12.580569356679916 5
    endloop
  endfacet
  facet normal 0 0 1
    outer loop
      vertex 26.121320344507694 -11.121320344507694 5
      vertex 28.913880668580532 -12.580569356679916 5
      vertex 28.96157056093216 -12.3901806473732 5
    endloop
  endfacet
  facet normal 0 0 1
    outer loop
      vertex 26.121320344507694 -11.121320344507694 5
      vertex 28.96157056093216 -12.3901806473732 5
      vertex 28.990369454026222 -12.196034282445908 5
    endloop
  endfacet
  facet normal 0 0 1
    outer loop
      vertex 26.121320344507694 -11.121320344507694 5
      vertex 29 -12 5
      vertex 26.319031357765198 -10.903179854154587 5
    endloop
  endfacet
  facet normal 0 0 1
    outer loop
      vertex 26.319031357765198 -10.903179854154587 5
      vertex 29 -12 5
      vertex 26.49440883845091 -10.666710697114468 5
    endloop
  endfacet
  facet normal 0 0 1
    outer loop
      vertex 26.49440883845091 -10.666710697114468 5
      vertex 29 -12 5
      vertex 26.64576379209757 -10.414190210402012 5
    endloop
  endfacet
  facet normal 0 0 1
    outer loop
      vertex 26.121320344507694 -11.121320344507694 5
      vertex 28.990369454026222 -12.196034282445908 5
      vertex 29 -12 5
    endloop
  endfacet
  facet normal 0 0 1
    outer loop
      vertex 26.64576379209757 -10.414190210402012 5
      vertex 29 -12 5
      vertex 26.771638594567776 -10.148050300776958 5
    endloop
  endfacet
  facet normal 0 0 1
    outer loop
      vertex 26.771638594567776 -10.148050300776958 5
      vertex 29 -12 5
      vertex 26.87082100659609 -9.870854035019875 5
    endloop
  endfacet
  facet normal 0 0 1
    outer loop
      vertex 26.87082100659609 -9.870854035019875 5
      vertex 29 -12 5
      vertex 26.94235584139824 -9.585270963609219 5
    endloop
  endfacet
  facet normal 0 0 1
    outer loop
      vertex 26.94235584139824 -9.585270963609219 5
      vertex 29 -12 5
      vertex 26.985554181039333 -9.294051423668861 5
    endloop
  endfacet
  facet normal 0 0 1
    outer loop
      vertex 26.985554181039333 -9.294051423668861 5
      vertex 29 12 5
      vertex 27 -9 5
    endloop
  endfacet
  facet normal 0 0 1
    outer loop
      vertex 26.985554181039333 -9.294051423668861 5
      vertex 29 -12 5
      vertex 29 12 5
    endloop
  endfacet
  facet normal 0.049067670880805034 -0.9987954563744936 0
    outer loop
      vertex 82.78413712233305 -53.96147781610489 0
      vertex 82.78413712233305 -53.96147781610489 5
      vertex 82 -54 5
    endloop
  endfacet
  facet normal 0.14673047745596915 -0.9891765095196828 0
    outer loop
      vertex 83.56072257459164 -53.84628224372864 0
      vertex 83.56072257459164 -53.84628224372864 5
      vertex 82.78413712233305 -53.96147781610489 5
    endloop
  endfacet
  facet normal 0.2429801756401818 -0.9700312542623905 0
    outer loop
      vertex 84.32227741926908 -53.65552268922329 0
      vertex 84.32227741926908 -53.65552268922329 5
      vertex 83.56072257459164 -53.84628224372864 5
    endloop
  endfacet
  facet normal 0.3368898600571533 -0.9415440627982695 0
    outer loop
      vertex 85.06146746128798 -53.39103625714779 0
      vertex 85.06146746128798 -53.39103625714779 5
      vertex 84.32227741926908 -53.65552268922329 5
    endloop
  endfacet
  facet normal 0.4275550916774866 -0.9039892939524538 0
    outer loop
      vertex 85.77117389440536 -53.05537011474371 0
      vertex 85.77117389440536 -53.05537011474371 5
      vertex 85.06146746128798 -53.39103625714779 5
    endloop
  endfacet
  facet normal 0.5141027463543802 -0.8577286087049234 0
    outer loop
      vertex 86.44456186145544 -52.6517568975687 0
      vertex 86.44456186145544 -52.6517568975687 5
      vertex 85.77117389440536 -53.05537011474371 5
    endloop
  endfacet
  facet normal 0.5956993034784503 -0.8032075322326658 0
    outer loop
      vertex 87.07514627277851 -52.18408362567425 0
      vertex 87.07514627277851 -52.18408362567425 5
      vertex 86.44456186145544 -52.6517568975687 5
    endloop
  endfacet
  facet normal 0.6715589535927202 -0.7409511264917887 0
    outer loop
      vertex 87.65685424953699 -51.65685424953699 0
      vertex 87.65685424953699 -51.65685424953699 5
      vertex 87.07514627277851 -52.18408362567425 5
    endloop
  endfacet
  facet normal 0.7409511264917887 -0.6715589535927202 0
    outer loop
      vertex 88.18408362567425 -51.07514627277851 0
      vertex 88.18408362567425 -51.07514627277851 5
      vertex 87.65685424953699 -51.65685424953699 5
    endloop
  endfacet
  facet normal 0.8032075322326658 -0.5956993034784503 0
    outer loop
      vertex 88.6517568975687 -50.44456186145544 0
      vertex 88.6517568975687 -50.44456186145544 5
      vertex 88.18408362567425 -51.07514627277851 5
    endloop
  endfacet
  facet normal 0.8577286087049234 -0.5141027463543802 0
    outer loop
      vertex 89.05537011474371 -49.771173894405365 0
      vertex 89.05537011474371 -49.771173894405365 5
      vertex 88.6517568975687 -50.44456186145544 5
    endloop
  endfacet
  facet normal 0.9039892939524538 -0.4275550916774866 0
    outer loop
      vertex 89.39103625714779 -49.061467461287975 0
      vertex 89.39103625714779 -49.061467461287975 5
      vertex 89.05537011474371 -49.771173894405365 5
    endloop
  endfacet
  facet normal 0.9415440627982695 -0.3368898600571533 0
    outer loop
      vertex 89.65552268922329 -48.322277419269085 0
      vertex 89.65552268922329 -48.322277419269085 5
      vertex 89.39103625714779 -49.061467461287975 5
    endloop
  endfacet
  facet normal 0.9700312542623905 -0.2429801756401818 0
    outer loop
      vertex 89.84628224372864 -47.56072257459164 0
      vertex 89.84628224372864 -47.56072257459164 5
      vertex 89.65552268922329 -48.322277419269085 5
    endloop
  endfacet
  facet normal 0.9891765095196828 -0.14673047745596915 0
    outer loop
      vertex 89.96147781610489 -46.78413712233305 0
      vertex 89.96147781610489 -46.78413712233305 5
      vertex 89.84628224372864 -47.56072257459164 5
    endloop
  endfacet
  facet normal 0.9987954563744936 -0.049067670880805034 0
    outer loop
      vertex 90 -46 0
      vertex 90 -46 5
      vertex 89.96147781610489 -46.78413712233305 5
    endloop
  endfacet
  facet normal 0 0 1
    outer loop
      vertex 75.05553060386667 -43.41349834091433 5
      vertex 40.83337086143975 -29.691814035342734 5
      vertex 40.668346452572585 -29.667334976685492 5
    endloop
  endfacet
  facet normal 0 0 1
    outer loop
      vertex 41 -29.7 5
      vertex 74.79791847198287 -43.20208152801713 5
      vertex 41.16662913856025 -29.691814035342734 5
    endloop
  endfacet
  facet normal 0 0 1
    outer loop
      vertex 74.92153141692181 -43.314117770716656 5
      vertex 41 -29.7 5
      vertex 40.83337086143975 -29.691814035342734 5
    endloop
  endfacet
  facet normal 0 0 1
    outer loop
      vertex 41.331653547427415 -29.667334976685492 5
      vertex 74.58650165908567 -42.94446939613332 5
      vertex 41.493483951332585 -29.626798570744754 5
    endloop
  endfacet
  facet normal 0 0 1
    outer loop
      vertex 41.16662913856025 -29.691814035342734 5
      vertex 74.68588222928335 -43.0784685830782 5
      vertex 41.331653547427415 -29.667334976685492 5
    endloop
  endfacet
  facet normal 0 0 1
    outer loop
      vertex 41.493483951332585 -29.626798570744754 5
      vertex 74.5007338506078 -42.80137445260419 5
      vertex 41.65056183502065 -29.570595205269186 5
    endloop
  endfacet
  facet normal 0 0 1
    outer loop
      vertex 41.65056183502065 -29.570595205269186 5
      vertex 74.42940479473081 -42.65056183502065 5
      vertex 41.80137445260419 -29.499266149392202 5
    endloop
  endfacet
  facet normal 0 0 1
    outer loop
      vertex 41.80137445260419 -29.499266149392202 5
      vertex 74.37320142925525 -42.493483951332585 5
      vertex 41.94446939613332 -29.413498340914327 5
    endloop
  endfacet
  facet normal 0 0 1
    outer loop
      vertex 41.94446939613332 -29.413498340914327 5
      vertex 74.3326650233145 -42.331653547427415 5
      vertex 42.0784685830782 -29.314117770716653 5
    endloop
  endfacet
  facet normal 0 0 1
    outer loop
      vertex 42.0784685830782 -29.314117770716653 5
      vertex 74.30818596465727 -42.16662913856025 5
      vertex 42.20208152801713 -29.202081528017132 5
    endloop
  endfacet
  facet normal 0 0 1
    outer loop
      vertex 42.20208152801713 -29.202081528017132 5
      vertex 74.3 -42 5
      vertex 42.314117770716656 -29.078468583078198 5
    endloop
  endfacet
  facet normal 0 0 1
    outer loop
      vertex 42.314117770716656 -29.078468583078198 5
      vertex 74.30818596465727 -41.83337086143975 5
      vertex 42.41349834091433 -28.944469396133325 5
    endloop
  endfacet
  facet normal 0 0 1
    outer loop
      vertex 42.41349834091433 -28.944469396133325 5
      vertex 74.3326650233145 -41.668346452572585 5
      vertex 42.499266149392206 -28.801374452604197 5
    endloop
  endfacet
  facet normal 0 0 1
    outer loop
      vertex 42.499266149392206 -28.801374452604197 5
      vertex 74.37320142925525 -41.506516048667415 5
      vertex 42.570595205269186 -28.650561835020653 5
    endloop
  endfacet
  facet normal 0 0 1
    outer loop
      vertex 42.570595205269186 -28.650561835020653 5
      vertex 74.42940479473081 -41.34943816497935 5
      vertex 42.626798570744754 -28.493483951332585 5
    endloop
  endfacet
  facet normal 0 0 1
    outer loop
      vertex 42.626798570744754 -28.493483951332585 5
      vertex 74.5007338506078 -41.19862554739581 5
      vertex 42.66733497668549 -28.33165354742742 5
    endloop
  endfacet
  facet normal 0 0 1
    outer loop
      vertex 42.66733497668549 -28.33165354742742 5
      vertex 74.58650165908567 -41.05553060386668 5
      vertex 42.69181403534274 -28.166629138560253 5
    endloop
  endfacet
  facet normal 0 0 1
    outer loop
      vertex 42.69181403534274 -28.166629138560253 5
      vertex 74.68588222928335 -40.9215314169218 5
      vertex 42.7 -28 5
    endloop
  endfacet
  facet normal 0 0 1
    outer loop
      vertex 76.65056183502065 -40.429404794730814 5
      vertex 42.69181403534274 -27.833370861439747 5
      vertex 42.7 -28 5
    endloop
  endfacet
  facet normal 0 0 1
    outer loop
      vertex 74.92153141692181 -43.314117770716656 5
      vertex 74.79791847198287 -43.20208152801713 5
      vertex 41 -29.7 5
    endloop
  endfacet
  facet normal 0 0 1
    outer loop
      vertex 75.05553060386667 -43.41349834091433 5
      vertex 74.92153141692181 -43.314117770716656 5
      vertex 40.83337086143975 -29.691814035342734 5
    endloop
  endfacet
  facet normal 0 0 1
    outer loop
      vertex 74.68588222928335 -43.0784685830782 5
      vertex 41.16662913856025 -29.691814035342734 5
      vertex 74.79791847198287 -43.20208152801713 5
    endloop
  endfacet
  facet normal 0 0 1
    outer loop
      vertex 74.58650165908567 -42.94446939613332 5
      vertex 41.331653547427415 -29.667334976685492 5
      vertex 74.68588222928335 -43.0784685830782 5
    endloop
  endfacet
  facet normal 0 0 1
    outer loop
      vertex 74.5007338506078 -42.80137445260419 5
      vertex 41.493483951332585 -29.626798570744754 5
      vertex 74.58650165908567 -42.94446939613332 5
    endloop
  endfacet
  facet normal 0 0 1
    outer loop
      vertex 74.42940479473081 -42.65056183502065 5
      vertex 41.65056183502065 -29.570595205269186 5
      vertex 74.5007338506078 -42.80137445260419 5
    endloop
  endfacet
  facet normal 0 0 1
    outer loop
      vertex 74.37320142925525 -42.493483951332585 5
      vertex 41.80137445260419 -29.499266149392202 5
      vertex 74.42940479473081 -42.65056183502065 5
    endloop
  endfacet
  facet normal 0 0 1
    outer loop
      vertex 74.3326650233145 -42.331653547427415 5
      vertex 41.94446939613332 -29.413498340914327 5
      vertex 74.37320142925525 -42.493483951332585 5
    endloop
  endfacet
  facet normal 0 0 1
    outer loop
      vertex 74.30818596465727 -42.16662913856025 5
      vertex 42.0784685830782 -29.314117770716653 5
      vertex 74.3326650233145 -42.331653547427415 5
    endloop
  endfacet
  facet normal 0 0 1
    outer loop
      vertex 74.3 -42 5
      vertex 42.20208152801713 -29.202081528017132 5
      vertex 74.30818596465727 -42.16662913856025 5
    endloop
  endfacet
  facet normal 0 0 1
    outer loop
      vertex 74.30818596465727 -41.83337086143975 5
      vertex 42.314117770716656 -29.078468583078198 5
      vertex 74.3 -42 5
    endloop
  endfacet
  facet normal 0 0 1
    outer loop
      vertex 74.3326650233145 -41.668346452572585 5
      vertex 42.41349834091433 -28.944469396133325 5
      vertex 74.30818596465727 -41.83337086143975 5
    endloop
  endfacet
  facet normal 0 0 1
    outer loop
      vertex 74.37320142925525 -41.506516048667415 5
      vertex 42.499266149392206 -28.801374452604197 5
      vertex 74.3326650233145 -41.668346452572585 5
    endloop
  endfacet
  facet normal 0 0 1
    outer loop
      vertex 74.42940479473081 -41.34943816497935 5
      vertex 42.570595205269186 -28.650561835020653 5
      vertex 74.37320142925525 -41.506516048667415 5
    endloop
  endfacet
  facet normal 0 0 1
    outer loop
      vertex 74.5007338506078 -41.19862554739581 5
      vertex 42.626798570744754 -28.493483951332585 5
      vertex 74.42940479473081 -41.34943816497935 5
    endloop
  endfacet
  facet normal 0 0 1
    outer loop
      vertex 74.58650165908567 -41.05553060386668 5
      vertex 42.66733497668549 -28.33165354742742 5
      vertex 74.5007338506078 -41.19862554739581 5
    endloop
  endfacet
  facet normal 0 0 1
    outer loop
      vertex 74.68588222928335 -40.9215314169218 5
      vertex 42.69181403534274 -28.166629138560253 5
      vertex 74.58650165908567 -41.05553060386668 5
    endloop
  endfacet
  facet normal 0 0 1
    outer loop
      vertex 74.79791847198287 -40.79791847198287 5
      vertex 74.92153141692181 -40.685882229283344 5
      vertex 42.7 -28 5
    endloop
  endfacet
  facet normal 0 0 1
    outer loop
      vertex 74.79791847198287 -40.79791847198287 5
      vertex 42.7 -28 5
      vertex 74.68588222928335 -40.9215314169218 5
    endloop
  endfacet
  facet normal 0 0 1
    outer loop
      vertex 74.92153141692181 -40.685882229283344 5
      vertex 75.05553060386667 -40.58650165908567 5
      vertex 42.7 -28 5
    endloop
  endfacet
  facet normal 0 0 1
    outer loop
      vertex 75.05553060386667 -40.58650165908567 5
      vertex 75.1986255473958 -40.500733850607794 5
      vertex 42.7 -28 5
    endloop
  endfacet
  facet normal 0 0 1
    outer loop
      vertex 75.1986255473958 -40.500733850607794 5
      vertex 75.34943816497935 -40.429404794730814 5
      vertex 42.7 -28 5
    endloop
  endfacet
  facet normal 0 0 1
    outer loop
      vertex 75.50651604866741 -40.373201429255246 5
      vertex 75.66834645257258 -40.33266502331451 5
      vertex 42.7 -28 5
    endloop
  endfacet
  facet normal 0 0 1
    outer loop
      vertex 75.34943816497935 -40.429404794730814 5
      vertex 75.50651604866741 -40.373201429255246 5
      vertex 42.7 -28 5
    endloop
  endfacet
  facet normal 0 0 1
    outer loop
      vertex 75.83337086143975 -40.30818596465726 5
      vertex 76 -40.3 5
      vertex 42.7 -28 5
    endloop
  endfacet
  facet normal 0 0 1
    outer loop
      vertex 75.66834645257258 -40.33266502331451 5
      vertex 75.83337086143975 -40.30818596465726 5
      vertex 42.7 -28 5
    endloop
  endfacet
  facet normal 0 0 1
    outer loop
      vertex 76 -40.3 5
      vertex 76.16662913856025 -40.30818596465726 5
      vertex 42.7 -28 5
    endloop
  endfacet
  facet normal 0 0 1
    outer loop
      vertex 76.33165354742742 -40.33266502331451 5
      vertex 76.49348395133259 -40.373201429255246 5
      vertex 42.7 -28 5
    endloop
  endfacet
  facet normal 0 0 1
    outer loop
      vertex 76.16662913856025 -40.30818596465726 5
      vertex 76.33165354742742 -40.33266502331451 5
      vertex 42.7 -28 5
    endloop
  endfacet
  facet normal 0 0 1
    outer loop
      vertex 76.49348395133259 -40.373201429255246 5
      vertex 76.65056183502065 -40.429404794730814 5
      vertex 42.7 -28 5
    endloop
  endfacet
  facet normal 0 0 1
    outer loop
      vertex 82 -54 5
      vertex 82.78413712233305 -53.96147781610489 5
      vertex 83.56072257459164 -53.84628224372864 5
    endloop
  endfacet
  facet normal 0 0 1
    outer loop
      vertex 90 -46 5
      vertex 75.83337086143975 -43.69181403534274 5
      vertex 75.66834645257258 -43.66733497668549 5
    endloop
  endfacet
  facet normal 0 0 1
    outer loop
      vertex 90 -46 5
      vertex 76 -43.7 5
      vertex 75.83337086143975 -43.69181403534274 5
    endloop
  endfacet
  facet normal 0 0 1
    outer loop
      vertex 90 -46 5
      vertex 76.33165354742742 -43.66733497668549 5
      vertex 76.16662913856025 -43.69181403534274 5
    endloop
  endfacet
  facet normal 0 0 1
    outer loop
      vertex 90 -46 5
      vertex 76.16662913856025 -43.69181403534274 5
      vertex 76 -43.7 5
    endloop
  endfacet
  facet normal 0 0 1
    outer loop
      vertex 90 -46 5
      vertex 76.49348395133259 -43.626798570744754 5
      vertex 76.33165354742742 -43.66733497668549 5
    endloop
  endfacet
  facet normal 0 0 1
    outer loop
      vertex 90 -46 5
      vertex 76.8013744526042 -43.499266149392206 5
      vertex 76.65056183502065 -43.570595205269186 5
    endloop
  endfacet
  facet normal 0 0 1
    outer loop
      vertex 90 -46 5
      vertex 76.65056183502065 -43.570595205269186 5
      vertex 76.49348395133259 -43.626798570744754 5
    endloop
  endfacet
  facet normal 0 0 1
    outer loop
      vertex 90 -46 5
      vertex 76.94446939613333 -43.41349834091433 5
      vertex 76.8013744526042 -43.499266149392206 5
    endloop
  endfacet
  facet normal 0 0 1
    outer loop
      vertex 90 -46 5
      vertex 77.07846858307819 -43.314117770716656 5
      vertex 76.94446939613333 -43.41349834091433 5
    endloop
  endfacet
  facet normal 0 0 1
    outer loop
      vertex 90 -46 5
      vertex 77.31411777071665 -43.0784685830782 5
      vertex 77.20208152801713 -43.20208152801713 5
    endloop
  endfacet
  facet normal 0 0 1
    outer loop
      vertex 90 -46 5
      vertex 77.20208152801713 -43.20208152801713 5
      vertex 77.07846858307819 -43.314117770716656 5
    endloop
  endfacet
  facet normal 0 0 1
    outer loop
      vertex 90 -46 5
      vertex 77.41349834091433 -42.94446939613332 5
      vertex 77.31411777071665 -43.0784685830782 5
    endloop
  endfacet
  facet normal 0 0 1
    outer loop
      vertex 90 -46 5
      vertex 77.4992661493922 -42.80137445260419 5
      vertex 77.41349834091433 -42.94446939613332 5
    endloop
  endfacet
  facet normal 0 0 1
    outer loop
      vertex 90 -46 5
      vertex 77.57059520526919 -42.65056183502065 5
      vertex 77.4992661493922 -42.80137445260419 5
    endloop
  endfacet
  facet normal 0 0 1
    outer loop
      vertex 90 -46 5
      vertex 77.62679857074475 -42.493483951332585 5
      vertex 77.57059520526919 -42.65056183502065 5
    endloop
  endfacet
  facet normal 0 0 1
    outer loop
      vertex 90 -46 5
      vertex 77.6673349766855 -42.331653547427415 5
      vertex 77.62679857074475 -42.493483951332585 5
    endloop
  endfacet
  facet normal 0 0 1
    outer loop
      vertex 90 -46 5
      vertex 77.69181403534273 -42.16662913856025 5
      vertex 77.6673349766855 -42.331653547427415 5
    endloop
  endfacet
  facet normal 0 0 1
    outer loop
      vertex 90 -46 5
      vertex 77.7 -42 5
      vertex 77.69181403534273 -42.16662913856025 5
    endloop
  endfacet
  facet normal 0 0 1
    outer loop
      vertex 90 46 5
      vertex 41 -26.3 5
      vertex 41.16662913856025 -26.308185964657266 5
    endloop
  endfacet
  facet normal 0 0 1
    outer loop
      vertex 90 46 5
      vertex 41.331653547427415 -26.332665023314508 5
      vertex 41.493483951332585 -26.373201429255246 5
    endloop
  endfacet
  facet normal 0 0 1
    outer loop
      vertex 90 46 5
      vertex 41.16662913856025 -26.308185964657266 5
      vertex 41.331653547427415 -26.332665023314508 5
    endloop
  endfacet
  facet normal 0 0 1
    outer loop
      vertex 90 46 5
      vertex 42.499266149392206 -27.198625547395803 5
      vertex 42.570595205269186 -27.349438164979347 5
    endloop
  endfacet
  facet normal 0 0 1
    outer loop
      vertex 90 46 5
      vertex 42.41349834091433 -27.055530603866675 5
      vertex 42.499266149392206 -27.198625547395803 5
    endloop
  endfacet
  facet normal 0 0 1
    outer loop
      vertex 90 46 5
      vertex 42.20208152801713 -26.797918471982868 5
      vertex 42.314117770716656 -26.921531416921802 5
    endloop
  endfacet
  facet normal 0 0 1
    outer loop
      vertex 90 46 5
      vertex 42.314117770716656 -26.921531416921802 5
      vertex 42.41349834091433 -27.055530603866675 5
    endloop
  endfacet
  facet normal 0 0 1
    outer loop
      vertex 90 46 5
      vertex 42.66733497668549 -27.66834645257258 5
      vertex 42.69181403534274 -27.833370861439747 5
    endloop
  endfacet
  facet normal 0 0 1
    outer loop
      vertex 90 46 5
      vertex 42.626798570744754 -27.506516048667415 5
      vertex 42.66733497668549 -27.66834645257258 5
    endloop
  endfacet
  facet normal 0 0 1
    outer loop
      vertex 90 46 5
      vertex 42.570595205269186 -27.349438164979347 5
      vertex 42.626798570744754 -27.506516048667415 5
    endloop
  endfacet
  facet normal 0 0 1
    outer loop
      vertex 90 46 5
      vertex 41.94446939613332 -26.586501659085673 5
      vertex 42.0784685830782 -26.685882229283347 5
    endloop
  endfacet
  facet normal 0 0 1
    outer loop
      vertex 90 46 5
      vertex 41.80137445260419 -26.500733850607798 5
      vertex 41.94446939613332 -26.586501659085673 5
    endloop
  endfacet
  facet normal 0 0 1
    outer loop
      vertex 90 46 5
      vertex 41.65056183502065 -26.429404794730814 5
      vertex 41.80137445260419 -26.500733850607798 5
    endloop
  endfacet
  facet normal 0 0 1
    outer loop
      vertex 90 46 5
      vertex 41.493483951332585 -26.373201429255246 5
      vertex 41.65056183502065 -26.429404794730814 5
    endloop
  endfacet
  facet normal 0 0 1
    outer loop
      vertex 90 46 5
      vertex 42.0784685830782 -26.685882229283347 5
      vertex 42.20208152801713 -26.797918471982868 5
    endloop
  endfacet
  facet normal 0 0 1
    outer loop
      vertex 90 -46 5
      vertex 90 46 5
      vertex 77.7 -42 5
    endloop
  endfacet
  facet normal 0 0 1
    outer loop
      vertex 90 46 5
      vertex 42.69181403534274 -27.833370861439747 5
      vertex 76.65056183502065 -40.429404794730814 5
    endloop
  endfacet
  facet normal 0 0 1
    outer loop
      vertex 90 46 5
      vertex 77.20208152801713 -40.79791847198287 5
      vertex 77.31411777071665 -40.9215314169218 5
    endloop
  endfacet
  facet normal 0 0 1
    outer loop
      vertex 90 46 5
      vertex 77.07846858307819 -40.685882229283344 5
      vertex 77.20208152801713 -40.79791847198287 5
    endloop
  endfacet
  facet normal 0 0 1
    outer loop
      vertex 90 46 5
      vertex 76.65056183502065 -40.429404794730814 5
      vertex 76.8013744526042 -40.500733850607794 5
    endloop
  endfacet
  facet normal 0 0 1
    outer loop
      vertex 90 46 5
      vertex 76.94446939613333 -40.58650165908567 5
      vertex 77.07846858307819 -40.685882229283344 5
    endloop
  endfacet
  facet normal 0 0 1
    outer loop
      vertex 90 46 5
      vertex 76.8013744526042 -40.500733850607794 5
      vertex 76.94446939613333 -40.58650165908567 5
    endloop
  endfacet
  facet normal 0 0 1
    outer loop
      vertex 90 46 5
      vertex 77.69181403534273 -41.83337086143975 5
      vertex 77.7 -42 5
    endloop
  endfacet
  facet normal 0 0 1
    outer loop
      vertex 90 46 5
      vertex 77.6673349766855 -41.668346452572585 5
      vertex 77.69181403534273 -41.83337086143975 5
    endloop
  endfacet
  facet normal 0 0 1
    outer loop
      vertex 90 46 5
      vertex 77.57059520526919 -41.34943816497935 5
      vertex 77.62679857074475 -41.506516048667415 5
    endloop
  endfacet
  facet normal 0 0 1
    outer loop
      vertex 90 46 5
      vertex 77.62679857074475 -41.506516048667415 5
      vertex 77.6673349766855 -41.668346452572585 5
    endloop
  endfacet
  facet normal 0 0 1
    outer loop
      vertex 90 46 5
      vertex 77.4992661493922 -41.19862554739581 5
      vertex 77.57059520526919 -41.34943816497935 5
    endloop
  endfacet
  facet normal 0 0 1
    outer loop
      vertex 90 46 5
      vertex 77.41349834091433 -41.05553060386668 5
      vertex 77.4992661493922 -41.19862554739581 5
    endloop
  endfacet
  facet normal 0 0 1
    outer loop
      vertex 90 46 5
      vertex 77.31411777071665 -40.9215314169218 5
      vertex 77.41349834091433 -41.05553060386668 5
    endloop
  endfacet
  facet normal 0 0 -1
    outer loop
      vertex 24 12 0
      vertex -37.65136843870017 28 0
      vertex 39.32568421935009 25.1 0
    endloop
  endfacet
  facet normal 0 0 -1
    outer loop
      vertex 24 12 0
      vertex 39.32568421935009 25.1 0
      vertex 42.67431578064991 25.1 0
    endloop
  endfacet
  facet normal 0 0 -1
    outer loop
      vertex 24 12 0
      vertex 85 44 0
      vertex 24.29405142366886 11.985554181039333 0
    endloop
  endfacet
  facet normal 0 0 -1
    outer loop
      vertex 24.29405142366886 11.985554181039333 0
      vertex 85 44 0
      vertex 24.58527096360922 11.94235584139824 0
    endloop
  endfacet
  facet normal 0 0 -1
    outer loop
      vertex 85 44 0
      vertex 24.870854035019875 11.870821006596088 0
      vertex 24.58527096360922 11.94235584139824 0
    endloop
  endfacet
  facet normal 0 0 -1
    outer loop
      vertex -84.40960632264614 46.35698368400335 0
      vertex 74.68588222928335 43.0784685830782 0
      vertex 42.67431578064991 30.9 0
    endloop
  endfacet
  facet normal 0 0 -1
    outer loop
      vertex -37.65136843870017 28 0
      vertex 37.65136843870017 28 0
      vertex 39.32568421935009 25.1 0
    endloop
  endfacet
  facet normal 0 0 -1
    outer loop
      vertex -39.32568421935009 30.9 0
      vertex 39.32568421935009 30.9 0
      vertex 37.65136843870017 28 0
    endloop
  endfacet
  facet normal 0 0 -1
    outer loop
      vertex -84.40960632264614 46.35698368400335 0
      vertex 74.92153141692181 43.314117770716656 0
      vertex 74.79791847198287 43.20208152801713 0
    endloop
  endfacet
  facet normal 0 0 -1
    outer loop
      vertex -84.40960632264614 46.35698368400335 0
      vertex 74.79791847198287 43.20208152801713 0
      vertex 74.68588222928335 43.0784685830782 0
    endloop
  endfacet
  facet normal 0 0 -1
    outer loop
      vertex -84.40960632264614 46.35698368400335 0
      vertex 75.05553060386667 43.41349834091433 0
      vertex 74.92153141692181 43.314117770716656 0
    endloop
  endfacet
  facet normal 0 0 -1
    outer loop
      vertex -84.40960632264614 46.35698368400335 0
      vertex 75.1986255473958 43.499266149392206 0
      vertex 75.05553060386667 43.41349834091433 0
    endloop
  endfacet
  facet normal 0 0 -1
    outer loop
      vertex -84.40960632264614 46.35698368400335 0
      vertex 75.34943816497935 43.570595205269186 0
      vertex 75.1986255473958 43.499266149392206 0
    endloop
  endfacet
  facet normal 0 0 -1
    outer loop
      vertex -84.40960632264614 46.35698368400335 0
      vertex 75.66834645257258 43.66733497668549 0
      vertex 75.50651604866741 43.626798570744754 0
    endloop
  endfacet
  facet normal 0 0 -1
    outer loop
      vertex -84.40960632264614 46.35698368400335 0
      vertex 75.50651604866741 43.626798570744754 0
      vertex 75.34943816497935 43.570595205269186 0
    endloop
  endfacet
  facet normal 0 0 -1
    outer loop
      vertex -84.40960632264614 46.35698368400335 0
      vertex 76 43.7 0
      vertex 75.83337086143975 43.69181403534274 0
    endloop
  endfacet
  facet normal 0 0 -1
    outer loop
      vertex -84.40960632264614 46.35698368400335 0
      vertex 75.83337086143975 43.69181403534274 0
      vertex 75.66834645257258 43.66733497668549 0
    endloop
  endfacet
  facet normal 0 0 -1
    outer loop
      vertex -84.40960632264614 46.35698368400335 0
      vertex 83.86505226790905 47.171966418623924 0
      vertex 76 43.7 0
    endloop
  endfacet
  facet normal 0 0 -1
    outer loop
      vertex -84.40960632264614 46.35698368400335 0
      vertex 83.5355339050293 47.5355339050293 0
      vertex 83.86505226790905 47.171966418623924 0
    endloop
  endfacet
  facet normal 0 0 -1
    outer loop
      vertex -83.5355339050293 47.5355339050293 0
      vertex 80.49008569866419 48.975923635065556 0
      vertex 80.97545161098242 48.9039264023304 0
    endloop
  endfacet
  facet normal 0 0 -1
    outer loop
      vertex -83.17196641862392 47.86505226790905 0
      vertex 80 49 0
      vertex 80.49008569866419 48.975923635065556 0
    endloop
  endfacet
  facet normal 0 0 -1
    outer loop
      vertex -83.86505226790905 47.171966418623924 0
      vertex 80.97545161098242 48.9039264023304 0
      vertex 81.45142338424921 48.78470167517662 0
    endloop
  endfacet
  facet normal 0 0 -1
    outer loop
      vertex -83.86505226790905 47.171966418623924 0
      vertex 81.45142338424921 48.78470167517662 0
      vertex 81.91341716051102 48.61939766258001 0
    endloop
  endfacet
  facet normal 0 0 -1
    outer loop
      vertex -84.40960632264614 46.35698368400335 0
      vertex 82.77785116434097 48.157348059117794 0
      vertex 83.17196641862392 47.86505226790905 0
    endloop
  endfacet
  facet normal 0 0 -1
    outer loop
      vertex -83.86505226790905 47.171966418623924 0
      vertex 81.91341716051102 48.61939766258001 0
      vertex 82.35698368400335 48.40960632264614 0
    endloop
  endfacet
  facet normal 0 0 -1
    outer loop
      vertex -83.86505226790905 47.171966418623924 0
      vertex 82.35698368400335 48.40960632264614 0
      vertex 82.77785116434097 48.157348059117794 0
    endloop
  endfacet
  facet normal 0 0 -1
    outer loop
      vertex -84.40960632264614 46.35698368400335 0
      vertex 83.17196641862392 47.86505226790905 0
      vertex 83.5355339050293 47.5355339050293 0
    endloop
  endfacet
  facet normal 0 0 -1
    outer loop
      vertex -87.07514627277851 52.18408362567425 0
      vertex 85.06146746128798 53.39103625714779 0
      vertex 85.77117389440536 53.05537011474371 0
    endloop
  endfacet
  facet normal 0 0 -1
    outer loop
      vertex -85.77117389440536 53.05537011474371 0
      vertex 83.56072257459164 53.84628224372864 0
      vertex 84.32227741926908 53.65552268922329 0
    endloop
  endfacet
  facet normal 0 0 -1
    outer loop
      vertex -84.32227741926908 53.65552268922329 0
      vertex 82 54 0
      vertex 82.78413712233305 53.96147781610489 0
    endloop
  endfacet
  facet normal 0 0 -1
    outer loop
      vertex -85.06146746128798 53.39103625714779 0
      vertex 82.78413712233305 53.96147781610489 0
      vertex 83.56072257459164 53.84628224372864 0
    endloop
  endfacet
  facet normal 0 0 -1
    outer loop
      vertex -86.44456186145544 52.6517568975687 0
      vertex 84.32227741926908 53.65552268922329 0
      vertex 85.06146746128798 53.39103625714779 0
    endloop
  endfacet
  facet normal 0 0 -1
    outer loop
      vertex 88.18408362567425 51.07514627277851 0
      vertex 80 51 0
      vertex -80 51 0
    endloop
  endfacet
  facet normal 0 0 -1
    outer loop
      vertex -88.18408362567425 51.07514627277851 0
      vertex 86.44456186145544 52.6517568975687 0
      vertex 87.07514627277851 52.18408362567425 0
    endloop
  endfacet
  facet normal 0 0 -1
    outer loop
      vertex -87.65685424953699 51.65685424953699 0
      vertex 85.77117389440536 53.05537011474371 0
      vertex 86.44456186145544 52.6517568975687 0
    endloop
  endfacet
  facet normal 0 0 -1
    outer loop
      vertex 88.18408362567425 51.07514627277851 0
      vertex -80 51 0
      vertex 87.65685424953699 51.65685424953699 0
    endloop
  endfacet
  facet normal 0 0 -1
    outer loop
      vertex 87.07514627277851 52.18408362567425 0
      vertex 87.65685424953699 51.65685424953699 0
      vertex -80 51 0
    endloop
  endfacet
  facet normal 0 1 0
    outer loop
      vertex -82 54 0
      vertex 82 54 5
      vertex 82 54 0
    endloop
  endfacet
  facet normal 0 0 -1
    outer loop
      vertex 39.32568421935009 -25.1 0
      vertex 26.94235584139824 -9.585270963609219 0
      vertex 85 44 0
    endloop
  endfacet
  facet normal 0 0 -1
    outer loop
      vertex 26.985554181039333 -9.294051423668861 0
      vertex 85 44 0
      vertex 26.94235584139824 -9.585270963609219 0
    endloop
  endfacet
  facet normal 0 0 -1
    outer loop
      vertex 27 -9 0
      vertex 85 44 0
      vertex 26.985554181039333 -9.294051423668861 0
    endloop
  endfacet
  facet normal 0 0 -1
    outer loop
      vertex 85 44 0
      vertex 27 -9 0
      vertex 27 9 0
    endloop
  endfacet
  facet normal 0 0 -1
    outer loop
      vertex 85 44 0
      vertex 27 9 0
      vertex 26.985554181039333 9.294051423668861 0
    endloop
  endfacet
  facet normal 0 0 -1
    outer loop
      vertex 85 44 0
      vertex 26.985554181039333 9.294051423668861 0
      vertex 26.94235584139824 9.585270963609219 0
    endloop
  endfacet
  facet normal 0 0 -1
    outer loop
      vertex 85 44 0
      vertex 26.94235584139824 9.585270963609219 0
      vertex 26.87082100659609 9.870854035019875 0
    endloop
  endfacet
  facet normal 0 0 -1
    outer loop
      vertex 85 44 0
      vertex 26.87082100659609 9.870854035019875 0
      vertex 26.771638594567776 10.148050300776958 0
    endloop
  endfacet
  facet normal 0 0 -1
    outer loop
      vertex 85 44 0
      vertex 26.64576379209757 10.414190210402012 0
      vertex 26.49440883845091 10.666710697114468 0
    endloop
  endfacet
  facet normal 0 0 -1
    outer loop
      vertex 85 44 0
      vertex 26.49440883845091 10.666710697114468 0
      vertex 26.319031357765198 10.903179854154587 0
    endloop
  endfacet
  facet normal 0 0 -1
    outer loop
      vertex 85 44 0
      vertex 26.771638594567776 10.148050300776958 0
      vertex 26.64576379209757 10.414190210402012 0
    endloop
  endfacet
  facet normal 0 0 -1
    outer loop
      vertex 85 44 0
      vertex 26.121320344507694 11.121320344507694 0
      vertex 25.903179854154587 11.319031357765198 0
    endloop
  endfacet
  facet normal 0 0 -1
    outer loop
      vertex 85 44 0
      vertex 25.903179854154587 11.319031357765198 0
      vertex 25.666710697114468 11.494408838450909 0
    endloop
  endfacet
  facet normal 0 0 -1
    outer loop
      vertex 85 44 0
      vertex 25.14805030077696 11.771638594567776 0
      vertex 24.870854035019875 11.870821006596088 0
    endloop
  endfacet
  facet normal 0 0 -1
    outer loop
      vertex 85 44 0
      vertex 25.414190210402012 11.645763792097569 0
      vertex 25.14805030077696 11.771638594567776 0
    endloop
  endfacet
  facet normal 0 0 -1
    outer loop
      vertex 85 44 0
      vertex 25.666710697114468 11.494408838450909 0
      vertex 25.414190210402012 11.645763792097569 0
    endloop
  endfacet
  facet normal 0 0 -1
    outer loop
      vertex 85 44 0
      vertex 26.319031357765198 10.903179854154587 0
      vertex 26.121320344507694 11.121320344507694 0
    endloop
  endfacet
  facet normal 0 0 -1
    outer loop
      vertex 24 12 0
      vertex 42.67431578064991 25.1 0
      vertex 76 40.3 0
    endloop
  endfacet
  facet normal 0 0 -1
    outer loop
      vertex 90 -46 0
      vertex 87 44 0
      vertex 90 46 0
    endloop
  endfacet
  facet normal 0 0 -1
    outer loop
      vertex 76 40.3 0
      vertex 42.67431578064991 25.1 0
      vertex 44.34863156129983 28 0
    endloop
  endfacet
  facet normal 0 0 -1
    outer loop
      vertex 42.67431578064991 30.9 0
      vertex 74.37320142925525 41.506516048667415 0
      vertex 44.34863156129983 28 0
    endloop
  endfacet
  facet normal 0 0 -1
    outer loop
      vertex 24 12 0
      vertex 76 40.3 0
      vertex 76.16662913856025 40.30818596465726 0
    endloop
  endfacet
  facet normal 0 0 -1
    outer loop
      vertex 24 12 0
      vertex 76.16662913856025 40.30818596465726 0
      vertex 76.33165354742742 40.33266502331451 0
    endloop
  endfacet
  facet normal 0 0 -1
    outer loop
      vertex 24 12 0
      vertex 76.33165354742742 40.33266502331451 0
      vertex 76.49348395133259 40.373201429255246 0
    endloop
  endfacet
  facet normal 0 0 -1
    outer loop
      vertex 24 12 0
      vertex 76.49348395133259 40.373201429255246 0
      vertex 76.65056183502065 40.429404794730814 0
    endloop
  endfacet
  facet normal 0 0 -1
    outer loop
      vertex 24 12 0
      vertex 76.65056183502065 40.429404794730814 0
      vertex 85 44 0
    endloop
  endfacet
  facet normal 0 0 -1
    outer loop
      vertex 44.34863156129983 28 0
      vertex 74.68588222928335 40.9215314169218 0
      vertex 74.79791847198287 40.79791847198287 0
    endloop
  endfacet
  facet normal 0 0 -1
    outer loop
      vertex 44.34863156129983 28 0
      vertex 74.58650165908567 41.05553060386668 0
      vertex 74.68588222928335 40.9215314169218 0
    endloop
  endfacet
  facet normal 0 0 -1
    outer loop
      vertex 44.34863156129983 28 0
      vertex 74.5007338506078 41.19862554739581 0
      vertex 74.58650165908567 41.05553060386668 0
    endloop
  endfacet
  facet normal 0 0 -1
    outer loop
      vertex 44.34863156129983 28 0
      vertex 74.42940479473081 41.34943816497935 0
      vertex 74.5007338506078 41.19862554739581 0
    endloop
  endfacet
  facet normal 0 0 -1
    outer loop
      vertex 44.34863156129983 28 0
      vertex 74.37320142925525 41.506516048667415 0
      vertex 74.42940479473081 41.34943816497935 0
    endloop
  endfacet
  facet normal 0 0 -1
    outer loop
      vertex 44.34863156129983 28 0
      vertex 75.50651604866741 40.373201429255246 0
      vertex 75.66834645257258 40.33266502331451 0
    endloop
  endfacet
  facet normal 0 0 -1
    outer loop
      vertex 44.34863156129983 28 0
      vertex 75.34943816497935 40.429404794730814 0
      vertex 75.50651604866741 40.373201429255246 0
    endloop
  endfacet
  facet normal 0 0 -1
    outer loop
      vertex 44.34863156129983 28 0
      vertex 75.66834645257258 40.33266502331451 0
      vertex 75.83337086143975 40.30818596465726 0
    endloop
  endfacet
  facet normal 0 0 -1
    outer loop
      vertex 44.34863156129983 28 0
      vertex 75.83337086143975 40.30818596465726 0
      vertex 76 40.3 0
    endloop
  endfacet
  facet normal 0 0 -1
    outer loop
      vertex 44.34863156129983 28 0
      vertex 74.92153141692181 40.685882229283344 0
      vertex 75.05553060386667 40.58650165908567 0
    endloop
  endfacet
  facet normal 0 0 -1
    outer loop
      vertex 44.34863156129983 28 0
      vertex 75.1986255473958 40.500733850607794 0
      vertex 75.34943816497935 40.429404794730814 0
    endloop
  endfacet
  facet normal 0 0 -1
    outer loop
      vertex 44.34863156129983 28 0
      vertex 75.05553060386667 40.58650165908567 0
      vertex 75.1986255473958 40.500733850607794 0
    endloop
  endfacet
  facet normal 0 0 -1
    outer loop
      vertex 44.34863156129983 28 0
      vertex 74.79791847198287 40.79791847198287 0
      vertex 74.92153141692181 40.685882229283344 0
    endloop
  endfacet
  facet normal 0 0 -1
    outer loop
      vertex 42.67431578064991 30.9 0
      vertex 74.3326650233145 41.668346452572585 0
      vertex 74.37320142925525 41.506516048667415 0
    endloop
  endfacet
  facet normal 0 0 -1
    outer loop
      vertex 42.67431578064991 30.9 0
      vertex 74.30818596465727 41.83337086143975 0
      vertex 74.3326650233145 41.668346452572585 0
    endloop
  endfacet
  facet normal 0 0 -1
    outer loop
      vertex 42.67431578064991 30.9 0
      vertex 74.3 42 0
      vertex 74.30818596465727 41.83337086143975 0
    endloop
  endfacet
  facet normal 0 0 -1
    outer loop
      vertex 42.67431578064991 30.9 0
      vertex 74.30818596465727 42.16662913856025 0
      vertex 74.3 42 0
    endloop
  endfacet
  facet normal 0 0 -1
    outer loop
      vertex 42.67431578064991 30.9 0
      vertex 74.3326650233145 42.331653547427415 0
      vertex 74.30818596465727 42.16662913856025 0
    endloop
  endfacet
  facet normal 0 0 -1
    outer loop
      vertex 42.67431578064991 30.9 0
      vertex 74.37320142925525 42.493483951332585 0
      vertex 74.3326650233145 42.331653547427415 0
    endloop
  endfacet
  facet normal 0 0 -1
    outer loop
      vertex 42.67431578064991 30.9 0
      vertex 74.42940479473081 42.65056183502065 0
      vertex 74.37320142925525 42.493483951332585 0
    endloop
  endfacet
  facet normal 0 0 -1
    outer loop
      vertex 42.67431578064991 30.9 0
      vertex 74.5007338506078 42.80137445260419 0
      vertex 74.42940479473081 42.65056183502065 0
    endloop
  endfacet
  facet normal 0 0 -1
    outer loop
      vertex 42.67431578064991 30.9 0
      vertex 74.58650165908567 42.94446939613332 0
      vertex 74.5007338506078 42.80137445260419 0
    endloop
  endfacet
  facet normal 0 0 -1
    outer loop
      vertex 42.67431578064991 30.9 0
      vertex 74.68588222928335 43.0784685830782 0
      vertex 74.58650165908567 42.94446939613332 0
    endloop
  endfacet
  facet normal 0 0 -1
    outer loop
      vertex 83.86505226790905 47.171966418623924 0
      vertex 76.16662913856025 43.69181403534274 0
      vertex 76 43.7 0
    endloop
  endfacet
  facet normal 0 0 -1
    outer loop
      vertex 85 44 0
      vertex 76.65056183502065 40.429404794730814 0
      vertex 76.8013744526042 40.500733850607794 0
    endloop
  endfacet
  facet normal 0 0 -1
    outer loop
      vertex 85 44 0
      vertex 76.8013744526042 40.500733850607794 0
      vertex 76.94446939613333 40.58650165908567 0
    endloop
  endfacet
  facet normal 0 0 -1
    outer loop
      vertex 85 44 0
      vertex 76.94446939613333 40.58650165908567 0
      vertex 77.07846858307819 40.685882229283344 0
    endloop
  endfacet
  facet normal 0 0 -1
    outer loop
      vertex 85 44 0
      vertex 77.07846858307819 40.685882229283344 0
      vertex 77.20208152801713 40.79791847198287 0
    endloop
  endfacet
  facet normal 0 0 -1
    outer loop
      vertex 85 44 0
      vertex 77.20208152801713 40.79791847198287 0
      vertex 77.31411777071665 40.9215314169218 0
    endloop
  endfacet
  facet normal 0 0 -1
    outer loop
      vertex 85 44 0
      vertex 77.31411777071665 40.9215314169218 0
      vertex 77.41349834091433 41.05553060386668 0
    endloop
  endfacet
  facet normal 0 0 -1
    outer loop
      vertex 85 44 0
      vertex 77.41349834091433 41.05553060386668 0
      vertex 77.4992661493922 41.19862554739581 0
    endloop
  endfacet
  facet normal 0 0 -1
    outer loop
      vertex 84.9039264023304 44.97545161098242 0
      vertex 77.4992661493922 41.19862554739581 0
      vertex 77.57059520526919 41.34943816497935 0
    endloop
  endfacet
  facet normal 0 0 -1
    outer loop
      vertex 84.9039264023304 44.97545161098242 0
      vertex 77.57059520526919 41.34943816497935 0
      vertex 77.62679857074475 41.506516048667415 0
    endloop
  endfacet
  facet normal 0 0 -1
    outer loop
      vertex 84.9039264023304 44.97545161098242 0
      vertex 77.62679857074475 41.506516048667415 0
      vertex 77.6673349766855 41.668346452572585 0
    endloop
  endfacet
  facet normal 0 0 -1
    outer loop
      vertex 84.9039264023304 44.97545161098242 0
      vertex 77.6673349766855 41.668346452572585 0
      vertex 77.69181403534273 41.83337086143975 0
    endloop
  endfacet
  facet normal 0 0 -1
    outer loop
      vertex 84.9039264023304 44.97545161098242 0
      vertex 77.69181403534273 41.83337086143975 0
      vertex 77.7 42 0
    endloop
  endfacet
  facet normal 0 0 -1
    outer loop
      vertex 84.9039264023304 44.97545161098242 0
      vertex 77.7 42 0
      vertex 77.69181403534273 42.16662913856025 0
    endloop
  endfacet
  facet normal 0 0 -1
    outer loop
      vertex 84.9039264023304 44.97545161098242 0
      vertex 77.69181403534273 42.16662913856025 0
      vertex 77.6673349766855 42.331653547427415 0
    endloop
  endfacet
  facet normal 0 0 -1
    outer loop
      vertex 84.9039264023304 44.97545161098242 0
      vertex 77.6673349766855 42.331653547427415 0
      vertex 77.62679857074475 42.493483951332585 0
    endloop
  endfacet
  facet normal 0 0 -1
    outer loop
      vertex 84.9039264023304 44.97545161098242 0
      vertex 77.62679857074475 42.493483951332585 0
      vertex 77.57059520526919 42.65056183502065 0
    endloop
  endfacet
  facet normal 0 0 -1
    outer loop
      vertex 84.9039264023304 44.97545161098242 0
      vertex 77.57059520526919 42.65056183502065 0
      vertex 77.4992661493922 42.80137445260419 0
    endloop
  endfacet
  facet normal 0 0 -1
    outer loop
      vertex 77.4992661493922 41.19862554739581 0
      vertex 84.97592363506556 44.49008569866419 0
      vertex 85 44 0
    endloop
  endfacet
  facet normal 0 0 -1
    outer loop
      vertex 77.4992661493922 41.19862554739581 0
      vertex 84.9039264023304 44.97545161098242 0
      vertex 84.97592363506556 44.49008569866419 0
    endloop
  endfacet
  facet normal 0 0 -1
    outer loop
      vertex 83.86505226790905 47.171966418623924 0
      vertex 76.94446939613333 43.41349834091433 0
      vertex 76.8013744526042 43.499266149392206 0
    endloop
  endfacet
  facet normal 0 0 -1
    outer loop
      vertex 83.86505226790905 47.171966418623924 0
      vertex 77.20208152801713 43.20208152801713 0
      vertex 77.07846858307819 43.314117770716656 0
    endloop
  endfacet
  facet normal 0 0 -1
    outer loop
      vertex 83.86505226790905 47.171966418623924 0
      vertex 77.07846858307819 43.314117770716656 0
      vertex 76.94446939613333 43.41349834091433 0
    endloop
  endfacet
  facet normal 0 0 -1
    outer loop
      vertex 83.86505226790905 47.171966418623924 0
      vertex 77.4992661493922 42.80137445260419 0
      vertex 77.41349834091433 42.94446939613332 0
    endloop
  endfacet
  facet normal 0 0 -1
    outer loop
      vertex 83.86505226790905 47.171966418623924 0
      vertex 77.41349834091433 42.94446939613332 0
      vertex 77.31411777071665 43.0784685830782 0
    endloop
  endfacet
  facet normal 0 0 -1
    outer loop
      vertex 83.86505226790905 47.171966418623924 0
      vertex 77.31411777071665 43.0784685830782 0
      vertex 77.20208152801713 43.20208152801713 0
    endloop
  endfacet
  facet normal 0 0 -1
    outer loop
      vertex 83.86505226790905 47.171966418623924 0
      vertex 76.49348395133259 43.626798570744754 0
      vertex 76.33165354742742 43.66733497668549 0
    endloop
  endfacet
  facet normal 0 0 -1
    outer loop
      vertex 83.86505226790905 47.171966418623924 0
      vertex 76.33165354742742 43.66733497668549 0
      vertex 76.16662913856025 43.69181403534274 0
    endloop
  endfacet
  facet normal 0 0 -1
    outer loop
      vertex 83.86505226790905 47.171966418623924 0
      vertex 76.65056183502065 43.570595205269186 0
      vertex 76.49348395133259 43.626798570744754 0
    endloop
  endfacet
  facet normal 0 0 -1
    outer loop
      vertex 83.86505226790905 47.171966418623924 0
      vertex 76.8013744526042 43.499266149392206 0
      vertex 76.65056183502065 43.570595205269186 0
    endloop
  endfacet
  facet normal 0 0 -1
    outer loop
      vertex 84.78470167517662 45.45142338424921 0
      vertex 84.9039264023304 44.97545161098242 0
      vertex 77.4992661493922 42.80137445260419 0
    endloop
  endfacet
  facet normal 0 0 -1
    outer loop
      vertex 84.40960632264614 46.35698368400335 0
      vertex 84.61939766258001 45.91341716051102 0
      vertex 77.4992661493922 42.80137445260419 0
    endloop
  endfacet
  facet normal 0 0 -1
    outer loop
      vertex 84.1573480591178 46.77785116434097 0
      vertex 84.40960632264614 46.35698368400335 0
      vertex 77.4992661493922 42.80137445260419 0
    endloop
  endfacet
  facet normal 0 0 -1
    outer loop
      vertex 84.61939766258001 45.91341716051102 0
      vertex 84.78470167517662 45.45142338424921 0
      vertex 77.4992661493922 42.80137445260419 0
    endloop
  endfacet
  facet normal 0 0 -1
    outer loop
      vertex 83.86505226790905 47.171966418623924 0
      vertex 84.1573480591178 46.77785116434097 0
      vertex 77.4992661493922 42.80137445260419 0
    endloop
  endfacet
  facet normal 0 0 -1
    outer loop
      vertex 90 46 0
      vertex 87 44 0
      vertex 86.96629308909178 44.686119981110096 0
    endloop
  endfacet
  facet normal 0 0 -1
    outer loop
      vertex 90 46 0
      vertex 86.96629308909178 44.686119981110096 0
      vertex 86.86549696326256 45.36563225090504 0
    endloop
  endfacet
  facet normal 0 0 -1
    outer loop
      vertex 89.96147781610489 46.78413712233305 0
      vertex 86.86549696326256 45.36563225090504 0
      vertex 86.69858235120773 46.03199274092913 0
    endloop
  endfacet
  facet normal 0 0 -1
    outer loop
      vertex 89.84628224372864 47.56072257459164 0
      vertex 86.69858235120773 46.03199274092913 0
      vertex 86.46715673059225 46.678784027695656 0
    endloop
  endfacet
  facet normal 0 0 -1
    outer loop
      vertex 89.84628224372864 47.56072257459164 0
      vertex 86.46715673059225 46.678784027695656 0
      vertex 86.17344885319471 47.299777157604694 0
    endloop
  endfacet
  facet normal 0 0 -1
    outer loop
      vertex 90 46 0
      vertex 86.86549696326256 45.36563225090504 0
      vertex 89.96147781610489 46.78413712233305 0
    endloop
  endfacet
  facet normal 0 0 -1
    outer loop
      vertex 89.96147781610489 46.78413712233305 0
      vertex 86.69858235120773 46.03199274092913 0
      vertex 89.84628224372864 47.56072257459164 0
    endloop
  endfacet
  facet normal 0 0 -1
    outer loop
      vertex 88.18408362567425 51.07514627277851 0
      vertex 80.6861199811101 50.96629308909178 0
      vertex 80 51 0
    endloop
  endfacet
  facet normal 0 0 -1
    outer loop
      vertex 88.18408362567425 51.07514627277851 0
      vertex 81.36563225090504 50.86549696326256 0
      vertex 80.6861199811101 50.96629308909178 0
    endloop
  endfacet
  facet normal 0 0 -1
    outer loop
      vertex 88.18408362567425 51.07514627277851 0
      vertex 82.03199274092913 50.69858235120773 0
      vertex 81.36563225090504 50.86549696326256 0
    endloop
  endfacet
  facet normal 0 0 -1
    outer loop
      vertex 88.18408362567425 51.07514627277851 0
      vertex 82.67878402769566 50.46715673059225 0
      vertex 82.03199274092913 50.69858235120773 0
    endloop
  endfacet
  facet normal 0 0 -1
    outer loop
      vertex 89.65552268922329 48.322277419269085 0
      vertex 85.82028728723526 47.88899163156748 0
      vertex 85.41107317060232 48.44075299054384 0
    endloop
  endfacet
  facet normal 0 0 -1
    outer loop
      vertex 89.39103625714779 49.061467461287975 0
      vertex 85.41107317060232 48.44075299054384 0
      vertex 84.9497474655509 48.9497474655509 0
    endloop
  endfacet
  facet normal 0 0 -1
    outer loop
      vertex 88.6517568975687 50.44456186145544 0
      vertex 83.2997771576047 50.173448853194714 0
      vertex 82.67878402769566 50.46715673059225 0
    endloop
  endfacet
  facet normal 0 0 -1
    outer loop
      vertex 88.6517568975687 50.44456186145544 0
      vertex 83.88899163156748 49.82028728723526 0
      vertex 83.2997771576047 50.173448853194714 0
    endloop
  endfacet
  facet normal 0 0 -1
    outer loop
      vertex 89.39103625714779 49.061467461287975 0
      vertex 84.9497474655509 48.9497474655509 0
      vertex 84.44075299054384 49.41107317060232 0
    endloop
  endfacet
  facet normal 0 0 -1
    outer loop
      vertex 89.05537011474371 49.771173894405365 0
      vertex 84.44075299054384 49.41107317060232 0
      vertex 83.88899163156748 49.82028728723526 0
    endloop
  endfacet
  facet normal 0 0 -1
    outer loop
      vertex 89.84628224372864 47.56072257459164 0
      vertex 86.17344885319471 47.299777157604694 0
      vertex 85.82028728723526 47.88899163156748 0
    endloop
  endfacet
  facet normal 0 0 -1
    outer loop
      vertex 89.84628224372864 47.56072257459164 0
      vertex 85.82028728723526 47.88899163156748 0
      vertex 89.65552268922329 48.322277419269085 0
    endloop
  endfacet
  facet normal 0 0 -1
    outer loop
      vertex 89.65552268922329 48.322277419269085 0
      vertex 85.41107317060232 48.44075299054384 0
      vertex 89.39103625714779 49.061467461287975 0
    endloop
  endfacet
  facet normal 0 0 -1
    outer loop
      vertex 89.05537011474371 49.771173894405365 0
      vertex 89.39103625714779 49.061467461287975 0
      vertex 84.44075299054384 49.41107317060232 0
    endloop
  endfacet
  facet normal 0 0 -1
    outer loop
      vertex 89.05537011474371 49.771173894405365 0
      vertex 83.88899163156748 49.82028728723526 0
      vertex 88.6517568975687 50.44456186145544 0
    endloop
  endfacet
  facet normal 0 0 -1
    outer loop
      vertex 88.6517568975687 50.44456186145544 0
      vertex 82.67878402769566 50.46715673059225 0
      vertex 88.18408362567425 51.07514627277851 0
    endloop
  endfacet
  facet normal 0.9987954563744936 0.049067670880805034 0
    outer loop
      vertex 90 46 0
      vertex 89.96147781610489 46.78413712233305 0
      vertex 90 46 5
    endloop
  endfacet
  facet normal 0.9891765095196828 0.14673047745596915 0
    outer loop
      vertex 89.96147781610489 46.78413712233305 0
      vertex 89.84628224372864 47.56072257459164 0
      vertex 89.96147781610489 46.78413712233305 5
    endloop
  endfacet
  facet normal 0.049067670880805034 0.9987954563744936 0
    outer loop
      vertex 82 54 0
      vertex 82.78413712233305 53.96147781610489 5
      vertex 82.78413712233305 53.96147781610489 0
    endloop
  endfacet
  facet normal 0.14673047745596915 0.9891765095196828 0
    outer loop
      vertex 82.78413712233305 53.96147781610489 0
      vertex 83.56072257459164 53.84628224372864 5
      vertex 83.56072257459164 53.84628224372864 0
    endloop
  endfacet
  facet normal 0.2429801756401818 0.9700312542623905 0
    outer loop
      vertex 83.56072257459164 53.84628224372864 0
      vertex 84.32227741926908 53.65552268922329 5
      vertex 84.32227741926908 53.65552268922329 0
    endloop
  endfacet
  facet normal 0.9700312542623905 0.2429801756401818 0
    outer loop
      vertex 89.84628224372864 47.56072257459164 0
      vertex 89.65552268922329 48.322277419269085 0
      vertex 89.84628224372864 47.56072257459164 5
    endloop
  endfacet
  facet normal 0.9415440627982695 0.3368898600571533 0
    outer loop
      vertex 89.65552268922329 48.322277419269085 0
      vertex 89.39103625714779 49.061467461287975 0
      vertex 89.65552268922329 48.322277419269085 5
    endloop
  endfacet
  facet normal 0.9039892939524538 0.4275550916774866 0
    outer loop
      vertex 89.05537011474371 49.771173894405365 0
      vertex 89.39103625714779 49.061467461287975 5
      vertex 89.39103625714779 49.061467461287975 0
    endloop
  endfacet
  facet normal 0.8577286087049234 0.5141027463543802 0
    outer loop
      vertex 89.05537011474371 49.771173894405365 0
      vertex 88.6517568975687 50.44456186145544 0
      vertex 89.05537011474371 49.771173894405365 5
    endloop
  endfacet
  facet normal 0.3368898600571533 0.9415440627982695 0
    outer loop
      vertex 84.32227741926908 53.65552268922329 0
      vertex 85.06146746128798 53.39103625714779 5
      vertex 85.06146746128798 53.39103625714779 0
    endloop
  endfacet
  facet normal 0.4275550916774866 0.9039892939524538 0
    outer loop
      vertex 85.77117389440536 53.05537011474371 0
      vertex 85.06146746128798 53.39103625714779 0
      vertex 85.77117389440536 53.05537011474371 5
    endloop
  endfacet
  facet normal 0.5141027463543802 0.8577286087049234 0
    outer loop
      vertex 85.77117389440536 53.05537011474371 0
      vertex 86.44456186145544 52.6517568975687 5
      vertex 86.44456186145544 52.6517568975687 0
    endloop
  endfacet
  facet normal 0.5956993034784503 0.8032075322326658 0
    outer loop
      vertex 87.07514627277851 52.18408362567425 0
      vertex 86.44456186145544 52.6517568975687 0
      vertex 87.07514627277851 52.18408362567425 5
    endloop
  endfacet
  facet normal 0.8032075322326658 0.5956993034784503 0
    outer loop
      vertex 88.6517568975687 50.44456186145544 0
      vertex 88.18408362567425 51.07514627277851 0
      vertex 88.6517568975687 50.44456186145544 5
    endloop
  endfacet
  facet normal 0.7409511264917887 0.6715589535927202 0
    outer loop
      vertex 88.18408362567425 51.07514627277851 0
      vertex 87.65685424953699 51.65685424953699 0
      vertex 88.18408362567425 51.07514627277851 5
    endloop
  endfacet
  facet normal 0.6715589535927202 0.7409511264917887 0
    outer loop
      vertex 87.07514627277851 52.18408362567425 0
      vertex 87.65685424953699 51.65685424953699 5
      vertex 87.65685424953699 51.65685424953699 0
    endloop
  endfacet
  facet normal 0 0 1
    outer loop
      vertex -27 14 5
      vertex 24 12 5
      vertex 27 14 5
    endloop
  endfacet
  facet normal 0 0 1
    outer loop
      vertex -40.668346452572585 26.332665023314508 5
      vertex 27 19 5
      vertex 40.668346452572585 26.332665023314508 5
    endloop
  endfacet
  facet normal 0 0 1
    outer loop
      vertex -40.19862554739581 26.500733850607798 5
      vertex 40.19862554739581 26.500733850607798 5
      vertex 40.05553060386668 26.586501659085673 5
    endloop
  endfacet
  facet normal 0 0 1
    outer loop
      vertex -40.05553060386668 26.586501659085673 5
      vertex 40.05553060386668 26.586501659085673 5
      vertex 39.9215314169218 26.685882229283347 5
    endloop
  endfacet
  facet normal 0 0 1
    outer loop
      vertex -39.9215314169218 26.685882229283347 5
      vertex 39.9215314169218 26.685882229283347 5
      vertex 39.79791847198287 26.797918471982868 5
    endloop
  endfacet
  facet normal 0 0 1
    outer loop
      vertex -39.79791847198287 26.797918471982868 5
      vertex 39.79791847198287 26.797918471982868 5
      vertex 39.685882229283344 26.921531416921802 5
    endloop
  endfacet
  facet normal 0 0 1
    outer loop
      vertex -39.685882229283344 26.921531416921802 5
      vertex 39.685882229283344 26.921531416921802 5
      vertex 39.58650165908567 27.055530603866675 5
    endloop
  endfacet
  facet normal 0 0 1
    outer loop
      vertex -40.668346452572585 26.332665023314508 5
      vertex 40.668346452572585 26.332665023314508 5
      vertex 40.506516048667415 26.373201429255246 5
    endloop
  endfacet
  facet normal 0 0 1
    outer loop
      vertex -40.34943816497935 26.429404794730814 5
      vertex 40.34943816497935 26.429404794730814 5
      vertex 40.19862554739581 26.500733850607798 5
    endloop
  endfacet
  facet normal 0 0 1
    outer loop
      vertex -40.506516048667415 26.373201429255246 5
      vertex 40.506516048667415 26.373201429255246 5
      vertex 40.34943816497935 26.429404794730814 5
    endloop
  endfacet
  facet normal 0 0 1
    outer loop
      vertex 27 -9 5
      vertex 29 12 5
      vertex 27 9 5
    endloop
  endfacet
  facet normal 0 0 1
    outer loop
      vertex 27 9 5
      vertex 29 12 5
      vertex 26.985554181039333 9.294051423668861 5
    endloop
  endfacet
  facet normal 0 0 1
    outer loop
      vertex 27 14 5
      vertex 24 12 5
      vertex 24.29405142366886 11.985554181039333 5
    endloop
  endfacet
  facet normal 0 0 1
    outer loop
      vertex 26.985554181039333 9.294051423668861 5
      vertex 29 12 5
      vertex 26.94235584139824 9.585270963609219 5
    endloop
  endfacet
  facet normal 0 0 1
    outer loop
      vertex 26.94235584139824 9.585270963609219 5
      vertex 29 12 5
      vertex 26.87082100659609 9.870854035019875 5
    endloop
  endfacet
  facet normal 0 0 1
    outer loop
      vertex 26.87082100659609 9.870854035019875 5
      vertex 29 12 5
      vertex 26.771638594567776 10.148050300776958 5
    endloop
  endfacet
  facet normal 0 0 1
    outer loop
      vertex 26.771638594567776 10.148050300776958 5
      vertex 29 12 5
      vertex 26.64576379209757 10.414190210402012 5
    endloop
  endfacet
  facet normal 0 0 1
    outer loop
      vertex 26.64576379209757 10.414190210402012 5
      vertex 29 12 5
      vertex 26.49440883845091 10.666710697114468 5
    endloop
  endfacet
  facet normal 0 0 1
    outer loop
      vertex 26.49440883845091 10.666710697114468 5
      vertex 28.990369454026222 12.196034282445908 5
      vertex 26.319031357765198 10.903179854154587 5
    endloop
  endfacet
  facet normal 0 0 1
    outer loop
      vertex 26.319031357765198 10.903179854154587 5
      vertex 28.96157056093216 12.3901806473732 5
      vertex 26.121320344507694 11.121320344507694 5
    endloop
  endfacet
  facet normal 0 0 1
    outer loop
      vertex 24.58527096360922 11.94235584139824 5
      vertex 27.580569356679916 13.913880668580532 5
      vertex 24.29405142366886 11.985554181039333 5
    endloop
  endfacet
  facet normal 0 0 1
    outer loop
      vertex 27.94279347360134 13.763842530548573 5
      vertex 24.58527096360922 11.94235584139824 5
      vertex 24.870854035019875 11.870821006596088 5
    endloop
  endfacet
  facet normal 0 0 1
    outer loop
      vertex 27.94279347360134 13.763842530548573 5
      vertex 24.870854035019875 11.870821006596088 5
      vertex 25.14805030077696 11.771638594567776 5
    endloop
  endfacet
  facet normal 0 0 1
    outer loop
      vertex 27.94279347360134 13.763842530548573 5
      vertex 25.666710697114468 11.494408838450909 5
      vertex 25.903179854154587 11.319031357765198 5
    endloop
  endfacet
  facet normal 0 0 1
    outer loop
      vertex 27.94279347360134 13.763842530548573 5
      vertex 25.903179854154587 11.319031357765198 5
      vertex 26.121320344507694 11.121320344507694 5
    endloop
  endfacet
  facet normal 0 0 1
    outer loop
      vertex 27.94279347360134 13.763842530548573 5
      vertex 25.14805030077696 11.771638594567776 5
      vertex 25.414190210402012 11.645763792097569 5
    endloop
  endfacet
  facet normal 0 0 1
    outer loop
      vertex 27.94279347360134 13.763842530548573 5
      vertex 25.414190210402012 11.645763792097569 5
      vertex 25.666710697114468 11.494408838450909 5
    endloop
  endfacet
  facet normal 0 0 1
    outer loop
      vertex 24.29405142366886 11.985554181039333 5
      vertex 27.196034282445908 13.990369454026222 5
      vertex 27 14 5
    endloop
  endfacet
  facet normal 0 0 1
    outer loop
      vertex 24.29405142366886 11.985554181039333 5
      vertex 27.3901806473732 13.96157056093216 5
      vertex 27.196034282445908 13.990369454026222 5
    endloop
  endfacet
  facet normal 0 0 1
    outer loop
      vertex 24.29405142366886 11.985554181039333 5
      vertex 27.580569356679916 13.913880668580532 5
      vertex 27.3901806473732 13.96157056093216 5
    endloop
  endfacet
  facet normal 0 0 1
    outer loop
      vertex 24.58527096360922 11.94235584139824 5
      vertex 27.76536686718464 13.847759068012238 5
      vertex 27.580569356679916 13.913880668580532 5
    endloop
  endfacet
  facet normal 0 0 1
    outer loop
      vertex 26.319031357765198 10.903179854154587 5
      vertex 28.990369454026222 12.196034282445908 5
      vertex 28.96157056093216 12.3901806473732 5
    endloop
  endfacet
  facet normal 0 0 1
    outer loop
      vertex 26.121320344507694 11.121320344507694 5
      vertex 28.96157056093216 12.3901806473732 5
      vertex 28.913880668580532 12.580569356679916 5
    endloop
  endfacet
  facet normal 0 0 1
    outer loop
      vertex 26.121320344507694 11.121320344507694 5
      vertex 28.913880668580532 12.580569356679916 5
      vertex 28.847759068012238 12.765366867184639 5
    endloop
  endfacet
  facet normal 0 0 1
    outer loop
      vertex 26.121320344507694 11.121320344507694 5
      vertex 28.546020910143852 13.268786571919918 5
      vertex 28.414213560521603 13.414213560521603 5
    endloop
  endfacet
  facet normal 0 0 1
    outer loop
      vertex 26.121320344507694 11.121320344507694 5
      vertex 28.847759068012238 12.765366867184639 5
      vertex 28.763842530548573 12.942793473601341 5
    endloop
  endfacet
  facet normal 0 0 1
    outer loop
      vertex 26.121320344507694 11.121320344507694 5
      vertex 28.763842530548573 12.942793473601341 5
      vertex 28.662939228117466 13.111140467226505 5
    endloop
  endfacet
  facet normal 0 0 1
    outer loop
      vertex 26.121320344507694 11.121320344507694 5
      vertex 28.662939228117466 13.111140467226505 5
      vertex 28.546020910143852 13.268786571919918 5
    endloop
  endfacet
  facet normal 0 0 1
    outer loop
      vertex 26.121320344507694 11.121320344507694 5
      vertex 28.111140467226505 13.662939228117466 5
      vertex 27.94279347360134 13.763842530548573 5
    endloop
  endfacet
  facet normal 0 0 1
    outer loop
      vertex 24.58527096360922 11.94235584139824 5
      vertex 27.94279347360134 13.763842530548573 5
      vertex 27.76536686718464 13.847759068012238 5
    endloop
  endfacet
  facet normal 0 0 1
    outer loop
      vertex 26.121320344507694 11.121320344507694 5
      vertex 28.268786571919918 13.546020910143852 5
      vertex 28.111140467226505 13.662939228117466 5
    endloop
  endfacet
  facet normal 0 0 1
    outer loop
      vertex 26.121320344507694 11.121320344507694 5
      vertex 28.414213560521603 13.414213560521603 5
      vertex 28.268786571919918 13.546020910143852 5
    endloop
  endfacet
  facet normal 0 0 1
    outer loop
      vertex 26.49440883845091 10.666710697114468 5
      vertex 29 12 5
      vertex 28.990369454026222 12.196034282445908 5
    endloop
  endfacet
  facet normal 0 0 1
    outer loop
      vertex 27 19 5
      vertex 40.83337086143975 26.308185964657266 5
      vertex 40.668346452572585 26.332665023314508 5
    endloop
  endfacet
  facet normal 0 0 1
    outer loop
      vertex 27 19 5
      vertex 41 26.3 5
      vertex 40.83337086143975 26.308185964657266 5
    endloop
  endfacet
  facet normal 0 0 1
    outer loop
      vertex 27 19 5
      vertex 41.331653547427415 26.332665023314508 5
      vertex 41.16662913856025 26.308185964657266 5
    endloop
  endfacet
  facet normal 0 0 1
    outer loop
      vertex 27 19 5
      vertex 41.16662913856025 26.308185964657266 5
      vertex 41 26.3 5
    endloop
  endfacet
  facet normal 0 0 1
    outer loop
      vertex 27 19 5
      vertex 41.65056183502065 26.429404794730814 5
      vertex 41.493483951332585 26.373201429255246 5
    endloop
  endfacet
  facet normal 0 0 1
    outer loop
      vertex 27 19 5
      vertex 41.493483951332585 26.373201429255246 5
      vertex 41.331653547427415 26.332665023314508 5
    endloop
  endfacet
  facet normal 0 0 1
    outer loop
      vertex 27 19 5
      vertex 41.80137445260419 26.500733850607798 5
      vertex 41.65056183502065 26.429404794730814 5
    endloop
  endfacet
  facet normal 0 0 1
    outer loop
      vertex 75.83337086143975 40.30818596465726 5
      vertex 27 19 5
      vertex 27.686119981110096 18.966293089091778 5
    endloop
  endfacet
  facet normal 0 0 1
    outer loop
      vertex 75.83337086143975 40.30818596465726 5
      vertex 27.686119981110096 18.966293089091778 5
      vertex 28.365632250905037 18.865496963262558 5
    endloop
  endfacet
  facet normal 0 0 1
    outer loop
      vertex 75.83337086143975 40.30818596465726 5
      vertex 28.365632250905037 18.865496963262558 5
      vertex 29.031992740929127 18.698582351207733 5
    endloop
  endfacet
  facet normal 0 0 1
    outer loop
      vertex 75.83337086143975 40.30818596465726 5
      vertex 29.031992740929127 18.698582351207733 5
      vertex 29.678784027695656 18.46715673059225 5
    endloop
  endfacet
  facet normal 0 0 1
    outer loop
      vertex -75.34943816497935 40.429404794730814 5
      vertex 40.19862554739581 29.499266149392202 5
      vertex 40.34943816497935 29.570595205269186 5
    endloop
  endfacet
  facet normal 0 0 1
    outer loop
      vertex -75.34943816497935 40.429404794730814 5
      vertex 40.34943816497935 29.570595205269186 5
      vertex 40.506516048667415 29.626798570744754 5
    endloop
  endfacet
  facet normal 0 0 1
    outer loop
      vertex -75.34943816497935 40.429404794730814 5
      vertex 40.668346452572585 29.667334976685492 5
      vertex 40.83337086143975 29.691814035342734 5
    endloop
  endfacet
  facet normal 0 0 1
    outer loop
      vertex -75.34943816497935 40.429404794730814 5
      vertex 40.506516048667415 29.626798570744754 5
      vertex 40.668346452572585 29.667334976685492 5
    endloop
  endfacet
  facet normal 0 0 1
    outer loop
      vertex -75.34943816497935 40.429404794730814 5
      vertex 41 29.7 5
      vertex 41.16662913856025 29.691814035342734 5
    endloop
  endfacet
  facet normal 0 0 1
    outer loop
      vertex -75.34943816497935 40.429404794730814 5
      vertex 40.83337086143975 29.691814035342734 5
      vertex 41 29.7 5
    endloop
  endfacet
  facet normal 0 0 1
    outer loop
      vertex -39.58650165908567 27.055530603866675 5
      vertex 39.58650165908567 27.055530603866675 5
      vertex 39.500733850607794 27.198625547395803 5
    endloop
  endfacet
  facet normal 0 0 1
    outer loop
      vertex -39.58650165908567 27.055530603866675 5
      vertex 39.500733850607794 27.198625547395803 5
      vertex 39.429404794730814 27.349438164979347 5
    endloop
  endfacet
  facet normal 0 0 1
    outer loop
      vertex -39.500733850607794 27.198625547395803 5
      vertex 39.429404794730814 27.349438164979347 5
      vertex 39.373201429255246 27.506516048667415 5
    endloop
  endfacet
  facet normal 0 0 1
    outer loop
      vertex -39.500733850607794 27.198625547395803 5
      vertex 39.373201429255246 27.506516048667415 5
      vertex 39.33266502331451 27.66834645257258 5
    endloop
  endfacet
  facet normal 0 0 1
    outer loop
      vertex -39.500733850607794 27.198625547395803 5
      vertex 39.33266502331451 27.66834645257258 5
      vertex 39.30818596465726 27.833370861439747 5
    endloop
  endfacet
  facet normal 0 0 1
    outer loop
      vertex -39.500733850607794 27.198625547395803 5
      vertex 39.30818596465726 27.833370861439747 5
      vertex 39.3 28 5
    endloop
  endfacet
  facet normal 0 0 1
    outer loop
      vertex -39.3 28 5
      vertex 39.3 28 5
      vertex 39.30818596465726 28.166629138560253 5
    endloop
  endfacet
  facet normal 0 0 1
    outer loop
      vertex -39.500733850607794 28.801374452604197 5
      vertex 39.30818596465726 28.166629138560253 5
      vertex 39.33266502331451 28.33165354742742 5
    endloop
  endfacet
  facet normal 0 0 1
    outer loop
      vertex -39.500733850607794 28.801374452604197 5
      vertex 39.33266502331451 28.33165354742742 5
      vertex 39.373201429255246 28.493483951332585 5
    endloop
  endfacet
  facet normal 0 0 1
    outer loop
      vertex -39.500733850607794 28.801374452604197 5
      vertex 39.373201429255246 28.493483951332585 5
      vertex 39.429404794730814 28.650561835020653 5
    endloop
  endfacet
  facet normal 0 0 1
    outer loop
      vertex -39.500733850607794 28.801374452604197 5
      vertex 39.429404794730814 28.650561835020653 5
      vertex 39.500733850607794 28.801374452604197 5
    endloop
  endfacet
  facet normal 0 0 1
    outer loop
      vertex -39.500733850607794 28.801374452604197 5
      vertex 39.500733850607794 28.801374452604197 5
      vertex 39.58650165908567 28.944469396133325 5
    endloop
  endfacet
  facet normal 0 0 1
    outer loop
      vertex -39.58650165908567 28.944469396133325 5
      vertex 39.58650165908567 28.944469396133325 5
      vertex 39.685882229283344 29.078468583078198 5
    endloop
  endfacet
  facet normal 0 0 1
    outer loop
      vertex -39.685882229283344 29.078468583078198 5
      vertex 39.685882229283344 29.078468583078198 5
      vertex 39.79791847198287 29.202081528017132 5
    endloop
  endfacet
  facet normal 0 0 1
    outer loop
      vertex -39.79791847198287 29.202081528017132 5
      vertex 39.79791847198287 29.202081528017132 5
      vertex 39.9215314169218 29.314117770716653 5
    endloop
  endfacet
  facet normal 0 0 1
    outer loop
      vertex -39.9215314169218 29.314117770716653 5
      vertex 39.9215314169218 29.314117770716653 5
      vertex 40.05553060386668 29.413498340914327 5
    endloop
  endfacet
  facet normal 0 0 1
    outer loop
      vertex -40.05553060386668 29.413498340914327 5
      vertex 40.05553060386668 29.413498340914327 5
      vertex 40.19862554739581 29.499266149392202 5
    endloop
  endfacet
  facet normal 0 0 1
    outer loop
      vertex -75.1986255473958 40.500733850607794 5
      vertex 41.16662913856025 29.691814035342734 5
      vertex 74.3 42 5
    endloop
  endfacet
  facet normal 0 0 1
    outer loop
      vertex -90 46 5
      vertex 75.66834645257258 43.66733497668549 5
      vertex 75.83337086143975 43.69181403534274 5
    endloop
  endfacet
  facet normal 0 0 1
    outer loop
      vertex -90 46 5
      vertex 75.50651604866741 43.626798570744754 5
      vertex 75.66834645257258 43.66733497668549 5
    endloop
  endfacet
  facet normal 0 0 1
    outer loop
      vertex -90 46 5
      vertex 75.83337086143975 43.69181403534274 5
      vertex 76 43.7 5
    endloop
  endfacet
  facet normal 0 0 1
    outer loop
      vertex -74.3 42 5
      vertex 74.3 42 5
      vertex 74.30818596465727 42.16662913856025 5
    endloop
  endfacet
  facet normal 0 0 1
    outer loop
      vertex -74.92153141692181 43.314117770716656 5
      vertex 74.30818596465727 42.16662913856025 5
      vertex 74.3326650233145 42.331653547427415 5
    endloop
  endfacet
  facet normal 0 0 1
    outer loop
      vertex -74.92153141692181 43.314117770716656 5
      vertex 74.3326650233145 42.331653547427415 5
      vertex 74.37320142925525 42.493483951332585 5
    endloop
  endfacet
  facet normal 0 0 1
    outer loop
      vertex -74.92153141692181 43.314117770716656 5
      vertex 74.37320142925525 42.493483951332585 5
      vertex 74.42940479473081 42.65056183502065 5
    endloop
  endfacet
  facet normal 0 0 1
    outer loop
      vertex -74.92153141692181 43.314117770716656 5
      vertex 74.42940479473081 42.65056183502065 5
      vertex 74.5007338506078 42.80137445260419 5
    endloop
  endfacet
  facet normal 0 0 1
    outer loop
      vertex -74.92153141692181 43.314117770716656 5
      vertex 74.5007338506078 42.80137445260419 5
      vertex 74.58650165908567 42.94446939613332 5
    endloop
  endfacet
  facet normal 0 0 1
    outer loop
      vertex -74.92153141692181 43.314117770716656 5
      vertex 74.58650165908567 42.94446939613332 5
      vertex 74.68588222928335 43.0784685830782 5
    endloop
  endfacet
  facet normal 0 0 1
    outer loop
      vertex -74.92153141692181 43.314117770716656 5
      vertex 74.68588222928335 43.0784685830782 5
      vertex 74.79791847198287 43.20208152801713 5
    endloop
  endfacet
  facet normal 0 0 1
    outer loop
      vertex -74.92153141692181 43.314117770716656 5
      vertex 74.79791847198287 43.20208152801713 5
      vertex 74.92153141692181 43.314117770716656 5
    endloop
  endfacet
  facet normal 0 0 1
    outer loop
      vertex -74.92153141692181 43.314117770716656 5
      vertex 74.92153141692181 43.314117770716656 5
      vertex 75.05553060386667 43.41349834091433 5
    endloop
  endfacet
  facet normal 0 0 1
    outer loop
      vertex -75.05553060386667 43.41349834091433 5
      vertex 75.05553060386667 43.41349834091433 5
      vertex 75.1986255473958 43.499266149392206 5
    endloop
  endfacet
  facet normal 0 0 1
    outer loop
      vertex -75.1986255473958 43.499266149392206 5
      vertex 75.1986255473958 43.499266149392206 5
      vertex 75.34943816497935 43.570595205269186 5
    endloop
  endfacet
  facet normal 0 0 1
    outer loop
      vertex -75.34943816497935 43.570595205269186 5
      vertex 75.34943816497935 43.570595205269186 5
      vertex 75.50651604866741 43.626798570744754 5
    endloop
  endfacet
  facet normal 0 0 1
    outer loop
      vertex -90 46 5
      vertex 76 43.7 5
      vertex 89.84628224372864 47.56072257459164 5
    endloop
  endfacet
  facet normal 0 0 1
    outer loop
      vertex -87.07514627277851 52.18408362567425 5
      vertex 85.77117389440536 53.05537011474371 5
      vertex 85.06146746128798 53.39103625714779 5
    endloop
  endfacet
  facet normal 0 0 1
    outer loop
      vertex -85.77117389440536 53.05537011474371 5
      vertex 84.32227741926908 53.65552268922329 5
      vertex 83.56072257459164 53.84628224372864 5
    endloop
  endfacet
  facet normal 0 0 1
    outer loop
      vertex -84.32227741926908 53.65552268922329 5
      vertex 82.78413712233305 53.96147781610489 5
      vertex 82 54 5
    endloop
  endfacet
  facet normal 0 0 1
    outer loop
      vertex -85.06146746128798 53.39103625714779 5
      vertex 83.56072257459164 53.84628224372864 5
      vertex 82.78413712233305 53.96147781610489 5
    endloop
  endfacet
  facet normal 0 0 1
    outer loop
      vertex -86.44456186145544 52.6517568975687 5
      vertex 85.06146746128798 53.39103625714779 5
      vertex 84.32227741926908 53.65552268922329 5
    endloop
  endfacet
  facet normal 0 0 1
    outer loop
      vertex -90 46 5
      vertex 89.84628224372864 47.56072257459164 5
      vertex 89.65552268922329 48.322277419269085 5
    endloop
  endfacet
  facet normal 0 0 1
    outer loop
      vertex -89.96147781610489 46.78413712233305 5
      vertex 89.65552268922329 48.322277419269085 5
      vertex 89.39103625714779 49.061467461287975 5
    endloop
  endfacet
  facet normal 0 0 1
    outer loop
      vertex -89.84628224372864 47.56072257459164 5
      vertex 89.39103625714779 49.061467461287975 5
      vertex 89.05537011474371 49.771173894405365 5
    endloop
  endfacet
  facet normal 0 0 1
    outer loop
      vertex -89.65552268922329 48.322277419269085 5
      vertex 89.05537011474371 49.771173894405365 5
      vertex 88.6517568975687 50.44456186145544 5
    endloop
  endfacet
  facet normal 0 0 1
    outer loop
      vertex -89.39103625714779 49.061467461287975 5
      vertex 88.6517568975687 50.44456186145544 5
      vertex 88.18408362567425 51.07514627277851 5
    endloop
  endfacet
  facet normal 0 0 1
    outer loop
      vertex -88.6517568975687 50.44456186145544 5
      vertex 87.65685424953699 51.65685424953699 5
      vertex 87.07514627277851 52.18408362567425 5
    endloop
  endfacet
  facet normal 0 0 1
    outer loop
      vertex -89.05537011474371 49.771173894405365 5
      vertex 88.18408362567425 51.07514627277851 5
      vertex 87.65685424953699 51.65685424953699 5
    endloop
  endfacet
  facet normal 0 0 1
    outer loop
      vertex -88.18408362567425 51.07514627277851 5
      vertex 87.07514627277851 52.18408362567425 5
      vertex 86.44456186145544 52.6517568975687 5
    endloop
  endfacet
  facet normal 0 0 1
    outer loop
      vertex -87.65685424953699 51.65685424953699 5
      vertex 86.44456186145544 52.6517568975687 5
      vertex 85.77117389440536 53.05537011474371 5
    endloop
  endfacet
  facet normal 1 0 0
    outer loop
      vertex 90 -46 5
      vertex 90 46 0
      vertex 90 46 5
    endloop
  endfacet
  facet normal 0 0 1
    outer loop
      vertex 90 46 5
      vertex 34 -12 5
      vertex 41 -26.3 5
    endloop
  endfacet
  facet normal 0 0 1
    outer loop
      vertex 90 46 5
      vertex 34 12 5
      vertex 34 -12 5
    endloop
  endfacet
  facet normal 0 0 1
    outer loop
      vertex 75.83337086143975 40.30818596465726 5
      vertex 30.888991631567478 17.82028728723526 5
      vertex 31.440752990543842 17.41107317060232 5
    endloop
  endfacet
  facet normal 0 0 1
    outer loop
      vertex 75.83337086143975 40.30818596465726 5
      vertex 31.9497474655509 16.9497474655509 5
      vertex 32.41107317060232 16.440752990543842 5
    endloop
  endfacet
  facet normal 0 0 1
    outer loop
      vertex 31.9497474655509 16.9497474655509 5
      vertex 75.83337086143975 40.30818596465726 5
      vertex 31.440752990543842 17.41107317060232 5
    endloop
  endfacet
  facet normal 0 0 1
    outer loop
      vertex 75.83337086143975 40.30818596465726 5
      vertex 29.678784027695656 18.46715673059225 5
      vertex 30.299777157604694 18.173448853194714 5
    endloop
  endfacet
  facet normal 0 0 1
    outer loop
      vertex 75.83337086143975 40.30818596465726 5
      vertex 30.299777157604694 18.173448853194714 5
      vertex 30.888991631567478 17.82028728723526 5
    endloop
  endfacet
  facet normal 0 0 1
    outer loop
      vertex 90 46 5
      vertex 33.96629308909178 12.686119981110096 5
      vertex 34 12 5
    endloop
  endfacet
  facet normal 0 0 1
    outer loop
      vertex 90 46 5
      vertex 33.86549696326256 13.365632250905037 5
      vertex 33.96629308909178 12.686119981110096 5
    endloop
  endfacet
  facet normal 0 0 1
    outer loop
      vertex 90 46 5
      vertex 33.69858235120773 14.031992740929127 5
      vertex 33.86549696326256 13.365632250905037 5
    endloop
  endfacet
  facet normal 0 0 1
    outer loop
      vertex 90 46 5
      vertex 33.46715673059225 14.678784027695656 5
      vertex 33.69858235120773 14.031992740929127 5
    endloop
  endfacet
  facet normal 0 0 1
    outer loop
      vertex 90 46 5
      vertex 32.82028728723526 15.888991631567478 5
      vertex 33.173448853194714 15.299777157604694 5
    endloop
  endfacet
  facet normal 0 0 1
    outer loop
      vertex 90 46 5
      vertex 32.41107317060232 16.440752990543842 5
      vertex 32.82028728723526 15.888991631567478 5
    endloop
  endfacet
  facet normal 0 0 1
    outer loop
      vertex 90 46 5
      vertex 33.173448853194714 15.299777157604694 5
      vertex 33.46715673059225 14.678784027695656 5
    endloop
  endfacet
  facet normal 0.9987954563744936 0.049067670880805034 0
    outer loop
      vertex 89.96147781610489 46.78413712233305 0
      vertex 89.96147781610489 46.78413712233305 5
      vertex 90 46 5
    endloop
  endfacet
  facet normal 0.049067670880805034 0.9987954563744936 0
    outer loop
      vertex 82 54 0
      vertex 82 54 5
      vertex 82.78413712233305 53.96147781610489 5
    endloop
  endfacet
  facet normal 0.14673047745596915 0.9891765095196828 0
    outer loop
      vertex 82.78413712233305 53.96147781610489 0
      vertex 82.78413712233305 53.96147781610489 5
      vertex 83.56072257459164 53.84628224372864 5
    endloop
  endfacet
  facet normal 0.2429801756401818 0.9700312542623905 0
    outer loop
      vertex 83.56072257459164 53.84628224372864 0
      vertex 83.56072257459164 53.84628224372864 5
      vertex 84.32227741926908 53.65552268922329 5
    endloop
  endfacet
  facet normal 0.9891765095196828 0.14673047745596915 0
    outer loop
      vertex 89.84628224372864 47.56072257459164 0
      vertex 89.84628224372864 47.56072257459164 5
      vertex 89.96147781610489 46.78413712233305 5
    endloop
  endfacet
  facet normal 0.9700312542623905 0.2429801756401818 0
    outer loop
      vertex 89.65552268922329 48.322277419269085 0
      vertex 89.65552268922329 48.322277419269085 5
      vertex 89.84628224372864 47.56072257459164 5
    endloop
  endfacet
  facet normal 0.9415440627982695 0.3368898600571533 0
    outer loop
      vertex 89.39103625714779 49.061467461287975 0
      vertex 89.39103625714779 49.061467461287975 5
      vertex 89.65552268922329 48.322277419269085 5
    endloop
  endfacet
  facet normal 0.9039892939524538 0.4275550916774866 0
    outer loop
      vertex 89.05537011474371 49.771173894405365 0
      vertex 89.05537011474371 49.771173894405365 5
      vertex 89.39103625714779 49.061467461287975 5
    endloop
  endfacet
  facet normal 0.8577286087049234 0.5141027463543802 0
    outer loop
      vertex 88.6517568975687 50.44456186145544 0
      vertex 88.6517568975687 50.44456186145544 5
      vertex 89.05537011474371 49.771173894405365 5
    endloop
  endfacet
  facet normal 0.3368898600571533 0.9415440627982695 0
    outer loop
      vertex 84.32227741926908 53.65552268922329 0
      vertex 84.32227741926908 53.65552268922329 5
      vertex 85.06146746128798 53.39103625714779 5
    endloop
  endfacet
  facet normal 0.4275550916774866 0.9039892939524538 0
    outer loop
      vertex 85.06146746128798 53.39103625714779 0
      vertex 85.06146746128798 53.39103625714779 5
      vertex 85.77117389440536 53.05537011474371 5
    endloop
  endfacet
  facet normal 0.5141027463543802 0.8577286087049234 0
    outer loop
      vertex 85.77117389440536 53.05537011474371 0
      vertex 85.77117389440536 53.05537011474371 5
      vertex 86.44456186145544 52.6517568975687 5
    endloop
  endfacet
  facet normal 0.5956993034784503 0.8032075322326658 0
    outer loop
      vertex 86.44456186145544 52.6517568975687 0
      vertex 86.44456186145544 52.6517568975687 5
      vertex 87.07514627277851 52.18408362567425 5
    endloop
  endfacet
  facet normal 0.7409511264917887 0.6715589535927202 0
    outer loop
      vertex 87.65685424953699 51.65685424953699 0
      vertex 87.65685424953699 51.65685424953699 5
      vertex 88.18408362567425 51.07514627277851 5
    endloop
  endfacet
  facet normal 0.8032075322326658 0.5956993034784503 0
    outer loop
      vertex 88.18408362567425 51.07514627277851 0
      vertex 88.18408362567425 51.07514627277851 5
      vertex 88.6517568975687 50.44456186145544 5
    endloop
  endfacet
  facet normal 0.6715589535927202 0.7409511264917887 0
    outer loop
      vertex 87.07514627277851 52.18408362567425 0
      vertex 87.07514627277851 52.18408362567425 5
      vertex 87.65685424953699 51.65685424953699 5
    endloop
  endfacet
  facet normal 0 0 1
    outer loop
      vertex 75.83337086143975 40.30818596465726 5
      vertex 41.80137445260419 26.500733850607798 5
      vertex 27 19 5
    endloop
  endfacet
  facet normal 0 0 1
    outer loop
      vertex 75.83337086143975 40.30818596465726 5
      vertex 41.94446939613332 26.586501659085673 5
      vertex 41.80137445260419 26.500733850607798 5
    endloop
  endfacet
  facet normal 0 0 1
    outer loop
      vertex 75.83337086143975 40.30818596465726 5
      vertex 42.0784685830782 26.685882229283347 5
      vertex 41.94446939613332 26.586501659085673 5
    endloop
  endfacet
  facet normal 0 0 1
    outer loop
      vertex 75.83337086143975 40.30818596465726 5
      vertex 42.20208152801713 26.797918471982868 5
      vertex 42.0784685830782 26.685882229283347 5
    endloop
  endfacet
  facet normal 0 0 1
    outer loop
      vertex 74.68588222928335 40.9215314169218 5
      vertex 42.69181403534274 28.166629138560253 5
      vertex 42.7 28 5
    endloop
  endfacet
  facet normal 0 0 1
    outer loop
      vertex 74.58650165908567 41.05553060386668 5
      vertex 42.66733497668549 28.33165354742742 5
      vertex 42.69181403534274 28.166629138560253 5
    endloop
  endfacet
  facet normal 0 0 1
    outer loop
      vertex 74.5007338506078 41.19862554739581 5
      vertex 42.626798570744754 28.493483951332585 5
      vertex 42.66733497668549 28.33165354742742 5
    endloop
  endfacet
  facet normal 0 0 1
    outer loop
      vertex 74.42940479473081 41.34943816497935 5
      vertex 42.570595205269186 28.650561835020653 5
      vertex 42.626798570744754 28.493483951332585 5
    endloop
  endfacet
  facet normal 0 0 1
    outer loop
      vertex 41.65056183502065 29.570595205269186 5
      vertex 74.3 42 5
      vertex 41.493483951332585 29.626798570744754 5
    endloop
  endfacet
  facet normal 0 0 1
    outer loop
      vertex 41.94446939613332 29.413498340914327 5
      vertex 74.3 42 5
      vertex 41.80137445260419 29.499266149392202 5
    endloop
  endfacet
  facet normal 0 0 1
    outer loop
      vertex 41.80137445260419 29.499266149392202 5
      vertex 74.3 42 5
      vertex 41.65056183502065 29.570595205269186 5
    endloop
  endfacet
  facet normal 0 0 1
    outer loop
      vertex 42.499266149392206 28.801374452604197 5
      vertex 74.3326650233145 41.668346452572585 5
      vertex 42.41349834091433 28.944469396133325 5
    endloop
  endfacet
  facet normal 0 0 1
    outer loop
      vertex 42.41349834091433 28.944469396133325 5
      vertex 74.30818596465727 41.83337086143975 5
      vertex 42.314117770716656 29.078468583078198 5
    endloop
  endfacet
  facet normal 0 0 1
    outer loop
      vertex 42.570595205269186 28.650561835020653 5
      vertex 74.37320142925525 41.506516048667415 5
      vertex 42.499266149392206 28.801374452604197 5
    endloop
  endfacet
  facet normal 0 0 1
    outer loop
      vertex 42.20208152801713 29.202081528017132 5
      vertex 74.3 42 5
      vertex 42.0784685830782 29.314117770716653 5
    endloop
  endfacet
  facet normal 0 0 1
    outer loop
      vertex 42.314117770716656 29.078468583078198 5
      vertex 74.3 42 5
      vertex 42.20208152801713 29.202081528017132 5
    endloop
  endfacet
  facet normal 0 0 1
    outer loop
      vertex 42.0784685830782 29.314117770716653 5
      vertex 74.3 42 5
      vertex 41.94446939613332 29.413498340914327 5
    endloop
  endfacet
  facet normal 0 0 1
    outer loop
      vertex 75.83337086143975 40.30818596465726 5
      vertex 42.41349834091433 27.055530603866675 5
      vertex 42.314117770716656 26.921531416921802 5
    endloop
  endfacet
  facet normal 0 0 1
    outer loop
      vertex 75.83337086143975 40.30818596465726 5
      vertex 42.314117770716656 26.921531416921802 5
      vertex 42.20208152801713 26.797918471982868 5
    endloop
  endfacet
  facet normal 0 0 1
    outer loop
      vertex 75.83337086143975 40.30818596465726 5
      vertex 42.499266149392206 27.198625547395803 5
      vertex 42.41349834091433 27.055530603866675 5
    endloop
  endfacet
  facet normal 0 0 1
    outer loop
      vertex 75.83337086143975 40.30818596465726 5
      vertex 42.570595205269186 27.349438164979347 5
      vertex 42.499266149392206 27.198625547395803 5
    endloop
  endfacet
  facet normal 0 0 1
    outer loop
      vertex 75.83337086143975 40.30818596465726 5
      vertex 42.626798570744754 27.506516048667415 5
      vertex 42.570595205269186 27.349438164979347 5
    endloop
  endfacet
  facet normal 0 0 1
    outer loop
      vertex 75.83337086143975 40.30818596465726 5
      vertex 42.66733497668549 27.66834645257258 5
      vertex 42.626798570744754 27.506516048667415 5
    endloop
  endfacet
  facet normal 0 0 1
    outer loop
      vertex 75.83337086143975 40.30818596465726 5
      vertex 42.69181403534274 27.833370861439747 5
      vertex 42.66733497668549 27.66834645257258 5
    endloop
  endfacet
  facet normal 0 0 1
    outer loop
      vertex 75.83337086143975 40.30818596465726 5
      vertex 42.7 28 5
      vertex 42.69181403534274 27.833370861439747 5
    endloop
  endfacet
  facet normal 0 0 1
    outer loop
      vertex 41.493483951332585 29.626798570744754 5
      vertex 74.3 42 5
      vertex 41.331653547427415 29.667334976685492 5
    endloop
  endfacet
  facet normal 0 0 1
    outer loop
      vertex 41.331653547427415 29.667334976685492 5
      vertex 74.3 42 5
      vertex 41.16662913856025 29.691814035342734 5
    endloop
  endfacet
  facet normal 0 0 1
    outer loop
      vertex 32.41107317060232 16.440752990543842 5
      vertex 76 40.3 5
      vertex 75.83337086143975 40.30818596465726 5
    endloop
  endfacet
  facet normal 0 0 1
    outer loop
      vertex 32.41107317060232 16.440752990543842 5
      vertex 76.16662913856025 40.30818596465726 5
      vertex 76 40.3 5
    endloop
  endfacet
  facet normal 0 0 1
    outer loop
      vertex 32.41107317060232 16.440752990543842 5
      vertex 76.33165354742742 40.33266502331451 5
      vertex 76.16662913856025 40.30818596465726 5
    endloop
  endfacet
  facet normal 0 0 1
    outer loop
      vertex 32.41107317060232 16.440752990543842 5
      vertex 76.49348395133259 40.373201429255246 5
      vertex 76.33165354742742 40.33266502331451 5
    endloop
  endfacet
  facet normal 0 0 1
    outer loop
      vertex 32.41107317060232 16.440752990543842 5
      vertex 76.65056183502065 40.429404794730814 5
      vertex 76.49348395133259 40.373201429255246 5
    endloop
  endfacet
  facet normal 0 0 1
    outer loop
      vertex 32.41107317060232 16.440752990543842 5
      vertex 76.8013744526042 40.500733850607794 5
      vertex 76.65056183502065 40.429404794730814 5
    endloop
  endfacet
  facet normal 0 0 1
    outer loop
      vertex 75.66834645257258 40.33266502331451 5
      vertex 75.50651604866741 40.373201429255246 5
      vertex 42.7 28 5
    endloop
  endfacet
  facet normal 0 0 1
    outer loop
      vertex 75.50651604866741 40.373201429255246 5
      vertex 75.34943816497935 40.429404794730814 5
      vertex 42.7 28 5
    endloop
  endfacet
  facet normal 0 0 1
    outer loop
      vertex 74.5007338506078 41.19862554739581 5
      vertex 42.66733497668549 28.33165354742742 5
      vertex 74.58650165908567 41.05553060386668 5
    endloop
  endfacet
  facet normal 0 0 1
    outer loop
      vertex 74.42940479473081 41.34943816497935 5
      vertex 42.626798570744754 28.493483951332585 5
      vertex 74.5007338506078 41.19862554739581 5
    endloop
  endfacet
  facet normal 0 0 1
    outer loop
      vertex 75.1986255473958 40.500733850607794 5
      vertex 75.05553060386667 40.58650165908567 5
      vertex 42.7 28 5
    endloop
  endfacet
  facet normal 0 0 1
    outer loop
      vertex 75.05553060386667 40.58650165908567 5
      vertex 74.92153141692181 40.685882229283344 5
      vertex 42.7 28 5
    endloop
  endfacet
  facet normal 0 0 1
    outer loop
      vertex 74.92153141692181 40.685882229283344 5
      vertex 74.79791847198287 40.79791847198287 5
      vertex 42.7 28 5
    endloop
  endfacet
  facet normal 0 0 1
    outer loop
      vertex 74.68588222928335 40.9215314169218 5
      vertex 42.7 28 5
      vertex 74.79791847198287 40.79791847198287 5
    endloop
  endfacet
  facet normal 0 0 1
    outer loop
      vertex 75.34943816497935 40.429404794730814 5
      vertex 75.1986255473958 40.500733850607794 5
      vertex 42.7 28 5
    endloop
  endfacet
  facet normal 0 0 1
    outer loop
      vertex 74.58650165908567 41.05553060386668 5
      vertex 42.69181403534274 28.166629138560253 5
      vertex 74.68588222928335 40.9215314169218 5
    endloop
  endfacet
  facet normal 0 0 1
    outer loop
      vertex 89.96147781610489 46.78413712233305 5
      vertex 76.8013744526042 40.500733850607794 5
      vertex 32.41107317060232 16.440752990543842 5
    endloop
  endfacet
  facet normal 0 0 1
    outer loop
      vertex 75.83337086143975 40.30818596465726 5
      vertex 75.66834645257258 40.33266502331451 5
      vertex 42.7 28 5
    endloop
  endfacet
  facet normal 0 0 1
    outer loop
      vertex 74.37320142925525 41.506516048667415 5
      vertex 42.570595205269186 28.650561835020653 5
      vertex 74.42940479473081 41.34943816497935 5
    endloop
  endfacet
  facet normal 0 0 1
    outer loop
      vertex 74.3326650233145 41.668346452572585 5
      vertex 42.499266149392206 28.801374452604197 5
      vertex 74.37320142925525 41.506516048667415 5
    endloop
  endfacet
  facet normal 0 0 1
    outer loop
      vertex 74.30818596465727 41.83337086143975 5
      vertex 42.41349834091433 28.944469396133325 5
      vertex 74.3326650233145 41.668346452572585 5
    endloop
  endfacet
  facet normal 0 0 1
    outer loop
      vertex 74.3 42 5
      vertex 42.314117770716656 29.078468583078198 5
      vertex 74.30818596465727 41.83337086143975 5
    endloop
  endfacet
  facet normal 0 0 1
    outer loop
      vertex 90 46 5
      vertex 89.96147781610489 46.78413712233305 5
      vertex 32.41107317060232 16.440752990543842 5
    endloop
  endfacet
  facet normal 0 0 1
    outer loop
      vertex 89.96147781610489 46.78413712233305 5
      vertex 77.07846858307819 40.685882229283344 5
      vertex 76.94446939613333 40.58650165908567 5
    endloop
  endfacet
  facet normal 0 0 1
    outer loop
      vertex 89.96147781610489 46.78413712233305 5
      vertex 76.94446939613333 40.58650165908567 5
      vertex 76.8013744526042 40.500733850607794 5
    endloop
  endfacet
  facet normal 0 0 1
    outer loop
      vertex 89.96147781610489 46.78413712233305 5
      vertex 77.20208152801713 40.79791847198287 5
      vertex 77.07846858307819 40.685882229283344 5
    endloop
  endfacet
  facet normal 0 0 1
    outer loop
      vertex 89.96147781610489 46.78413712233305 5
      vertex 77.31411777071665 40.9215314169218 5
      vertex 77.20208152801713 40.79791847198287 5
    endloop
  endfacet
  facet normal 0 0 1
    outer loop
      vertex 89.96147781610489 46.78413712233305 5
      vertex 77.41349834091433 41.05553060386668 5
      vertex 77.31411777071665 40.9215314169218 5
    endloop
  endfacet
  facet normal 0 0 1
    outer loop
      vertex 89.84628224372864 47.56072257459164 5
      vertex 77.4992661493922 41.19862554739581 5
      vertex 77.41349834091433 41.05553060386668 5
    endloop
  endfacet
  facet normal 0 0 1
    outer loop
      vertex 89.84628224372864 47.56072257459164 5
      vertex 77.57059520526919 41.34943816497935 5
      vertex 77.4992661493922 41.19862554739581 5
    endloop
  endfacet
  facet normal 0 0 1
    outer loop
      vertex 89.84628224372864 47.56072257459164 5
      vertex 77.62679857074475 41.506516048667415 5
      vertex 77.57059520526919 41.34943816497935 5
    endloop
  endfacet
  facet normal 0 0 1
    outer loop
      vertex 89.84628224372864 47.56072257459164 5
      vertex 77.6673349766855 41.668346452572585 5
      vertex 77.62679857074475 41.506516048667415 5
    endloop
  endfacet
  facet normal 0 0 1
    outer loop
      vertex 89.84628224372864 47.56072257459164 5
      vertex 77.69181403534273 41.83337086143975 5
      vertex 77.6673349766855 41.668346452572585 5
    endloop
  endfacet
  facet normal 0 0 1
    outer loop
      vertex 89.84628224372864 47.56072257459164 5
      vertex 77.7 42 5
      vertex 77.69181403534273 41.83337086143975 5
    endloop
  endfacet
  facet normal 0 0 1
    outer loop
      vertex 89.84628224372864 47.56072257459164 5
      vertex 77.07846858307819 43.314117770716656 5
      vertex 77.20208152801713 43.20208152801713 5
    endloop
  endfacet
  facet normal 0 0 1
    outer loop
      vertex 89.84628224372864 47.56072257459164 5
      vertex 77.31411777071665 43.0784685830782 5
      vertex 77.41349834091433 42.94446939613332 5
    endloop
  endfacet
  facet normal 0 0 1
    outer loop
      vertex 89.84628224372864 47.56072257459164 5
      vertex 77.20208152801713 43.20208152801713 5
      vertex 77.31411777071665 43.0784685830782 5
    endloop
  endfacet
  facet normal 0 0 1
    outer loop
      vertex 89.84628224372864 47.56072257459164 5
      vertex 76 43.7 5
      vertex 76.16662913856025 43.69181403534274 5
    endloop
  endfacet
  facet normal 0 0 1
    outer loop
      vertex 89.84628224372864 47.56072257459164 5
      vertex 76.16662913856025 43.69181403534274 5
      vertex 76.33165354742742 43.66733497668549 5
    endloop
  endfacet
  facet normal 0 0 1
    outer loop
      vertex 89.84628224372864 47.56072257459164 5
      vertex 76.49348395133259 43.626798570744754 5
      vertex 76.65056183502065 43.570595205269186 5
    endloop
  endfacet
  facet normal 0 0 1
    outer loop
      vertex 89.84628224372864 47.56072257459164 5
      vertex 76.8013744526042 43.499266149392206 5
      vertex 76.94446939613333 43.41349834091433 5
    endloop
  endfacet
  facet normal 0 0 1
    outer loop
      vertex 89.84628224372864 47.56072257459164 5
      vertex 76.65056183502065 43.570595205269186 5
      vertex 76.8013744526042 43.499266149392206 5
    endloop
  endfacet
  facet normal 0 0 1
    outer loop
      vertex 89.84628224372864 47.56072257459164 5
      vertex 76.33165354742742 43.66733497668549 5
      vertex 76.49348395133259 43.626798570744754 5
    endloop
  endfacet
  facet normal 0 0 1
    outer loop
      vertex 89.84628224372864 47.56072257459164 5
      vertex 76.94446939613333 43.41349834091433 5
      vertex 77.07846858307819 43.314117770716656 5
    endloop
  endfacet
  facet normal 0 0 1
    outer loop
      vertex 89.84628224372864 47.56072257459164 5
      vertex 77.6673349766855 42.331653547427415 5
      vertex 77.69181403534273 42.16662913856025 5
    endloop
  endfacet
  facet normal 0 0 1
    outer loop
      vertex 89.84628224372864 47.56072257459164 5
      vertex 77.69181403534273 42.16662913856025 5
      vertex 77.7 42 5
    endloop
  endfacet
  facet normal 0 0 1
    outer loop
      vertex 89.84628224372864 47.56072257459164 5
      vertex 77.62679857074475 42.493483951332585 5
      vertex 77.6673349766855 42.331653547427415 5
    endloop
  endfacet
  facet normal 0 0 1
    outer loop
      vertex 89.84628224372864 47.56072257459164 5
      vertex 77.57059520526919 42.65056183502065 5
      vertex 77.62679857074475 42.493483951332585 5
    endloop
  endfacet
  facet normal 0 0 1
    outer loop
      vertex 89.84628224372864 47.56072257459164 5
      vertex 77.4992661493922 42.80137445260419 5
      vertex 77.57059520526919 42.65056183502065 5
    endloop
  endfacet
  facet normal 0 0 1
    outer loop
      vertex 89.84628224372864 47.56072257459164 5
      vertex 77.41349834091433 42.94446939613332 5
      vertex 77.4992661493922 42.80137445260419 5
    endloop
  endfacet
  facet normal 0 0 1
    outer loop
      vertex 89.96147781610489 46.78413712233305 5
      vertex 89.84628224372864 47.56072257459164 5
      vertex 77.41349834091433 41.05553060386668 5
    endloop
  endfacet
  facet normal 0.9039892934402849 0.42755509276037695 0
    outer loop
      vertex -26.64576379209757 -10.414190210402012 0
      vertex -26.771638594567776 -10.148050300776958 0
      vertex -26.771638594567776 -10.148050300776958 5
    endloop
  endfacet
  facet normal 0.6715589499566087 0.7409511297873682 0
    outer loop
      vertex -25.903179854154587 -11.319031357765198 0
      vertex -26.121320344507694 -11.121320344507694 0
      vertex -26.121320344507694 -11.121320344507694 5
    endloop
  endfacet
  facet normal 0.7409511297873682 0.6715589499566087 0
    outer loop
      vertex -26.121320344507694 -11.121320344507694 0
      vertex -26.319031357765198 -10.903179854154587 0
      vertex -26.319031357765198 -10.903179854154587 5
    endloop
  endfacet
  facet normal 0.42755509276037695 0.9039892934402849 0
    outer loop
      vertex -25.14805030077696 -11.771638594567776 0
      vertex -25.414190210402012 -11.645763792097569 0
      vertex -25.414190210402012 -11.645763792097569 5
    endloop
  endfacet
  facet normal 0.5141027407673996 0.8577286120536309 0
    outer loop
      vertex -25.414190210402012 -11.645763792097569 0
      vertex -25.666710697114468 -11.494408838450909 0
      vertex -25.666710697114468 -11.494408838450909 5
    endloop
  endfacet
  facet normal 0.59569930710104 0.8032075295459704 0
    outer loop
      vertex -25.666710697114468 -11.494408838450909 0
      vertex -25.903179854154587 -11.319031357765198 0
      vertex -25.903179854154587 -11.319031357765198 5
    endloop
  endfacet
  facet normal 0.8032075295459704 0.59569930710104 0
    outer loop
      vertex -26.319031357765198 -10.903179854154587 0
      vertex -26.49440883845091 -10.666710697114468 0
      vertex -26.49440883845091 -10.666710697114468 5
    endloop
  endfacet
  facet normal 0.8577286120536309 0.5141027407673996 0
    outer loop
      vertex -26.49440883845091 -10.666710697114468 0
      vertex -26.64576379209757 -10.414190210402012 0
      vertex -26.64576379209757 -10.414190210402012 5
    endloop
  endfacet
  facet normal 0.24298017786540685 0.9700312537050005 0
    outer loop
      vertex -24.58527096360922 -11.94235584139824 0
      vertex -24.870854035019875 -11.870821006596088 0
      vertex -24.870854035019875 -11.870821006596088 5
    endloop
  endfacet
  facet normal 0.14673047975168188 0.9891765091791461 0
    outer loop
      vertex -24.29405142366886 -11.985554181039333 0
      vertex -24.58527096360922 -11.94235584139824 0
      vertex -24.58527096360922 -11.94235584139824 5
    endloop
  endfacet
  facet normal 0.0490676704157047 0.9987954563973426 0
    outer loop
      vertex -24 -12 0
      vertex -24.29405142366886 -11.985554181039333 0
      vertex -24.29405142366886 -11.985554181039333 5
    endloop
  endfacet
  facet normal 0.3368898600571533 0.9415440627982695 0
    outer loop
      vertex -24.870854035019875 -11.870821006596088 0
      vertex -25.14805030077696 -11.771638594567776 0
      vertex -25.14805030077696 -11.771638594567776 5
    endloop
  endfacet
  facet normal 0.9415440627982695 0.3368898600571533 0
    outer loop
      vertex -26.771638594567776 -10.148050300776958 0
      vertex -26.87082100659609 -9.870854035019875 0
      vertex -26.87082100659609 -9.870854035019875 5
    endloop
  endfacet
  facet normal 0.9700312537050005 0.24298017786540685 0
    outer loop
      vertex -26.87082100659609 -9.870854035019875 0
      vertex -26.94235584139824 -9.585270963609219 0
      vertex -26.94235584139824 -9.585270963609219 5
    endloop
  endfacet
  facet normal 0.9891765091791461 0.14673047975168188 0
    outer loop
      vertex -26.94235584139824 -9.585270963609219 0
      vertex -26.985554181039333 -9.294051423668861 0
      vertex -26.985554181039333 -9.294051423668861 5
    endloop
  endfacet
  facet normal 0.9987954563973426 0.0490676704157047 0
    outer loop
      vertex -26.985554181039333 -9.294051423668861 0
      vertex -27 -9 0
      vertex -27 -9 5
    endloop
  endfacet
  facet normal 0 1 0
    outer loop
      vertex -24 -12 0
      vertex -24 -12 5
      vertex 24 -12 0
    endloop
  endfacet
  facet normal 0.7409511297873682 0.6715589499566087 0
    outer loop
      vertex -26.121320344507694 -11.121320344507694 0
      vertex -26.319031357765198 -10.903179854154587 5
      vertex -26.121320344507694 -11.121320344507694 5
    endloop
  endfacet
  facet normal 0.59569930710104 0.8032075295459704 0
    outer loop
      vertex -25.666710697114468 -11.494408838450909 0
      vertex -25.903179854154587 -11.319031357765198 5
      vertex -25.666710697114468 -11.494408838450909 5
    endloop
  endfacet
  facet normal 0.5141027407673996 0.8577286120536309 0
    outer loop
      vertex -25.414190210402012 -11.645763792097569 0
      vertex -25.666710697114468 -11.494408838450909 5
      vertex -25.414190210402012 -11.645763792097569 5
    endloop
  endfacet
  facet normal 0.6715589499566087 0.7409511297873682 0
    outer loop
      vertex -25.903179854154587 -11.319031357765198 0
      vertex -26.121320344507694 -11.121320344507694 5
      vertex -25.903179854154587 -11.319031357765198 5
    endloop
  endfacet
  facet normal 0.8032075295459704 0.59569930710104 0
    outer loop
      vertex -26.319031357765198 -10.903179854154587 0
      vertex -26.49440883845091 -10.666710697114468 5
      vertex -26.319031357765198 -10.903179854154587 5
    endloop
  endfacet
  facet normal 0.8577286120536309 0.5141027407673996 0
    outer loop
      vertex -26.49440883845091 -10.666710697114468 0
      vertex -26.64576379209757 -10.414190210402012 5
      vertex -26.49440883845091 -10.666710697114468 5
    endloop
  endfacet
  facet normal 0.9039892934402849 0.42755509276037695 0
    outer loop
      vertex -26.64576379209757 -10.414190210402012 0
      vertex -26.771638594567776 -10.148050300776958 5
      vertex -26.64576379209757 -10.414190210402012 5
    endloop
  endfacet
  facet normal 0.3368898600571533 0.9415440627982695 0
    outer loop
      vertex -24.870854035019875 -11.870821006596088 0
      vertex -25.14805030077696 -11.771638594567776 5
      vertex -24.870854035019875 -11.870821006596088 5
    endloop
  endfacet
  facet normal 0.24298017786540685 0.9700312537050005 0
    outer loop
      vertex -24.58527096360922 -11.94235584139824 0
      vertex -24.870854035019875 -11.870821006596088 5
      vertex -24.58527096360922 -11.94235584139824 5
    endloop
  endfacet
  facet normal 0.14673047975168188 0.9891765091791461 0
    outer loop
      vertex -24.58527096360922 -11.94235584139824 5
      vertex -24.29405142366886 -11.985554181039333 5
      vertex -24.29405142366886 -11.985554181039333 0
    endloop
  endfacet
  facet normal 0.0490676704157047 0.9987954563973426 0
    outer loop
      vertex -24.29405142366886 -11.985554181039333 5
      vertex -24 -12 5
      vertex -24 -12 0
    endloop
  endfacet
  facet normal 0.42755509276037695 0.9039892934402849 0
    outer loop
      vertex -25.14805030077696 -11.771638594567776 0
      vertex -25.414190210402012 -11.645763792097569 5
      vertex -25.14805030077696 -11.771638594567776 5
    endloop
  endfacet
  facet normal 0.9415440627982695 0.3368898600571533 0
    outer loop
      vertex -26.771638594567776 -10.148050300776958 0
      vertex -26.87082100659609 -9.870854035019875 5
      vertex -26.771638594567776 -10.148050300776958 5
    endloop
  endfacet
  facet normal 0.9700312537050005 0.24298017786540685 0
    outer loop
      vertex -26.87082100659609 -9.870854035019875 0
      vertex -26.94235584139824 -9.585270963609219 5
      vertex -26.87082100659609 -9.870854035019875 5
    endloop
  endfacet
  facet normal 0.9891765091791461 0.14673047975168188 0
    outer loop
      vertex -26.94235584139824 -9.585270963609219 0
      vertex -26.985554181039333 -9.294051423668861 5
      vertex -26.94235584139824 -9.585270963609219 5
    endloop
  endfacet
  facet normal 0.9987954563973426 0.0490676704157047 0
    outer loop
      vertex -26.985554181039333 -9.294051423668861 0
      vertex -27 -9 5
      vertex -26.985554181039333 -9.294051423668861 5
    endloop
  endfacet
  facet normal 1 0 0
    outer loop
      vertex -27 -9 5
      vertex -27 -9 0
      vertex -27 9 5
    endloop
  endfacet
  facet normal 1 0 0
    outer loop
      vertex -27 -9 0
      vertex -27 9 0
      vertex -27 9 5
    endloop
  endfacet
  facet normal 0.9987954563973426 -0.0490676704157047 0
    outer loop
      vertex -27 9 0
      vertex -26.985554181039333 9.294051423668861 0
      vertex -26.985554181039333 9.294051423668861 5
    endloop
  endfacet
  facet normal 0.9891765091791461 -0.14673047975168188 0
    outer loop
      vertex -26.985554181039333 9.294051423668861 0
      vertex -26.94235584139824 9.585270963609219 0
      vertex -26.94235584139824 9.585270963609219 5
    endloop
  endfacet
  facet normal 0.9700312537050005 -0.24298017786540685 0
    outer loop
      vertex -26.94235584139824 9.585270963609219 0
      vertex -26.87082100659609 9.870854035019875 0
      vertex -26.87082100659609 9.870854035019875 5
    endloop
  endfacet
  facet normal 0.9415440627982695 -0.3368898600571533 0
    outer loop
      vertex -26.87082100659609 9.870854035019875 0
      vertex -26.771638594567776 10.148050300776958 0
      vertex -26.771638594567776 10.148050300776958 5
    endloop
  endfacet
  facet normal 0.9039892934402849 -0.42755509276037695 0
    outer loop
      vertex -26.771638594567776 10.148050300776958 0
      vertex -26.64576379209757 10.414190210402012 0
      vertex -26.64576379209757 10.414190210402012 5
    endloop
  endfacet
  facet normal 0.8577286120536309 -0.5141027407673996 0
    outer loop
      vertex -26.64576379209757 10.414190210402012 0
      vertex -26.49440883845091 10.666710697114468 0
      vertex -26.49440883845091 10.666710697114468 5
    endloop
  endfacet
  facet normal 0.8032075295459704 -0.59569930710104 0
    outer loop
      vertex -26.49440883845091 10.666710697114468 0
      vertex -26.319031357765198 10.903179854154587 0
      vertex -26.319031357765198 10.903179854154587 5
    endloop
  endfacet
  facet normal 0.7409511297873682 -0.6715589499566087 0
    outer loop
      vertex -26.319031357765198 10.903179854154587 0
      vertex -26.121320344507694 11.121320344507694 0
      vertex -26.121320344507694 11.121320344507694 5
    endloop
  endfacet
  facet normal 0.6715589499566087 -0.7409511297873682 0
    outer loop
      vertex -26.121320344507694 11.121320344507694 0
      vertex -25.903179854154587 11.319031357765198 0
      vertex -25.903179854154587 11.319031357765198 5
    endloop
  endfacet
  facet normal 0.59569930710104 -0.8032075295459704 0
    outer loop
      vertex -25.903179854154587 11.319031357765198 0
      vertex -25.666710697114468 11.494408838450909 0
      vertex -25.666710697114468 11.494408838450909 5
    endloop
  endfacet
  facet normal 0.5141027407673996 -0.8577286120536309 0
    outer loop
      vertex -25.666710697114468 11.494408838450909 0
      vertex -25.414190210402012 11.645763792097569 0
      vertex -25.414190210402012 11.645763792097569 5
    endloop
  endfacet
  facet normal 0.42755509276037695 -0.9039892934402849 0
    outer loop
      vertex -25.414190210402012 11.645763792097569 0
      vertex -25.14805030077696 11.771638594567776 0
      vertex -25.14805030077696 11.771638594567776 5
    endloop
  endfacet
  facet normal 0.3368898600571533 -0.9415440627982695 0
    outer loop
      vertex -25.14805030077696 11.771638594567776 0
      vertex -24.870854035019875 11.870821006596088 0
      vertex -24.870854035019875 11.870821006596088 5
    endloop
  endfacet
  facet normal 0.24298017786540685 -0.9700312537050005 0
    outer loop
      vertex -24.870854035019875 11.870821006596088 0
      vertex -24.58527096360922 11.94235584139824 0
      vertex -24.58527096360922 11.94235584139824 5
    endloop
  endfacet
  facet normal 0.14673047975168188 -0.9891765091791461 0
    outer loop
      vertex -24.58527096360922 11.94235584139824 0
      vertex -24.29405142366886 11.985554181039333 0
      vertex -24.29405142366886 11.985554181039333 5
    endloop
  endfacet
  facet normal 0.0490676704157047 -0.9987954563973426 0
    outer loop
      vertex -24.29405142366886 11.985554181039333 0
      vertex -24 12 0
      vertex -24 12 5
    endloop
  endfacet
  facet normal 0.9987954563973426 -0.0490676704157047 0
    outer loop
      vertex -27 9 0
      vertex -26.985554181039333 9.294051423668861 5
      vertex -27 9 5
    endloop
  endfacet
  facet normal 0.9891765091791461 -0.14673047975168188 0
    outer loop
      vertex -26.985554181039333 9.294051423668861 0
      vertex -26.94235584139824 9.585270963609219 5
      vertex -26.985554181039333 9.294051423668861 5
    endloop
  endfacet
  facet normal 0.9700312537050005 -0.24298017786540685 0
    outer loop
      vertex -26.94235584139824 9.585270963609219 0
      vertex -26.87082100659609 9.870854035019875 5
      vertex -26.94235584139824 9.585270963609219 5
    endloop
  endfacet
  facet normal 0.9415440627982695 -0.3368898600571533 0
    outer loop
      vertex -26.87082100659609 9.870854035019875 0
      vertex -26.771638594567776 10.148050300776958 5
      vertex -26.87082100659609 9.870854035019875 5
    endloop
  endfacet
  facet normal 0.9039892934402849 -0.42755509276037695 0
    outer loop
      vertex -26.771638594567776 10.148050300776958 0
      vertex -26.64576379209757 10.414190210402012 5
      vertex -26.771638594567776 10.148050300776958 5
    endloop
  endfacet
  facet normal 0.8577286120536309 -0.5141027407673996 0
    outer loop
      vertex -26.64576379209757 10.414190210402012 0
      vertex -26.49440883845091 10.666710697114468 5
      vertex -26.64576379209757 10.414190210402012 5
    endloop
  endfacet
  facet normal 0.8032075295459704 -0.59569930710104 0
    outer loop
      vertex -26.49440883845091 10.666710697114468 0
      vertex -26.319031357765198 10.903179854154587 5
      vertex -26.49440883845091 10.666710697114468 5
    endloop
  endfacet
  facet normal 0.7409511297873682 -0.6715589499566087 0
    outer loop
      vertex -26.319031357765198 10.903179854154587 0
      vertex -26.121320344507694 11.121320344507694 5
      vertex -26.319031357765198 10.903179854154587 5
    endloop
  endfacet
  facet normal 0.6715589499566087 -0.7409511297873682 0
    outer loop
      vertex -26.121320344507694 11.121320344507694 0
      vertex -25.903179854154587 11.319031357765198 5
      vertex -26.121320344507694 11.121320344507694 5
    endloop
  endfacet
  facet normal 0.59569930710104 -0.8032075295459704 0
    outer loop
      vertex -25.903179854154587 11.319031357765198 0
      vertex -25.666710697114468 11.494408838450909 5
      vertex -25.903179854154587 11.319031357765198 5
    endloop
  endfacet
  facet normal 0.5141027407673996 -0.8577286120536309 0
    outer loop
      vertex -25.666710697114468 11.494408838450909 0
      vertex -25.414190210402012 11.645763792097569 5
      vertex -25.666710697114468 11.494408838450909 5
    endloop
  endfacet
  facet normal 0.42755509276037695 -0.9039892934402849 0
    outer loop
      vertex -25.414190210402012 11.645763792097569 0
      vertex -25.14805030077696 11.771638594567776 5
      vertex -25.414190210402012 11.645763792097569 5
    endloop
  endfacet
  facet normal 0.3368898600571533 -0.9415440627982695 0
    outer loop
      vertex -25.14805030077696 11.771638594567776 0
      vertex -24.870854035019875 11.870821006596088 5
      vertex -25.14805030077696 11.771638594567776 5
    endloop
  endfacet
  facet normal 0.24298017786540685 -0.9700312537050005 0
    outer loop
      vertex -24.870854035019875 11.870821006596088 0
      vertex -24.58527096360922 11.94235584139824 5
      vertex -24.870854035019875 11.870821006596088 5
    endloop
  endfacet
  facet normal 0.14673047975168188 -0.9891765091791461 0
    outer loop
      vertex -24.58527096360922 11.94235584139824 0
      vertex -24.29405142366886 11.985554181039333 5
      vertex -24.58527096360922 11.94235584139824 5
    endloop
  endfacet
  facet normal 0.0490676704157047 -0.9987954563973426 0
    outer loop
      vertex -24.29405142366886 11.985554181039333 0
      vertex -24 12 5
      vertex -24.29405142366886 11.985554181039333 5
    endloop
  endfacet
  facet normal 0 -1 0
    outer loop
      vertex 24 12 5
      vertex -24 12 5
      vertex -24 12 0
    endloop
  endfacet
  facet normal -0.0490676704157047 0.9987954563973426 0
    outer loop
      vertex 24.29405142366886 -11.985554181039333 0
      vertex 24 -12 0
      vertex 24 -12 5
    endloop
  endfacet
  facet normal -0.14673047975168188 0.9891765091791461 0
    outer loop
      vertex 24.58527096360922 -11.94235584139824 0
      vertex 24.29405142366886 -11.985554181039333 0
      vertex 24.29405142366886 -11.985554181039333 5
    endloop
  endfacet
  facet normal -0.24298017786540685 0.9700312537050005 0
    outer loop
      vertex 24.870854035019875 -11.870821006596088 0
      vertex 24.58527096360922 -11.94235584139824 0
      vertex 24.58527096360922 -11.94235584139824 5
    endloop
  endfacet
  facet normal -0.3368898600571533 0.9415440627982695 0
    outer loop
      vertex 25.14805030077696 -11.771638594567776 0
      vertex 24.870854035019875 -11.870821006596088 0
      vertex 24.870854035019875 -11.870821006596088 5
    endloop
  endfacet
  facet normal -0.42755509276037695 0.9039892934402849 0
    outer loop
      vertex 25.414190210402012 -11.645763792097569 0
      vertex 25.14805030077696 -11.771638594567776 0
      vertex 25.14805030077696 -11.771638594567776 5
    endloop
  endfacet
  facet normal -0.5141027407673996 0.8577286120536309 0
    outer loop
      vertex 25.666710697114468 -11.494408838450909 0
      vertex 25.414190210402012 -11.645763792097569 0
      vertex 25.414190210402012 -11.645763792097569 5
    endloop
  endfacet
  facet normal -0.59569930710104 0.8032075295459704 0
    outer loop
      vertex 25.903179854154587 -11.319031357765198 0
      vertex 25.666710697114468 -11.494408838450909 0
      vertex 25.666710697114468 -11.494408838450909 5
    endloop
  endfacet
  facet normal -0.6715589499566087 0.7409511297873682 0
    outer loop
      vertex 26.121320344507694 -11.121320344507694 0
      vertex 25.903179854154587 -11.319031357765198 0
      vertex 25.903179854154587 -11.319031357765198 5
    endloop
  endfacet
  facet normal -0.7409511297873682 0.6715589499566087 0
    outer loop
      vertex 26.319031357765198 -10.903179854154587 0
      vertex 26.121320344507694 -11.121320344507694 0
      vertex 26.121320344507694 -11.121320344507694 5
    endloop
  endfacet
  facet normal -0.8032075295459704 0.59569930710104 0
    outer loop
      vertex 26.49440883845091 -10.666710697114468 0
      vertex 26.319031357765198 -10.903179854154587 0
      vertex 26.319031357765198 -10.903179854154587 5
    endloop
  endfacet
  facet normal -0.8577286120536309 0.5141027407673996 0
    outer loop
      vertex 26.64576379209757 -10.414190210402012 0
      vertex 26.49440883845091 -10.666710697114468 0
      vertex 26.49440883845091 -10.666710697114468 5
    endloop
  endfacet
  facet normal -0.9039892934402849 0.42755509276037695 0
    outer loop
      vertex 26.771638594567776 -10.148050300776958 0
      vertex 26.64576379209757 -10.414190210402012 0
      vertex 26.64576379209757 -10.414190210402012 5
    endloop
  endfacet
  facet normal -0.9415440627982695 0.3368898600571533 0
    outer loop
      vertex 26.87082100659609 -9.870854035019875 0
      vertex 26.771638594567776 -10.148050300776958 0
      vertex 26.771638594567776 -10.148050300776958 5
    endloop
  endfacet
  facet normal -0.9700312537050005 0.24298017786540685 0
    outer loop
      vertex 26.94235584139824 -9.585270963609219 0
      vertex 26.87082100659609 -9.870854035019875 0
      vertex 26.87082100659609 -9.870854035019875 5
    endloop
  endfacet
  facet normal -0.9891765091791461 0.14673047975168188 0
    outer loop
      vertex 26.985554181039333 -9.294051423668861 0
      vertex 26.94235584139824 -9.585270963609219 0
      vertex 26.94235584139824 -9.585270963609219 5
    endloop
  endfacet
  facet normal -0.9987954563973426 0.0490676704157047 0
    outer loop
      vertex 27 -9 0
      vertex 26.985554181039333 -9.294051423668861 0
      vertex 26.985554181039333 -9.294051423668861 5
    endloop
  endfacet
  facet normal -1 0 0
    outer loop
      vertex 27 -9 0
      vertex 27 -9 5
      vertex 27 9 0
    endloop
  endfacet
  facet normal 0 1 0
    outer loop
      vertex -24 -12 5
      vertex 24 -12 5
      vertex 24 -12 0
    endloop
  endfacet
  facet normal -0.0490676704157047 0.9987954563973426 0
    outer loop
      vertex 24.29405142366886 -11.985554181039333 0
      vertex 24 -12 5
      vertex 24.29405142366886 -11.985554181039333 5
    endloop
  endfacet
  facet normal -0.14673047975168188 0.9891765091791461 0
    outer loop
      vertex 24.58527096360922 -11.94235584139824 0
      vertex 24.29405142366886 -11.985554181039333 5
      vertex 24.58527096360922 -11.94235584139824 5
    endloop
  endfacet
  facet normal -0.24298017786540685 0.9700312537050005 0
    outer loop
      vertex 24.870854035019875 -11.870821006596088 0
      vertex 24.58527096360922 -11.94235584139824 5
      vertex 24.870854035019875 -11.870821006596088 5
    endloop
  endfacet
  facet normal -0.3368898600571533 0.9415440627982695 0
    outer loop
      vertex 25.14805030077696 -11.771638594567776 0
      vertex 24.870854035019875 -11.870821006596088 5
      vertex 25.14805030077696 -11.771638594567776 5
    endloop
  endfacet
  facet normal -0.42755509276037695 0.9039892934402849 0
    outer loop
      vertex 25.414190210402012 -11.645763792097569 0
      vertex 25.14805030077696 -11.771638594567776 5
      vertex 25.414190210402012 -11.645763792097569 5
    endloop
  endfacet
  facet normal -0.5141027407673996 0.8577286120536309 0
    outer loop
      vertex 25.666710697114468 -11.494408838450909 0
      vertex 25.414190210402012 -11.645763792097569 5
      vertex 25.666710697114468 -11.494408838450909 5
    endloop
  endfacet
  facet normal -0.59569930710104 0.8032075295459704 0
    outer loop
      vertex 25.903179854154587 -11.319031357765198 0
      vertex 25.666710697114468 -11.494408838450909 5
      vertex 25.903179854154587 -11.319031357765198 5
    endloop
  endfacet
  facet normal -0.6715589499566087 0.7409511297873682 0
    outer loop
      vertex 26.121320344507694 -11.121320344507694 0
      vertex 25.903179854154587 -11.319031357765198 5
      vertex 26.121320344507694 -11.121320344507694 5
    endloop
  endfacet
  facet normal -0.7409511297873682 0.6715589499566087 0
    outer loop
      vertex 26.319031357765198 -10.903179854154587 0
      vertex 26.121320344507694 -11.121320344507694 5
      vertex 26.319031357765198 -10.903179854154587 5
    endloop
  endfacet
  facet normal -0.8032075295459704 0.59569930710104 0
    outer loop
      vertex 26.49440883845091 -10.666710697114468 0
      vertex 26.319031357765198 -10.903179854154587 5
      vertex 26.49440883845091 -10.666710697114468 5
    endloop
  endfacet
  facet normal -0.8577286120536309 0.5141027407673996 0
    outer loop
      vertex 26.64576379209757 -10.414190210402012 0
      vertex 26.49440883845091 -10.666710697114468 5
      vertex 26.64576379209757 -10.414190210402012 5
    endloop
  endfacet
  facet normal -0.9039892934402849 0.42755509276037695 0
    outer loop
      vertex 26.771638594567776 -10.148050300776958 0
      vertex 26.64576379209757 -10.414190210402012 5
      vertex 26.771638594567776 -10.148050300776958 5
    endloop
  endfacet
  facet normal -0.9415440627982695 0.3368898600571533 0
    outer loop
      vertex 26.87082100659609 -9.870854035019875 0
      vertex 26.771638594567776 -10.148050300776958 5
      vertex 26.87082100659609 -9.870854035019875 5
    endloop
  endfacet
  facet normal -0.9700312537050005 0.24298017786540685 0
    outer loop
      vertex 26.94235584139824 -9.585270963609219 0
      vertex 26.87082100659609 -9.870854035019875 5
      vertex 26.94235584139824 -9.585270963609219 5
    endloop
  endfacet
  facet normal -0.9891765091791461 0.14673047975168188 0
    outer loop
      vertex 26.985554181039333 -9.294051423668861 0
      vertex 26.94235584139824 -9.585270963609219 5
      vertex 26.985554181039333 -9.294051423668861 5
    endloop
  endfacet
  facet normal -0.9987954563973426 0.0490676704157047 0
    outer loop
      vertex 27 -9 0
      vertex 26.985554181039333 -9.294051423668861 5
      vertex 27 -9 5
    endloop
  endfacet
  facet normal 0 -1 0
    outer loop
      vertex 24 12 0
      vertex 24 12 5
      vertex -24 12 0
    endloop
  endfacet
  facet normal -0.9987954563973426 -0.0490676704157047 0
    outer loop
      vertex 26.985554181039333 9.294051423668861 0
      vertex 27 9 0
      vertex 27 9 5
    endloop
  endfacet
  facet normal -0.9891765091791461 -0.14673047975168188 0
    outer loop
      vertex 26.94235584139824 9.585270963609219 0
      vertex 26.985554181039333 9.294051423668861 0
      vertex 26.985554181039333 9.294051423668861 5
    endloop
  endfacet
  facet normal -0.9700312537050005 -0.24298017786540685 0
    outer loop
      vertex 26.87082100659609 9.870854035019875 0
      vertex 26.94235584139824 9.585270963609219 0
      vertex 26.94235584139824 9.585270963609219 5
    endloop
  endfacet
  facet normal -0.9415440627982695 -0.3368898600571533 0
    outer loop
      vertex 26.771638594567776 10.148050300776958 0
      vertex 26.87082100659609 9.870854035019875 0
      vertex 26.87082100659609 9.870854035019875 5
    endloop
  endfacet
  facet normal -0.3368898600571533 -0.9415440627982695 0
    outer loop
      vertex 24.870854035019875 11.870821006596088 0
      vertex 25.14805030077696 11.771638594567776 0
      vertex 25.14805030077696 11.771638594567776 5
    endloop
  endfacet
  facet normal -0.0490676704157047 -0.9987954563973426 0
    outer loop
      vertex 24 12 0
      vertex 24.29405142366886 11.985554181039333 0
      vertex 24.29405142366886 11.985554181039333 5
    endloop
  endfacet
  facet normal -0.14673047975168188 -0.9891765091791461 0
    outer loop
      vertex 24.29405142366886 11.985554181039333 0
      vertex 24.58527096360922 11.94235584139824 0
      vertex 24.58527096360922 11.94235584139824 5
    endloop
  endfacet
  facet normal -0.24298017786540685 -0.9700312537050005 0
    outer loop
      vertex 24.58527096360922 11.94235584139824 0
      vertex 24.870854035019875 11.870821006596088 0
      vertex 24.870854035019875 11.870821006596088 5
    endloop
  endfacet
  facet normal -0.8577286120536309 -0.5141027407673996 0
    outer loop
      vertex 26.49440883845091 10.666710697114468 0
      vertex 26.64576379209757 10.414190210402012 0
      vertex 26.64576379209757 10.414190210402012 5
    endloop
  endfacet
  facet normal -0.8032075295459704 -0.59569930710104 0
    outer loop
      vertex 26.319031357765198 10.903179854154587 0
      vertex 26.49440883845091 10.666710697114468 0
      vertex 26.49440883845091 10.666710697114468 5
    endloop
  endfacet
  facet normal -0.59569930710104 -0.8032075295459704 0
    outer loop
      vertex 25.666710697114468 11.494408838450909 0
      vertex 25.903179854154587 11.319031357765198 0
      vertex 25.903179854154587 11.319031357765198 5
    endloop
  endfacet
  facet normal -0.5141027407673996 -0.8577286120536309 0
    outer loop
      vertex 25.414190210402012 11.645763792097569 0
      vertex 25.666710697114468 11.494408838450909 0
      vertex 25.666710697114468 11.494408838450909 5
    endloop
  endfacet
  facet normal -0.42755509276037695 -0.9039892934402849 0
    outer loop
      vertex 25.14805030077696 11.771638594567776 0
      vertex 25.414190210402012 11.645763792097569 0
      vertex 25.414190210402012 11.645763792097569 5
    endloop
  endfacet
  facet normal -0.7409511297873682 -0.6715589499566087 0
    outer loop
      vertex 26.121320344507694 11.121320344507694 0
      vertex 26.319031357765198 10.903179854154587 0
      vertex 26.319031357765198 10.903179854154587 5
    endloop
  endfacet
  facet normal -0.6715589499566087 -0.7409511297873682 0
    outer loop
      vertex 25.903179854154587 11.319031357765198 0
      vertex 26.121320344507694 11.121320344507694 0
      vertex 26.121320344507694 11.121320344507694 5
    endloop
  endfacet
  facet normal -0.9039892934402849 -0.42755509276037695 0
    outer loop
      vertex 26.64576379209757 10.414190210402012 0
      vertex 26.771638594567776 10.148050300776958 0
      vertex 26.771638594567776 10.148050300776958 5
    endloop
  endfacet
  facet normal -1 0 0
    outer loop
      vertex 27 9 0
      vertex 27 -9 5
      vertex 27 9 5
    endloop
  endfacet
  facet normal -0.9987954563973426 -0.0490676704157047 0
    outer loop
      vertex 26.985554181039333 9.294051423668861 0
      vertex 27 9 5
      vertex 26.985554181039333 9.294051423668861 5
    endloop
  endfacet
  facet normal -0.9891765091791461 -0.14673047975168188 0
    outer loop
      vertex 26.94235584139824 9.585270963609219 0
      vertex 26.985554181039333 9.294051423668861 5
      vertex 26.94235584139824 9.585270963609219 5
    endloop
  endfacet
  facet normal -0.9700312537050005 -0.24298017786540685 0
    outer loop
      vertex 26.87082100659609 9.870854035019875 0
      vertex 26.94235584139824 9.585270963609219 5
      vertex 26.87082100659609 9.870854035019875 5
    endloop
  endfacet
  facet normal -0.9415440627982695 -0.3368898600571533 0
    outer loop
      vertex 26.771638594567776 10.148050300776958 0
      vertex 26.87082100659609 9.870854035019875 5
      vertex 26.771638594567776 10.148050300776958 5
    endloop
  endfacet
  facet normal -0.42755509276037695 -0.9039892934402849 0
    outer loop
      vertex 25.14805030077696 11.771638594567776 0
      vertex 25.414190210402012 11.645763792097569 5
      vertex 25.14805030077696 11.771638594567776 5
    endloop
  endfacet
  facet normal -0.0490676704157047 -0.9987954563973426 0
    outer loop
      vertex 24.29405142366886 11.985554181039333 5
      vertex 24 12 5
      vertex 24 12 0
    endloop
  endfacet
  facet normal -0.14673047975168188 -0.9891765091791461 0
    outer loop
      vertex 24.58527096360922 11.94235584139824 5
      vertex 24.29405142366886 11.985554181039333 5
      vertex 24.29405142366886 11.985554181039333 0
    endloop
  endfacet
  facet normal -0.24298017786540685 -0.9700312537050005 0
    outer loop
      vertex 24.58527096360922 11.94235584139824 0
      vertex 24.870854035019875 11.870821006596088 5
      vertex 24.58527096360922 11.94235584139824 5
    endloop
  endfacet
  facet normal -0.3368898600571533 -0.9415440627982695 0
    outer loop
      vertex 24.870854035019875 11.870821006596088 0
      vertex 25.14805030077696 11.771638594567776 5
      vertex 24.870854035019875 11.870821006596088 5
    endloop
  endfacet
  facet normal -0.9039892934402849 -0.42755509276037695 0
    outer loop
      vertex 26.64576379209757 10.414190210402012 0
      vertex 26.771638594567776 10.148050300776958 5
      vertex 26.64576379209757 10.414190210402012 5
    endloop
  endfacet
  facet normal -0.8577286120536309 -0.5141027407673996 0
    outer loop
      vertex 26.49440883845091 10.666710697114468 0
      vertex 26.64576379209757 10.414190210402012 5
      vertex 26.49440883845091 10.666710697114468 5
    endloop
  endfacet
  facet normal -0.8032075295459704 -0.59569930710104 0
    outer loop
      vertex 26.319031357765198 10.903179854154587 0
      vertex 26.49440883845091 10.666710697114468 5
      vertex 26.319031357765198 10.903179854154587 5
    endloop
  endfacet
  facet normal -0.6715589499566087 -0.7409511297873682 0
    outer loop
      vertex 25.903179854154587 11.319031357765198 0
      vertex 26.121320344507694 11.121320344507694 5
      vertex 25.903179854154587 11.319031357765198 5
    endloop
  endfacet
  facet normal -0.5141027407673996 -0.8577286120536309 0
    outer loop
      vertex 25.414190210402012 11.645763792097569 0
      vertex 25.666710697114468 11.494408838450909 5
      vertex 25.414190210402012 11.645763792097569 5
    endloop
  endfacet
  facet normal -0.59569930710104 -0.8032075295459704 0
    outer loop
      vertex 25.666710697114468 11.494408838450909 0
      vertex 25.903179854154587 11.319031357765198 5
      vertex 25.666710697114468 11.494408838450909 5
    endloop
  endfacet
  facet normal -0.7409511297873682 -0.6715589499566087 0
    outer loop
      vertex 26.121320344507694 11.121320344507694 0
      vertex 26.319031357765198 10.903179854154587 5
      vertex 26.121320344507694 11.121320344507694 5
    endloop
  endfacet
endsolid OpenSCAD_Model
