solid OpenSCAD_Model
  facet normal 0.146629 -0.989192 0
    outer loop
      vertex -62.6987 -59.9942 45
      vertex -62.4754 -59.9611 49.5
      vertex -62.6987 -59.9942 49.5
    endloop
  endfacet
  facet normal 0.146629 -0.989192 0
    outer loop
      vertex -62.4754 -59.9611 49.5
      vertex -62.6987 -59.9942 45
      vertex -62.4754 -59.9611 45
    endloop
  endfacet
  facet normal -0.989192 -0.146629 0
    outer loop
      vertex -59.9611 -62.0246 45
      vertex -59.9942 -61.8013 49.5
      vertex -59.9942 -61.8013 45
    endloop
  endfacet
  facet normal -0.989192 -0.146629 0
    outer loop
      vertex -59.9942 -61.8013 49.5
      vertex -59.9611 -62.0246 45
      vertex -59.9611 -62.0246 49.5
    endloop
  endfacet
  facet normal -0.99879 -0.0491862 0
    outer loop
      vertex -59.95 -62.25 45
      vertex -59.9611 -62.0246 49.5
      vertex -59.9611 -62.0246 45
    endloop
  endfacet
  facet normal -0.99879 -0.0491862 0
    outer loop
      vertex -59.9611 -62.0246 49.5
      vertex -59.95 -62.25 45
      vertex -59.95 -62.25 49.5
    endloop
  endfacet
  facet normal -0.97009 -0.242744 0
    outer loop
      vertex -59.9942 -61.8013 45
      vertex -60.049 -61.5823 49.5
      vertex -60.049 -61.5823 45
    endloop
  endfacet
  facet normal -0.97009 -0.242744 0
    outer loop
      vertex -60.049 -61.5823 49.5
      vertex -59.9942 -61.8013 45
      vertex -59.9942 -61.8013 49.5
    endloop
  endfacet
  facet normal -0.99879 0.0491862 0
    outer loop
      vertex -59.9611 -62.4754 45
      vertex -59.95 -62.25 49.5
      vertex -59.95 -62.25 45
    endloop
  endfacet
  facet normal -0.99879 0.0491862 0
    outer loop
      vertex -59.95 -62.25 49.5
      vertex -59.9611 -62.4754 45
      vertex -59.9611 -62.4754 49.5
    endloop
  endfacet
  facet normal 0.33715 -0.941451 0
    outer loop
      vertex -63.1302 -60.1251 45
      vertex -62.9177 -60.049 49.5
      vertex -63.1302 -60.1251 49.5
    endloop
  endfacet
  facet normal 0.33715 -0.941451 0
    outer loop
      vertex -62.9177 -60.049 49.5
      vertex -63.1302 -60.1251 45
      vertex -62.9177 -60.049 45
    endloop
  endfacet
  facet normal -0.941451 0.33715 0
    outer loop
      vertex -60.1251 -63.1302 45
      vertex -60.049 -62.9177 49.5
      vertex -60.049 -62.9177 45
    endloop
  endfacet
  facet normal -0.941451 0.33715 0
    outer loop
      vertex -60.049 -62.9177 49.5
      vertex -60.1251 -63.1302 45
      vertex -60.1251 -63.1302 49.5
    endloop
  endfacet
  facet normal -0.671702 0.740822 0
    outer loop
      vertex -60.6237 -63.8763 45
      vertex -60.7909 -64.0279 49.5
      vertex -60.6237 -63.8763 49.5
    endloop
  endfacet
  facet normal -0.671702 0.740822 0
    outer loop
      vertex -60.7909 -64.0279 49.5
      vertex -60.6237 -63.8763 45
      vertex -60.7909 -64.0279 45
    endloop
  endfacet
  facet normal -0.33715 -0.941451 0
    outer loop
      vertex -61.5823 -60.049 45
      vertex -61.3698 -60.1251 49.5
      vertex -61.5823 -60.049 49.5
    endloop
  endfacet
  facet normal -0.33715 -0.941451 -0
    outer loop
      vertex -61.3698 -60.1251 49.5
      vertex -61.5823 -60.049 45
      vertex -61.3698 -60.1251 45
    endloop
  endfacet
  facet normal -0.803125 -0.59581 0
    outer loop
      vertex -60.3376 -60.9722 45
      vertex -60.4721 -60.7909 49.5
      vertex -60.4721 -60.7909 45
    endloop
  endfacet
  facet normal -0.803125 -0.59581 0
    outer loop
      vertex -60.4721 -60.7909 49.5
      vertex -60.3376 -60.9722 45
      vertex -60.3376 -60.9722 49.5
    endloop
  endfacet
  facet normal -0.513974 -0.857806 0
    outer loop
      vertex -61.1658 -60.2216 45
      vertex -60.9722 -60.3376 49.5
      vertex -61.1658 -60.2216 49.5
    endloop
  endfacet
  facet normal -0.513974 -0.857806 -0
    outer loop
      vertex -60.9722 -60.3376 49.5
      vertex -61.1658 -60.2216 45
      vertex -60.9722 -60.3376 45
    endloop
  endfacet
  facet normal 0.146629 0.989192 -0
    outer loop
      vertex -62.4754 -64.5389 45
      vertex -62.6987 -64.5058 49.5
      vertex -62.4754 -64.5389 49.5
    endloop
  endfacet
  facet normal 0.146629 0.989192 0
    outer loop
      vertex -62.6987 -64.5058 49.5
      vertex -62.4754 -64.5389 45
      vertex -62.6987 -64.5058 45
    endloop
  endfacet
  facet normal -0.740822 0.671702 0
    outer loop
      vertex -60.6237 -63.8763 45
      vertex -60.4721 -63.7091 49.5
      vertex -60.4721 -63.7091 45
    endloop
  endfacet
  facet normal -0.740822 0.671702 0
    outer loop
      vertex -60.4721 -63.7091 49.5
      vertex -60.6237 -63.8763 45
      vertex -60.6237 -63.8763 49.5
    endloop
  endfacet
  facet normal 0.242744 -0.97009 0
    outer loop
      vertex -62.9177 -60.049 45
      vertex -62.6987 -59.9942 49.5
      vertex -62.9177 -60.049 49.5
    endloop
  endfacet
  facet normal 0.242744 -0.97009 0
    outer loop
      vertex -62.6987 -59.9942 49.5
      vertex -62.9177 -60.049 45
      vertex -62.6987 -59.9942 45
    endloop
  endfacet
  facet normal 0.42761 -0.903963 0
    outer loop
      vertex -63.3342 -60.2216 45
      vertex -63.1302 -60.1251 49.5
      vertex -63.3342 -60.2216 49.5
    endloop
  endfacet
  facet normal 0.42761 -0.903963 0
    outer loop
      vertex -63.1302 -60.1251 49.5
      vertex -63.3342 -60.2216 45
      vertex -63.1302 -60.1251 45
    endloop
  endfacet
  facet normal -0.903963 0.42761 0
    outer loop
      vertex -60.2216 -63.3342 45
      vertex -60.1251 -63.1302 49.5
      vertex -60.1251 -63.1302 45
    endloop
  endfacet
  facet normal -0.903963 0.42761 0
    outer loop
      vertex -60.1251 -63.1302 49.5
      vertex -60.2216 -63.3342 45
      vertex -60.2216 -63.3342 49.5
    endloop
  endfacet
  facet normal 0.803125 0.59581 0
    outer loop
      vertex -64.0279 -63.7091 49.5
      vertex -64.1624 -63.5278 45
      vertex -64.1624 -63.5278 49.5
    endloop
  endfacet
  facet normal 0.803125 0.59581 0
    outer loop
      vertex -64.1624 -63.5278 45
      vertex -64.0279 -63.7091 49.5
      vertex -64.0279 -63.7091 45
    endloop
  endfacet
  facet normal -0.989192 0.146629 0
    outer loop
      vertex -59.9942 -62.6987 45
      vertex -59.9611 -62.4754 49.5
      vertex -59.9611 -62.4754 45
    endloop
  endfacet
  facet normal -0.989192 0.146629 0
    outer loop
      vertex -59.9611 -62.4754 49.5
      vertex -59.9942 -62.6987 45
      vertex -59.9942 -62.6987 49.5
    endloop
  endfacet
  facet normal 0.513974 0.857806 -0
    outer loop
      vertex -63.3342 -64.2784 45
      vertex -63.5278 -64.1624 49.5
      vertex -63.3342 -64.2784 49.5
    endloop
  endfacet
  facet normal 0.513974 0.857806 0
    outer loop
      vertex -63.5278 -64.1624 49.5
      vertex -63.3342 -64.2784 45
      vertex -63.5278 -64.1624 45
    endloop
  endfacet
  facet normal -0.0491862 -0.99879 0
    outer loop
      vertex -62.25 -59.95 45
      vertex -62.0246 -59.9611 49.5
      vertex -62.25 -59.95 49.5
    endloop
  endfacet
  facet normal -0.0491862 -0.99879 -0
    outer loop
      vertex -62.0246 -59.9611 49.5
      vertex -62.25 -59.95 45
      vertex -62.0246 -59.9611 45
    endloop
  endfacet
  facet normal 0.0491862 -0.99879 0
    outer loop
      vertex -62.4754 -59.9611 45
      vertex -62.25 -59.95 49.5
      vertex -62.4754 -59.9611 49.5
    endloop
  endfacet
  facet normal 0.0491862 -0.99879 0
    outer loop
      vertex -62.25 -59.95 49.5
      vertex -62.4754 -59.9611 45
      vertex -62.25 -59.95 45
    endloop
  endfacet
  facet normal -0.671702 -0.740822 0
    outer loop
      vertex -60.7909 -60.4721 45
      vertex -60.6237 -60.6237 49.5
      vertex -60.7909 -60.4721 49.5
    endloop
  endfacet
  facet normal -0.671702 -0.740822 -0
    outer loop
      vertex -60.6237 -60.6237 49.5
      vertex -60.7909 -60.4721 45
      vertex -60.6237 -60.6237 45
    endloop
  endfacet
  facet normal -0.146629 0.989192 0
    outer loop
      vertex -61.8013 -64.5058 45
      vertex -62.0246 -64.5389 49.5
      vertex -61.8013 -64.5058 49.5
    endloop
  endfacet
  facet normal -0.146629 0.989192 0
    outer loop
      vertex -62.0246 -64.5389 49.5
      vertex -61.8013 -64.5058 45
      vertex -62.0246 -64.5389 45
    endloop
  endfacet
  facet normal -0.803125 0.59581 0
    outer loop
      vertex -60.4721 -63.7091 45
      vertex -60.3376 -63.5278 49.5
      vertex -60.3376 -63.5278 45
    endloop
  endfacet
  facet normal -0.803125 0.59581 0
    outer loop
      vertex -60.3376 -63.5278 49.5
      vertex -60.4721 -63.7091 45
      vertex -60.4721 -63.7091 49.5
    endloop
  endfacet
  facet normal -0.42761 -0.903963 0
    outer loop
      vertex -61.3698 -60.1251 45
      vertex -61.1658 -60.2216 49.5
      vertex -61.3698 -60.1251 49.5
    endloop
  endfacet
  facet normal -0.42761 -0.903963 -0
    outer loop
      vertex -61.1658 -60.2216 49.5
      vertex -61.3698 -60.1251 45
      vertex -61.1658 -60.2216 45
    endloop
  endfacet
  facet normal -0.59581 0.803125 0
    outer loop
      vertex -60.7909 -64.0279 45
      vertex -60.9722 -64.1624 49.5
      vertex -60.7909 -64.0279 49.5
    endloop
  endfacet
  facet normal -0.59581 0.803125 0
    outer loop
      vertex -60.9722 -64.1624 49.5
      vertex -60.7909 -64.0279 45
      vertex -60.9722 -64.1624 45
    endloop
  endfacet
  facet normal -0.857806 0.513974 0
    outer loop
      vertex -60.3376 -63.5278 45
      vertex -60.2216 -63.3342 49.5
      vertex -60.2216 -63.3342 45
    endloop
  endfacet
  facet normal -0.857806 0.513974 0
    outer loop
      vertex -60.2216 -63.3342 49.5
      vertex -60.3376 -63.5278 45
      vertex -60.3376 -63.5278 49.5
    endloop
  endfacet
  facet normal 0.803125 -0.59581 0
    outer loop
      vertex -64.1624 -60.9722 49.5
      vertex -64.0279 -60.7909 45
      vertex -64.0279 -60.7909 49.5
    endloop
  endfacet
  facet normal 0.803125 -0.59581 0
    outer loop
      vertex -64.0279 -60.7909 45
      vertex -64.1624 -60.9722 49.5
      vertex -64.1624 -60.9722 45
    endloop
  endfacet
  facet normal 0.0491862 0.99879 -0
    outer loop
      vertex -62.25 -64.55 45
      vertex -62.4754 -64.5389 49.5
      vertex -62.25 -64.55 49.5
    endloop
  endfacet
  facet normal 0.0491862 0.99879 0
    outer loop
      vertex -62.4754 -64.5389 49.5
      vertex -62.25 -64.55 45
      vertex -62.4754 -64.5389 45
    endloop
  endfacet
  facet normal -0.146629 -0.989192 0
    outer loop
      vertex -62.0246 -59.9611 45
      vertex -61.8013 -59.9942 49.5
      vertex -62.0246 -59.9611 49.5
    endloop
  endfacet
  facet normal -0.146629 -0.989192 -0
    outer loop
      vertex -61.8013 -59.9942 49.5
      vertex -62.0246 -59.9611 45
      vertex -61.8013 -59.9942 45
    endloop
  endfacet
  facet normal 0.97009 0.242744 0
    outer loop
      vertex -64.451 -62.9177 49.5
      vertex -64.5058 -62.6987 45
      vertex -64.5058 -62.6987 49.5
    endloop
  endfacet
  facet normal 0.97009 0.242744 0
    outer loop
      vertex -64.5058 -62.6987 45
      vertex -64.451 -62.9177 49.5
      vertex -64.451 -62.9177 45
    endloop
  endfacet
  facet normal 0.857806 0.513974 0
    outer loop
      vertex -64.1624 -63.5278 49.5
      vertex -64.2784 -63.3342 45
      vertex -64.2784 -63.3342 49.5
    endloop
  endfacet
  facet normal 0.857806 0.513974 0
    outer loop
      vertex -64.2784 -63.3342 45
      vertex -64.1624 -63.5278 49.5
      vertex -64.1624 -63.5278 45
    endloop
  endfacet
  facet normal -0.740822 -0.671702 0
    outer loop
      vertex -60.4721 -60.7909 45
      vertex -60.6237 -60.6237 49.5
      vertex -60.6237 -60.6237 45
    endloop
  endfacet
  facet normal -0.740822 -0.671702 0
    outer loop
      vertex -60.6237 -60.6237 49.5
      vertex -60.4721 -60.7909 45
      vertex -60.4721 -60.7909 49.5
    endloop
  endfacet
  facet normal 0.97009 -0.242744 0
    outer loop
      vertex -64.5058 -61.8013 49.5
      vertex -64.451 -61.5823 45
      vertex -64.451 -61.5823 49.5
    endloop
  endfacet
  facet normal 0.97009 -0.242744 0
    outer loop
      vertex -64.451 -61.5823 45
      vertex -64.5058 -61.8013 49.5
      vertex -64.5058 -61.8013 45
    endloop
  endfacet
  facet normal 0.59581 -0.803125 0
    outer loop
      vertex -63.7091 -60.4721 45
      vertex -63.5278 -60.3376 49.5
      vertex -63.7091 -60.4721 49.5
    endloop
  endfacet
  facet normal 0.59581 -0.803125 0
    outer loop
      vertex -63.5278 -60.3376 49.5
      vertex -63.7091 -60.4721 45
      vertex -63.5278 -60.3376 45
    endloop
  endfacet
  facet normal 0.941451 -0.33715 0
    outer loop
      vertex -64.451 -61.5823 49.5
      vertex -64.3749 -61.3698 45
      vertex -64.3749 -61.3698 49.5
    endloop
  endfacet
  facet normal 0.941451 -0.33715 0
    outer loop
      vertex -64.3749 -61.3698 45
      vertex -64.451 -61.5823 49.5
      vertex -64.451 -61.5823 45
    endloop
  endfacet
  facet normal -0.59581 -0.803125 0
    outer loop
      vertex -60.9722 -60.3376 45
      vertex -60.7909 -60.4721 49.5
      vertex -60.9722 -60.3376 49.5
    endloop
  endfacet
  facet normal -0.59581 -0.803125 -0
    outer loop
      vertex -60.7909 -60.4721 49.5
      vertex -60.9722 -60.3376 45
      vertex -60.7909 -60.4721 45
    endloop
  endfacet
  facet normal -0.42761 0.903963 0
    outer loop
      vertex -61.1658 -64.2784 45
      vertex -61.3698 -64.3749 49.5
      vertex -61.1658 -64.2784 49.5
    endloop
  endfacet
  facet normal -0.42761 0.903963 0
    outer loop
      vertex -61.3698 -64.3749 49.5
      vertex -61.1658 -64.2784 45
      vertex -61.3698 -64.3749 45
    endloop
  endfacet
  facet normal -0.941451 -0.33715 0
    outer loop
      vertex -60.049 -61.5823 45
      vertex -60.1251 -61.3698 49.5
      vertex -60.1251 -61.3698 45
    endloop
  endfacet
  facet normal -0.941451 -0.33715 0
    outer loop
      vertex -60.1251 -61.3698 49.5
      vertex -60.049 -61.5823 45
      vertex -60.049 -61.5823 49.5
    endloop
  endfacet
  facet normal 0.671702 -0.740822 0
    outer loop
      vertex -63.8763 -60.6237 45
      vertex -63.7091 -60.4721 49.5
      vertex -63.8763 -60.6237 49.5
    endloop
  endfacet
  facet normal 0.671702 -0.740822 0
    outer loop
      vertex -63.7091 -60.4721 49.5
      vertex -63.8763 -60.6237 45
      vertex -63.7091 -60.4721 45
    endloop
  endfacet
  facet normal 0.513974 -0.857806 0
    outer loop
      vertex -63.5278 -60.3376 45
      vertex -63.3342 -60.2216 49.5
      vertex -63.5278 -60.3376 49.5
    endloop
  endfacet
  facet normal 0.513974 -0.857806 0
    outer loop
      vertex -63.3342 -60.2216 49.5
      vertex -63.5278 -60.3376 45
      vertex -63.3342 -60.2216 45
    endloop
  endfacet
  facet normal -0.903963 -0.42761 0
    outer loop
      vertex -60.1251 -61.3698 45
      vertex -60.2216 -61.1658 49.5
      vertex -60.2216 -61.1658 45
    endloop
  endfacet
  facet normal -0.903963 -0.42761 0
    outer loop
      vertex -60.2216 -61.1658 49.5
      vertex -60.1251 -61.3698 45
      vertex -60.1251 -61.3698 49.5
    endloop
  endfacet
  facet normal -0.97009 0.242744 0
    outer loop
      vertex -60.049 -62.9177 45
      vertex -59.9942 -62.6987 49.5
      vertex -59.9942 -62.6987 45
    endloop
  endfacet
  facet normal -0.97009 0.242744 0
    outer loop
      vertex -59.9942 -62.6987 49.5
      vertex -60.049 -62.9177 45
      vertex -60.049 -62.9177 49.5
    endloop
  endfacet
  facet normal -0.857806 -0.513974 0
    outer loop
      vertex -60.2216 -61.1658 45
      vertex -60.3376 -60.9722 49.5
      vertex -60.3376 -60.9722 45
    endloop
  endfacet
  facet normal -0.857806 -0.513974 0
    outer loop
      vertex -60.3376 -60.9722 49.5
      vertex -60.2216 -61.1658 45
      vertex -60.2216 -61.1658 49.5
    endloop
  endfacet
  facet normal 0.941451 0.33715 0
    outer loop
      vertex -64.3749 -63.1302 49.5
      vertex -64.451 -62.9177 45
      vertex -64.451 -62.9177 49.5
    endloop
  endfacet
  facet normal 0.941451 0.33715 0
    outer loop
      vertex -64.451 -62.9177 45
      vertex -64.3749 -63.1302 49.5
      vertex -64.3749 -63.1302 45
    endloop
  endfacet
  facet normal 0.903963 -0.42761 0
    outer loop
      vertex -64.3749 -61.3698 49.5
      vertex -64.2784 -61.1658 45
      vertex -64.2784 -61.1658 49.5
    endloop
  endfacet
  facet normal 0.903963 -0.42761 0
    outer loop
      vertex -64.2784 -61.1658 45
      vertex -64.3749 -61.3698 49.5
      vertex -64.3749 -61.3698 45
    endloop
  endfacet
  facet normal -0.242744 -0.97009 0
    outer loop
      vertex -61.8013 -59.9942 45
      vertex -61.5823 -60.049 49.5
      vertex -61.8013 -59.9942 49.5
    endloop
  endfacet
  facet normal -0.242744 -0.97009 -0
    outer loop
      vertex -61.5823 -60.049 49.5
      vertex -61.8013 -59.9942 45
      vertex -61.5823 -60.049 45
    endloop
  endfacet
  facet normal 0.740822 0.671702 0
    outer loop
      vertex -63.8763 -63.8763 49.5
      vertex -64.0279 -63.7091 45
      vertex -64.0279 -63.7091 49.5
    endloop
  endfacet
  facet normal 0.740822 0.671702 0
    outer loop
      vertex -64.0279 -63.7091 45
      vertex -63.8763 -63.8763 49.5
      vertex -63.8763 -63.8763 45
    endloop
  endfacet
  facet normal 0.59581 0.803125 -0
    outer loop
      vertex -63.5278 -64.1624 45
      vertex -63.7091 -64.0279 49.5
      vertex -63.5278 -64.1624 49.5
    endloop
  endfacet
  facet normal 0.59581 0.803125 0
    outer loop
      vertex -63.7091 -64.0279 49.5
      vertex -63.5278 -64.1624 45
      vertex -63.7091 -64.0279 45
    endloop
  endfacet
  facet normal -0.33715 0.941451 0
    outer loop
      vertex -61.3698 -64.3749 45
      vertex -61.5823 -64.451 49.5
      vertex -61.3698 -64.3749 49.5
    endloop
  endfacet
  facet normal -0.33715 0.941451 0
    outer loop
      vertex -61.5823 -64.451 49.5
      vertex -61.3698 -64.3749 45
      vertex -61.5823 -64.451 45
    endloop
  endfacet
  facet normal 0.671702 0.740822 -0
    outer loop
      vertex -63.7091 -64.0279 45
      vertex -63.8763 -63.8763 49.5
      vertex -63.7091 -64.0279 49.5
    endloop
  endfacet
  facet normal 0.671702 0.740822 0
    outer loop
      vertex -63.8763 -63.8763 49.5
      vertex -63.7091 -64.0279 45
      vertex -63.8763 -63.8763 45
    endloop
  endfacet
  facet normal 0.99879 -0.0491862 0
    outer loop
      vertex -64.55 -62.25 49.5
      vertex -64.5389 -62.0246 45
      vertex -64.5389 -62.0246 49.5
    endloop
  endfacet
  facet normal 0.99879 -0.0491862 0
    outer loop
      vertex -64.5389 -62.0246 45
      vertex -64.55 -62.25 49.5
      vertex -64.55 -62.25 45
    endloop
  endfacet
  facet normal 0.740822 -0.671702 0
    outer loop
      vertex -64.0279 -60.7909 49.5
      vertex -63.8763 -60.6237 45
      vertex -63.8763 -60.6237 49.5
    endloop
  endfacet
  facet normal 0.740822 -0.671702 0
    outer loop
      vertex -63.8763 -60.6237 45
      vertex -64.0279 -60.7909 49.5
      vertex -64.0279 -60.7909 45
    endloop
  endfacet
  facet normal 0.33715 0.941451 -0
    outer loop
      vertex -62.9177 -64.451 45
      vertex -63.1302 -64.3749 49.5
      vertex -62.9177 -64.451 49.5
    endloop
  endfacet
  facet normal 0.33715 0.941451 0
    outer loop
      vertex -63.1302 -64.3749 49.5
      vertex -62.9177 -64.451 45
      vertex -63.1302 -64.3749 45
    endloop
  endfacet
  facet normal 0.99879 0.0491862 0
    outer loop
      vertex -64.5389 -62.4754 49.5
      vertex -64.55 -62.25 45
      vertex -64.55 -62.25 49.5
    endloop
  endfacet
  facet normal 0.99879 0.0491862 0
    outer loop
      vertex -64.55 -62.25 45
      vertex -64.5389 -62.4754 49.5
      vertex -64.5389 -62.4754 45
    endloop
  endfacet
  facet normal 0.989192 0.146629 0
    outer loop
      vertex -64.5058 -62.6987 49.5
      vertex -64.5389 -62.4754 45
      vertex -64.5389 -62.4754 49.5
    endloop
  endfacet
  facet normal 0.989192 0.146629 0
    outer loop
      vertex -64.5389 -62.4754 45
      vertex -64.5058 -62.6987 49.5
      vertex -64.5058 -62.6987 45
    endloop
  endfacet
  facet normal -0.0491862 0.99879 0
    outer loop
      vertex -62.0246 -64.5389 45
      vertex -62.25 -64.55 49.5
      vertex -62.0246 -64.5389 49.5
    endloop
  endfacet
  facet normal -0.0491862 0.99879 0
    outer loop
      vertex -62.25 -64.55 49.5
      vertex -62.0246 -64.5389 45
      vertex -62.25 -64.55 45
    endloop
  endfacet
  facet normal 0.242744 0.97009 -0
    outer loop
      vertex -62.6987 -64.5058 45
      vertex -62.9177 -64.451 49.5
      vertex -62.6987 -64.5058 49.5
    endloop
  endfacet
  facet normal 0.242744 0.97009 0
    outer loop
      vertex -62.9177 -64.451 49.5
      vertex -62.6987 -64.5058 45
      vertex -62.9177 -64.451 45
    endloop
  endfacet
  facet normal -0.242744 0.97009 0
    outer loop
      vertex -61.5823 -64.451 45
      vertex -61.8013 -64.5058 49.5
      vertex -61.5823 -64.451 49.5
    endloop
  endfacet
  facet normal -0.242744 0.97009 0
    outer loop
      vertex -61.8013 -64.5058 49.5
      vertex -61.5823 -64.451 45
      vertex -61.8013 -64.5058 45
    endloop
  endfacet
  facet normal -0.513974 0.857806 0
    outer loop
      vertex -60.9722 -64.1624 45
      vertex -61.1658 -64.2784 49.5
      vertex -60.9722 -64.1624 49.5
    endloop
  endfacet
  facet normal -0.513974 0.857806 0
    outer loop
      vertex -61.1658 -64.2784 49.5
      vertex -60.9722 -64.1624 45
      vertex -61.1658 -64.2784 45
    endloop
  endfacet
  facet normal 0.989192 -0.146629 0
    outer loop
      vertex -64.5389 -62.0246 49.5
      vertex -64.5058 -61.8013 45
      vertex -64.5058 -61.8013 49.5
    endloop
  endfacet
  facet normal 0.989192 -0.146629 0
    outer loop
      vertex -64.5058 -61.8013 45
      vertex -64.5389 -62.0246 49.5
      vertex -64.5389 -62.0246 45
    endloop
  endfacet
  facet normal 0.42761 0.903963 -0
    outer loop
      vertex -63.1302 -64.3749 45
      vertex -63.3342 -64.2784 49.5
      vertex -63.1302 -64.3749 49.5
    endloop
  endfacet
  facet normal 0.42761 0.903963 0
    outer loop
      vertex -63.3342 -64.2784 49.5
      vertex -63.1302 -64.3749 45
      vertex -63.3342 -64.2784 45
    endloop
  endfacet
  facet normal 0.903963 0.42761 0
    outer loop
      vertex -64.2784 -63.3342 49.5
      vertex -64.3749 -63.1302 45
      vertex -64.3749 -63.1302 49.5
    endloop
  endfacet
  facet normal 0.903963 0.42761 0
    outer loop
      vertex -64.3749 -63.1302 45
      vertex -64.2784 -63.3342 49.5
      vertex -64.2784 -63.3342 45
    endloop
  endfacet
  facet normal 0.857806 -0.513974 0
    outer loop
      vertex -64.2784 -61.1658 49.5
      vertex -64.1624 -60.9722 45
      vertex -64.1624 -60.9722 49.5
    endloop
  endfacet
  facet normal 0.857806 -0.513974 0
    outer loop
      vertex -64.1624 -60.9722 45
      vertex -64.2784 -61.1658 49.5
      vertex -64.2784 -61.1658 45
    endloop
  endfacet
  facet normal -0.989192 -0.146629 0
    outer loop
      vertex -59.9611 62.4754 45
      vertex -59.9942 62.6987 49.5
      vertex -59.9942 62.6987 45
    endloop
  endfacet
  facet normal -0.989192 -0.146629 0
    outer loop
      vertex -59.9942 62.6987 49.5
      vertex -59.9611 62.4754 45
      vertex -59.9611 62.4754 49.5
    endloop
  endfacet
  facet normal -0.99879 -0.0491862 0
    outer loop
      vertex -59.95 62.25 45
      vertex -59.9611 62.4754 49.5
      vertex -59.9611 62.4754 45
    endloop
  endfacet
  facet normal -0.99879 -0.0491862 0
    outer loop
      vertex -59.9611 62.4754 49.5
      vertex -59.95 62.25 45
      vertex -59.95 62.25 49.5
    endloop
  endfacet
  facet normal -0.97009 -0.242744 0
    outer loop
      vertex -59.9942 62.6987 45
      vertex -60.049 62.9177 49.5
      vertex -60.049 62.9177 45
    endloop
  endfacet
  facet normal -0.97009 -0.242744 0
    outer loop
      vertex -60.049 62.9177 49.5
      vertex -59.9942 62.6987 45
      vertex -59.9942 62.6987 49.5
    endloop
  endfacet
  facet normal 0.242744 -0.97009 0
    outer loop
      vertex -62.9177 64.451 45
      vertex -62.6987 64.5058 49.5
      vertex -62.9177 64.451 49.5
    endloop
  endfacet
  facet normal 0.242744 -0.97009 0
    outer loop
      vertex -62.6987 64.5058 49.5
      vertex -62.9177 64.451 45
      vertex -62.6987 64.5058 45
    endloop
  endfacet
  facet normal 0.903963 0.42761 0
    outer loop
      vertex -64.2784 61.1658 49.5
      vertex -64.3749 61.3698 45
      vertex -64.3749 61.3698 49.5
    endloop
  endfacet
  facet normal 0.903963 0.42761 0
    outer loop
      vertex -64.3749 61.3698 45
      vertex -64.2784 61.1658 49.5
      vertex -64.2784 61.1658 45
    endloop
  endfacet
  facet normal -0.42761 0.903963 0
    outer loop
      vertex -61.1658 60.2216 45
      vertex -61.3698 60.1251 49.5
      vertex -61.1658 60.2216 49.5
    endloop
  endfacet
  facet normal -0.42761 0.903963 0
    outer loop
      vertex -61.3698 60.1251 49.5
      vertex -61.1658 60.2216 45
      vertex -61.3698 60.1251 45
    endloop
  endfacet
  facet normal -0.513974 -0.857806 0
    outer loop
      vertex -61.1658 64.2784 45
      vertex -60.9722 64.1624 49.5
      vertex -61.1658 64.2784 49.5
    endloop
  endfacet
  facet normal -0.513974 -0.857806 -0
    outer loop
      vertex -60.9722 64.1624 49.5
      vertex -61.1658 64.2784 45
      vertex -60.9722 64.1624 45
    endloop
  endfacet
  facet normal -0.513974 0.857806 0
    outer loop
      vertex -60.9722 60.3376 45
      vertex -61.1658 60.2216 49.5
      vertex -60.9722 60.3376 49.5
    endloop
  endfacet
  facet normal -0.513974 0.857806 0
    outer loop
      vertex -61.1658 60.2216 49.5
      vertex -60.9722 60.3376 45
      vertex -61.1658 60.2216 45
    endloop
  endfacet
  facet normal -0.33715 0.941451 0
    outer loop
      vertex -61.3698 60.1251 45
      vertex -61.5823 60.049 49.5
      vertex -61.3698 60.1251 49.5
    endloop
  endfacet
  facet normal -0.33715 0.941451 0
    outer loop
      vertex -61.5823 60.049 49.5
      vertex -61.3698 60.1251 45
      vertex -61.5823 60.049 45
    endloop
  endfacet
  facet normal 0.97009 -0.242744 0
    outer loop
      vertex -64.5058 62.6987 49.5
      vertex -64.451 62.9177 45
      vertex -64.451 62.9177 49.5
    endloop
  endfacet
  facet normal 0.97009 -0.242744 0
    outer loop
      vertex -64.451 62.9177 45
      vertex -64.5058 62.6987 49.5
      vertex -64.5058 62.6987 45
    endloop
  endfacet
  facet normal 0.671702 -0.740822 0
    outer loop
      vertex -63.8763 63.8763 45
      vertex -63.7091 64.0279 49.5
      vertex -63.8763 63.8763 49.5
    endloop
  endfacet
  facet normal 0.671702 -0.740822 0
    outer loop
      vertex -63.7091 64.0279 49.5
      vertex -63.8763 63.8763 45
      vertex -63.7091 64.0279 45
    endloop
  endfacet
  facet normal 0.513974 -0.857806 0
    outer loop
      vertex -63.5278 64.1624 45
      vertex -63.3342 64.2784 49.5
      vertex -63.5278 64.1624 49.5
    endloop
  endfacet
  facet normal 0.513974 -0.857806 0
    outer loop
      vertex -63.3342 64.2784 49.5
      vertex -63.5278 64.1624 45
      vertex -63.3342 64.2784 45
    endloop
  endfacet
  facet normal -0.146629 0.989192 0
    outer loop
      vertex -61.8013 59.9942 45
      vertex -62.0246 59.9611 49.5
      vertex -61.8013 59.9942 49.5
    endloop
  endfacet
  facet normal -0.146629 0.989192 0
    outer loop
      vertex -62.0246 59.9611 49.5
      vertex -61.8013 59.9942 45
      vertex -62.0246 59.9611 45
    endloop
  endfacet
  facet normal 0.803125 -0.59581 0
    outer loop
      vertex -64.1624 63.5278 49.5
      vertex -64.0279 63.7091 45
      vertex -64.0279 63.7091 49.5
    endloop
  endfacet
  facet normal 0.803125 -0.59581 0
    outer loop
      vertex -64.0279 63.7091 45
      vertex -64.1624 63.5278 49.5
      vertex -64.1624 63.5278 45
    endloop
  endfacet
  facet normal -0.903963 -0.42761 0
    outer loop
      vertex -60.1251 63.1302 45
      vertex -60.2216 63.3342 49.5
      vertex -60.2216 63.3342 45
    endloop
  endfacet
  facet normal -0.903963 -0.42761 0
    outer loop
      vertex -60.2216 63.3342 49.5
      vertex -60.1251 63.1302 45
      vertex -60.1251 63.1302 49.5
    endloop
  endfacet
  facet normal 0.941451 -0.33715 0
    outer loop
      vertex -64.451 62.9177 49.5
      vertex -64.3749 63.1302 45
      vertex -64.3749 63.1302 49.5
    endloop
  endfacet
  facet normal 0.941451 -0.33715 0
    outer loop
      vertex -64.3749 63.1302 45
      vertex -64.451 62.9177 49.5
      vertex -64.451 62.9177 45
    endloop
  endfacet
  facet normal 0.33715 0.941451 -0
    outer loop
      vertex -62.9177 60.049 45
      vertex -63.1302 60.1251 49.5
      vertex -62.9177 60.049 49.5
    endloop
  endfacet
  facet normal 0.33715 0.941451 0
    outer loop
      vertex -63.1302 60.1251 49.5
      vertex -62.9177 60.049 45
      vertex -63.1302 60.1251 45
    endloop
  endfacet
  facet normal -0.59581 -0.803125 0
    outer loop
      vertex -60.9722 64.1624 45
      vertex -60.7909 64.0279 49.5
      vertex -60.9722 64.1624 49.5
    endloop
  endfacet
  facet normal -0.59581 -0.803125 -0
    outer loop
      vertex -60.7909 64.0279 49.5
      vertex -60.9722 64.1624 45
      vertex -60.7909 64.0279 45
    endloop
  endfacet
  facet normal 0.903963 -0.42761 0
    outer loop
      vertex -64.3749 63.1302 49.5
      vertex -64.2784 63.3342 45
      vertex -64.2784 63.3342 49.5
    endloop
  endfacet
  facet normal 0.903963 -0.42761 0
    outer loop
      vertex -64.2784 63.3342 45
      vertex -64.3749 63.1302 49.5
      vertex -64.3749 63.1302 45
    endloop
  endfacet
  facet normal -0.803125 0.59581 0
    outer loop
      vertex -60.4721 60.7909 45
      vertex -60.3376 60.9722 49.5
      vertex -60.3376 60.9722 45
    endloop
  endfacet
  facet normal -0.803125 0.59581 0
    outer loop
      vertex -60.3376 60.9722 49.5
      vertex -60.4721 60.7909 45
      vertex -60.4721 60.7909 49.5
    endloop
  endfacet
  facet normal -0.146629 -0.989192 0
    outer loop
      vertex -62.0246 64.5389 45
      vertex -61.8013 64.5058 49.5
      vertex -62.0246 64.5389 49.5
    endloop
  endfacet
  facet normal -0.146629 -0.989192 -0
    outer loop
      vertex -61.8013 64.5058 49.5
      vertex -62.0246 64.5389 45
      vertex -61.8013 64.5058 45
    endloop
  endfacet
  facet normal 0.989192 -0.146629 0
    outer loop
      vertex -64.5389 62.4754 49.5
      vertex -64.5058 62.6987 45
      vertex -64.5058 62.6987 49.5
    endloop
  endfacet
  facet normal 0.989192 -0.146629 0
    outer loop
      vertex -64.5058 62.6987 45
      vertex -64.5389 62.4754 49.5
      vertex -64.5389 62.4754 45
    endloop
  endfacet
  facet normal -0.803125 -0.59581 0
    outer loop
      vertex -60.3376 63.5278 45
      vertex -60.4721 63.7091 49.5
      vertex -60.4721 63.7091 45
    endloop
  endfacet
  facet normal -0.803125 -0.59581 0
    outer loop
      vertex -60.4721 63.7091 49.5
      vertex -60.3376 63.5278 45
      vertex -60.3376 63.5278 49.5
    endloop
  endfacet
  facet normal -0.0491862 -0.99879 0
    outer loop
      vertex -62.25 64.55 45
      vertex -62.0246 64.5389 49.5
      vertex -62.25 64.55 49.5
    endloop
  endfacet
  facet normal -0.0491862 -0.99879 -0
    outer loop
      vertex -62.0246 64.5389 49.5
      vertex -62.25 64.55 45
      vertex -62.0246 64.5389 45
    endloop
  endfacet
  facet normal 0.857806 0.513974 0
    outer loop
      vertex -64.1624 60.9722 49.5
      vertex -64.2784 61.1658 45
      vertex -64.2784 61.1658 49.5
    endloop
  endfacet
  facet normal 0.857806 0.513974 0
    outer loop
      vertex -64.2784 61.1658 45
      vertex -64.1624 60.9722 49.5
      vertex -64.1624 60.9722 45
    endloop
  endfacet
  facet normal 0.941451 0.33715 0
    outer loop
      vertex -64.3749 61.3698 49.5
      vertex -64.451 61.5823 45
      vertex -64.451 61.5823 49.5
    endloop
  endfacet
  facet normal 0.941451 0.33715 0
    outer loop
      vertex -64.451 61.5823 45
      vertex -64.3749 61.3698 49.5
      vertex -64.3749 61.3698 45
    endloop
  endfacet
  facet normal 0.42761 -0.903963 0
    outer loop
      vertex -63.3342 64.2784 45
      vertex -63.1302 64.3749 49.5
      vertex -63.3342 64.2784 49.5
    endloop
  endfacet
  facet normal 0.42761 -0.903963 0
    outer loop
      vertex -63.1302 64.3749 49.5
      vertex -63.3342 64.2784 45
      vertex -63.1302 64.3749 45
    endloop
  endfacet
  facet normal -0.903963 0.42761 0
    outer loop
      vertex -60.2216 61.1658 45
      vertex -60.1251 61.3698 49.5
      vertex -60.1251 61.3698 45
    endloop
  endfacet
  facet normal -0.903963 0.42761 0
    outer loop
      vertex -60.1251 61.3698 49.5
      vertex -60.2216 61.1658 45
      vertex -60.2216 61.1658 49.5
    endloop
  endfacet
  facet normal 0.59581 0.803125 -0
    outer loop
      vertex -63.5278 60.3376 45
      vertex -63.7091 60.4721 49.5
      vertex -63.5278 60.3376 49.5
    endloop
  endfacet
  facet normal 0.59581 0.803125 0
    outer loop
      vertex -63.7091 60.4721 49.5
      vertex -63.5278 60.3376 45
      vertex -63.7091 60.4721 45
    endloop
  endfacet
  facet normal 0.857806 -0.513974 0
    outer loop
      vertex -64.2784 63.3342 49.5
      vertex -64.1624 63.5278 45
      vertex -64.1624 63.5278 49.5
    endloop
  endfacet
  facet normal 0.857806 -0.513974 0
    outer loop
      vertex -64.1624 63.5278 45
      vertex -64.2784 63.3342 49.5
      vertex -64.2784 63.3342 45
    endloop
  endfacet
  facet normal -0.99879 0.0491862 0
    outer loop
      vertex -59.9611 62.0246 45
      vertex -59.95 62.25 49.5
      vertex -59.95 62.25 45
    endloop
  endfacet
  facet normal -0.99879 0.0491862 0
    outer loop
      vertex -59.95 62.25 49.5
      vertex -59.9611 62.0246 45
      vertex -59.9611 62.0246 49.5
    endloop
  endfacet
  facet normal -0.941451 0.33715 0
    outer loop
      vertex -60.1251 61.3698 45
      vertex -60.049 61.5823 49.5
      vertex -60.049 61.5823 45
    endloop
  endfacet
  facet normal -0.941451 0.33715 0
    outer loop
      vertex -60.049 61.5823 49.5
      vertex -60.1251 61.3698 45
      vertex -60.1251 61.3698 49.5
    endloop
  endfacet
  facet normal -0.242744 0.97009 0
    outer loop
      vertex -61.5823 60.049 45
      vertex -61.8013 59.9942 49.5
      vertex -61.5823 60.049 49.5
    endloop
  endfacet
  facet normal -0.242744 0.97009 0
    outer loop
      vertex -61.8013 59.9942 49.5
      vertex -61.5823 60.049 45
      vertex -61.8013 59.9942 45
    endloop
  endfacet
  facet normal -0.941451 -0.33715 0
    outer loop
      vertex -60.049 62.9177 45
      vertex -60.1251 63.1302 49.5
      vertex -60.1251 63.1302 45
    endloop
  endfacet
  facet normal -0.941451 -0.33715 0
    outer loop
      vertex -60.1251 63.1302 49.5
      vertex -60.049 62.9177 45
      vertex -60.049 62.9177 49.5
    endloop
  endfacet
  facet normal 0.99879 0.0491862 0
    outer loop
      vertex -64.5389 62.0246 49.5
      vertex -64.55 62.25 45
      vertex -64.55 62.25 49.5
    endloop
  endfacet
  facet normal 0.99879 0.0491862 0
    outer loop
      vertex -64.55 62.25 45
      vertex -64.5389 62.0246 49.5
      vertex -64.5389 62.0246 45
    endloop
  endfacet
  facet normal -0.989192 0.146629 0
    outer loop
      vertex -59.9942 61.8013 45
      vertex -59.9611 62.0246 49.5
      vertex -59.9611 62.0246 45
    endloop
  endfacet
  facet normal -0.989192 0.146629 0
    outer loop
      vertex -59.9611 62.0246 49.5
      vertex -59.9942 61.8013 45
      vertex -59.9942 61.8013 49.5
    endloop
  endfacet
  facet normal -0.97009 0.242744 0
    outer loop
      vertex -60.049 61.5823 45
      vertex -59.9942 61.8013 49.5
      vertex -59.9942 61.8013 45
    endloop
  endfacet
  facet normal -0.97009 0.242744 0
    outer loop
      vertex -59.9942 61.8013 49.5
      vertex -60.049 61.5823 45
      vertex -60.049 61.5823 49.5
    endloop
  endfacet
  facet normal -0.671702 -0.740822 0
    outer loop
      vertex -60.7909 64.0279 45
      vertex -60.6237 63.8763 49.5
      vertex -60.7909 64.0279 49.5
    endloop
  endfacet
  facet normal -0.671702 -0.740822 -0
    outer loop
      vertex -60.6237 63.8763 49.5
      vertex -60.7909 64.0279 45
      vertex -60.6237 63.8763 45
    endloop
  endfacet
  facet normal -0.33715 -0.941451 0
    outer loop
      vertex -61.5823 64.451 45
      vertex -61.3698 64.3749 49.5
      vertex -61.5823 64.451 49.5
    endloop
  endfacet
  facet normal -0.33715 -0.941451 -0
    outer loop
      vertex -61.3698 64.3749 49.5
      vertex -61.5823 64.451 45
      vertex -61.3698 64.3749 45
    endloop
  endfacet
  facet normal 0.33715 -0.941451 0
    outer loop
      vertex -63.1302 64.3749 45
      vertex -62.9177 64.451 49.5
      vertex -63.1302 64.3749 49.5
    endloop
  endfacet
  facet normal 0.33715 -0.941451 0
    outer loop
      vertex -62.9177 64.451 49.5
      vertex -63.1302 64.3749 45
      vertex -62.9177 64.451 45
    endloop
  endfacet
  facet normal 0.513974 0.857806 -0
    outer loop
      vertex -63.3342 60.2216 45
      vertex -63.5278 60.3376 49.5
      vertex -63.3342 60.2216 49.5
    endloop
  endfacet
  facet normal 0.513974 0.857806 0
    outer loop
      vertex -63.5278 60.3376 49.5
      vertex -63.3342 60.2216 45
      vertex -63.5278 60.3376 45
    endloop
  endfacet
  facet normal -0.857806 0.513974 0
    outer loop
      vertex -60.3376 60.9722 45
      vertex -60.2216 61.1658 49.5
      vertex -60.2216 61.1658 45
    endloop
  endfacet
  facet normal -0.857806 0.513974 0
    outer loop
      vertex -60.2216 61.1658 49.5
      vertex -60.3376 60.9722 45
      vertex -60.3376 60.9722 49.5
    endloop
  endfacet
  facet normal -0.42761 -0.903963 0
    outer loop
      vertex -61.3698 64.3749 45
      vertex -61.1658 64.2784 49.5
      vertex -61.3698 64.3749 49.5
    endloop
  endfacet
  facet normal -0.42761 -0.903963 -0
    outer loop
      vertex -61.1658 64.2784 49.5
      vertex -61.3698 64.3749 45
      vertex -61.1658 64.2784 45
    endloop
  endfacet
  facet normal 0.146629 0.989192 -0
    outer loop
      vertex -62.4754 59.9611 45
      vertex -62.6987 59.9942 49.5
      vertex -62.4754 59.9611 49.5
    endloop
  endfacet
  facet normal 0.146629 0.989192 0
    outer loop
      vertex -62.6987 59.9942 49.5
      vertex -62.4754 59.9611 45
      vertex -62.6987 59.9942 45
    endloop
  endfacet
  facet normal 0.59581 -0.803125 0
    outer loop
      vertex -63.7091 64.0279 45
      vertex -63.5278 64.1624 49.5
      vertex -63.7091 64.0279 49.5
    endloop
  endfacet
  facet normal 0.59581 -0.803125 0
    outer loop
      vertex -63.5278 64.1624 49.5
      vertex -63.7091 64.0279 45
      vertex -63.5278 64.1624 45
    endloop
  endfacet
  facet normal -0.857806 -0.513974 0
    outer loop
      vertex -60.2216 63.3342 45
      vertex -60.3376 63.5278 49.5
      vertex -60.3376 63.5278 45
    endloop
  endfacet
  facet normal -0.857806 -0.513974 0
    outer loop
      vertex -60.3376 63.5278 49.5
      vertex -60.2216 63.3342 45
      vertex -60.2216 63.3342 49.5
    endloop
  endfacet
  facet normal 0.0491862 -0.99879 0
    outer loop
      vertex -62.4754 64.5389 45
      vertex -62.25 64.55 49.5
      vertex -62.4754 64.5389 49.5
    endloop
  endfacet
  facet normal 0.0491862 -0.99879 0
    outer loop
      vertex -62.25 64.55 49.5
      vertex -62.4754 64.5389 45
      vertex -62.25 64.55 45
    endloop
  endfacet
  facet normal 0.0491862 0.99879 -0
    outer loop
      vertex -62.25 59.95 45
      vertex -62.4754 59.9611 49.5
      vertex -62.25 59.95 49.5
    endloop
  endfacet
  facet normal 0.0491862 0.99879 0
    outer loop
      vertex -62.4754 59.9611 49.5
      vertex -62.25 59.95 45
      vertex -62.4754 59.9611 45
    endloop
  endfacet
  facet normal 0.740822 -0.671702 0
    outer loop
      vertex -64.0279 63.7091 49.5
      vertex -63.8763 63.8763 45
      vertex -63.8763 63.8763 49.5
    endloop
  endfacet
  facet normal 0.740822 -0.671702 0
    outer loop
      vertex -63.8763 63.8763 45
      vertex -64.0279 63.7091 49.5
      vertex -64.0279 63.7091 45
    endloop
  endfacet
  facet normal -0.0491862 0.99879 0
    outer loop
      vertex -62.0246 59.9611 45
      vertex -62.25 59.95 49.5
      vertex -62.0246 59.9611 49.5
    endloop
  endfacet
  facet normal -0.0491862 0.99879 0
    outer loop
      vertex -62.25 59.95 49.5
      vertex -62.0246 59.9611 45
      vertex -62.25 59.95 45
    endloop
  endfacet
  facet normal 0.146629 -0.989192 0
    outer loop
      vertex -62.6987 64.5058 45
      vertex -62.4754 64.5389 49.5
      vertex -62.6987 64.5058 49.5
    endloop
  endfacet
  facet normal 0.146629 -0.989192 0
    outer loop
      vertex -62.4754 64.5389 49.5
      vertex -62.6987 64.5058 45
      vertex -62.4754 64.5389 45
    endloop
  endfacet
  facet normal 0.242744 0.97009 -0
    outer loop
      vertex -62.6987 59.9942 45
      vertex -62.9177 60.049 49.5
      vertex -62.6987 59.9942 49.5
    endloop
  endfacet
  facet normal 0.242744 0.97009 0
    outer loop
      vertex -62.9177 60.049 49.5
      vertex -62.6987 59.9942 45
      vertex -62.9177 60.049 45
    endloop
  endfacet
  facet normal -0.671702 0.740822 0
    outer loop
      vertex -60.6237 60.6237 45
      vertex -60.7909 60.4721 49.5
      vertex -60.6237 60.6237 49.5
    endloop
  endfacet
  facet normal -0.671702 0.740822 0
    outer loop
      vertex -60.7909 60.4721 49.5
      vertex -60.6237 60.6237 45
      vertex -60.7909 60.4721 45
    endloop
  endfacet
  facet normal 0.671702 0.740822 -0
    outer loop
      vertex -63.7091 60.4721 45
      vertex -63.8763 60.6237 49.5
      vertex -63.7091 60.4721 49.5
    endloop
  endfacet
  facet normal 0.671702 0.740822 0
    outer loop
      vertex -63.8763 60.6237 49.5
      vertex -63.7091 60.4721 45
      vertex -63.8763 60.6237 45
    endloop
  endfacet
  facet normal -0.242744 -0.97009 0
    outer loop
      vertex -61.8013 64.5058 45
      vertex -61.5823 64.451 49.5
      vertex -61.8013 64.5058 49.5
    endloop
  endfacet
  facet normal -0.242744 -0.97009 -0
    outer loop
      vertex -61.5823 64.451 49.5
      vertex -61.8013 64.5058 45
      vertex -61.5823 64.451 45
    endloop
  endfacet
  facet normal 0.97009 0.242744 0
    outer loop
      vertex -64.451 61.5823 49.5
      vertex -64.5058 61.8013 45
      vertex -64.5058 61.8013 49.5
    endloop
  endfacet
  facet normal 0.97009 0.242744 0
    outer loop
      vertex -64.5058 61.8013 45
      vertex -64.451 61.5823 49.5
      vertex -64.451 61.5823 45
    endloop
  endfacet
  facet normal 0.42761 0.903963 -0
    outer loop
      vertex -63.1302 60.1251 45
      vertex -63.3342 60.2216 49.5
      vertex -63.1302 60.1251 49.5
    endloop
  endfacet
  facet normal 0.42761 0.903963 0
    outer loop
      vertex -63.3342 60.2216 49.5
      vertex -63.1302 60.1251 45
      vertex -63.3342 60.2216 45
    endloop
  endfacet
  facet normal 0.740822 0.671702 0
    outer loop
      vertex -63.8763 60.6237 49.5
      vertex -64.0279 60.7909 45
      vertex -64.0279 60.7909 49.5
    endloop
  endfacet
  facet normal 0.740822 0.671702 0
    outer loop
      vertex -64.0279 60.7909 45
      vertex -63.8763 60.6237 49.5
      vertex -63.8763 60.6237 45
    endloop
  endfacet
  facet normal 0.989192 0.146629 0
    outer loop
      vertex -64.5058 61.8013 49.5
      vertex -64.5389 62.0246 45
      vertex -64.5389 62.0246 49.5
    endloop
  endfacet
  facet normal 0.989192 0.146629 0
    outer loop
      vertex -64.5389 62.0246 45
      vertex -64.5058 61.8013 49.5
      vertex -64.5058 61.8013 45
    endloop
  endfacet
  facet normal -0.740822 -0.671702 0
    outer loop
      vertex -60.4721 63.7091 45
      vertex -60.6237 63.8763 49.5
      vertex -60.6237 63.8763 45
    endloop
  endfacet
  facet normal -0.740822 -0.671702 0
    outer loop
      vertex -60.6237 63.8763 49.5
      vertex -60.4721 63.7091 45
      vertex -60.4721 63.7091 49.5
    endloop
  endfacet
  facet normal -0.59581 0.803125 0
    outer loop
      vertex -60.7909 60.4721 45
      vertex -60.9722 60.3376 49.5
      vertex -60.7909 60.4721 49.5
    endloop
  endfacet
  facet normal -0.59581 0.803125 0
    outer loop
      vertex -60.9722 60.3376 49.5
      vertex -60.7909 60.4721 45
      vertex -60.9722 60.3376 45
    endloop
  endfacet
  facet normal 0.803125 0.59581 0
    outer loop
      vertex -64.0279 60.7909 49.5
      vertex -64.1624 60.9722 45
      vertex -64.1624 60.9722 49.5
    endloop
  endfacet
  facet normal 0.803125 0.59581 0
    outer loop
      vertex -64.1624 60.9722 45
      vertex -64.0279 60.7909 49.5
      vertex -64.0279 60.7909 45
    endloop
  endfacet
  facet normal 0.99879 -0.0491862 0
    outer loop
      vertex -64.55 62.25 49.5
      vertex -64.5389 62.4754 45
      vertex -64.5389 62.4754 49.5
    endloop
  endfacet
  facet normal 0.99879 -0.0491862 0
    outer loop
      vertex -64.5389 62.4754 45
      vertex -64.55 62.25 49.5
      vertex -64.55 62.25 45
    endloop
  endfacet
  facet normal -0.740822 0.671702 0
    outer loop
      vertex -60.6237 60.6237 45
      vertex -60.4721 60.7909 49.5
      vertex -60.4721 60.7909 45
    endloop
  endfacet
  facet normal -0.740822 0.671702 0
    outer loop
      vertex -60.4721 60.7909 49.5
      vertex -60.6237 60.6237 45
      vertex -60.6237 60.6237 49.5
    endloop
  endfacet
  facet normal 0.146629 -0.989192 0
    outer loop
      vertex 61.8013 -59.9942 45
      vertex 62.0246 -59.9611 49.5
      vertex 61.8013 -59.9942 49.5
    endloop
  endfacet
  facet normal 0.146629 -0.989192 0
    outer loop
      vertex 62.0246 -59.9611 49.5
      vertex 61.8013 -59.9942 45
      vertex 62.0246 -59.9611 45
    endloop
  endfacet
  facet normal -0.989192 -0.146629 0
    outer loop
      vertex 64.5389 -62.0246 45
      vertex 64.5058 -61.8013 49.5
      vertex 64.5058 -61.8013 45
    endloop
  endfacet
  facet normal -0.989192 -0.146629 0
    outer loop
      vertex 64.5058 -61.8013 49.5
      vertex 64.5389 -62.0246 45
      vertex 64.5389 -62.0246 49.5
    endloop
  endfacet
  facet normal -0.99879 -0.0491862 0
    outer loop
      vertex 64.55 -62.25 45
      vertex 64.5389 -62.0246 49.5
      vertex 64.5389 -62.0246 45
    endloop
  endfacet
  facet normal -0.99879 -0.0491862 0
    outer loop
      vertex 64.5389 -62.0246 49.5
      vertex 64.55 -62.25 45
      vertex 64.55 -62.25 49.5
    endloop
  endfacet
  facet normal -0.97009 -0.242744 0
    outer loop
      vertex 64.5058 -61.8013 45
      vertex 64.451 -61.5823 49.5
      vertex 64.451 -61.5823 45
    endloop
  endfacet
  facet normal -0.97009 -0.242744 0
    outer loop
      vertex 64.451 -61.5823 49.5
      vertex 64.5058 -61.8013 45
      vertex 64.5058 -61.8013 49.5
    endloop
  endfacet
  facet normal -0.99879 0.0491862 0
    outer loop
      vertex 64.5389 -62.4754 45
      vertex 64.55 -62.25 49.5
      vertex 64.55 -62.25 45
    endloop
  endfacet
  facet normal -0.99879 0.0491862 0
    outer loop
      vertex 64.55 -62.25 49.5
      vertex 64.5389 -62.4754 45
      vertex 64.5389 -62.4754 49.5
    endloop
  endfacet
  facet normal 0.33715 -0.941451 0
    outer loop
      vertex 61.3698 -60.1251 45
      vertex 61.5823 -60.049 49.5
      vertex 61.3698 -60.1251 49.5
    endloop
  endfacet
  facet normal 0.33715 -0.941451 0
    outer loop
      vertex 61.5823 -60.049 49.5
      vertex 61.3698 -60.1251 45
      vertex 61.5823 -60.049 45
    endloop
  endfacet
  facet normal -0.941451 0.33715 0
    outer loop
      vertex 64.3749 -63.1302 45
      vertex 64.451 -62.9177 49.5
      vertex 64.451 -62.9177 45
    endloop
  endfacet
  facet normal -0.941451 0.33715 0
    outer loop
      vertex 64.451 -62.9177 49.5
      vertex 64.3749 -63.1302 45
      vertex 64.3749 -63.1302 49.5
    endloop
  endfacet
  facet normal -0.671702 0.740822 0
    outer loop
      vertex 63.8763 -63.8763 45
      vertex 63.7091 -64.0279 49.5
      vertex 63.8763 -63.8763 49.5
    endloop
  endfacet
  facet normal -0.671702 0.740822 0
    outer loop
      vertex 63.7091 -64.0279 49.5
      vertex 63.8763 -63.8763 45
      vertex 63.7091 -64.0279 45
    endloop
  endfacet
  facet normal -0.33715 -0.941451 0
    outer loop
      vertex 62.9177 -60.049 45
      vertex 63.1302 -60.1251 49.5
      vertex 62.9177 -60.049 49.5
    endloop
  endfacet
  facet normal -0.33715 -0.941451 -0
    outer loop
      vertex 63.1302 -60.1251 49.5
      vertex 62.9177 -60.049 45
      vertex 63.1302 -60.1251 45
    endloop
  endfacet
  facet normal -0.803125 -0.59581 0
    outer loop
      vertex 64.1624 -60.9722 45
      vertex 64.0279 -60.7909 49.5
      vertex 64.0279 -60.7909 45
    endloop
  endfacet
  facet normal -0.803125 -0.59581 0
    outer loop
      vertex 64.0279 -60.7909 49.5
      vertex 64.1624 -60.9722 45
      vertex 64.1624 -60.9722 49.5
    endloop
  endfacet
  facet normal -0.513974 -0.857806 0
    outer loop
      vertex 63.3342 -60.2216 45
      vertex 63.5278 -60.3376 49.5
      vertex 63.3342 -60.2216 49.5
    endloop
  endfacet
  facet normal -0.513974 -0.857806 -0
    outer loop
      vertex 63.5278 -60.3376 49.5
      vertex 63.3342 -60.2216 45
      vertex 63.5278 -60.3376 45
    endloop
  endfacet
  facet normal 0.146629 0.989192 -0
    outer loop
      vertex 62.0246 -64.5389 45
      vertex 61.8013 -64.5058 49.5
      vertex 62.0246 -64.5389 49.5
    endloop
  endfacet
  facet normal 0.146629 0.989192 0
    outer loop
      vertex 61.8013 -64.5058 49.5
      vertex 62.0246 -64.5389 45
      vertex 61.8013 -64.5058 45
    endloop
  endfacet
  facet normal -0.740822 0.671702 0
    outer loop
      vertex 63.8763 -63.8763 45
      vertex 64.0279 -63.7091 49.5
      vertex 64.0279 -63.7091 45
    endloop
  endfacet
  facet normal -0.740822 0.671702 0
    outer loop
      vertex 64.0279 -63.7091 49.5
      vertex 63.8763 -63.8763 45
      vertex 63.8763 -63.8763 49.5
    endloop
  endfacet
  facet normal 0.242744 -0.97009 0
    outer loop
      vertex 61.5823 -60.049 45
      vertex 61.8013 -59.9942 49.5
      vertex 61.5823 -60.049 49.5
    endloop
  endfacet
  facet normal 0.242744 -0.97009 0
    outer loop
      vertex 61.8013 -59.9942 49.5
      vertex 61.5823 -60.049 45
      vertex 61.8013 -59.9942 45
    endloop
  endfacet
  facet normal -0.0491862 0.99879 0
    outer loop
      vertex 62.4754 -64.5389 45
      vertex 62.25 -64.55 49.5
      vertex 62.4754 -64.5389 49.5
    endloop
  endfacet
  facet normal -0.0491862 0.99879 0
    outer loop
      vertex 62.25 -64.55 49.5
      vertex 62.4754 -64.5389 45
      vertex 62.25 -64.55 45
    endloop
  endfacet
  facet normal 0.42761 -0.903963 0
    outer loop
      vertex 61.1658 -60.2216 45
      vertex 61.3698 -60.1251 49.5
      vertex 61.1658 -60.2216 49.5
    endloop
  endfacet
  facet normal 0.42761 -0.903963 0
    outer loop
      vertex 61.3698 -60.1251 49.5
      vertex 61.1658 -60.2216 45
      vertex 61.3698 -60.1251 45
    endloop
  endfacet
  facet normal -0.903963 0.42761 0
    outer loop
      vertex 64.2784 -63.3342 45
      vertex 64.3749 -63.1302 49.5
      vertex 64.3749 -63.1302 45
    endloop
  endfacet
  facet normal -0.903963 0.42761 0
    outer loop
      vertex 64.3749 -63.1302 49.5
      vertex 64.2784 -63.3342 45
      vertex 64.2784 -63.3342 49.5
    endloop
  endfacet
  facet normal 0.803125 0.59581 0
    outer loop
      vertex 60.4721 -63.7091 49.5
      vertex 60.3376 -63.5278 45
      vertex 60.3376 -63.5278 49.5
    endloop
  endfacet
  facet normal 0.803125 0.59581 0
    outer loop
      vertex 60.3376 -63.5278 45
      vertex 60.4721 -63.7091 49.5
      vertex 60.4721 -63.7091 45
    endloop
  endfacet
  facet normal -0.989192 0.146629 0
    outer loop
      vertex 64.5058 -62.6987 45
      vertex 64.5389 -62.4754 49.5
      vertex 64.5389 -62.4754 45
    endloop
  endfacet
  facet normal -0.989192 0.146629 0
    outer loop
      vertex 64.5389 -62.4754 49.5
      vertex 64.5058 -62.6987 45
      vertex 64.5058 -62.6987 49.5
    endloop
  endfacet
  facet normal 0.513974 0.857806 -0
    outer loop
      vertex 61.1658 -64.2784 45
      vertex 60.9722 -64.1624 49.5
      vertex 61.1658 -64.2784 49.5
    endloop
  endfacet
  facet normal 0.513974 0.857806 0
    outer loop
      vertex 60.9722 -64.1624 49.5
      vertex 61.1658 -64.2784 45
      vertex 60.9722 -64.1624 45
    endloop
  endfacet
  facet normal -0.0491862 -0.99879 0
    outer loop
      vertex 62.25 -59.95 45
      vertex 62.4754 -59.9611 49.5
      vertex 62.25 -59.95 49.5
    endloop
  endfacet
  facet normal -0.0491862 -0.99879 -0
    outer loop
      vertex 62.4754 -59.9611 49.5
      vertex 62.25 -59.95 45
      vertex 62.4754 -59.9611 45
    endloop
  endfacet
  facet normal -0.671702 -0.740822 0
    outer loop
      vertex 63.7091 -60.4721 45
      vertex 63.8763 -60.6237 49.5
      vertex 63.7091 -60.4721 49.5
    endloop
  endfacet
  facet normal -0.671702 -0.740822 -0
    outer loop
      vertex 63.8763 -60.6237 49.5
      vertex 63.7091 -60.4721 45
      vertex 63.8763 -60.6237 45
    endloop
  endfacet
  facet normal -0.146629 0.989192 0
    outer loop
      vertex 62.6987 -64.5058 45
      vertex 62.4754 -64.5389 49.5
      vertex 62.6987 -64.5058 49.5
    endloop
  endfacet
  facet normal -0.146629 0.989192 0
    outer loop
      vertex 62.4754 -64.5389 49.5
      vertex 62.6987 -64.5058 45
      vertex 62.4754 -64.5389 45
    endloop
  endfacet
  facet normal -0.803125 0.59581 0
    outer loop
      vertex 64.0279 -63.7091 45
      vertex 64.1624 -63.5278 49.5
      vertex 64.1624 -63.5278 45
    endloop
  endfacet
  facet normal -0.803125 0.59581 0
    outer loop
      vertex 64.1624 -63.5278 49.5
      vertex 64.0279 -63.7091 45
      vertex 64.0279 -63.7091 49.5
    endloop
  endfacet
  facet normal -0.42761 -0.903963 0
    outer loop
      vertex 63.1302 -60.1251 45
      vertex 63.3342 -60.2216 49.5
      vertex 63.1302 -60.1251 49.5
    endloop
  endfacet
  facet normal -0.42761 -0.903963 -0
    outer loop
      vertex 63.3342 -60.2216 49.5
      vertex 63.1302 -60.1251 45
      vertex 63.3342 -60.2216 45
    endloop
  endfacet
  facet normal -0.59581 0.803125 0
    outer loop
      vertex 63.7091 -64.0279 45
      vertex 63.5278 -64.1624 49.5
      vertex 63.7091 -64.0279 49.5
    endloop
  endfacet
  facet normal -0.59581 0.803125 0
    outer loop
      vertex 63.5278 -64.1624 49.5
      vertex 63.7091 -64.0279 45
      vertex 63.5278 -64.1624 45
    endloop
  endfacet
  facet normal -0.857806 0.513974 0
    outer loop
      vertex 64.1624 -63.5278 45
      vertex 64.2784 -63.3342 49.5
      vertex 64.2784 -63.3342 45
    endloop
  endfacet
  facet normal -0.857806 0.513974 0
    outer loop
      vertex 64.2784 -63.3342 49.5
      vertex 64.1624 -63.5278 45
      vertex 64.1624 -63.5278 49.5
    endloop
  endfacet
  facet normal 0.803125 -0.59581 0
    outer loop
      vertex 60.3376 -60.9722 49.5
      vertex 60.4721 -60.7909 45
      vertex 60.4721 -60.7909 49.5
    endloop
  endfacet
  facet normal 0.803125 -0.59581 0
    outer loop
      vertex 60.4721 -60.7909 45
      vertex 60.3376 -60.9722 49.5
      vertex 60.3376 -60.9722 45
    endloop
  endfacet
  facet normal 0.0491862 0.99879 -0
    outer loop
      vertex 62.25 -64.55 45
      vertex 62.0246 -64.5389 49.5
      vertex 62.25 -64.55 49.5
    endloop
  endfacet
  facet normal 0.0491862 0.99879 0
    outer loop
      vertex 62.0246 -64.5389 49.5
      vertex 62.25 -64.55 45
      vertex 62.0246 -64.5389 45
    endloop
  endfacet
  facet normal -0.146629 -0.989192 0
    outer loop
      vertex 62.4754 -59.9611 45
      vertex 62.6987 -59.9942 49.5
      vertex 62.4754 -59.9611 49.5
    endloop
  endfacet
  facet normal -0.146629 -0.989192 -0
    outer loop
      vertex 62.6987 -59.9942 49.5
      vertex 62.4754 -59.9611 45
      vertex 62.6987 -59.9942 45
    endloop
  endfacet
  facet normal 0.97009 0.242744 0
    outer loop
      vertex 60.049 -62.9177 49.5
      vertex 59.9942 -62.6987 45
      vertex 59.9942 -62.6987 49.5
    endloop
  endfacet
  facet normal 0.97009 0.242744 0
    outer loop
      vertex 59.9942 -62.6987 45
      vertex 60.049 -62.9177 49.5
      vertex 60.049 -62.9177 45
    endloop
  endfacet
  facet normal 0.0491862 -0.99879 0
    outer loop
      vertex 62.0246 -59.9611 45
      vertex 62.25 -59.95 49.5
      vertex 62.0246 -59.9611 49.5
    endloop
  endfacet
  facet normal 0.0491862 -0.99879 0
    outer loop
      vertex 62.25 -59.95 49.5
      vertex 62.0246 -59.9611 45
      vertex 62.25 -59.95 45
    endloop
  endfacet
  facet normal 0.857806 0.513974 0
    outer loop
      vertex 60.3376 -63.5278 49.5
      vertex 60.2216 -63.3342 45
      vertex 60.2216 -63.3342 49.5
    endloop
  endfacet
  facet normal 0.857806 0.513974 0
    outer loop
      vertex 60.2216 -63.3342 45
      vertex 60.3376 -63.5278 49.5
      vertex 60.3376 -63.5278 45
    endloop
  endfacet
  facet normal -0.740822 -0.671702 0
    outer loop
      vertex 64.0279 -60.7909 45
      vertex 63.8763 -60.6237 49.5
      vertex 63.8763 -60.6237 45
    endloop
  endfacet
  facet normal -0.740822 -0.671702 0
    outer loop
      vertex 63.8763 -60.6237 49.5
      vertex 64.0279 -60.7909 45
      vertex 64.0279 -60.7909 49.5
    endloop
  endfacet
  facet normal 0.97009 -0.242744 0
    outer loop
      vertex 59.9942 -61.8013 49.5
      vertex 60.049 -61.5823 45
      vertex 60.049 -61.5823 49.5
    endloop
  endfacet
  facet normal 0.97009 -0.242744 0
    outer loop
      vertex 60.049 -61.5823 45
      vertex 59.9942 -61.8013 49.5
      vertex 59.9942 -61.8013 45
    endloop
  endfacet
  facet normal 0.59581 -0.803125 0
    outer loop
      vertex 60.7909 -60.4721 45
      vertex 60.9722 -60.3376 49.5
      vertex 60.7909 -60.4721 49.5
    endloop
  endfacet
  facet normal 0.59581 -0.803125 0
    outer loop
      vertex 60.9722 -60.3376 49.5
      vertex 60.7909 -60.4721 45
      vertex 60.9722 -60.3376 45
    endloop
  endfacet
  facet normal 0.941451 -0.33715 0
    outer loop
      vertex 60.049 -61.5823 49.5
      vertex 60.1251 -61.3698 45
      vertex 60.1251 -61.3698 49.5
    endloop
  endfacet
  facet normal 0.941451 -0.33715 0
    outer loop
      vertex 60.1251 -61.3698 45
      vertex 60.049 -61.5823 49.5
      vertex 60.049 -61.5823 45
    endloop
  endfacet
  facet normal -0.59581 -0.803125 0
    outer loop
      vertex 63.5278 -60.3376 45
      vertex 63.7091 -60.4721 49.5
      vertex 63.5278 -60.3376 49.5
    endloop
  endfacet
  facet normal -0.59581 -0.803125 -0
    outer loop
      vertex 63.7091 -60.4721 49.5
      vertex 63.5278 -60.3376 45
      vertex 63.7091 -60.4721 45
    endloop
  endfacet
  facet normal -0.42761 0.903963 0
    outer loop
      vertex 63.3342 -64.2784 45
      vertex 63.1302 -64.3749 49.5
      vertex 63.3342 -64.2784 49.5
    endloop
  endfacet
  facet normal -0.42761 0.903963 0
    outer loop
      vertex 63.1302 -64.3749 49.5
      vertex 63.3342 -64.2784 45
      vertex 63.1302 -64.3749 45
    endloop
  endfacet
  facet normal -0.941451 -0.33715 0
    outer loop
      vertex 64.451 -61.5823 45
      vertex 64.3749 -61.3698 49.5
      vertex 64.3749 -61.3698 45
    endloop
  endfacet
  facet normal -0.941451 -0.33715 0
    outer loop
      vertex 64.3749 -61.3698 49.5
      vertex 64.451 -61.5823 45
      vertex 64.451 -61.5823 49.5
    endloop
  endfacet
  facet normal 0.671702 -0.740822 0
    outer loop
      vertex 60.6237 -60.6237 45
      vertex 60.7909 -60.4721 49.5
      vertex 60.6237 -60.6237 49.5
    endloop
  endfacet
  facet normal 0.671702 -0.740822 0
    outer loop
      vertex 60.7909 -60.4721 49.5
      vertex 60.6237 -60.6237 45
      vertex 60.7909 -60.4721 45
    endloop
  endfacet
  facet normal 0.513974 -0.857806 0
    outer loop
      vertex 60.9722 -60.3376 45
      vertex 61.1658 -60.2216 49.5
      vertex 60.9722 -60.3376 49.5
    endloop
  endfacet
  facet normal 0.513974 -0.857806 0
    outer loop
      vertex 61.1658 -60.2216 49.5
      vertex 60.9722 -60.3376 45
      vertex 61.1658 -60.2216 45
    endloop
  endfacet
  facet normal -0.903963 -0.42761 0
    outer loop
      vertex 64.3749 -61.3698 45
      vertex 64.2784 -61.1658 49.5
      vertex 64.2784 -61.1658 45
    endloop
  endfacet
  facet normal -0.903963 -0.42761 0
    outer loop
      vertex 64.2784 -61.1658 49.5
      vertex 64.3749 -61.3698 45
      vertex 64.3749 -61.3698 49.5
    endloop
  endfacet
  facet normal -0.97009 0.242744 0
    outer loop
      vertex 64.451 -62.9177 45
      vertex 64.5058 -62.6987 49.5
      vertex 64.5058 -62.6987 45
    endloop
  endfacet
  facet normal -0.97009 0.242744 0
    outer loop
      vertex 64.5058 -62.6987 49.5
      vertex 64.451 -62.9177 45
      vertex 64.451 -62.9177 49.5
    endloop
  endfacet
  facet normal -0.857806 -0.513974 0
    outer loop
      vertex 64.2784 -61.1658 45
      vertex 64.1624 -60.9722 49.5
      vertex 64.1624 -60.9722 45
    endloop
  endfacet
  facet normal -0.857806 -0.513974 0
    outer loop
      vertex 64.1624 -60.9722 49.5
      vertex 64.2784 -61.1658 45
      vertex 64.2784 -61.1658 49.5
    endloop
  endfacet
  facet normal 0.941451 0.33715 0
    outer loop
      vertex 60.1251 -63.1302 49.5
      vertex 60.049 -62.9177 45
      vertex 60.049 -62.9177 49.5
    endloop
  endfacet
  facet normal 0.941451 0.33715 0
    outer loop
      vertex 60.049 -62.9177 45
      vertex 60.1251 -63.1302 49.5
      vertex 60.1251 -63.1302 45
    endloop
  endfacet
  facet normal 0.903963 -0.42761 0
    outer loop
      vertex 60.1251 -61.3698 49.5
      vertex 60.2216 -61.1658 45
      vertex 60.2216 -61.1658 49.5
    endloop
  endfacet
  facet normal 0.903963 -0.42761 0
    outer loop
      vertex 60.2216 -61.1658 45
      vertex 60.1251 -61.3698 49.5
      vertex 60.1251 -61.3698 45
    endloop
  endfacet
  facet normal -0.242744 -0.97009 0
    outer loop
      vertex 62.6987 -59.9942 45
      vertex 62.9177 -60.049 49.5
      vertex 62.6987 -59.9942 49.5
    endloop
  endfacet
  facet normal -0.242744 -0.97009 -0
    outer loop
      vertex 62.9177 -60.049 49.5
      vertex 62.6987 -59.9942 45
      vertex 62.9177 -60.049 45
    endloop
  endfacet
  facet normal 0.740822 0.671702 0
    outer loop
      vertex 60.6237 -63.8763 49.5
      vertex 60.4721 -63.7091 45
      vertex 60.4721 -63.7091 49.5
    endloop
  endfacet
  facet normal 0.740822 0.671702 0
    outer loop
      vertex 60.4721 -63.7091 45
      vertex 60.6237 -63.8763 49.5
      vertex 60.6237 -63.8763 45
    endloop
  endfacet
  facet normal 0.59581 0.803125 -0
    outer loop
      vertex 60.9722 -64.1624 45
      vertex 60.7909 -64.0279 49.5
      vertex 60.9722 -64.1624 49.5
    endloop
  endfacet
  facet normal 0.59581 0.803125 0
    outer loop
      vertex 60.7909 -64.0279 49.5
      vertex 60.9722 -64.1624 45
      vertex 60.7909 -64.0279 45
    endloop
  endfacet
  facet normal -0.33715 0.941451 0
    outer loop
      vertex 63.1302 -64.3749 45
      vertex 62.9177 -64.451 49.5
      vertex 63.1302 -64.3749 49.5
    endloop
  endfacet
  facet normal -0.33715 0.941451 0
    outer loop
      vertex 62.9177 -64.451 49.5
      vertex 63.1302 -64.3749 45
      vertex 62.9177 -64.451 45
    endloop
  endfacet
  facet normal 0.671702 0.740822 -0
    outer loop
      vertex 60.7909 -64.0279 45
      vertex 60.6237 -63.8763 49.5
      vertex 60.7909 -64.0279 49.5
    endloop
  endfacet
  facet normal 0.671702 0.740822 0
    outer loop
      vertex 60.6237 -63.8763 49.5
      vertex 60.7909 -64.0279 45
      vertex 60.6237 -63.8763 45
    endloop
  endfacet
  facet normal 0.99879 -0.0491862 0
    outer loop
      vertex 59.95 -62.25 49.5
      vertex 59.9611 -62.0246 45
      vertex 59.9611 -62.0246 49.5
    endloop
  endfacet
  facet normal 0.99879 -0.0491862 0
    outer loop
      vertex 59.9611 -62.0246 45
      vertex 59.95 -62.25 49.5
      vertex 59.95 -62.25 45
    endloop
  endfacet
  facet normal 0.740822 -0.671702 0
    outer loop
      vertex 60.4721 -60.7909 49.5
      vertex 60.6237 -60.6237 45
      vertex 60.6237 -60.6237 49.5
    endloop
  endfacet
  facet normal 0.740822 -0.671702 0
    outer loop
      vertex 60.6237 -60.6237 45
      vertex 60.4721 -60.7909 49.5
      vertex 60.4721 -60.7909 45
    endloop
  endfacet
  facet normal 0.33715 0.941451 -0
    outer loop
      vertex 61.5823 -64.451 45
      vertex 61.3698 -64.3749 49.5
      vertex 61.5823 -64.451 49.5
    endloop
  endfacet
  facet normal 0.33715 0.941451 0
    outer loop
      vertex 61.3698 -64.3749 49.5
      vertex 61.5823 -64.451 45
      vertex 61.3698 -64.3749 45
    endloop
  endfacet
  facet normal 0.99879 0.0491862 0
    outer loop
      vertex 59.9611 -62.4754 49.5
      vertex 59.95 -62.25 45
      vertex 59.95 -62.25 49.5
    endloop
  endfacet
  facet normal 0.99879 0.0491862 0
    outer loop
      vertex 59.95 -62.25 45
      vertex 59.9611 -62.4754 49.5
      vertex 59.9611 -62.4754 45
    endloop
  endfacet
  facet normal 0.989192 0.146629 0
    outer loop
      vertex 59.9942 -62.6987 49.5
      vertex 59.9611 -62.4754 45
      vertex 59.9611 -62.4754 49.5
    endloop
  endfacet
  facet normal 0.989192 0.146629 0
    outer loop
      vertex 59.9611 -62.4754 45
      vertex 59.9942 -62.6987 49.5
      vertex 59.9942 -62.6987 45
    endloop
  endfacet
  facet normal 0.242744 0.97009 -0
    outer loop
      vertex 61.8013 -64.5058 45
      vertex 61.5823 -64.451 49.5
      vertex 61.8013 -64.5058 49.5
    endloop
  endfacet
  facet normal 0.242744 0.97009 0
    outer loop
      vertex 61.5823 -64.451 49.5
      vertex 61.8013 -64.5058 45
      vertex 61.5823 -64.451 45
    endloop
  endfacet
  facet normal -0.242744 0.97009 0
    outer loop
      vertex 62.9177 -64.451 45
      vertex 62.6987 -64.5058 49.5
      vertex 62.9177 -64.451 49.5
    endloop
  endfacet
  facet normal -0.242744 0.97009 0
    outer loop
      vertex 62.6987 -64.5058 49.5
      vertex 62.9177 -64.451 45
      vertex 62.6987 -64.5058 45
    endloop
  endfacet
  facet normal -0.513974 0.857806 0
    outer loop
      vertex 63.5278 -64.1624 45
      vertex 63.3342 -64.2784 49.5
      vertex 63.5278 -64.1624 49.5
    endloop
  endfacet
  facet normal -0.513974 0.857806 0
    outer loop
      vertex 63.3342 -64.2784 49.5
      vertex 63.5278 -64.1624 45
      vertex 63.3342 -64.2784 45
    endloop
  endfacet
  facet normal 0.989192 -0.146629 0
    outer loop
      vertex 59.9611 -62.0246 49.5
      vertex 59.9942 -61.8013 45
      vertex 59.9942 -61.8013 49.5
    endloop
  endfacet
  facet normal 0.989192 -0.146629 0
    outer loop
      vertex 59.9942 -61.8013 45
      vertex 59.9611 -62.0246 49.5
      vertex 59.9611 -62.0246 45
    endloop
  endfacet
  facet normal 0.42761 0.903963 -0
    outer loop
      vertex 61.3698 -64.3749 45
      vertex 61.1658 -64.2784 49.5
      vertex 61.3698 -64.3749 49.5
    endloop
  endfacet
  facet normal 0.42761 0.903963 0
    outer loop
      vertex 61.1658 -64.2784 49.5
      vertex 61.3698 -64.3749 45
      vertex 61.1658 -64.2784 45
    endloop
  endfacet
  facet normal 0.903963 0.42761 0
    outer loop
      vertex 60.2216 -63.3342 49.5
      vertex 60.1251 -63.1302 45
      vertex 60.1251 -63.1302 49.5
    endloop
  endfacet
  facet normal 0.903963 0.42761 0
    outer loop
      vertex 60.1251 -63.1302 45
      vertex 60.2216 -63.3342 49.5
      vertex 60.2216 -63.3342 45
    endloop
  endfacet
  facet normal 0.857806 -0.513974 0
    outer loop
      vertex 60.2216 -61.1658 49.5
      vertex 60.3376 -60.9722 45
      vertex 60.3376 -60.9722 49.5
    endloop
  endfacet
  facet normal 0.857806 -0.513974 0
    outer loop
      vertex 60.3376 -60.9722 45
      vertex 60.2216 -61.1658 49.5
      vertex 60.2216 -61.1658 45
    endloop
  endfacet
  facet normal -0.989192 -0.146629 0
    outer loop
      vertex 64.5389 62.4754 47
      vertex 64.5058 62.6987 49.5
      vertex 64.5058 62.6987 47
    endloop
  endfacet
  facet normal -0.989192 -0.146629 0
    outer loop
      vertex 64.5058 62.6987 49.5
      vertex 64.5389 62.4754 47
      vertex 64.5389 62.4754 49.5
    endloop
  endfacet
  facet normal -0.99879 -0.0491862 0
    outer loop
      vertex 64.55 62.25 47
      vertex 64.5389 62.4754 49.5
      vertex 64.5389 62.4754 47
    endloop
  endfacet
  facet normal -0.99879 -0.0491862 0
    outer loop
      vertex 64.5389 62.4754 49.5
      vertex 64.55 62.25 47
      vertex 64.55 62.25 49.5
    endloop
  endfacet
  facet normal -0.97009 -0.242744 0
    outer loop
      vertex 64.5058 62.6987 47
      vertex 64.451 62.9177 49.5
      vertex 64.451 62.9177 47
    endloop
  endfacet
  facet normal -0.97009 -0.242744 0
    outer loop
      vertex 64.451 62.9177 49.5
      vertex 64.5058 62.6987 47
      vertex 64.5058 62.6987 49.5
    endloop
  endfacet
  facet normal 0.242744 -0.97009 0
    outer loop
      vertex 61.5823 64.451 47
      vertex 61.8013 64.5058 49.5
      vertex 61.5823 64.451 49.5
    endloop
  endfacet
  facet normal 0.242744 -0.97009 0
    outer loop
      vertex 61.8013 64.5058 49.5
      vertex 61.5823 64.451 47
      vertex 61.8013 64.5058 47
    endloop
  endfacet
  facet normal 0.903963 0.42761 0
    outer loop
      vertex 60.2216 61.1658 49.5
      vertex 60.1251 61.3698 47
      vertex 60.1251 61.3698 49.5
    endloop
  endfacet
  facet normal 0.903963 0.42761 0
    outer loop
      vertex 60.1251 61.3698 47
      vertex 60.2216 61.1658 49.5
      vertex 60.2216 61.1658 47
    endloop
  endfacet
  facet normal -0.513974 -0.857806 0
    outer loop
      vertex 63.3342 64.2784 47
      vertex 63.5278 64.1624 49.5
      vertex 63.3342 64.2784 49.5
    endloop
  endfacet
  facet normal -0.513974 -0.857806 -0
    outer loop
      vertex 63.5278 64.1624 49.5
      vertex 63.3342 64.2784 47
      vertex 63.5278 64.1624 47
    endloop
  endfacet
  facet normal -0.513974 0.857806 0
    outer loop
      vertex 63.5278 60.3376 47
      vertex 63.3342 60.2216 49.5
      vertex 63.5278 60.3376 49.5
    endloop
  endfacet
  facet normal -0.513974 0.857806 0
    outer loop
      vertex 63.3342 60.2216 49.5
      vertex 63.5278 60.3376 47
      vertex 63.3342 60.2216 47
    endloop
  endfacet
  facet normal -0.33715 0.941451 0
    outer loop
      vertex 63.1302 60.1251 47
      vertex 62.9177 60.049 49.5
      vertex 63.1302 60.1251 49.5
    endloop
  endfacet
  facet normal -0.33715 0.941451 0
    outer loop
      vertex 62.9177 60.049 49.5
      vertex 63.1302 60.1251 47
      vertex 62.9177 60.049 47
    endloop
  endfacet
  facet normal 0.97009 -0.242744 0
    outer loop
      vertex 59.9942 62.6987 49.5
      vertex 60.049 62.9177 47
      vertex 60.049 62.9177 49.5
    endloop
  endfacet
  facet normal 0.97009 -0.242744 0
    outer loop
      vertex 60.049 62.9177 47
      vertex 59.9942 62.6987 49.5
      vertex 59.9942 62.6987 47
    endloop
  endfacet
  facet normal 0.671702 -0.740822 0
    outer loop
      vertex 60.6237 63.8763 47
      vertex 60.7909 64.0279 49.5
      vertex 60.6237 63.8763 49.5
    endloop
  endfacet
  facet normal 0.671702 -0.740822 0
    outer loop
      vertex 60.7909 64.0279 49.5
      vertex 60.6237 63.8763 47
      vertex 60.7909 64.0279 47
    endloop
  endfacet
  facet normal 0.513974 -0.857806 0
    outer loop
      vertex 60.9722 64.1624 47
      vertex 61.1658 64.2784 49.5
      vertex 60.9722 64.1624 49.5
    endloop
  endfacet
  facet normal 0.513974 -0.857806 0
    outer loop
      vertex 61.1658 64.2784 49.5
      vertex 60.9722 64.1624 47
      vertex 61.1658 64.2784 47
    endloop
  endfacet
  facet normal -0.146629 0.989192 0
    outer loop
      vertex 62.6987 59.9942 47
      vertex 62.4754 59.9611 49.5
      vertex 62.6987 59.9942 49.5
    endloop
  endfacet
  facet normal -0.146629 0.989192 0
    outer loop
      vertex 62.4754 59.9611 49.5
      vertex 62.6987 59.9942 47
      vertex 62.4754 59.9611 47
    endloop
  endfacet
  facet normal 0.803125 -0.59581 0
    outer loop
      vertex 60.3376 63.5278 49.5
      vertex 60.4721 63.7091 47
      vertex 60.4721 63.7091 49.5
    endloop
  endfacet
  facet normal 0.803125 -0.59581 0
    outer loop
      vertex 60.4721 63.7091 47
      vertex 60.3376 63.5278 49.5
      vertex 60.3376 63.5278 47
    endloop
  endfacet
  facet normal -0.903963 -0.42761 0
    outer loop
      vertex 64.3749 63.1302 47
      vertex 64.2784 63.3342 49.5
      vertex 64.2784 63.3342 47
    endloop
  endfacet
  facet normal -0.903963 -0.42761 0
    outer loop
      vertex 64.2784 63.3342 49.5
      vertex 64.3749 63.1302 47
      vertex 64.3749 63.1302 49.5
    endloop
  endfacet
  facet normal 0.941451 -0.33715 0
    outer loop
      vertex 60.049 62.9177 49.5
      vertex 60.1251 63.1302 47
      vertex 60.1251 63.1302 49.5
    endloop
  endfacet
  facet normal 0.941451 -0.33715 0
    outer loop
      vertex 60.1251 63.1302 47
      vertex 60.049 62.9177 49.5
      vertex 60.049 62.9177 47
    endloop
  endfacet
  facet normal 0.33715 0.941451 -0
    outer loop
      vertex 61.5823 60.049 47
      vertex 61.3698 60.1251 49.5
      vertex 61.5823 60.049 49.5
    endloop
  endfacet
  facet normal 0.33715 0.941451 0
    outer loop
      vertex 61.3698 60.1251 49.5
      vertex 61.5823 60.049 47
      vertex 61.3698 60.1251 47
    endloop
  endfacet
  facet normal -0.59581 -0.803125 0
    outer loop
      vertex 63.5278 64.1624 47
      vertex 63.7091 64.0279 49.5
      vertex 63.5278 64.1624 49.5
    endloop
  endfacet
  facet normal -0.59581 -0.803125 -0
    outer loop
      vertex 63.7091 64.0279 49.5
      vertex 63.5278 64.1624 47
      vertex 63.7091 64.0279 47
    endloop
  endfacet
  facet normal 0.903963 -0.42761 0
    outer loop
      vertex 60.1251 63.1302 49.5
      vertex 60.2216 63.3342 47
      vertex 60.2216 63.3342 49.5
    endloop
  endfacet
  facet normal 0.903963 -0.42761 0
    outer loop
      vertex 60.2216 63.3342 47
      vertex 60.1251 63.1302 49.5
      vertex 60.1251 63.1302 47
    endloop
  endfacet
  facet normal -0.803125 0.59581 0
    outer loop
      vertex 64.0279 60.7909 47
      vertex 64.1624 60.9722 49.5
      vertex 64.1624 60.9722 47
    endloop
  endfacet
  facet normal -0.803125 0.59581 0
    outer loop
      vertex 64.1624 60.9722 49.5
      vertex 64.0279 60.7909 47
      vertex 64.0279 60.7909 49.5
    endloop
  endfacet
  facet normal -0.146629 -0.989192 0
    outer loop
      vertex 62.4754 64.5389 47
      vertex 62.6987 64.5058 49.5
      vertex 62.4754 64.5389 49.5
    endloop
  endfacet
  facet normal -0.146629 -0.989192 -0
    outer loop
      vertex 62.6987 64.5058 49.5
      vertex 62.4754 64.5389 47
      vertex 62.6987 64.5058 47
    endloop
  endfacet
  facet normal 0.989192 -0.146629 0
    outer loop
      vertex 59.9611 62.4754 49.5
      vertex 59.9942 62.6987 47
      vertex 59.9942 62.6987 49.5
    endloop
  endfacet
  facet normal 0.989192 -0.146629 0
    outer loop
      vertex 59.9942 62.6987 47
      vertex 59.9611 62.4754 49.5
      vertex 59.9611 62.4754 47
    endloop
  endfacet
  facet normal -0.803125 -0.59581 0
    outer loop
      vertex 64.1624 63.5278 47
      vertex 64.0279 63.7091 49.5
      vertex 64.0279 63.7091 47
    endloop
  endfacet
  facet normal -0.803125 -0.59581 0
    outer loop
      vertex 64.0279 63.7091 49.5
      vertex 64.1624 63.5278 47
      vertex 64.1624 63.5278 49.5
    endloop
  endfacet
  facet normal -0.0491862 -0.99879 0
    outer loop
      vertex 62.25 64.55 47
      vertex 62.4754 64.5389 49.5
      vertex 62.25 64.55 49.5
    endloop
  endfacet
  facet normal -0.0491862 -0.99879 -0
    outer loop
      vertex 62.4754 64.5389 49.5
      vertex 62.25 64.55 47
      vertex 62.4754 64.5389 47
    endloop
  endfacet
  facet normal 0.857806 0.513974 0
    outer loop
      vertex 60.3376 60.9722 49.5
      vertex 60.2216 61.1658 47
      vertex 60.2216 61.1658 49.5
    endloop
  endfacet
  facet normal 0.857806 0.513974 0
    outer loop
      vertex 60.2216 61.1658 47
      vertex 60.3376 60.9722 49.5
      vertex 60.3376 60.9722 47
    endloop
  endfacet
  facet normal 0.941451 0.33715 0
    outer loop
      vertex 60.1251 61.3698 49.5
      vertex 60.049 61.5823 47
      vertex 60.049 61.5823 49.5
    endloop
  endfacet
  facet normal 0.941451 0.33715 0
    outer loop
      vertex 60.049 61.5823 47
      vertex 60.1251 61.3698 49.5
      vertex 60.1251 61.3698 47
    endloop
  endfacet
  facet normal 0.42761 -0.903963 0
    outer loop
      vertex 61.1658 64.2784 47
      vertex 61.3698 64.3749 49.5
      vertex 61.1658 64.2784 49.5
    endloop
  endfacet
  facet normal 0.42761 -0.903963 0
    outer loop
      vertex 61.3698 64.3749 49.5
      vertex 61.1658 64.2784 47
      vertex 61.3698 64.3749 47
    endloop
  endfacet
  facet normal -0.903963 0.42761 0
    outer loop
      vertex 64.2784 61.1658 47
      vertex 64.3749 61.3698 49.5
      vertex 64.3749 61.3698 47
    endloop
  endfacet
  facet normal -0.903963 0.42761 0
    outer loop
      vertex 64.3749 61.3698 49.5
      vertex 64.2784 61.1658 47
      vertex 64.2784 61.1658 49.5
    endloop
  endfacet
  facet normal 0.59581 0.803125 -0
    outer loop
      vertex 60.9722 60.3376 47
      vertex 60.7909 60.4721 49.5
      vertex 60.9722 60.3376 49.5
    endloop
  endfacet
  facet normal 0.59581 0.803125 0
    outer loop
      vertex 60.7909 60.4721 49.5
      vertex 60.9722 60.3376 47
      vertex 60.7909 60.4721 47
    endloop
  endfacet
  facet normal 0.857806 -0.513974 0
    outer loop
      vertex 60.2216 63.3342 49.5
      vertex 60.3376 63.5278 47
      vertex 60.3376 63.5278 49.5
    endloop
  endfacet
  facet normal 0.857806 -0.513974 0
    outer loop
      vertex 60.3376 63.5278 47
      vertex 60.2216 63.3342 49.5
      vertex 60.2216 63.3342 47
    endloop
  endfacet
  facet normal -0.99879 0.0491862 0
    outer loop
      vertex 64.5389 62.0246 47
      vertex 64.55 62.25 49.5
      vertex 64.55 62.25 47
    endloop
  endfacet
  facet normal -0.99879 0.0491862 0
    outer loop
      vertex 64.55 62.25 49.5
      vertex 64.5389 62.0246 47
      vertex 64.5389 62.0246 49.5
    endloop
  endfacet
  facet normal -0.941451 0.33715 0
    outer loop
      vertex 64.3749 61.3698 47
      vertex 64.451 61.5823 49.5
      vertex 64.451 61.5823 47
    endloop
  endfacet
  facet normal -0.941451 0.33715 0
    outer loop
      vertex 64.451 61.5823 49.5
      vertex 64.3749 61.3698 47
      vertex 64.3749 61.3698 49.5
    endloop
  endfacet
  facet normal -0.242744 0.97009 0
    outer loop
      vertex 62.9177 60.049 47
      vertex 62.6987 59.9942 49.5
      vertex 62.9177 60.049 49.5
    endloop
  endfacet
  facet normal -0.242744 0.97009 0
    outer loop
      vertex 62.6987 59.9942 49.5
      vertex 62.9177 60.049 47
      vertex 62.6987 59.9942 47
    endloop
  endfacet
  facet normal -0.857806 -0.513974 0
    outer loop
      vertex 64.2784 63.3342 47
      vertex 64.1624 63.5278 49.5
      vertex 64.1624 63.5278 47
    endloop
  endfacet
  facet normal -0.857806 -0.513974 0
    outer loop
      vertex 64.1624 63.5278 49.5
      vertex 64.2784 63.3342 47
      vertex 64.2784 63.3342 49.5
    endloop
  endfacet
  facet normal -0.941451 -0.33715 0
    outer loop
      vertex 64.451 62.9177 47
      vertex 64.3749 63.1302 49.5
      vertex 64.3749 63.1302 47
    endloop
  endfacet
  facet normal -0.941451 -0.33715 0
    outer loop
      vertex 64.3749 63.1302 49.5
      vertex 64.451 62.9177 47
      vertex 64.451 62.9177 49.5
    endloop
  endfacet
  facet normal 0.99879 0.0491862 0
    outer loop
      vertex 59.9611 62.0246 49.5
      vertex 59.95 62.25 47
      vertex 59.95 62.25 49.5
    endloop
  endfacet
  facet normal 0.99879 0.0491862 0
    outer loop
      vertex 59.95 62.25 47
      vertex 59.9611 62.0246 49.5
      vertex 59.9611 62.0246 47
    endloop
  endfacet
  facet normal -0.989192 0.146629 0
    outer loop
      vertex 64.5058 61.8013 47
      vertex 64.5389 62.0246 49.5
      vertex 64.5389 62.0246 47
    endloop
  endfacet
  facet normal -0.989192 0.146629 0
    outer loop
      vertex 64.5389 62.0246 49.5
      vertex 64.5058 61.8013 47
      vertex 64.5058 61.8013 49.5
    endloop
  endfacet
  facet normal 0.671702 0.740822 -0
    outer loop
      vertex 60.7909 60.4721 47
      vertex 60.6237 60.6237 49.5
      vertex 60.7909 60.4721 49.5
    endloop
  endfacet
  facet normal 0.671702 0.740822 0
    outer loop
      vertex 60.6237 60.6237 49.5
      vertex 60.7909 60.4721 47
      vertex 60.6237 60.6237 47
    endloop
  endfacet
  facet normal -0.97009 0.242744 0
    outer loop
      vertex 64.451 61.5823 47
      vertex 64.5058 61.8013 49.5
      vertex 64.5058 61.8013 47
    endloop
  endfacet
  facet normal -0.97009 0.242744 0
    outer loop
      vertex 64.5058 61.8013 49.5
      vertex 64.451 61.5823 47
      vertex 64.451 61.5823 49.5
    endloop
  endfacet
  facet normal -0.671702 -0.740822 0
    outer loop
      vertex 63.7091 64.0279 47
      vertex 63.8763 63.8763 49.5
      vertex 63.7091 64.0279 49.5
    endloop
  endfacet
  facet normal -0.671702 -0.740822 -0
    outer loop
      vertex 63.8763 63.8763 49.5
      vertex 63.7091 64.0279 47
      vertex 63.8763 63.8763 47
    endloop
  endfacet
  facet normal -0.33715 -0.941451 0
    outer loop
      vertex 62.9177 64.451 47
      vertex 63.1302 64.3749 49.5
      vertex 62.9177 64.451 49.5
    endloop
  endfacet
  facet normal -0.33715 -0.941451 -0
    outer loop
      vertex 63.1302 64.3749 49.5
      vertex 62.9177 64.451 47
      vertex 63.1302 64.3749 47
    endloop
  endfacet
  facet normal 0.33715 -0.941451 0
    outer loop
      vertex 61.3698 64.3749 47
      vertex 61.5823 64.451 49.5
      vertex 61.3698 64.3749 49.5
    endloop
  endfacet
  facet normal 0.33715 -0.941451 0
    outer loop
      vertex 61.5823 64.451 49.5
      vertex 61.3698 64.3749 47
      vertex 61.5823 64.451 47
    endloop
  endfacet
  facet normal 0.513974 0.857806 -0
    outer loop
      vertex 61.1658 60.2216 47
      vertex 60.9722 60.3376 49.5
      vertex 61.1658 60.2216 49.5
    endloop
  endfacet
  facet normal 0.513974 0.857806 0
    outer loop
      vertex 60.9722 60.3376 49.5
      vertex 61.1658 60.2216 47
      vertex 60.9722 60.3376 47
    endloop
  endfacet
  facet normal -0.857806 0.513974 0
    outer loop
      vertex 64.1624 60.9722 47
      vertex 64.2784 61.1658 49.5
      vertex 64.2784 61.1658 47
    endloop
  endfacet
  facet normal -0.857806 0.513974 0
    outer loop
      vertex 64.2784 61.1658 49.5
      vertex 64.1624 60.9722 47
      vertex 64.1624 60.9722 49.5
    endloop
  endfacet
  facet normal -0.42761 -0.903963 0
    outer loop
      vertex 63.1302 64.3749 47
      vertex 63.3342 64.2784 49.5
      vertex 63.1302 64.3749 49.5
    endloop
  endfacet
  facet normal -0.42761 -0.903963 -0
    outer loop
      vertex 63.3342 64.2784 49.5
      vertex 63.1302 64.3749 47
      vertex 63.3342 64.2784 47
    endloop
  endfacet
  facet normal 0.146629 0.989192 -0
    outer loop
      vertex 62.0246 59.9611 47
      vertex 61.8013 59.9942 49.5
      vertex 62.0246 59.9611 49.5
    endloop
  endfacet
  facet normal 0.146629 0.989192 0
    outer loop
      vertex 61.8013 59.9942 49.5
      vertex 62.0246 59.9611 47
      vertex 61.8013 59.9942 47
    endloop
  endfacet
  facet normal 0.59581 -0.803125 0
    outer loop
      vertex 60.7909 64.0279 47
      vertex 60.9722 64.1624 49.5
      vertex 60.7909 64.0279 49.5
    endloop
  endfacet
  facet normal 0.59581 -0.803125 0
    outer loop
      vertex 60.9722 64.1624 49.5
      vertex 60.7909 64.0279 47
      vertex 60.9722 64.1624 47
    endloop
  endfacet
  facet normal 0.0491862 0.99879 -0
    outer loop
      vertex 62.25 59.95 47
      vertex 62.0246 59.9611 49.5
      vertex 62.25 59.95 49.5
    endloop
  endfacet
  facet normal 0.0491862 0.99879 0
    outer loop
      vertex 62.0246 59.9611 49.5
      vertex 62.25 59.95 47
      vertex 62.0246 59.9611 47
    endloop
  endfacet
  facet normal 0.740822 -0.671702 0
    outer loop
      vertex 60.4721 63.7091 49.5
      vertex 60.6237 63.8763 47
      vertex 60.6237 63.8763 49.5
    endloop
  endfacet
  facet normal 0.740822 -0.671702 0
    outer loop
      vertex 60.6237 63.8763 47
      vertex 60.4721 63.7091 49.5
      vertex 60.4721 63.7091 47
    endloop
  endfacet
  facet normal -0.0491862 0.99879 0
    outer loop
      vertex 62.4754 59.9611 47
      vertex 62.25 59.95 49.5
      vertex 62.4754 59.9611 49.5
    endloop
  endfacet
  facet normal -0.0491862 0.99879 0
    outer loop
      vertex 62.25 59.95 49.5
      vertex 62.4754 59.9611 47
      vertex 62.25 59.95 47
    endloop
  endfacet
  facet normal 0.146629 -0.989192 0
    outer loop
      vertex 61.8013 64.5058 47
      vertex 62.0246 64.5389 49.5
      vertex 61.8013 64.5058 49.5
    endloop
  endfacet
  facet normal 0.146629 -0.989192 0
    outer loop
      vertex 62.0246 64.5389 49.5
      vertex 61.8013 64.5058 47
      vertex 62.0246 64.5389 47
    endloop
  endfacet
  facet normal 0.242744 0.97009 -0
    outer loop
      vertex 61.8013 59.9942 47
      vertex 61.5823 60.049 49.5
      vertex 61.8013 59.9942 49.5
    endloop
  endfacet
  facet normal 0.242744 0.97009 0
    outer loop
      vertex 61.5823 60.049 49.5
      vertex 61.8013 59.9942 47
      vertex 61.5823 60.049 47
    endloop
  endfacet
  facet normal -0.671702 0.740822 0
    outer loop
      vertex 63.8763 60.6237 47
      vertex 63.7091 60.4721 49.5
      vertex 63.8763 60.6237 49.5
    endloop
  endfacet
  facet normal -0.671702 0.740822 0
    outer loop
      vertex 63.7091 60.4721 49.5
      vertex 63.8763 60.6237 47
      vertex 63.7091 60.4721 47
    endloop
  endfacet
  facet normal -0.242744 -0.97009 0
    outer loop
      vertex 62.6987 64.5058 47
      vertex 62.9177 64.451 49.5
      vertex 62.6987 64.5058 49.5
    endloop
  endfacet
  facet normal -0.242744 -0.97009 -0
    outer loop
      vertex 62.9177 64.451 49.5
      vertex 62.6987 64.5058 47
      vertex 62.9177 64.451 47
    endloop
  endfacet
  facet normal 0.97009 0.242744 0
    outer loop
      vertex 60.049 61.5823 49.5
      vertex 59.9942 61.8013 47
      vertex 59.9942 61.8013 49.5
    endloop
  endfacet
  facet normal 0.97009 0.242744 0
    outer loop
      vertex 59.9942 61.8013 47
      vertex 60.049 61.5823 49.5
      vertex 60.049 61.5823 47
    endloop
  endfacet
  facet normal 0.42761 0.903963 -0
    outer loop
      vertex 61.3698 60.1251 47
      vertex 61.1658 60.2216 49.5
      vertex 61.3698 60.1251 49.5
    endloop
  endfacet
  facet normal 0.42761 0.903963 0
    outer loop
      vertex 61.1658 60.2216 49.5
      vertex 61.3698 60.1251 47
      vertex 61.1658 60.2216 47
    endloop
  endfacet
  facet normal 0.740822 0.671702 0
    outer loop
      vertex 60.6237 60.6237 49.5
      vertex 60.4721 60.7909 47
      vertex 60.4721 60.7909 49.5
    endloop
  endfacet
  facet normal 0.740822 0.671702 0
    outer loop
      vertex 60.4721 60.7909 47
      vertex 60.6237 60.6237 49.5
      vertex 60.6237 60.6237 47
    endloop
  endfacet
  facet normal -0.42761 0.903963 0
    outer loop
      vertex 63.3342 60.2216 47
      vertex 63.1302 60.1251 49.5
      vertex 63.3342 60.2216 49.5
    endloop
  endfacet
  facet normal -0.42761 0.903963 0
    outer loop
      vertex 63.1302 60.1251 49.5
      vertex 63.3342 60.2216 47
      vertex 63.1302 60.1251 47
    endloop
  endfacet
  facet normal 0.0491862 -0.99879 0
    outer loop
      vertex 62.0246 64.5389 47
      vertex 62.25 64.55 49.5
      vertex 62.0246 64.5389 49.5
    endloop
  endfacet
  facet normal 0.0491862 -0.99879 0
    outer loop
      vertex 62.25 64.55 49.5
      vertex 62.0246 64.5389 47
      vertex 62.25 64.55 47
    endloop
  endfacet
  facet normal 0.989192 0.146629 0
    outer loop
      vertex 59.9942 61.8013 49.5
      vertex 59.9611 62.0246 47
      vertex 59.9611 62.0246 49.5
    endloop
  endfacet
  facet normal 0.989192 0.146629 0
    outer loop
      vertex 59.9611 62.0246 47
      vertex 59.9942 61.8013 49.5
      vertex 59.9942 61.8013 47
    endloop
  endfacet
  facet normal -0.740822 -0.671702 0
    outer loop
      vertex 64.0279 63.7091 47
      vertex 63.8763 63.8763 49.5
      vertex 63.8763 63.8763 47
    endloop
  endfacet
  facet normal -0.740822 -0.671702 0
    outer loop
      vertex 63.8763 63.8763 49.5
      vertex 64.0279 63.7091 47
      vertex 64.0279 63.7091 49.5
    endloop
  endfacet
  facet normal -0.59581 0.803125 0
    outer loop
      vertex 63.7091 60.4721 47
      vertex 63.5278 60.3376 49.5
      vertex 63.7091 60.4721 49.5
    endloop
  endfacet
  facet normal -0.59581 0.803125 0
    outer loop
      vertex 63.5278 60.3376 49.5
      vertex 63.7091 60.4721 47
      vertex 63.5278 60.3376 47
    endloop
  endfacet
  facet normal 0.803125 0.59581 0
    outer loop
      vertex 60.4721 60.7909 49.5
      vertex 60.3376 60.9722 47
      vertex 60.3376 60.9722 49.5
    endloop
  endfacet
  facet normal 0.803125 0.59581 0
    outer loop
      vertex 60.3376 60.9722 47
      vertex 60.4721 60.7909 49.5
      vertex 60.4721 60.7909 47
    endloop
  endfacet
  facet normal 0.99879 -0.0491862 0
    outer loop
      vertex 59.95 62.25 49.5
      vertex 59.9611 62.4754 47
      vertex 59.9611 62.4754 49.5
    endloop
  endfacet
  facet normal 0.99879 -0.0491862 0
    outer loop
      vertex 59.9611 62.4754 47
      vertex 59.95 62.25 49.5
      vertex 59.95 62.25 47
    endloop
  endfacet
  facet normal -0.740822 0.671702 0
    outer loop
      vertex 63.8763 60.6237 47
      vertex 64.0279 60.7909 49.5
      vertex 64.0279 60.7909 47
    endloop
  endfacet
  facet normal -0.740822 0.671702 0
    outer loop
      vertex 64.0279 60.7909 49.5
      vertex 63.8763 60.6237 47
      vertex 63.8763 60.6237 49.5
    endloop
  endfacet
  facet normal 0.970038 0.242955 0
    outer loop
      vertex 85.7694 76.3411 100
      vertex 85.4833 77.4834 45
      vertex 85.4833 77.4834 100
    endloop
  endfacet
  facet normal 0.970038 0.242955 0
    outer loop
      vertex 85.4833 77.4834 45
      vertex 85.7694 76.3411 100
      vertex 85.7694 76.3411 45
    endloop
  endfacet
  facet normal 0.740984 -0.671522 0
    outer loop
      vertex 82.4853 -82.4853 100
      vertex 83.2761 -81.6127 45
      vertex 83.2761 -81.6127 100
    endloop
  endfacet
  facet normal 0.740984 -0.671522 0
    outer loop
      vertex 83.2761 -81.6127 45
      vertex 82.4853 -82.4853 100
      vertex 82.4853 -82.4853 45
    endloop
  endfacet
  facet normal 0.989176 0.146733 0
    outer loop
      vertex 85.9422 75.1762 100
      vertex 85.7694 76.3411 45
      vertex 85.7694 76.3411 100
    endloop
  endfacet
  facet normal 0.989176 0.146733 0
    outer loop
      vertex 85.7694 76.3411 45
      vertex 85.9422 75.1762 100
      vertex 85.9422 75.1762 45
    endloop
  endfacet
  facet normal 0.989176 -0.146733 0
    outer loop
      vertex 85.7694 -76.3411 100
      vertex 85.9422 -75.1762 45
      vertex 85.9422 -75.1762 100
    endloop
  endfacet
  facet normal 0.989176 -0.146733 0
    outer loop
      vertex 85.9422 -75.1762 45
      vertex 85.7694 -76.3411 100
      vertex 85.7694 -76.3411 45
    endloop
  endfacet
  facet normal 0 1 -0
    outer loop
      vertex 74 86 45
      vertex -74 86 100
      vertex 74 86 100
    endloop
  endfacet
  facet normal 0 1 0
    outer loop
      vertex -74 86 100
      vertex 74 86 45
      vertex -74 86 45
    endloop
  endfacet
  facet normal 0.85768 0.514184 0
    outer loop
      vertex 84.5831 79.6568 100
      vertex 83.9776 80.6668 45
      vertex 83.9776 80.6668 100
    endloop
  endfacet
  facet normal 0.85768 0.514184 0
    outer loop
      vertex 83.9776 80.6668 45
      vertex 84.5831 79.6568 100
      vertex 84.5831 79.6568 45
    endloop
  endfacet
  facet normal -0.803219 -0.595684 0
    outer loop
      vertex -83.2761 -81.6127 47
      vertex -83.9776 -80.6668 100
      vertex -83.9776 -80.6668 47
    endloop
  endfacet
  facet normal -0.803219 -0.595684 0
    outer loop
      vertex -83.9776 -80.6668 100
      vertex -83.2761 -81.6127 47
      vertex -83.2761 -81.6127 100
    endloop
  endfacet
  facet normal 0.514184 0.85768 -0
    outer loop
      vertex 80.6668 83.9776 45
      vertex 79.6568 84.5831 100
      vertex 80.6668 83.9776 100
    endloop
  endfacet
  facet normal 0.514184 0.85768 0
    outer loop
      vertex 79.6568 84.5831 100
      vertex 80.6668 83.9776 45
      vertex 79.6568 84.5831 45
    endloop
  endfacet
  facet normal -0.989176 0.146733 0
    outer loop
      vertex -85.9422 75.1762 45
      vertex -85.7694 76.3411 100
      vertex -85.7694 76.3411 45
    endloop
  endfacet
  facet normal -0.989176 0.146733 0
    outer loop
      vertex -85.7694 76.3411 100
      vertex -85.9422 75.1762 45
      vertex -85.9422 75.1762 100
    endloop
  endfacet
  facet normal -0.903995 -0.427542 0
    outer loop
      vertex -84.5831 -79.6568 47
      vertex -85.0866 -78.5922 100
      vertex -85.0866 -78.5922 47
    endloop
  endfacet
  facet normal -0.903995 -0.427542 0
    outer loop
      vertex -85.0866 -78.5922 100
      vertex -84.5831 -79.6568 47
      vertex -84.5831 -79.6568 100
    endloop
  endfacet
  facet normal 0 -1 0
    outer loop
      vertex -74 -86 45
      vertex 58 -86 47
      vertex -74 -86 47
    endloop
  endfacet
  facet normal 0 -1 -0
    outer loop
      vertex 58 -86 47
      vertex -74 -86 45
      vertex 58 -86 45
    endloop
  endfacet
  facet normal 0 -1 0
    outer loop
      vertex 58 -86 47
      vertex -74 -86 100
      vertex -74 -86 47
    endloop
  endfacet
  facet normal 0 -1 0
    outer loop
      vertex -74 -86 100
      vertex 58 -86 47
      vertex 74 -86 100
    endloop
  endfacet
  facet normal 0 -1 -0
    outer loop
      vertex 74 -86 100
      vertex 58 -86 47
      vertex 74 -86 47
    endloop
  endfacet
  facet normal 0.998795 -0.0490821 0
    outer loop
      vertex 85.9422 -75.1762 100
      vertex 86 -74 45
      vertex 86 -74 100
    endloop
  endfacet
  facet normal 0.998795 -0.0490821 0
    outer loop
      vertex 86 -74 45
      vertex 85.9422 -75.1762 100
      vertex 85.9422 -75.1762 45
    endloop
  endfacet
  facet normal -1 0 0
    outer loop
      vertex -86 58 45
      vertex -86 -74 45
      vertex -86 58 47
    endloop
  endfacet
  facet normal -1 0 0
    outer loop
      vertex -86 58 47
      vertex -86 74 100
      vertex -86 74 47
    endloop
  endfacet
  facet normal -1 0 0
    outer loop
      vertex -86 -74 47
      vertex -86 58 47
      vertex -86 -74 45
    endloop
  endfacet
  facet normal -1 0 0
    outer loop
      vertex -86 -74 100
      vertex -86 58 47
      vertex -86 -74 47
    endloop
  endfacet
  facet normal -1 0 0
    outer loop
      vertex -86 58 47
      vertex -86 -74 100
      vertex -86 74 100
    endloop
  endfacet
  facet normal -0.740984 -0.671522 0
    outer loop
      vertex -82.4853 -82.4853 47
      vertex -83.2761 -81.6127 100
      vertex -83.2761 -81.6127 47
    endloop
  endfacet
  facet normal -0.740984 -0.671522 0
    outer loop
      vertex -83.2761 -81.6127 100
      vertex -82.4853 -82.4853 47
      vertex -82.4853 -82.4853 100
    endloop
  endfacet
  facet normal 0.146733 -0.989176 0
    outer loop
      vertex 75.1762 -85.9422 45
      vertex 76.3411 -85.7694 100
      vertex 75.1762 -85.9422 100
    endloop
  endfacet
  facet normal 0.146733 -0.989176 0
    outer loop
      vertex 76.3411 -85.7694 100
      vertex 75.1762 -85.9422 45
      vertex 76.3411 -85.7694 45
    endloop
  endfacet
  facet normal 1 -0 0
    outer loop
      vertex 86 -74 100
      vertex 86 74 45
      vertex 86 74 100
    endloop
  endfacet
  facet normal 1 0 0
    outer loop
      vertex 86 74 45
      vertex 86 -74 100
      vertex 86 -74 45
    endloop
  endfacet
  facet normal 0.903995 -0.427542 0
    outer loop
      vertex 84.5831 -79.6568 100
      vertex 85.0866 -78.5922 45
      vertex 85.0866 -78.5922 100
    endloop
  endfacet
  facet normal 0.903995 -0.427542 0
    outer loop
      vertex 85.0866 -78.5922 45
      vertex 84.5831 -79.6568 100
      vertex 84.5831 -79.6568 45
    endloop
  endfacet
  facet normal -0.941553 0.336864 0
    outer loop
      vertex -85.4833 77.4834 45
      vertex -85.0866 78.5922 100
      vertex -85.0866 78.5922 45
    endloop
  endfacet
  facet normal -0.941553 0.336864 0
    outer loop
      vertex -85.0866 78.5922 100
      vertex -85.4833 77.4834 45
      vertex -85.4833 77.4834 100
    endloop
  endfacet
  facet normal -0.146733 -0.989176 0
    outer loop
      vertex -76.3411 -85.7694 47
      vertex -75.1762 -85.9422 100
      vertex -76.3411 -85.7694 100
    endloop
  endfacet
  facet normal -0.146733 -0.989176 -0
    outer loop
      vertex -75.1762 -85.9422 100
      vertex -76.3411 -85.7694 47
      vertex -75.1762 -85.9422 47
    endloop
  endfacet
  facet normal 0.427542 -0.903995 0
    outer loop
      vertex 78.5922 -85.0866 45
      vertex 79.6568 -84.5831 100
      vertex 78.5922 -85.0866 100
    endloop
  endfacet
  facet normal 0.427542 -0.903995 0
    outer loop
      vertex 79.6568 -84.5831 100
      vertex 78.5922 -85.0866 45
      vertex 79.6568 -84.5831 45
    endloop
  endfacet
  facet normal -0.427542 -0.903995 0
    outer loop
      vertex -79.6568 -84.5831 47
      vertex -78.5922 -85.0866 100
      vertex -79.6568 -84.5831 100
    endloop
  endfacet
  facet normal -0.427542 -0.903995 -0
    outer loop
      vertex -78.5922 -85.0866 100
      vertex -79.6568 -84.5831 47
      vertex -78.5922 -85.0866 47
    endloop
  endfacet
  facet normal -0.941553 -0.336864 0
    outer loop
      vertex -85.0866 -78.5922 47
      vertex -85.4833 -77.4834 100
      vertex -85.4833 -77.4834 47
    endloop
  endfacet
  facet normal -0.941553 -0.336864 0
    outer loop
      vertex -85.4833 -77.4834 100
      vertex -85.0866 -78.5922 47
      vertex -85.0866 -78.5922 100
    endloop
  endfacet
  facet normal 0.998795 0.0490821 0
    outer loop
      vertex 86 74 100
      vertex 85.9422 75.1762 45
      vertex 85.9422 75.1762 100
    endloop
  endfacet
  facet normal 0.998795 0.0490821 0
    outer loop
      vertex 85.9422 75.1762 45
      vertex 86 74 100
      vertex 86 74 45
    endloop
  endfacet
  facet normal -0.989176 -0.146733 0
    outer loop
      vertex -85.7694 -76.3411 47
      vertex -85.9422 -75.1762 100
      vertex -85.9422 -75.1762 47
    endloop
  endfacet
  facet normal -0.989176 -0.146733 0
    outer loop
      vertex -85.9422 -75.1762 100
      vertex -85.7694 -76.3411 47
      vertex -85.7694 -76.3411 100
    endloop
  endfacet
  facet normal -0.336864 0.941553 0
    outer loop
      vertex -77.4834 85.4833 45
      vertex -78.5922 85.0866 100
      vertex -77.4834 85.4833 100
    endloop
  endfacet
  facet normal -0.336864 0.941553 0
    outer loop
      vertex -78.5922 85.0866 100
      vertex -77.4834 85.4833 45
      vertex -78.5922 85.0866 45
    endloop
  endfacet
  facet normal 0.0490821 0.998795 -0
    outer loop
      vertex 75.1762 85.9422 45
      vertex 74 86 100
      vertex 75.1762 85.9422 100
    endloop
  endfacet
  facet normal 0.0490821 0.998795 0
    outer loop
      vertex 74 86 100
      vertex 75.1762 85.9422 45
      vertex 74 86 45
    endloop
  endfacet
  facet normal 0 0 1
    outer loop
      vertex 74 86 100
      vertex 86 74 100
      vertex 85.9422 75.1762 100
    endloop
  endfacet
  facet normal 0 0 1
    outer loop
      vertex 86 74 100
      vertex 80 20 100
      vertex 86 -74 100
    endloop
  endfacet
  facet normal 0 0 1
    outer loop
      vertex 74 86 100
      vertex 85.9422 75.1762 100
      vertex 85.7694 76.3411 100
    endloop
  endfacet
  facet normal -0 0 1
    outer loop
      vertex 80 -20 100
      vertex 86 -74 100
      vertex 80 20 100
    endloop
  endfacet
  facet normal 0 0 1
    outer loop
      vertex 74 86 100
      vertex 85.7694 76.3411 100
      vertex 85.4833 77.4834 100
    endloop
  endfacet
  facet normal -0 0 1
    outer loop
      vertex 79.9807 -20.3921 100
      vertex 86 -74 100
      vertex 80 -20 100
    endloop
  endfacet
  facet normal 0 0 1
    outer loop
      vertex 74 86 100
      vertex 85.4833 77.4834 100
      vertex 85.0866 78.5922 100
    endloop
  endfacet
  facet normal -0 0 1
    outer loop
      vertex 79.9231 -20.7804 100
      vertex 86 -74 100
      vertex 79.9807 -20.3921 100
    endloop
  endfacet
  facet normal 0 0 1
    outer loop
      vertex 74 86 100
      vertex 85.0866 78.5922 100
      vertex 84.5831 79.6568 100
    endloop
  endfacet
  facet normal -0 0 1
    outer loop
      vertex 79.8278 -21.1611 100
      vertex 86 -74 100
      vertex 79.9231 -20.7804 100
    endloop
  endfacet
  facet normal 0 0 1
    outer loop
      vertex 74 86 100
      vertex 84.5831 79.6568 100
      vertex 83.9776 80.6668 100
    endloop
  endfacet
  facet normal -0 0 1
    outer loop
      vertex 79.6955 -21.5307 100
      vertex 86 -74 100
      vertex 79.8278 -21.1611 100
    endloop
  endfacet
  facet normal 0 0 1
    outer loop
      vertex 74 86 100
      vertex 83.9776 80.6668 100
      vertex 83.2761 81.6127 100
    endloop
  endfacet
  facet normal -0 0 1
    outer loop
      vertex 79.5277 -21.8856 100
      vertex 86 -74 100
      vertex 79.6955 -21.5307 100
    endloop
  endfacet
  facet normal 0 0 1
    outer loop
      vertex 74 86 100
      vertex 83.2761 81.6127 100
      vertex 82.4853 82.4853 100
    endloop
  endfacet
  facet normal -0 0 1
    outer loop
      vertex 79.3259 -22.2223 100
      vertex 86 -74 100
      vertex 79.5277 -21.8856 100
    endloop
  endfacet
  facet normal 0 0 1
    outer loop
      vertex 74 86 100
      vertex 82.4853 82.4853 100
      vertex 81.6127 83.2761 100
    endloop
  endfacet
  facet normal -0 0 1
    outer loop
      vertex 79.092 -22.5376 100
      vertex 86 -74 100
      vertex 79.3259 -22.2223 100
    endloop
  endfacet
  facet normal 0 0 1
    outer loop
      vertex 74 86 100
      vertex 81.6127 83.2761 100
      vertex 80.6668 83.9776 100
    endloop
  endfacet
  facet normal -0 0 1
    outer loop
      vertex 78.8284 -22.8284 100
      vertex 86 -74 100
      vertex 79.092 -22.5376 100
    endloop
  endfacet
  facet normal -0 0 1
    outer loop
      vertex 78.5376 -23.092 100
      vertex 86 -74 100
      vertex 78.8284 -22.8284 100
    endloop
  endfacet
  facet normal 0 0 1
    outer loop
      vertex 86 74 100
      vertex 79.9807 20.3921 100
      vertex 80 20 100
    endloop
  endfacet
  facet normal 0 0 1
    outer loop
      vertex 86 74 100
      vertex 79.9231 20.7804 100
      vertex 79.9807 20.3921 100
    endloop
  endfacet
  facet normal 0 0 1
    outer loop
      vertex 86 74 100
      vertex 79.8278 21.1611 100
      vertex 79.9231 20.7804 100
    endloop
  endfacet
  facet normal 0 0 1
    outer loop
      vertex 86 74 100
      vertex 79.6955 21.5307 100
      vertex 79.8278 21.1611 100
    endloop
  endfacet
  facet normal 0 0 1
    outer loop
      vertex 74 86 100
      vertex 80.6668 83.9776 100
      vertex 79.6568 84.5831 100
    endloop
  endfacet
  facet normal 0 0 1
    outer loop
      vertex 86 74 100
      vertex 79.5277 21.8856 100
      vertex 79.6955 21.5307 100
    endloop
  endfacet
  facet normal 0 0 1
    outer loop
      vertex 86 74 100
      vertex 79.3259 22.2223 100
      vertex 79.5277 21.8856 100
    endloop
  endfacet
  facet normal 0 0 1
    outer loop
      vertex 86 74 100
      vertex 79.092 22.5376 100
      vertex 79.3259 22.2223 100
    endloop
  endfacet
  facet normal 0 0 1
    outer loop
      vertex 86 74 100
      vertex 78.8284 22.8284 100
      vertex 79.092 22.5376 100
    endloop
  endfacet
  facet normal 0 0 1
    outer loop
      vertex 74 86 100
      vertex 79.6568 84.5831 100
      vertex 78.5922 85.0866 100
    endloop
  endfacet
  facet normal 0 0 1
    outer loop
      vertex 86 74 100
      vertex 78.5376 23.092 100
      vertex 78.8284 22.8284 100
    endloop
  endfacet
  facet normal 0 0 1
    outer loop
      vertex 86 74 100
      vertex 78.2223 23.3259 100
      vertex 78.5376 23.092 100
    endloop
  endfacet
  facet normal 0 0 1
    outer loop
      vertex 86 74 100
      vertex 77.8856 23.5277 100
      vertex 78.2223 23.3259 100
    endloop
  endfacet
  facet normal 0 0 1
    outer loop
      vertex 86 74 100
      vertex 77.5307 23.6955 100
      vertex 77.8856 23.5277 100
    endloop
  endfacet
  facet normal 0 0 1
    outer loop
      vertex 74 86 100
      vertex 78.5922 85.0866 100
      vertex 77.4834 85.4833 100
    endloop
  endfacet
  facet normal 0 0 1
    outer loop
      vertex 86 74 100
      vertex 77.1611 23.8278 100
      vertex 77.5307 23.6955 100
    endloop
  endfacet
  facet normal 0 0 1
    outer loop
      vertex 86 74 100
      vertex 76.7804 23.9231 100
      vertex 77.1611 23.8278 100
    endloop
  endfacet
  facet normal 0 0 1
    outer loop
      vertex 86 74 100
      vertex 76.3921 23.9807 100
      vertex 76.7804 23.9231 100
    endloop
  endfacet
  facet normal 0 0 1
    outer loop
      vertex 74 86 100
      vertex 77.4834 85.4833 100
      vertex 76.3411 85.7694 100
    endloop
  endfacet
  facet normal 0 0 1
    outer loop
      vertex 86 74 100
      vertex 76 24 100
      vertex 76.3921 23.9807 100
    endloop
  endfacet
  facet normal 0 0 1
    outer loop
      vertex 74 86 100
      vertex 76.3411 85.7694 100
      vertex 75.1762 85.9422 100
    endloop
  endfacet
  facet normal 0 0 1
    outer loop
      vertex 86 74 100
      vertex 74 86 100
      vertex 76 24 100
    endloop
  endfacet
  facet normal -0 0 1
    outer loop
      vertex -74 86 100
      vertex 76 24 100
      vertex 74 86 100
    endloop
  endfacet
  facet normal 0 0 1
    outer loop
      vertex -86 74 100
      vertex -74 86 100
      vertex -75.1762 85.9422 100
    endloop
  endfacet
  facet normal 0 0 1
    outer loop
      vertex -74 86 100
      vertex -76 24 100
      vertex 76 24 100
    endloop
  endfacet
  facet normal 0 0 1
    outer loop
      vertex -86 74 100
      vertex -75.1762 85.9422 100
      vertex -76.3411 85.7694 100
    endloop
  endfacet
  facet normal 0 0 1
    outer loop
      vertex -74 86 100
      vertex -86 74 100
      vertex -76 24 100
    endloop
  endfacet
  facet normal 0 0 1
    outer loop
      vertex -76 24 100
      vertex -86 74 100
      vertex -76.3921 23.9807 100
    endloop
  endfacet
  facet normal 0 0 1
    outer loop
      vertex -76.3921 23.9807 100
      vertex -86 74 100
      vertex -76.7804 23.9231 100
    endloop
  endfacet
  facet normal 0 0 1
    outer loop
      vertex -86 74 100
      vertex -76.3411 85.7694 100
      vertex -77.4834 85.4833 100
    endloop
  endfacet
  facet normal 0 0 1
    outer loop
      vertex -76.7804 23.9231 100
      vertex -86 74 100
      vertex -77.1611 23.8278 100
    endloop
  endfacet
  facet normal 0 0 1
    outer loop
      vertex -77.1611 23.8278 100
      vertex -86 74 100
      vertex -77.5307 23.6955 100
    endloop
  endfacet
  facet normal 0 0 1
    outer loop
      vertex -77.5307 23.6955 100
      vertex -86 74 100
      vertex -77.8856 23.5277 100
    endloop
  endfacet
  facet normal 0 0 1
    outer loop
      vertex -77.8856 23.5277 100
      vertex -86 74 100
      vertex -78.2223 23.3259 100
    endloop
  endfacet
  facet normal 0 0 1
    outer loop
      vertex -86 74 100
      vertex -77.4834 85.4833 100
      vertex -78.5922 85.0866 100
    endloop
  endfacet
  facet normal 0 0 1
    outer loop
      vertex -78.2223 23.3259 100
      vertex -86 74 100
      vertex -78.5376 23.092 100
    endloop
  endfacet
  facet normal 0 0 1
    outer loop
      vertex -78.5376 23.092 100
      vertex -86 74 100
      vertex -78.8284 22.8284 100
    endloop
  endfacet
  facet normal 0 0 1
    outer loop
      vertex -78.8284 22.8284 100
      vertex -86 74 100
      vertex -79.092 22.5376 100
    endloop
  endfacet
  facet normal 0 0 1
    outer loop
      vertex -79.092 22.5376 100
      vertex -86 74 100
      vertex -79.3259 22.2223 100
    endloop
  endfacet
  facet normal 0 0 1
    outer loop
      vertex -86 74 100
      vertex -78.5922 85.0866 100
      vertex -79.6568 84.5831 100
    endloop
  endfacet
  facet normal 0 0 1
    outer loop
      vertex -79.3259 22.2223 100
      vertex -86 74 100
      vertex -79.5277 21.8856 100
    endloop
  endfacet
  facet normal 0 0 1
    outer loop
      vertex -79.5277 21.8856 100
      vertex -86 74 100
      vertex -79.6955 21.5307 100
    endloop
  endfacet
  facet normal 0 0 1
    outer loop
      vertex -79.6955 21.5307 100
      vertex -86 74 100
      vertex -79.8278 21.1611 100
    endloop
  endfacet
  facet normal 0 0 1
    outer loop
      vertex -79.8278 21.1611 100
      vertex -86 74 100
      vertex -79.9231 20.7804 100
    endloop
  endfacet
  facet normal 0 0 1
    outer loop
      vertex -79.9231 20.7804 100
      vertex -86 74 100
      vertex -79.9807 20.3921 100
    endloop
  endfacet
  facet normal 0 0 1
    outer loop
      vertex -79.9807 20.3921 100
      vertex -86 74 100
      vertex -80 20 100
    endloop
  endfacet
  facet normal 0 0 1
    outer loop
      vertex -86 74 100
      vertex -79.6568 84.5831 100
      vertex -80.6668 83.9776 100
    endloop
  endfacet
  facet normal -0 0 1
    outer loop
      vertex 78.2223 -23.3259 100
      vertex 86 -74 100
      vertex 78.5376 -23.092 100
    endloop
  endfacet
  facet normal -0 0 1
    outer loop
      vertex 77.8856 -23.5277 100
      vertex 86 -74 100
      vertex 78.2223 -23.3259 100
    endloop
  endfacet
  facet normal -0 0 1
    outer loop
      vertex 77.5307 -23.6955 100
      vertex 86 -74 100
      vertex 77.8856 -23.5277 100
    endloop
  endfacet
  facet normal -0 0 1
    outer loop
      vertex 77.1611 -23.8278 100
      vertex 86 -74 100
      vertex 77.5307 -23.6955 100
    endloop
  endfacet
  facet normal -0 0 1
    outer loop
      vertex 76.7804 -23.9231 100
      vertex 86 -74 100
      vertex 77.1611 -23.8278 100
    endloop
  endfacet
  facet normal -0 0 1
    outer loop
      vertex 76.3921 -23.9807 100
      vertex 86 -74 100
      vertex 76.7804 -23.9231 100
    endloop
  endfacet
  facet normal -0 0 1
    outer loop
      vertex 76 -24 100
      vertex 86 -74 100
      vertex 76.3921 -23.9807 100
    endloop
  endfacet
  facet normal 0 0 1
    outer loop
      vertex 74 -86 100
      vertex 86 -74 100
      vertex 76 -24 100
    endloop
  endfacet
  facet normal 0 0 1
    outer loop
      vertex 86 -74 100
      vertex 74 -86 100
      vertex 85.9422 -75.1762 100
    endloop
  endfacet
  facet normal 0 0 1
    outer loop
      vertex 85.9422 -75.1762 100
      vertex 74 -86 100
      vertex 85.7694 -76.3411 100
    endloop
  endfacet
  facet normal 0 0 1
    outer loop
      vertex 85.7694 -76.3411 100
      vertex 74 -86 100
      vertex 85.4833 -77.4834 100
    endloop
  endfacet
  facet normal 0 0 1
    outer loop
      vertex 85.4833 -77.4834 100
      vertex 74 -86 100
      vertex 85.0866 -78.5922 100
    endloop
  endfacet
  facet normal 0 0 1
    outer loop
      vertex 85.0866 -78.5922 100
      vertex 74 -86 100
      vertex 84.5831 -79.6568 100
    endloop
  endfacet
  facet normal 0 0 1
    outer loop
      vertex 84.5831 -79.6568 100
      vertex 74 -86 100
      vertex 83.9776 -80.6668 100
    endloop
  endfacet
  facet normal 0 0 1
    outer loop
      vertex 83.9776 -80.6668 100
      vertex 74 -86 100
      vertex 83.2761 -81.6127 100
    endloop
  endfacet
  facet normal 0 0 1
    outer loop
      vertex 83.2761 -81.6127 100
      vertex 74 -86 100
      vertex 82.4853 -82.4853 100
    endloop
  endfacet
  facet normal 0 0 1
    outer loop
      vertex 82.4853 -82.4853 100
      vertex 74 -86 100
      vertex 81.6127 -83.2761 100
    endloop
  endfacet
  facet normal 0 0 1
    outer loop
      vertex 81.6127 -83.2761 100
      vertex 74 -86 100
      vertex 80.6668 -83.9776 100
    endloop
  endfacet
  facet normal 0 0 1
    outer loop
      vertex 80.6668 -83.9776 100
      vertex 74 -86 100
      vertex 79.6568 -84.5831 100
    endloop
  endfacet
  facet normal 0 0 1
    outer loop
      vertex 79.6568 -84.5831 100
      vertex 74 -86 100
      vertex 78.5922 -85.0866 100
    endloop
  endfacet
  facet normal 0 0 1
    outer loop
      vertex 78.5922 -85.0866 100
      vertex 74 -86 100
      vertex 77.4834 -85.4833 100
    endloop
  endfacet
  facet normal 0 0 1
    outer loop
      vertex 77.4834 -85.4833 100
      vertex 74 -86 100
      vertex 76.3411 -85.7694 100
    endloop
  endfacet
  facet normal 0 0 1
    outer loop
      vertex 76.3411 -85.7694 100
      vertex 74 -86 100
      vertex 75.1762 -85.9422 100
    endloop
  endfacet
  facet normal 0 0 1
    outer loop
      vertex 76 -24 100
      vertex -74 -86 100
      vertex 74 -86 100
    endloop
  endfacet
  facet normal -0 0 1
    outer loop
      vertex -76 -24 100
      vertex -74 -86 100
      vertex 76 -24 100
    endloop
  endfacet
  facet normal -0 0 1
    outer loop
      vertex -86 -74 100
      vertex -74 -86 100
      vertex -76 -24 100
    endloop
  endfacet
  facet normal 0 0 1
    outer loop
      vertex -74 -86 100
      vertex -86 -74 100
      vertex -75.1762 -85.9422 100
    endloop
  endfacet
  facet normal 0 0 1
    outer loop
      vertex -86 -74 100
      vertex -76 -24 100
      vertex -76.3921 -23.9807 100
    endloop
  endfacet
  facet normal 0 0 1
    outer loop
      vertex -86 -74 100
      vertex -76.3921 -23.9807 100
      vertex -76.7804 -23.9231 100
    endloop
  endfacet
  facet normal 0 0 1
    outer loop
      vertex -86 -74 100
      vertex -76.7804 -23.9231 100
      vertex -77.1611 -23.8278 100
    endloop
  endfacet
  facet normal 0 0 1
    outer loop
      vertex -75.1762 -85.9422 100
      vertex -86 -74 100
      vertex -76.3411 -85.7694 100
    endloop
  endfacet
  facet normal 0 0 1
    outer loop
      vertex -86 -74 100
      vertex -77.1611 -23.8278 100
      vertex -77.5307 -23.6955 100
    endloop
  endfacet
  facet normal 0 0 1
    outer loop
      vertex -86 -74 100
      vertex -77.5307 -23.6955 100
      vertex -77.8856 -23.5277 100
    endloop
  endfacet
  facet normal 0 0 1
    outer loop
      vertex -86 -74 100
      vertex -77.8856 -23.5277 100
      vertex -78.2223 -23.3259 100
    endloop
  endfacet
  facet normal 0 0 1
    outer loop
      vertex -86 -74 100
      vertex -78.2223 -23.3259 100
      vertex -78.5376 -23.092 100
    endloop
  endfacet
  facet normal 0 0 1
    outer loop
      vertex -76.3411 -85.7694 100
      vertex -86 -74 100
      vertex -77.4834 -85.4833 100
    endloop
  endfacet
  facet normal 0 0 1
    outer loop
      vertex -86 -74 100
      vertex -78.5376 -23.092 100
      vertex -78.8284 -22.8284 100
    endloop
  endfacet
  facet normal 0 0 1
    outer loop
      vertex -86 -74 100
      vertex -78.8284 -22.8284 100
      vertex -79.092 -22.5376 100
    endloop
  endfacet
  facet normal 0 0 1
    outer loop
      vertex -86 -74 100
      vertex -79.092 -22.5376 100
      vertex -79.3259 -22.2223 100
    endloop
  endfacet
  facet normal 0 0 1
    outer loop
      vertex -86 -74 100
      vertex -79.3259 -22.2223 100
      vertex -79.5277 -21.8856 100
    endloop
  endfacet
  facet normal 0 0 1
    outer loop
      vertex -77.4834 -85.4833 100
      vertex -86 -74 100
      vertex -78.5922 -85.0866 100
    endloop
  endfacet
  facet normal 0 0 1
    outer loop
      vertex -86 -74 100
      vertex -79.5277 -21.8856 100
      vertex -79.6955 -21.5307 100
    endloop
  endfacet
  facet normal 0 0 1
    outer loop
      vertex -86 -74 100
      vertex -79.6955 -21.5307 100
      vertex -79.8278 -21.1611 100
    endloop
  endfacet
  facet normal 0 0 1
    outer loop
      vertex -86 -74 100
      vertex -79.8278 -21.1611 100
      vertex -79.9231 -20.7804 100
    endloop
  endfacet
  facet normal 0 0 1
    outer loop
      vertex -86 -74 100
      vertex -79.9231 -20.7804 100
      vertex -79.9807 -20.3921 100
    endloop
  endfacet
  facet normal 0 0 1
    outer loop
      vertex -86 -74 100
      vertex -79.9807 -20.3921 100
      vertex -80 -20 100
    endloop
  endfacet
  facet normal 0 0 1
    outer loop
      vertex -80 20 100
      vertex -86 74 100
      vertex -80 -20 100
    endloop
  endfacet
  facet normal 0 0 1
    outer loop
      vertex -86 -74 100
      vertex -80 -20 100
      vertex -86 74 100
    endloop
  endfacet
  facet normal 0 0 1
    outer loop
      vertex -86 74 100
      vertex -80.6668 83.9776 100
      vertex -81.6127 83.2761 100
    endloop
  endfacet
  facet normal 0 0 1
    outer loop
      vertex -78.5922 -85.0866 100
      vertex -86 -74 100
      vertex -79.6568 -84.5831 100
    endloop
  endfacet
  facet normal 0 0 1
    outer loop
      vertex -86 74 100
      vertex -81.6127 83.2761 100
      vertex -82.4853 82.4853 100
    endloop
  endfacet
  facet normal 0 0 1
    outer loop
      vertex -79.6568 -84.5831 100
      vertex -86 -74 100
      vertex -80.6668 -83.9776 100
    endloop
  endfacet
  facet normal 0 0 1
    outer loop
      vertex -86 74 100
      vertex -82.4853 82.4853 100
      vertex -83.2761 81.6127 100
    endloop
  endfacet
  facet normal 0 0 1
    outer loop
      vertex -80.6668 -83.9776 100
      vertex -86 -74 100
      vertex -81.6127 -83.2761 100
    endloop
  endfacet
  facet normal 0 0 1
    outer loop
      vertex -86 74 100
      vertex -83.2761 81.6127 100
      vertex -83.9776 80.6668 100
    endloop
  endfacet
  facet normal 0 0 1
    outer loop
      vertex -81.6127 -83.2761 100
      vertex -86 -74 100
      vertex -82.4853 -82.4853 100
    endloop
  endfacet
  facet normal 0 0 1
    outer loop
      vertex -86 74 100
      vertex -83.9776 80.6668 100
      vertex -84.5831 79.6568 100
    endloop
  endfacet
  facet normal 0 0 1
    outer loop
      vertex -82.4853 -82.4853 100
      vertex -86 -74 100
      vertex -83.2761 -81.6127 100
    endloop
  endfacet
  facet normal 0 0 1
    outer loop
      vertex -86 74 100
      vertex -84.5831 79.6568 100
      vertex -85.0866 78.5922 100
    endloop
  endfacet
  facet normal 0 0 1
    outer loop
      vertex -83.2761 -81.6127 100
      vertex -86 -74 100
      vertex -83.9776 -80.6668 100
    endloop
  endfacet
  facet normal 0 0 1
    outer loop
      vertex -86 74 100
      vertex -85.0866 78.5922 100
      vertex -85.4833 77.4834 100
    endloop
  endfacet
  facet normal 0 0 1
    outer loop
      vertex -83.9776 -80.6668 100
      vertex -86 -74 100
      vertex -84.5831 -79.6568 100
    endloop
  endfacet
  facet normal 0 0 1
    outer loop
      vertex -86 74 100
      vertex -85.4833 77.4834 100
      vertex -85.7694 76.3411 100
    endloop
  endfacet
  facet normal 0 0 1
    outer loop
      vertex -84.5831 -79.6568 100
      vertex -86 -74 100
      vertex -85.0866 -78.5922 100
    endloop
  endfacet
  facet normal 0 0 1
    outer loop
      vertex -86 74 100
      vertex -85.7694 76.3411 100
      vertex -85.9422 75.1762 100
    endloop
  endfacet
  facet normal 0 0 1
    outer loop
      vertex -85.0866 -78.5922 100
      vertex -86 -74 100
      vertex -85.4833 -77.4834 100
    endloop
  endfacet
  facet normal 0 0 1
    outer loop
      vertex -85.4833 -77.4834 100
      vertex -86 -74 100
      vertex -85.7694 -76.3411 100
    endloop
  endfacet
  facet normal 0 0 1
    outer loop
      vertex -85.7694 -76.3411 100
      vertex -86 -74 100
      vertex -85.9422 -75.1762 100
    endloop
  endfacet
  facet normal -0.0490821 -0.998795 0
    outer loop
      vertex -75.1762 -85.9422 47
      vertex -74 -86 100
      vertex -75.1762 -85.9422 100
    endloop
  endfacet
  facet normal -0.0490821 -0.998795 -0
    outer loop
      vertex -74 -86 100
      vertex -75.1762 -85.9422 47
      vertex -74 -86 47
    endloop
  endfacet
  facet normal -0.336864 -0.941553 0
    outer loop
      vertex -78.5922 -85.0866 47
      vertex -77.4834 -85.4833 100
      vertex -78.5922 -85.0866 100
    endloop
  endfacet
  facet normal -0.336864 -0.941553 -0
    outer loop
      vertex -77.4834 -85.4833 100
      vertex -78.5922 -85.0866 47
      vertex -77.4834 -85.4833 47
    endloop
  endfacet
  facet normal -0.595684 0.803219 0
    outer loop
      vertex -80.6668 83.9776 45
      vertex -81.6127 83.2761 100
      vertex -80.6668 83.9776 100
    endloop
  endfacet
  facet normal -0.595684 0.803219 0
    outer loop
      vertex -81.6127 83.2761 100
      vertex -80.6668 83.9776 45
      vertex -81.6127 83.2761 45
    endloop
  endfacet
  facet normal -0.85768 -0.514184 0
    outer loop
      vertex -83.9776 -80.6668 47
      vertex -84.5831 -79.6568 100
      vertex -84.5831 -79.6568 47
    endloop
  endfacet
  facet normal -0.85768 -0.514184 0
    outer loop
      vertex -84.5831 -79.6568 100
      vertex -83.9776 -80.6668 47
      vertex -83.9776 -80.6668 100
    endloop
  endfacet
  facet normal -0.514184 -0.85768 0
    outer loop
      vertex -80.6668 -83.9776 47
      vertex -79.6568 -84.5831 100
      vertex -80.6668 -83.9776 100
    endloop
  endfacet
  facet normal -0.514184 -0.85768 -0
    outer loop
      vertex -79.6568 -84.5831 100
      vertex -80.6668 -83.9776 47
      vertex -79.6568 -84.5831 47
    endloop
  endfacet
  facet normal 0.941553 0.336864 0
    outer loop
      vertex 85.4833 77.4834 100
      vertex 85.0866 78.5922 45
      vertex 85.0866 78.5922 100
    endloop
  endfacet
  facet normal 0.941553 0.336864 0
    outer loop
      vertex 85.0866 78.5922 45
      vertex 85.4833 77.4834 100
      vertex 85.4833 77.4834 45
    endloop
  endfacet
  facet normal -0.85768 0.514184 0
    outer loop
      vertex -84.5831 79.6568 45
      vertex -83.9776 80.6668 100
      vertex -83.9776 80.6668 45
    endloop
  endfacet
  facet normal -0.85768 0.514184 0
    outer loop
      vertex -83.9776 80.6668 100
      vertex -84.5831 79.6568 45
      vertex -84.5831 79.6568 100
    endloop
  endfacet
  facet normal 0.671522 0.740984 -0
    outer loop
      vertex 82.4853 82.4853 45
      vertex 81.6127 83.2761 100
      vertex 82.4853 82.4853 100
    endloop
  endfacet
  facet normal 0.671522 0.740984 0
    outer loop
      vertex 81.6127 83.2761 100
      vertex 82.4853 82.4853 45
      vertex 81.6127 83.2761 45
    endloop
  endfacet
  facet normal 0.803219 -0.595684 0
    outer loop
      vertex 83.2761 -81.6127 100
      vertex 83.9776 -80.6668 45
      vertex 83.9776 -80.6668 100
    endloop
  endfacet
  facet normal 0.803219 -0.595684 0
    outer loop
      vertex 83.9776 -80.6668 45
      vertex 83.2761 -81.6127 100
      vertex 83.2761 -81.6127 45
    endloop
  endfacet
  facet normal -0.671522 -0.740984 0
    outer loop
      vertex -82.4853 -82.4853 47
      vertex -81.6127 -83.2761 100
      vertex -82.4853 -82.4853 100
    endloop
  endfacet
  facet normal -0.671522 -0.740984 -0
    outer loop
      vertex -81.6127 -83.2761 100
      vertex -82.4853 -82.4853 47
      vertex -81.6127 -83.2761 47
    endloop
  endfacet
  facet normal 0.941553 -0.336864 0
    outer loop
      vertex 85.0866 -78.5922 100
      vertex 85.4833 -77.4834 45
      vertex 85.4833 -77.4834 100
    endloop
  endfacet
  facet normal 0.941553 -0.336864 0
    outer loop
      vertex 85.4833 -77.4834 45
      vertex 85.0866 -78.5922 100
      vertex 85.0866 -78.5922 45
    endloop
  endfacet
  facet normal -0.903995 0.427542 0
    outer loop
      vertex -85.0866 78.5922 45
      vertex -84.5831 79.6568 100
      vertex -84.5831 79.6568 45
    endloop
  endfacet
  facet normal -0.903995 0.427542 0
    outer loop
      vertex -84.5831 79.6568 100
      vertex -85.0866 78.5922 45
      vertex -85.0866 78.5922 100
    endloop
  endfacet
  facet normal 0.970038 -0.242955 0
    outer loop
      vertex 85.4833 -77.4834 100
      vertex 85.7694 -76.3411 45
      vertex 85.7694 -76.3411 100
    endloop
  endfacet
  facet normal 0.970038 -0.242955 0
    outer loop
      vertex 85.7694 -76.3411 45
      vertex 85.4833 -77.4834 100
      vertex 85.4833 -77.4834 45
    endloop
  endfacet
  facet normal -0.998795 0.0490821 0
    outer loop
      vertex -86 74 47
      vertex -85.9422 75.1762 45
      vertex -86 74 45
    endloop
  endfacet
  facet normal -0.998795 0.0490821 0
    outer loop
      vertex -85.9422 75.1762 45
      vertex -86 74 47
      vertex -85.9422 75.1762 100
    endloop
  endfacet
  facet normal -0.998795 0.0490821 0
    outer loop
      vertex -85.9422 75.1762 100
      vertex -86 74 47
      vertex -86 74 100
    endloop
  endfacet
  facet normal -0.740984 0.671522 0
    outer loop
      vertex -83.2761 81.6127 45
      vertex -82.4853 82.4853 100
      vertex -82.4853 82.4853 45
    endloop
  endfacet
  facet normal -0.740984 0.671522 0
    outer loop
      vertex -82.4853 82.4853 100
      vertex -83.2761 81.6127 45
      vertex -83.2761 81.6127 100
    endloop
  endfacet
  facet normal -0.970038 0.242955 0
    outer loop
      vertex -85.7694 76.3411 45
      vertex -85.4833 77.4834 100
      vertex -85.4833 77.4834 45
    endloop
  endfacet
  facet normal -0.970038 0.242955 0
    outer loop
      vertex -85.4833 77.4834 100
      vertex -85.7694 76.3411 45
      vertex -85.7694 76.3411 100
    endloop
  endfacet
  facet normal -0.671522 0.740984 0
    outer loop
      vertex -81.6127 83.2761 45
      vertex -82.4853 82.4853 100
      vertex -81.6127 83.2761 100
    endloop
  endfacet
  facet normal -0.671522 0.740984 0
    outer loop
      vertex -82.4853 82.4853 100
      vertex -81.6127 83.2761 45
      vertex -82.4853 82.4853 45
    endloop
  endfacet
  facet normal -0.998795 -0.0490821 0
    outer loop
      vertex -85.9422 -75.1762 47
      vertex -86 -74 100
      vertex -86 -74 47
    endloop
  endfacet
  facet normal -0.998795 -0.0490821 0
    outer loop
      vertex -86 -74 100
      vertex -85.9422 -75.1762 47
      vertex -85.9422 -75.1762 100
    endloop
  endfacet
  facet normal 0.803219 0.595684 0
    outer loop
      vertex 83.9776 80.6668 100
      vertex 83.2761 81.6127 45
      vertex 83.2761 81.6127 100
    endloop
  endfacet
  facet normal 0.803219 0.595684 0
    outer loop
      vertex 83.2761 81.6127 45
      vertex 83.9776 80.6668 100
      vertex 83.9776 80.6668 45
    endloop
  endfacet
  facet normal 0.85768 -0.514184 0
    outer loop
      vertex 83.9776 -80.6668 100
      vertex 84.5831 -79.6568 45
      vertex 84.5831 -79.6568 100
    endloop
  endfacet
  facet normal 0.85768 -0.514184 0
    outer loop
      vertex 84.5831 -79.6568 45
      vertex 83.9776 -80.6668 100
      vertex 83.9776 -80.6668 45
    endloop
  endfacet
  facet normal 0.242955 0.970038 -0
    outer loop
      vertex 77.4834 85.4833 45
      vertex 76.3411 85.7694 100
      vertex 77.4834 85.4833 100
    endloop
  endfacet
  facet normal 0.242955 0.970038 0
    outer loop
      vertex 76.3411 85.7694 100
      vertex 77.4834 85.4833 45
      vertex 76.3411 85.7694 45
    endloop
  endfacet
  facet normal -0.242955 -0.970038 0
    outer loop
      vertex -77.4834 -85.4833 47
      vertex -76.3411 -85.7694 100
      vertex -77.4834 -85.4833 100
    endloop
  endfacet
  facet normal -0.242955 -0.970038 -0
    outer loop
      vertex -76.3411 -85.7694 100
      vertex -77.4834 -85.4833 47
      vertex -76.3411 -85.7694 47
    endloop
  endfacet
  facet normal -0.0490821 0.998795 0
    outer loop
      vertex -74 86 45
      vertex -75.1762 85.9422 100
      vertex -74 86 100
    endloop
  endfacet
  facet normal -0.0490821 0.998795 0
    outer loop
      vertex -75.1762 85.9422 100
      vertex -74 86 45
      vertex -75.1762 85.9422 45
    endloop
  endfacet
  facet normal -0 0 -1
    outer loop
      vertex -64.451 -62.9177 45
      vertex -75.7743 -74.1077 45
      vertex -64.5058 -62.6987 45
    endloop
  endfacet
  facet normal 0 0 -1
    outer loop
      vertex -68 0 45
      vertex -74.012 60.255 45
      vertex -74 60.5 45
    endloop
  endfacet
  facet normal 0 0 -1
    outer loop
      vertex -76.0123 -74.048 45
      vertex -64.5058 -62.6987 45
      vertex -75.7743 -74.1077 45
    endloop
  endfacet
  facet normal 0 0 -1
    outer loop
      vertex -68 0 45
      vertex -74.048 60.0123 45
      vertex -74.012 60.255 45
    endloop
  endfacet
  facet normal -0 0 -1
    outer loop
      vertex -64.5058 -62.6987 45
      vertex -76.0123 -74.048 45
      vertex -64.5389 -62.4754 45
    endloop
  endfacet
  facet normal 0 0 -1
    outer loop
      vertex -68 0 45
      vertex -74.1077 59.7743 45
      vertex -74.048 60.0123 45
    endloop
  endfacet
  facet normal 0 0 -1
    outer loop
      vertex -76.255 -74.012 45
      vertex -64.5389 -62.4754 45
      vertex -76.0123 -74.048 45
    endloop
  endfacet
  facet normal 0 0 -1
    outer loop
      vertex -68 0 45
      vertex -74.1903 59.5433 45
      vertex -74.1077 59.7743 45
    endloop
  endfacet
  facet normal -0 0 -1
    outer loop
      vertex -64.5389 -62.4754 45
      vertex -76.255 -74.012 45
      vertex -64.55 -62.25 45
    endloop
  endfacet
  facet normal 0 0 -1
    outer loop
      vertex -68 0 45
      vertex -74.2952 59.3215 45
      vertex -74.1903 59.5433 45
    endloop
  endfacet
  facet normal 0 0 -1
    outer loop
      vertex -76.5 -74 45
      vertex -64.55 -62.25 45
      vertex -76.255 -74.012 45
    endloop
  endfacet
  facet normal 0 0 -1
    outer loop
      vertex -68 0 45
      vertex -74.4213 59.1111 45
      vertex -74.2952 59.3215 45
    endloop
  endfacet
  facet normal -0 0 -1
    outer loop
      vertex -64.55 -62.25 45
      vertex -76.5 -74 45
      vertex -64.5389 -62.0246 45
    endloop
  endfacet
  facet normal 0 0 -1
    outer loop
      vertex -68 0 45
      vertex -74.5675 58.914 45
      vertex -74.4213 59.1111 45
    endloop
  endfacet
  facet normal -0 0 -1
    outer loop
      vertex -64.5389 -62.0246 45
      vertex -76.5 -74 45
      vertex -64.5058 -61.8013 45
    endloop
  endfacet
  facet normal 0 0 -1
    outer loop
      vertex -68 0 45
      vertex -74.7322 58.7322 45
      vertex -74.5675 58.914 45
    endloop
  endfacet
  facet normal -0 0 -1
    outer loop
      vertex -64.5058 -61.8013 45
      vertex -76.5 -74 45
      vertex -64.451 -61.5823 45
    endloop
  endfacet
  facet normal 0 0 -1
    outer loop
      vertex -68 0 45
      vertex -74.914 58.5675 45
      vertex -74.7322 58.7322 45
    endloop
  endfacet
  facet normal 0 0 -1
    outer loop
      vertex -86 -74 45
      vertex -64.451 -61.5823 45
      vertex -76.5 -74 45
    endloop
  endfacet
  facet normal 0 0 -1
    outer loop
      vertex -68 0 45
      vertex -75.1111 58.4213 45
      vertex -74.914 58.5675 45
    endloop
  endfacet
  facet normal -0 0 -1
    outer loop
      vertex -64.451 -61.5823 45
      vertex -86 -74 45
      vertex -64.3749 -61.3698 45
    endloop
  endfacet
  facet normal 0 0 -1
    outer loop
      vertex -68 0 45
      vertex -75.3215 58.2952 45
      vertex -75.1111 58.4213 45
    endloop
  endfacet
  facet normal -0 0 -1
    outer loop
      vertex -64.3749 -61.3698 45
      vertex -86 -74 45
      vertex -62.8238 -26.0225 45
    endloop
  endfacet
  facet normal 0 0 -1
    outer loop
      vertex -68 0 45
      vertex -75.5433 58.1903 45
      vertex -75.3215 58.2952 45
    endloop
  endfacet
  facet normal -0 0 -1
    outer loop
      vertex -62.8238 -26.0225 45
      vertex -86 -74 45
      vertex -65.0719 -19.7394 45
    endloop
  endfacet
  facet normal 0 0 -1
    outer loop
      vertex -68 0 45
      vertex -75.7743 58.1077 45
      vertex -75.5433 58.1903 45
    endloop
  endfacet
  facet normal -0 0 -1
    outer loop
      vertex -65.0719 -19.7394 45
      vertex -86 -74 45
      vertex -66.6934 -13.2661 45
    endloop
  endfacet
  facet normal 0 0 -1
    outer loop
      vertex -68 0 45
      vertex -76.0123 58.048 45
      vertex -75.7743 58.1077 45
    endloop
  endfacet
  facet normal -0 0 -1
    outer loop
      vertex -66.6934 -13.2661 45
      vertex -86 -74 45
      vertex -67.6726 -6.66516 45
    endloop
  endfacet
  facet normal 0 0 -1
    outer loop
      vertex -68 0 45
      vertex -76.255 58.012 45
      vertex -76.0123 58.048 45
    endloop
  endfacet
  facet normal -0 0 -1
    outer loop
      vertex -67.6726 -6.66516 45
      vertex -86 -74 45
      vertex -68 0 45
    endloop
  endfacet
  facet normal 0 0 -1
    outer loop
      vertex -68 0 45
      vertex -76.5 58 45
      vertex -76.255 58.012 45
    endloop
  endfacet
  facet normal 0 0 -1
    outer loop
      vertex -86 58 45
      vertex -68 0 45
      vertex -86 -74 45
    endloop
  endfacet
  facet normal 0 0 -1
    outer loop
      vertex -68 0 45
      vertex -86 58 45
      vertex -76.5 58 45
    endloop
  endfacet
  facet normal 0 0 -1
    outer loop
      vertex -43.1387 52.5647 45
      vertex -59.9611 62.0246 45
      vertex -59.95 62.25 45
    endloop
  endfacet
  facet normal 0 0 -1
    outer loop
      vertex -74 60.5 45
      vertex -56.5399 37.7788 45
      vertex -59.9706 32.055 45
    endloop
  endfacet
  facet normal 0 0 -1
    outer loop
      vertex -52.5647 43.1387 45
      vertex -59.9942 61.8013 45
      vertex -59.9611 62.0246 45
    endloop
  endfacet
  facet normal 0 0 -1
    outer loop
      vertex -52.5647 43.1387 45
      vertex -60.049 61.5823 45
      vertex -59.9942 61.8013 45
    endloop
  endfacet
  facet normal 0 0 -1
    outer loop
      vertex -52.5647 43.1387 45
      vertex -60.1251 61.3698 45
      vertex -60.049 61.5823 45
    endloop
  endfacet
  facet normal 0 0 -1
    outer loop
      vertex -52.5647 43.1387 45
      vertex -60.2216 61.1658 45
      vertex -60.1251 61.3698 45
    endloop
  endfacet
  facet normal 0 0 -1
    outer loop
      vertex -52.5647 43.1387 45
      vertex -60.3376 60.9722 45
      vertex -60.2216 61.1658 45
    endloop
  endfacet
  facet normal 0 0 -1
    outer loop
      vertex -52.5647 43.1387 45
      vertex -60.4721 60.7909 45
      vertex -60.3376 60.9722 45
    endloop
  endfacet
  facet normal 0 0 -1
    outer loop
      vertex -52.5647 43.1387 45
      vertex -60.6237 60.6237 45
      vertex -60.4721 60.7909 45
    endloop
  endfacet
  facet normal 0 0 -1
    outer loop
      vertex -52.5647 43.1387 45
      vertex -60.7909 60.4721 45
      vertex -60.6237 60.6237 45
    endloop
  endfacet
  facet normal 0 0 -1
    outer loop
      vertex -52.5647 43.1387 45
      vertex -60.9722 60.3376 45
      vertex -60.7909 60.4721 45
    endloop
  endfacet
  facet normal 0 0 -1
    outer loop
      vertex -52.5647 43.1387 45
      vertex -61.1658 60.2216 45
      vertex -60.9722 60.3376 45
    endloop
  endfacet
  facet normal 0 0 -1
    outer loop
      vertex -52.5647 43.1387 45
      vertex -61.3698 60.1251 45
      vertex -61.1658 60.2216 45
    endloop
  endfacet
  facet normal 0 0 -1
    outer loop
      vertex -52.5647 43.1387 45
      vertex -61.5823 60.049 45
      vertex -61.3698 60.1251 45
    endloop
  endfacet
  facet normal 0 0 -1
    outer loop
      vertex -52.5647 43.1387 45
      vertex -61.8013 59.9942 45
      vertex -61.5823 60.049 45
    endloop
  endfacet
  facet normal 0 0 -1
    outer loop
      vertex -52.5647 43.1387 45
      vertex -62.0246 59.9611 45
      vertex -61.8013 59.9942 45
    endloop
  endfacet
  facet normal 0 0 -1
    outer loop
      vertex -52.5647 43.1387 45
      vertex -62.25 59.95 45
      vertex -62.0246 59.9611 45
    endloop
  endfacet
  facet normal 0 0 -1
    outer loop
      vertex -52.5647 43.1387 45
      vertex -62.4754 59.9611 45
      vertex -62.25 59.95 45
    endloop
  endfacet
  facet normal 0 0 -1
    outer loop
      vertex -56.5399 37.7788 45
      vertex -62.6987 59.9942 45
      vertex -62.4754 59.9611 45
    endloop
  endfacet
  facet normal 0 0 -1
    outer loop
      vertex -74 60.5 45
      vertex -59.9706 32.055 45
      vertex -62.8238 26.0225 45
    endloop
  endfacet
  facet normal 0 0 -1
    outer loop
      vertex -56.5399 37.7788 45
      vertex -62.9177 60.049 45
      vertex -62.6987 59.9942 45
    endloop
  endfacet
  facet normal 0 0 -1
    outer loop
      vertex -56.5399 37.7788 45
      vertex -63.1302 60.1251 45
      vertex -62.9177 60.049 45
    endloop
  endfacet
  facet normal 0 0 -1
    outer loop
      vertex -56.5399 37.7788 45
      vertex -74 60.5 45
      vertex -63.1302 60.1251 45
    endloop
  endfacet
  facet normal 0 0 -1
    outer loop
      vertex -63.1302 60.1251 45
      vertex -74 60.5 45
      vertex -63.3342 60.2216 45
    endloop
  endfacet
  facet normal 0 0 -1
    outer loop
      vertex -63.3342 60.2216 45
      vertex -74 60.5 45
      vertex -63.5278 60.3376 45
    endloop
  endfacet
  facet normal 0 0 -1
    outer loop
      vertex -63.5278 60.3376 45
      vertex -74 60.5 45
      vertex -63.7091 60.4721 45
    endloop
  endfacet
  facet normal 0 0 -1
    outer loop
      vertex -63.7091 60.4721 45
      vertex -74 60.5 45
      vertex -63.8763 60.6237 45
    endloop
  endfacet
  facet normal -0 0 -1
    outer loop
      vertex -63.8763 60.6237 45
      vertex -74 60.5 45
      vertex -64.0279 60.7909 45
    endloop
  endfacet
  facet normal -0 0 -1
    outer loop
      vertex -64.0279 60.7909 45
      vertex -74 60.5 45
      vertex -64.1624 60.9722 45
    endloop
  endfacet
  facet normal -0 0 -1
    outer loop
      vertex -64.1624 60.9722 45
      vertex -74 60.5 45
      vertex -64.2784 61.1658 45
    endloop
  endfacet
  facet normal -0 0 -1
    outer loop
      vertex -64.2784 61.1658 45
      vertex -74 60.5 45
      vertex -64.3749 61.3698 45
    endloop
  endfacet
  facet normal -0 0 -1
    outer loop
      vertex -64.3749 61.3698 45
      vertex -74 60.5 45
      vertex -64.451 61.5823 45
    endloop
  endfacet
  facet normal -0 0 -1
    outer loop
      vertex -64.451 61.5823 45
      vertex -74 60.5 45
      vertex -64.5058 61.8013 45
    endloop
  endfacet
  facet normal -0 0 -1
    outer loop
      vertex -64.5058 61.8013 45
      vertex -74 60.5 45
      vertex -64.5389 62.0246 45
    endloop
  endfacet
  facet normal 0 0 -1
    outer loop
      vertex -74 60.5 45
      vertex -62.8238 26.0225 45
      vertex -65.0719 19.7394 45
    endloop
  endfacet
  facet normal 0 0 -1
    outer loop
      vertex -60.1251 -61.3698 45
      vertex -43.1387 -52.5647 45
      vertex -60.049 -61.5823 45
    endloop
  endfacet
  facet normal 0 0 -1
    outer loop
      vertex -60.2216 -61.1658 45
      vertex -43.1387 -52.5647 45
      vertex -60.1251 -61.3698 45
    endloop
  endfacet
  facet normal -0 0 -1
    outer loop
      vertex -43.1387 -52.5647 45
      vertex -60.2216 -61.1658 45
      vertex -48.0833 -48.0833 45
    endloop
  endfacet
  facet normal 0 0 -1
    outer loop
      vertex -60.3376 -60.9722 45
      vertex -48.0833 -48.0833 45
      vertex -60.2216 -61.1658 45
    endloop
  endfacet
  facet normal 0 0 -1
    outer loop
      vertex -60.4721 -60.7909 45
      vertex -48.0833 -48.0833 45
      vertex -60.3376 -60.9722 45
    endloop
  endfacet
  facet normal 0 0 -1
    outer loop
      vertex -60.6237 -60.6237 45
      vertex -48.0833 -48.0833 45
      vertex -60.4721 -60.7909 45
    endloop
  endfacet
  facet normal 0 0 -1
    outer loop
      vertex -60.7909 -60.4721 45
      vertex -48.0833 -48.0833 45
      vertex -60.6237 -60.6237 45
    endloop
  endfacet
  facet normal 0 0 -1
    outer loop
      vertex -60.9722 -60.3376 45
      vertex -48.0833 -48.0833 45
      vertex -60.7909 -60.4721 45
    endloop
  endfacet
  facet normal 0 0 -1
    outer loop
      vertex -61.1658 -60.2216 45
      vertex -48.0833 -48.0833 45
      vertex -60.9722 -60.3376 45
    endloop
  endfacet
  facet normal -0 0 -1
    outer loop
      vertex -48.0833 -48.0833 45
      vertex -61.1658 -60.2216 45
      vertex -52.5647 -43.1387 45
    endloop
  endfacet
  facet normal 0 0 -1
    outer loop
      vertex -61.3698 -60.1251 45
      vertex -52.5647 -43.1387 45
      vertex -61.1658 -60.2216 45
    endloop
  endfacet
  facet normal 0 0 -1
    outer loop
      vertex -61.5823 -60.049 45
      vertex -52.5647 -43.1387 45
      vertex -61.3698 -60.1251 45
    endloop
  endfacet
  facet normal 0 0 -1
    outer loop
      vertex -61.8013 -59.9942 45
      vertex -52.5647 -43.1387 45
      vertex -61.5823 -60.049 45
    endloop
  endfacet
  facet normal 0 0 -1
    outer loop
      vertex -62.0246 -59.9611 45
      vertex -52.5647 -43.1387 45
      vertex -61.8013 -59.9942 45
    endloop
  endfacet
  facet normal 0 0 -1
    outer loop
      vertex -62.25 -59.95 45
      vertex -52.5647 -43.1387 45
      vertex -62.0246 -59.9611 45
    endloop
  endfacet
  facet normal 0 0 -1
    outer loop
      vertex -62.4754 -59.9611 45
      vertex -52.5647 -43.1387 45
      vertex -62.25 -59.95 45
    endloop
  endfacet
  facet normal -0 0 -1
    outer loop
      vertex -52.5647 -43.1387 45
      vertex -62.4754 -59.9611 45
      vertex -56.5399 -37.7788 45
    endloop
  endfacet
  facet normal 0 0 -1
    outer loop
      vertex -62.6987 -59.9942 45
      vertex -56.5399 -37.7788 45
      vertex -62.4754 -59.9611 45
    endloop
  endfacet
  facet normal 0 0 -1
    outer loop
      vertex -62.9177 -60.049 45
      vertex -56.5399 -37.7788 45
      vertex -62.6987 -59.9942 45
    endloop
  endfacet
  facet normal 0 0 -1
    outer loop
      vertex -63.1302 -60.1251 45
      vertex -56.5399 -37.7788 45
      vertex -62.9177 -60.049 45
    endloop
  endfacet
  facet normal 0 0 -1
    outer loop
      vertex -63.3342 -60.2216 45
      vertex -56.5399 -37.7788 45
      vertex -63.1302 -60.1251 45
    endloop
  endfacet
  facet normal 0 0 -1
    outer loop
      vertex -63.5278 -60.3376 45
      vertex -56.5399 -37.7788 45
      vertex -63.3342 -60.2216 45
    endloop
  endfacet
  facet normal -0 0 -1
    outer loop
      vertex -56.5399 -37.7788 45
      vertex -63.5278 -60.3376 45
      vertex -59.9706 -32.055 45
    endloop
  endfacet
  facet normal 0 0 -1
    outer loop
      vertex -63.7091 -60.4721 45
      vertex -59.9706 -32.055 45
      vertex -63.5278 -60.3376 45
    endloop
  endfacet
  facet normal 0 0 -1
    outer loop
      vertex -63.8763 -60.6237 45
      vertex -59.9706 -32.055 45
      vertex -63.7091 -60.4721 45
    endloop
  endfacet
  facet normal 0 0 -1
    outer loop
      vertex -64.0279 -60.7909 45
      vertex -59.9706 -32.055 45
      vertex -63.8763 -60.6237 45
    endloop
  endfacet
  facet normal 0 0 -1
    outer loop
      vertex -64.1624 -60.9722 45
      vertex -59.9706 -32.055 45
      vertex -64.0279 -60.7909 45
    endloop
  endfacet
  facet normal -0 0 -1
    outer loop
      vertex -59.9706 -32.055 45
      vertex -64.1624 -60.9722 45
      vertex -62.8238 -26.0225 45
    endloop
  endfacet
  facet normal 0 0 -1
    outer loop
      vertex -64.2784 -61.1658 45
      vertex -62.8238 -26.0225 45
      vertex -64.1624 -60.9722 45
    endloop
  endfacet
  facet normal 0 0 -1
    outer loop
      vertex -64.3749 -61.3698 45
      vertex -62.8238 -26.0225 45
      vertex -64.2784 -61.1658 45
    endloop
  endfacet
  facet normal 0 0 -1
    outer loop
      vertex -75.1111 -74.4213 45
      vertex -64.1624 -63.5278 45
      vertex -74.914 -74.5675 45
    endloop
  endfacet
  facet normal -0 0 -1
    outer loop
      vertex -64.0279 -63.7091 45
      vertex -74.914 -74.5675 45
      vertex -64.1624 -63.5278 45
    endloop
  endfacet
  facet normal 0 0 -1
    outer loop
      vertex -74.914 -74.5675 45
      vertex -64.0279 -63.7091 45
      vertex -74.7322 -74.7322 45
    endloop
  endfacet
  facet normal -0 0 -1
    outer loop
      vertex -63.8763 -63.8763 45
      vertex -74.7322 -74.7322 45
      vertex -64.0279 -63.7091 45
    endloop
  endfacet
  facet normal -0 0 -1
    outer loop
      vertex -64.1624 -63.5278 45
      vertex -75.1111 -74.4213 45
      vertex -64.2784 -63.3342 45
    endloop
  endfacet
  facet normal 0 0 -1
    outer loop
      vertex 26.0225 -62.8238 45
      vertex 58 -76.5 45
      vertex 58 -86 45
    endloop
  endfacet
  facet normal 0 0 -1
    outer loop
      vertex 58 -76.5 45
      vertex 52.5647 -43.1387 45
      vertex 56.5399 -37.7788 45
    endloop
  endfacet
  facet normal 0 0 -1
    outer loop
      vertex 58 -76.5 45
      vertex 48.0833 -48.0833 45
      vertex 52.5647 -43.1387 45
    endloop
  endfacet
  facet normal 0 0 -1
    outer loop
      vertex 58 -76.5 45
      vertex 43.1387 -52.5647 45
      vertex 48.0833 -48.0833 45
    endloop
  endfacet
  facet normal 0 0 -1
    outer loop
      vertex 58 -76.5 45
      vertex 37.7788 -56.5399 45
      vertex 43.1387 -52.5647 45
    endloop
  endfacet
  facet normal 0 0 -1
    outer loop
      vertex 58 -76.5 45
      vertex 32.055 -59.9706 45
      vertex 37.7788 -56.5399 45
    endloop
  endfacet
  facet normal 0 0 -1
    outer loop
      vertex 58 -76.5 45
      vertex 26.0225 -62.8238 45
      vertex 32.055 -59.9706 45
    endloop
  endfacet
  facet normal 0 0 -1
    outer loop
      vertex 58 -86 45
      vertex 19.7394 -65.0719 45
      vertex 26.0225 -62.8238 45
    endloop
  endfacet
  facet normal 0 0 -1
    outer loop
      vertex 58 -86 45
      vertex 13.2661 -66.6934 45
      vertex 19.7394 -65.0719 45
    endloop
  endfacet
  facet normal 0 0 -1
    outer loop
      vertex 58 -86 45
      vertex 6.66516 -67.6726 45
      vertex 13.2661 -66.6934 45
    endloop
  endfacet
  facet normal 0 0 -1
    outer loop
      vertex 58 -86 45
      vertex 0 -68 45
      vertex 6.66516 -67.6726 45
    endloop
  endfacet
  facet normal 0 0 -1
    outer loop
      vertex -74 -86 45
      vertex 0 -68 45
      vertex 58 -86 45
    endloop
  endfacet
  facet normal -0 0 -1
    outer loop
      vertex 0 -68 45
      vertex -74 -86 45
      vertex -6.66516 -67.6726 45
    endloop
  endfacet
  facet normal -0 0 -1
    outer loop
      vertex -6.66516 -67.6726 45
      vertex -74 -86 45
      vertex -13.2661 -66.6934 45
    endloop
  endfacet
  facet normal 0 0 -1
    outer loop
      vertex -60.049 -61.5823 45
      vertex -43.1387 -52.5647 45
      vertex -59.9942 -61.8013 45
    endloop
  endfacet
  facet normal 0 0 -1
    outer loop
      vertex -59.9942 -61.8013 45
      vertex -43.1387 -52.5647 45
      vertex -59.9611 -62.0246 45
    endloop
  endfacet
  facet normal 0 0 -1
    outer loop
      vertex -59.9611 -62.0246 45
      vertex -43.1387 -52.5647 45
      vertex -59.95 -62.25 45
    endloop
  endfacet
  facet normal 0 0 -1
    outer loop
      vertex -59.9611 -62.4754 45
      vertex -43.1387 -52.5647 45
      vertex -37.7788 -56.5399 45
    endloop
  endfacet
  facet normal 0 0 -1
    outer loop
      vertex -60.3376 -63.5278 45
      vertex -37.7788 -56.5399 45
      vertex -32.055 -59.9706 45
    endloop
  endfacet
  facet normal 0 0 -1
    outer loop
      vertex -60.9722 -64.1624 45
      vertex -32.055 -59.9706 45
      vertex -26.0225 -62.8238 45
    endloop
  endfacet
  facet normal 0 0 -1
    outer loop
      vertex -74 -86 45
      vertex -26.0225 -62.8238 45
      vertex -19.7394 -65.0719 45
    endloop
  endfacet
  facet normal -0 0 -1
    outer loop
      vertex -13.2661 -66.6934 45
      vertex -74 -86 45
      vertex -19.7394 -65.0719 45
    endloop
  endfacet
  facet normal 0 0 -1
    outer loop
      vertex -43.1387 -52.5647 45
      vertex -59.9611 -62.4754 45
      vertex -59.95 -62.25 45
    endloop
  endfacet
  facet normal 0 0 -1
    outer loop
      vertex -37.7788 -56.5399 45
      vertex -59.9942 -62.6987 45
      vertex -59.9611 -62.4754 45
    endloop
  endfacet
  facet normal 0 0 -1
    outer loop
      vertex -37.7788 -56.5399 45
      vertex -60.049 -62.9177 45
      vertex -59.9942 -62.6987 45
    endloop
  endfacet
  facet normal 0 0 -1
    outer loop
      vertex -37.7788 -56.5399 45
      vertex -60.1251 -63.1302 45
      vertex -60.049 -62.9177 45
    endloop
  endfacet
  facet normal 0 0 -1
    outer loop
      vertex -37.7788 -56.5399 45
      vertex -60.2216 -63.3342 45
      vertex -60.1251 -63.1302 45
    endloop
  endfacet
  facet normal 0 0 -1
    outer loop
      vertex -37.7788 -56.5399 45
      vertex -60.3376 -63.5278 45
      vertex -60.2216 -63.3342 45
    endloop
  endfacet
  facet normal 0 0 -1
    outer loop
      vertex -32.055 -59.9706 45
      vertex -60.4721 -63.7091 45
      vertex -60.3376 -63.5278 45
    endloop
  endfacet
  facet normal 0 0 -1
    outer loop
      vertex -32.055 -59.9706 45
      vertex -60.6237 -63.8763 45
      vertex -60.4721 -63.7091 45
    endloop
  endfacet
  facet normal 0 -0 -1
    outer loop
      vertex -60.9722 -64.1624 45
      vertex -26.0225 -62.8238 45
      vertex -74 -86 45
    endloop
  endfacet
  facet normal 0 0 -1
    outer loop
      vertex -32.055 -59.9706 45
      vertex -60.7909 -64.0279 45
      vertex -60.6237 -63.8763 45
    endloop
  endfacet
  facet normal 0 0 -1
    outer loop
      vertex -32.055 -59.9706 45
      vertex -60.9722 -64.1624 45
      vertex -60.7909 -64.0279 45
    endloop
  endfacet
  facet normal 0 0 -1
    outer loop
      vertex -60.9722 -64.1624 45
      vertex -74 -86 45
      vertex -61.1658 -64.2784 45
    endloop
  endfacet
  facet normal 0 0 -1
    outer loop
      vertex -61.1658 -64.2784 45
      vertex -74 -86 45
      vertex -61.3698 -64.3749 45
    endloop
  endfacet
  facet normal 0 0 -1
    outer loop
      vertex -61.3698 -64.3749 45
      vertex -74 -86 45
      vertex -61.5823 -64.451 45
    endloop
  endfacet
  facet normal 0 0 -1
    outer loop
      vertex -61.5823 -64.451 45
      vertex -74 -86 45
      vertex -61.8013 -64.5058 45
    endloop
  endfacet
  facet normal 0 0 -1
    outer loop
      vertex -74 -76.5 45
      vertex -61.8013 -64.5058 45
      vertex -74 -86 45
    endloop
  endfacet
  facet normal 0 0 -1
    outer loop
      vertex -61.8013 -64.5058 45
      vertex -74 -76.5 45
      vertex -62.0246 -64.5389 45
    endloop
  endfacet
  facet normal 0 0 -1
    outer loop
      vertex -62.0246 -64.5389 45
      vertex -74 -76.5 45
      vertex -62.25 -64.55 45
    endloop
  endfacet
  facet normal 0 0 -1
    outer loop
      vertex -75.3215 -74.2952 45
      vertex -64.2784 -63.3342 45
      vertex -75.1111 -74.4213 45
    endloop
  endfacet
  facet normal -0 0 -1
    outer loop
      vertex -64.2784 -63.3342 45
      vertex -75.3215 -74.2952 45
      vertex -64.3749 -63.1302 45
    endloop
  endfacet
  facet normal 0 0 -1
    outer loop
      vertex -74.7322 -74.7322 45
      vertex -63.8763 -63.8763 45
      vertex -74.5675 -74.914 45
    endloop
  endfacet
  facet normal 0 0 -1
    outer loop
      vertex -75.5433 -74.1903 45
      vertex -64.3749 -63.1302 45
      vertex -75.3215 -74.2952 45
    endloop
  endfacet
  facet normal -0 0 -1
    outer loop
      vertex -63.7091 -64.0279 45
      vertex -74.5675 -74.914 45
      vertex -63.8763 -63.8763 45
    endloop
  endfacet
  facet normal 0 0 -1
    outer loop
      vertex -74.5675 -74.914 45
      vertex -63.7091 -64.0279 45
      vertex -74.4213 -75.1111 45
    endloop
  endfacet
  facet normal -0 0 -1
    outer loop
      vertex -63.5278 -64.1624 45
      vertex -74.4213 -75.1111 45
      vertex -63.7091 -64.0279 45
    endloop
  endfacet
  facet normal 0 0 -1
    outer loop
      vertex -74.4213 -75.1111 45
      vertex -63.5278 -64.1624 45
      vertex -74.2952 -75.3215 45
    endloop
  endfacet
  facet normal -0 0 -1
    outer loop
      vertex -63.3342 -64.2784 45
      vertex -74.2952 -75.3215 45
      vertex -63.5278 -64.1624 45
    endloop
  endfacet
  facet normal 0 0 -1
    outer loop
      vertex -74.2952 -75.3215 45
      vertex -63.3342 -64.2784 45
      vertex -74.1903 -75.5433 45
    endloop
  endfacet
  facet normal -0 0 -1
    outer loop
      vertex -63.1302 -64.3749 45
      vertex -74.1903 -75.5433 45
      vertex -63.3342 -64.2784 45
    endloop
  endfacet
  facet normal -0 0 -1
    outer loop
      vertex -62.9177 -64.451 45
      vertex -74.1903 -75.5433 45
      vertex -63.1302 -64.3749 45
    endloop
  endfacet
  facet normal 0 0 -1
    outer loop
      vertex -74.1903 -75.5433 45
      vertex -62.9177 -64.451 45
      vertex -74.1077 -75.7743 45
    endloop
  endfacet
  facet normal -0 0 -1
    outer loop
      vertex -62.6987 -64.5058 45
      vertex -74.1077 -75.7743 45
      vertex -62.9177 -64.451 45
    endloop
  endfacet
  facet normal 0 0 -1
    outer loop
      vertex -74.1077 -75.7743 45
      vertex -62.6987 -64.5058 45
      vertex -74.048 -76.0123 45
    endloop
  endfacet
  facet normal -0 0 -1
    outer loop
      vertex -62.4754 -64.5389 45
      vertex -74.048 -76.0123 45
      vertex -62.6987 -64.5058 45
    endloop
  endfacet
  facet normal 0 0 -1
    outer loop
      vertex -74.048 -76.0123 45
      vertex -62.4754 -64.5389 45
      vertex -74.012 -76.255 45
    endloop
  endfacet
  facet normal -0 0 -1
    outer loop
      vertex -62.25 -64.55 45
      vertex -74.012 -76.255 45
      vertex -62.4754 -64.5389 45
    endloop
  endfacet
  facet normal 0 0 -1
    outer loop
      vertex -74.012 -76.255 45
      vertex -62.25 -64.55 45
      vertex -74 -76.5 45
    endloop
  endfacet
  facet normal 0 0 -1
    outer loop
      vertex 73.8923 -75.7743 45
      vertex 85.9422 -75.1762 45
      vertex 73.952 -76.0123 45
    endloop
  endfacet
  facet normal 0 0 -1
    outer loop
      vertex 86 -74 45
      vertex 73.988 60.255 45
      vertex 74 60.5 45
    endloop
  endfacet
  facet normal -0 0 -1
    outer loop
      vertex 85.9422 -75.1762 45
      vertex 73.8923 -75.7743 45
      vertex 86 -74 45
    endloop
  endfacet
  facet normal 0 0 -1
    outer loop
      vertex 86 -74 45
      vertex 73.952 60.0123 45
      vertex 73.988 60.255 45
    endloop
  endfacet
  facet normal 0 0 -1
    outer loop
      vertex 73.8097 -75.5433 45
      vertex 86 -74 45
      vertex 73.8923 -75.7743 45
    endloop
  endfacet
  facet normal 0 0 -1
    outer loop
      vertex 86 -74 45
      vertex 68 0 45
      vertex 73.952 60.0123 45
    endloop
  endfacet
  facet normal 0 0 -1
    outer loop
      vertex 73.7048 -75.3215 45
      vertex 86 -74 45
      vertex 73.8097 -75.5433 45
    endloop
  endfacet
  facet normal 0 0 -1
    outer loop
      vertex 73.952 60.0123 45
      vertex 68 0 45
      vertex 73.8923 59.7743 45
    endloop
  endfacet
  facet normal 0 0 -1
    outer loop
      vertex 73.5787 -75.1111 45
      vertex 86 -74 45
      vertex 73.7048 -75.3215 45
    endloop
  endfacet
  facet normal 0 0 -1
    outer loop
      vertex 67.6726 6.66516 45
      vertex 73.8923 59.7743 45
      vertex 68 0 45
    endloop
  endfacet
  facet normal 0 0 -1
    outer loop
      vertex 73.4325 -74.914 45
      vertex 86 -74 45
      vertex 73.5787 -75.1111 45
    endloop
  endfacet
  facet normal 0 0 -1
    outer loop
      vertex 73.8923 59.7743 45
      vertex 67.6726 6.66516 45
      vertex 73.8097 59.5433 45
    endloop
  endfacet
  facet normal 0 0 -1
    outer loop
      vertex 73.2678 -74.7322 45
      vertex 86 -74 45
      vertex 73.4325 -74.914 45
    endloop
  endfacet
  facet normal 0 0 -1
    outer loop
      vertex 66.6934 13.2661 45
      vertex 73.8097 59.5433 45
      vertex 67.6726 6.66516 45
    endloop
  endfacet
  facet normal 0 0 -1
    outer loop
      vertex 73.086 -74.5675 45
      vertex 86 -74 45
      vertex 73.2678 -74.7322 45
    endloop
  endfacet
  facet normal 0 0 -1
    outer loop
      vertex 73.8097 59.5433 45
      vertex 66.6934 13.2661 45
      vertex 73.7048 59.3215 45
    endloop
  endfacet
  facet normal 0 0 -1
    outer loop
      vertex 72.8889 -74.4213 45
      vertex 86 -74 45
      vertex 73.086 -74.5675 45
    endloop
  endfacet
  facet normal 0 0 -1
    outer loop
      vertex 73.7048 59.3215 45
      vertex 66.6934 13.2661 45
      vertex 73.5787 59.1111 45
    endloop
  endfacet
  facet normal 0 0 -1
    outer loop
      vertex 72.6785 -74.2952 45
      vertex 86 -74 45
      vertex 72.8889 -74.4213 45
    endloop
  endfacet
  facet normal 0 0 -1
    outer loop
      vertex 65.0719 19.7394 45
      vertex 73.5787 59.1111 45
      vertex 66.6934 13.2661 45
    endloop
  endfacet
  facet normal 0 0 -1
    outer loop
      vertex 64.5389 -62.0246 45
      vertex 86 -74 45
      vertex 72.6785 -74.2952 45
    endloop
  endfacet
  facet normal 0 0 -1
    outer loop
      vertex 73.5787 59.1111 45
      vertex 65.0719 19.7394 45
      vertex 73.4325 58.914 45
    endloop
  endfacet
  facet normal 0 0 -1
    outer loop
      vertex 64.5389 -62.0246 45
      vertex 72.6785 -74.2952 45
      vertex 72.4567 -74.1903 45
    endloop
  endfacet
  facet normal 0 0 -1
    outer loop
      vertex 73.4325 58.914 45
      vertex 65.0719 19.7394 45
      vertex 73.2678 58.7322 45
    endloop
  endfacet
  facet normal 0 0 -1
    outer loop
      vertex 64.55 -62.25 45
      vertex 72.4567 -74.1903 45
      vertex 72.2257 -74.1077 45
    endloop
  endfacet
  facet normal 0 0 -1
    outer loop
      vertex 73.2678 58.7322 45
      vertex 65.0719 19.7394 45
      vertex 73.086 58.5675 45
    endloop
  endfacet
  facet normal 0 0 -1
    outer loop
      vertex 64.5058 -62.6987 45
      vertex 72.2257 -74.1077 45
      vertex 71.9877 -74.048 45
    endloop
  endfacet
  facet normal 0 0 -1
    outer loop
      vertex 62.8238 26.0225 45
      vertex 73.086 58.5675 45
      vertex 65.0719 19.7394 45
    endloop
  endfacet
  facet normal 0 0 -1
    outer loop
      vertex 64.451 -62.9177 45
      vertex 71.9877 -74.048 45
      vertex 71.745 -74.012 45
    endloop
  endfacet
  facet normal 0 0 -1
    outer loop
      vertex 73.086 58.5675 45
      vertex 62.8238 26.0225 45
      vertex 72.8889 58.4213 45
    endloop
  endfacet
  facet normal 0 0 -1
    outer loop
      vertex 64.3749 -63.1302 45
      vertex 71.745 -74.012 45
      vertex 71.5 -74 45
    endloop
  endfacet
  facet normal 0 0 -1
    outer loop
      vertex 72.8889 58.4213 45
      vertex 62.8238 26.0225 45
      vertex 72.6785 58.2952 45
    endloop
  endfacet
  facet normal 0 0 -1
    outer loop
      vertex 72.6785 58.2952 45
      vertex 62.8238 26.0225 45
      vertex 72.4567 58.1903 45
    endloop
  endfacet
  facet normal 0 0 -1
    outer loop
      vertex 86 -74 45
      vertex 67.6726 -6.66516 45
      vertex 68 0 45
    endloop
  endfacet
  facet normal 0 0 -1
    outer loop
      vertex 86 -74 45
      vertex 66.6934 -13.2661 45
      vertex 67.6726 -6.66516 45
    endloop
  endfacet
  facet normal 0 0 -1
    outer loop
      vertex 86 -74 45
      vertex 65.0719 -19.7394 45
      vertex 66.6934 -13.2661 45
    endloop
  endfacet
  facet normal 0 0 -1
    outer loop
      vertex 72.4567 -74.1903 45
      vertex 64.55 -62.25 45
      vertex 64.5389 -62.0246 45
    endloop
  endfacet
  facet normal 0 0 -1
    outer loop
      vertex 72.2257 -74.1077 45
      vertex 64.5389 -62.4754 45
      vertex 64.55 -62.25 45
    endloop
  endfacet
  facet normal 0 0 -1
    outer loop
      vertex 72.2257 -74.1077 45
      vertex 64.5058 -62.6987 45
      vertex 64.5389 -62.4754 45
    endloop
  endfacet
  facet normal 0 0 -1
    outer loop
      vertex 71.9877 -74.048 45
      vertex 64.451 -62.9177 45
      vertex 64.5058 -62.6987 45
    endloop
  endfacet
  facet normal 0 0 -1
    outer loop
      vertex 71.745 -74.012 45
      vertex 64.3749 -63.1302 45
      vertex 64.451 -62.9177 45
    endloop
  endfacet
  facet normal 0 0 -1
    outer loop
      vertex 71.5 -74 45
      vertex 64.2784 -63.3342 45
      vertex 64.3749 -63.1302 45
    endloop
  endfacet
  facet normal 0 0 -1
    outer loop
      vertex 71.5 -74 45
      vertex 64.1624 -63.5278 45
      vertex 64.2784 -63.3342 45
    endloop
  endfacet
  facet normal 0 0 -1
    outer loop
      vertex 71.5 -74 45
      vertex 64.0279 -63.7091 45
      vertex 64.1624 -63.5278 45
    endloop
  endfacet
  facet normal 0 0 -1
    outer loop
      vertex 71.5 -74 45
      vertex 63.8763 -63.8763 45
      vertex 64.0279 -63.7091 45
    endloop
  endfacet
  facet normal 0 0 -1
    outer loop
      vertex 71.5 -74 45
      vertex 63.7091 -64.0279 45
      vertex 63.8763 -63.8763 45
    endloop
  endfacet
  facet normal 0 0 -1
    outer loop
      vertex 71.5 -74 45
      vertex 63.5278 -64.1624 45
      vertex 63.7091 -64.0279 45
    endloop
  endfacet
  facet normal 0 0 -1
    outer loop
      vertex 71.5 -74 45
      vertex 63.3342 -64.2784 45
      vertex 63.5278 -64.1624 45
    endloop
  endfacet
  facet normal 0 0 -1
    outer loop
      vertex 71.5 -74 45
      vertex 63.1302 -64.3749 45
      vertex 63.3342 -64.2784 45
    endloop
  endfacet
  facet normal 0 0 -1
    outer loop
      vertex 60.5 -74 45
      vertex 63.1302 -64.3749 45
      vertex 71.5 -74 45
    endloop
  endfacet
  facet normal 0 0 -1
    outer loop
      vertex 63.1302 -64.3749 45
      vertex 60.5 -74 45
      vertex 62.9177 -64.451 45
    endloop
  endfacet
  facet normal 0 0 -1
    outer loop
      vertex 62.9177 -64.451 45
      vertex 60.5 -74 45
      vertex 62.6987 -64.5058 45
    endloop
  endfacet
  facet normal 0 0 -1
    outer loop
      vertex 62.6987 -64.5058 45
      vertex 60.5 -74 45
      vertex 62.4754 -64.5389 45
    endloop
  endfacet
  facet normal 0 0 -1
    outer loop
      vertex 62.4754 -64.5389 45
      vertex 60.5 -74 45
      vertex 62.25 -64.55 45
    endloop
  endfacet
  facet normal -0 0 -1
    outer loop
      vertex 62.25 -64.55 45
      vertex 60.5 -74 45
      vertex 62.0246 -64.5389 45
    endloop
  endfacet
  facet normal -0 0 -1
    outer loop
      vertex 62.0246 -64.5389 45
      vertex 60.5 -74 45
      vertex 61.8013 -64.5058 45
    endloop
  endfacet
  facet normal -0 0 -1
    outer loop
      vertex 61.8013 -64.5058 45
      vertex 60.5 -74 45
      vertex 61.5823 -64.451 45
    endloop
  endfacet
  facet normal 0 0 -1
    outer loop
      vertex 60.255 -74.012 45
      vertex 61.5823 -64.451 45
      vertex 60.5 -74 45
    endloop
  endfacet
  facet normal -0 0 -1
    outer loop
      vertex 61.5823 -64.451 45
      vertex 60.255 -74.012 45
      vertex 61.3698 -64.3749 45
    endloop
  endfacet
  facet normal 0 0 -1
    outer loop
      vertex 60.0123 -74.048 45
      vertex 61.3698 -64.3749 45
      vertex 60.255 -74.012 45
    endloop
  endfacet
  facet normal -0 0 -1
    outer loop
      vertex 61.3698 -64.3749 45
      vertex 60.0123 -74.048 45
      vertex 61.1658 -64.2784 45
    endloop
  endfacet
  facet normal 0 0 -1
    outer loop
      vertex 59.7743 -74.1077 45
      vertex 61.1658 -64.2784 45
      vertex 60.0123 -74.048 45
    endloop
  endfacet
  facet normal -0 0 -1
    outer loop
      vertex 61.1658 -64.2784 45
      vertex 59.7743 -74.1077 45
      vertex 60.9722 -64.1624 45
    endloop
  endfacet
  facet normal 0 0 -1
    outer loop
      vertex 59.5433 -74.1903 45
      vertex 60.9722 -64.1624 45
      vertex 59.7743 -74.1077 45
    endloop
  endfacet
  facet normal -0 0 -1
    outer loop
      vertex 60.9722 -64.1624 45
      vertex 59.5433 -74.1903 45
      vertex 60.7909 -64.0279 45
    endloop
  endfacet
  facet normal 0 0 -1
    outer loop
      vertex 59.3215 -74.2952 45
      vertex 60.7909 -64.0279 45
      vertex 59.5433 -74.1903 45
    endloop
  endfacet
  facet normal -0 0 -1
    outer loop
      vertex 60.7909 -64.0279 45
      vertex 59.3215 -74.2952 45
      vertex 60.6237 -63.8763 45
    endloop
  endfacet
  facet normal 0 0 -1
    outer loop
      vertex 59.1111 -74.4213 45
      vertex 60.6237 -63.8763 45
      vertex 59.3215 -74.2952 45
    endloop
  endfacet
  facet normal -0 0 -1
    outer loop
      vertex 60.6237 -63.8763 45
      vertex 59.1111 -74.4213 45
      vertex 60.4721 -63.7091 45
    endloop
  endfacet
  facet normal 0 0 -1
    outer loop
      vertex 58.914 -74.5675 45
      vertex 60.4721 -63.7091 45
      vertex 59.1111 -74.4213 45
    endloop
  endfacet
  facet normal -0 0 -1
    outer loop
      vertex 60.4721 -63.7091 45
      vertex 58.914 -74.5675 45
      vertex 60.3376 -63.5278 45
    endloop
  endfacet
  facet normal 0 0 -1
    outer loop
      vertex 58.7322 -74.7322 45
      vertex 60.3376 -63.5278 45
      vertex 58.914 -74.5675 45
    endloop
  endfacet
  facet normal -0 0 -1
    outer loop
      vertex 60.3376 -63.5278 45
      vertex 58.7322 -74.7322 45
      vertex 60.2216 -63.3342 45
    endloop
  endfacet
  facet normal 0 0 -1
    outer loop
      vertex 73.952 -76.0123 45
      vertex 85.7694 -76.3411 45
      vertex 73.988 -76.255 45
    endloop
  endfacet
  facet normal 0 0 -1
    outer loop
      vertex 86 -74 45
      vertex 74 60.5 45
      vertex 86 74 45
    endloop
  endfacet
  facet normal 0 0 -1
    outer loop
      vertex 85.4833 -77.4834 45
      vertex 73.988 -76.255 45
      vertex 85.7694 -76.3411 45
    endloop
  endfacet
  facet normal 0 0 -1
    outer loop
      vertex 74 71.5 45
      vertex 86 74 45
      vertex 74 60.5 45
    endloop
  endfacet
  facet normal 0 0 -1
    outer loop
      vertex 73.988 -76.255 45
      vertex 85.4833 -77.4834 45
      vertex 74 -76.5 45
    endloop
  endfacet
  facet normal 0 0 -1
    outer loop
      vertex 73.988 71.745 45
      vertex 86 74 45
      vertex 74 71.5 45
    endloop
  endfacet
  facet normal 0 0 -1
    outer loop
      vertex 74 -76.5 45
      vertex 85.4833 -77.4834 45
      vertex 85.0866 -78.5922 45
    endloop
  endfacet
  facet normal 0 0 -1
    outer loop
      vertex 73.952 71.9877 45
      vertex 86 74 45
      vertex 73.988 71.745 45
    endloop
  endfacet
  facet normal 0 0 -1
    outer loop
      vertex 74 -76.5 45
      vertex 85.0866 -78.5922 45
      vertex 84.5831 -79.6568 45
    endloop
  endfacet
  facet normal 0 0 -1
    outer loop
      vertex 73.8923 72.2257 45
      vertex 86 74 45
      vertex 73.952 71.9877 45
    endloop
  endfacet
  facet normal 0 0 -1
    outer loop
      vertex 74 -76.5 45
      vertex 84.5831 -79.6568 45
      vertex 83.9776 -80.6668 45
    endloop
  endfacet
  facet normal -0 0 -1
    outer loop
      vertex 86 74 45
      vertex 73.8923 72.2257 45
      vertex 85.9422 75.1762 45
    endloop
  endfacet
  facet normal 0 0 -1
    outer loop
      vertex 74 -76.5 45
      vertex 83.9776 -80.6668 45
      vertex 83.2761 -81.6127 45
    endloop
  endfacet
  facet normal 0 0 -1
    outer loop
      vertex 73.8097 72.4567 45
      vertex 85.9422 75.1762 45
      vertex 73.8923 72.2257 45
    endloop
  endfacet
  facet normal 0 0 -1
    outer loop
      vertex 74 -76.5 45
      vertex 83.2761 -81.6127 45
      vertex 82.4853 -82.4853 45
    endloop
  endfacet
  facet normal -0 0 -1
    outer loop
      vertex 85.9422 75.1762 45
      vertex 73.8097 72.4567 45
      vertex 85.7694 76.3411 45
    endloop
  endfacet
  facet normal 0 0 -1
    outer loop
      vertex 74 -76.5 45
      vertex 82.4853 -82.4853 45
      vertex 81.6127 -83.2761 45
    endloop
  endfacet
  facet normal 0 0 -1
    outer loop
      vertex 73.7048 72.6785 45
      vertex 85.7694 76.3411 45
      vertex 73.8097 72.4567 45
    endloop
  endfacet
  facet normal 0 0 -1
    outer loop
      vertex 74 -76.5 45
      vertex 81.6127 -83.2761 45
      vertex 80.6668 -83.9776 45
    endloop
  endfacet
  facet normal -0 0 -1
    outer loop
      vertex 85.7694 76.3411 45
      vertex 73.7048 72.6785 45
      vertex 85.4833 77.4834 45
    endloop
  endfacet
  facet normal 0 0 -1
    outer loop
      vertex 74 -76.5 45
      vertex 80.6668 -83.9776 45
      vertex 79.6568 -84.5831 45
    endloop
  endfacet
  facet normal -0 0 -1
    outer loop
      vertex 85.4833 77.4834 45
      vertex 73.7048 72.6785 45
      vertex 85.0866 78.5922 45
    endloop
  endfacet
  facet normal 0 0 -1
    outer loop
      vertex 74 -76.5 45
      vertex 79.6568 -84.5831 45
      vertex 78.5922 -85.0866 45
    endloop
  endfacet
  facet normal 0 0 -1
    outer loop
      vertex 73.5787 72.8889 45
      vertex 85.0866 78.5922 45
      vertex 73.7048 72.6785 45
    endloop
  endfacet
  facet normal 0 0 -1
    outer loop
      vertex 74 -76.5 45
      vertex 78.5922 -85.0866 45
      vertex 77.4834 -85.4833 45
    endloop
  endfacet
  facet normal -0 0 -1
    outer loop
      vertex 85.0866 78.5922 45
      vertex 73.5787 72.8889 45
      vertex 84.5831 79.6568 45
    endloop
  endfacet
  facet normal 0 0 -1
    outer loop
      vertex 74 -76.5 45
      vertex 77.4834 -85.4833 45
      vertex 76.3411 -85.7694 45
    endloop
  endfacet
  facet normal -0 0 -1
    outer loop
      vertex 84.5831 79.6568 45
      vertex 73.5787 72.8889 45
      vertex 83.9776 80.6668 45
    endloop
  endfacet
  facet normal 0 0 -1
    outer loop
      vertex 74 -76.5 45
      vertex 76.3411 -85.7694 45
      vertex 75.1762 -85.9422 45
    endloop
  endfacet
  facet normal 0 0 -1
    outer loop
      vertex 73.4325 73.086 45
      vertex 83.9776 80.6668 45
      vertex 73.5787 72.8889 45
    endloop
  endfacet
  facet normal 0 0 -1
    outer loop
      vertex 74 -76.5 45
      vertex 75.1762 -85.9422 45
      vertex 74 -86 45
    endloop
  endfacet
  facet normal 0 0 -1
    outer loop
      vertex 85.7694 -76.3411 45
      vertex 73.952 -76.0123 45
      vertex 85.9422 -75.1762 45
    endloop
  endfacet
  facet normal -0 0 -1
    outer loop
      vertex 83.9776 80.6668 45
      vertex 73.4325 73.086 45
      vertex 83.2761 81.6127 45
    endloop
  endfacet
  facet normal 0 0 -1
    outer loop
      vertex 73.2678 73.2678 45
      vertex 83.2761 81.6127 45
      vertex 73.4325 73.086 45
    endloop
  endfacet
  facet normal -0 0 -1
    outer loop
      vertex 83.2761 81.6127 45
      vertex 73.2678 73.2678 45
      vertex 82.4853 82.4853 45
    endloop
  endfacet
  facet normal -0 0 -1
    outer loop
      vertex 82.4853 82.4853 45
      vertex 73.2678 73.2678 45
      vertex 81.6127 83.2761 45
    endloop
  endfacet
  facet normal 0 0 -1
    outer loop
      vertex 73.086 73.4325 45
      vertex 81.6127 83.2761 45
      vertex 73.2678 73.2678 45
    endloop
  endfacet
  facet normal -0 0 -1
    outer loop
      vertex 81.6127 83.2761 45
      vertex 73.086 73.4325 45
      vertex 80.6668 83.9776 45
    endloop
  endfacet
  facet normal -0 0 -1
    outer loop
      vertex 80.6668 83.9776 45
      vertex 73.086 73.4325 45
      vertex 79.6568 84.5831 45
    endloop
  endfacet
  facet normal 0 0 -1
    outer loop
      vertex 72.8889 73.5787 45
      vertex 79.6568 84.5831 45
      vertex 73.086 73.4325 45
    endloop
  endfacet
  facet normal -0 0 -1
    outer loop
      vertex 79.6568 84.5831 45
      vertex 72.8889 73.5787 45
      vertex 78.5922 85.0866 45
    endloop
  endfacet
  facet normal 0 0 -1
    outer loop
      vertex 72.6785 73.7048 45
      vertex 78.5922 85.0866 45
      vertex 72.8889 73.5787 45
    endloop
  endfacet
  facet normal -0 0 -1
    outer loop
      vertex 78.5922 85.0866 45
      vertex 72.6785 73.7048 45
      vertex 77.4834 85.4833 45
    endloop
  endfacet
  facet normal -0 0 -1
    outer loop
      vertex 77.4834 85.4833 45
      vertex 72.6785 73.7048 45
      vertex 76.3411 85.7694 45
    endloop
  endfacet
  facet normal 0 0 -1
    outer loop
      vertex 72.4567 73.8097 45
      vertex 76.3411 85.7694 45
      vertex 72.6785 73.7048 45
    endloop
  endfacet
  facet normal -0 0 -1
    outer loop
      vertex 76.3411 85.7694 45
      vertex 72.4567 73.8097 45
      vertex 75.1762 85.9422 45
    endloop
  endfacet
  facet normal 0 0 -1
    outer loop
      vertex 72.2257 73.8923 45
      vertex 75.1762 85.9422 45
      vertex 72.4567 73.8097 45
    endloop
  endfacet
  facet normal -0 0 -1
    outer loop
      vertex 75.1762 85.9422 45
      vertex 72.2257 73.8923 45
      vertex 74 86 45
    endloop
  endfacet
  facet normal 0 0 -1
    outer loop
      vertex 71.9877 73.952 45
      vertex 74 86 45
      vertex 72.2257 73.8923 45
    endloop
  endfacet
  facet normal 0 0 -1
    outer loop
      vertex 71.745 73.988 45
      vertex 74 86 45
      vertex 71.9877 73.952 45
    endloop
  endfacet
  facet normal 0 0 -1
    outer loop
      vertex 71.5 74 45
      vertex 74 86 45
      vertex 71.745 73.988 45
    endloop
  endfacet
  facet normal 0 0 -1
    outer loop
      vertex 60.5 74 45
      vertex 74 86 45
      vertex 71.5 74 45
    endloop
  endfacet
  facet normal 0 0 -1
    outer loop
      vertex 60.255 73.988 45
      vertex 74 86 45
      vertex 60.5 74 45
    endloop
  endfacet
  facet normal 0 0 -1
    outer loop
      vertex 60.0123 73.952 45
      vertex 74 86 45
      vertex 60.255 73.988 45
    endloop
  endfacet
  facet normal 0 0 -1
    outer loop
      vertex 59.7743 73.8923 45
      vertex 74 86 45
      vertex 60.0123 73.952 45
    endloop
  endfacet
  facet normal 0 0 -1
    outer loop
      vertex 59.5433 73.8097 45
      vertex 74 86 45
      vertex 59.7743 73.8923 45
    endloop
  endfacet
  facet normal 0 0 -1
    outer loop
      vertex 59.3215 73.7048 45
      vertex 74 86 45
      vertex 59.5433 73.8097 45
    endloop
  endfacet
  facet normal 0 0 -1
    outer loop
      vertex 59.1111 73.5787 45
      vertex 74 86 45
      vertex 59.3215 73.7048 45
    endloop
  endfacet
  facet normal 0 0 -1
    outer loop
      vertex 19.7394 65.0719 45
      vertex 59.1111 73.5787 45
      vertex 58.914 73.4325 45
    endloop
  endfacet
  facet normal -0 0 -1
    outer loop
      vertex 58.048 60.0123 45
      vertex 43.1387 52.5647 45
      vertex 58.012 60.255 45
    endloop
  endfacet
  facet normal -0 0 -1
    outer loop
      vertex 58.012 60.255 45
      vertex 43.1387 52.5647 45
      vertex 58 60.5 45
    endloop
  endfacet
  facet normal 0 0 -1
    outer loop
      vertex 37.7788 56.5399 45
      vertex 58 60.5 45
      vertex 43.1387 52.5647 45
    endloop
  endfacet
  facet normal -0 0 -1
    outer loop
      vertex 58 60.5 45
      vertex 37.7788 56.5399 45
      vertex 58 71.5 45
    endloop
  endfacet
  facet normal 0 0 -1
    outer loop
      vertex 32.055 59.9706 45
      vertex 58 71.5 45
      vertex 37.7788 56.5399 45
    endloop
  endfacet
  facet normal -0 0 -1
    outer loop
      vertex 58 71.5 45
      vertex 32.055 59.9706 45
      vertex 58.012 71.745 45
    endloop
  endfacet
  facet normal -0 0 -1
    outer loop
      vertex 58.012 71.745 45
      vertex 32.055 59.9706 45
      vertex 58.048 71.9877 45
    endloop
  endfacet
  facet normal -0 0 -1
    outer loop
      vertex 58.048 71.9877 45
      vertex 32.055 59.9706 45
      vertex 58.1077 72.2257 45
    endloop
  endfacet
  facet normal -0 0 -1
    outer loop
      vertex 58.1077 72.2257 45
      vertex 32.055 59.9706 45
      vertex 58.1903 72.4567 45
    endloop
  endfacet
  facet normal 0 0 -1
    outer loop
      vertex 26.0225 62.8238 45
      vertex 58.1903 72.4567 45
      vertex 32.055 59.9706 45
    endloop
  endfacet
  facet normal -0 0 -1
    outer loop
      vertex 58.1903 72.4567 45
      vertex 26.0225 62.8238 45
      vertex 58.2952 72.6785 45
    endloop
  endfacet
  facet normal -0 0 -1
    outer loop
      vertex 58.2952 72.6785 45
      vertex 26.0225 62.8238 45
      vertex 58.4213 72.8889 45
    endloop
  endfacet
  facet normal -0 0 -1
    outer loop
      vertex 58.4213 72.8889 45
      vertex 26.0225 62.8238 45
      vertex 58.5675 73.086 45
    endloop
  endfacet
  facet normal 0 0 -1
    outer loop
      vertex 19.7394 65.0719 45
      vertex 58.5675 73.086 45
      vertex 26.0225 62.8238 45
    endloop
  endfacet
  facet normal -0 0 -1
    outer loop
      vertex 58.5675 73.086 45
      vertex 19.7394 65.0719 45
      vertex 58.7322 73.2678 45
    endloop
  endfacet
  facet normal -0 0 -1
    outer loop
      vertex 58.7322 73.2678 45
      vertex 19.7394 65.0719 45
      vertex 58.914 73.4325 45
    endloop
  endfacet
  facet normal 0 0 -1
    outer loop
      vertex 59.1111 73.5787 45
      vertex 19.7394 65.0719 45
      vertex 13.2661 66.6934 45
    endloop
  endfacet
  facet normal -0 0 -1
    outer loop
      vertex 59.1111 73.5787 45
      vertex 13.2661 66.6934 45
      vertex 74 86 45
    endloop
  endfacet
  facet normal 0 0 -1
    outer loop
      vertex 6.66516 67.6726 45
      vertex 74 86 45
      vertex 13.2661 66.6934 45
    endloop
  endfacet
  facet normal 0 0 -1
    outer loop
      vertex 0 68 45
      vertex 74 86 45
      vertex 6.66516 67.6726 45
    endloop
  endfacet
  facet normal 0 0 -1
    outer loop
      vertex -74 86 45
      vertex 0 68 45
      vertex -6.66516 67.6726 45
    endloop
  endfacet
  facet normal 0 0 -1
    outer loop
      vertex -74 86 45
      vertex -6.66516 67.6726 45
      vertex -13.2661 66.6934 45
    endloop
  endfacet
  facet normal 0 0 -1
    outer loop
      vertex -62.4754 59.9611 45
      vertex -52.5647 43.1387 45
      vertex -56.5399 37.7788 45
    endloop
  endfacet
  facet normal 0 0 -1
    outer loop
      vertex -59.9611 62.0246 45
      vertex -48.0833 48.0833 45
      vertex -52.5647 43.1387 45
    endloop
  endfacet
  facet normal 0 0 -1
    outer loop
      vertex -59.9611 62.0246 45
      vertex -43.1387 52.5647 45
      vertex -48.0833 48.0833 45
    endloop
  endfacet
  facet normal 0 0 -1
    outer loop
      vertex -59.9611 62.4754 45
      vertex -43.1387 52.5647 45
      vertex -59.95 62.25 45
    endloop
  endfacet
  facet normal 0 0 -1
    outer loop
      vertex -43.1387 52.5647 45
      vertex -59.9611 62.4754 45
      vertex -37.7788 56.5399 45
    endloop
  endfacet
  facet normal 0 0 -1
    outer loop
      vertex -59.9942 62.6987 45
      vertex -37.7788 56.5399 45
      vertex -59.9611 62.4754 45
    endloop
  endfacet
  facet normal 0 0 -1
    outer loop
      vertex -60.049 62.9177 45
      vertex -37.7788 56.5399 45
      vertex -59.9942 62.6987 45
    endloop
  endfacet
  facet normal 0 0 -1
    outer loop
      vertex -60.1251 63.1302 45
      vertex -37.7788 56.5399 45
      vertex -60.049 62.9177 45
    endloop
  endfacet
  facet normal 0 0 -1
    outer loop
      vertex -60.2216 63.3342 45
      vertex -37.7788 56.5399 45
      vertex -60.1251 63.1302 45
    endloop
  endfacet
  facet normal 0 0 -1
    outer loop
      vertex -60.3376 63.5278 45
      vertex -37.7788 56.5399 45
      vertex -60.2216 63.3342 45
    endloop
  endfacet
  facet normal 0 0 -1
    outer loop
      vertex -37.7788 56.5399 45
      vertex -60.3376 63.5278 45
      vertex -32.055 59.9706 45
    endloop
  endfacet
  facet normal 0 0 -1
    outer loop
      vertex -60.4721 63.7091 45
      vertex -32.055 59.9706 45
      vertex -60.3376 63.5278 45
    endloop
  endfacet
  facet normal 0 0 -1
    outer loop
      vertex -60.6237 63.8763 45
      vertex -32.055 59.9706 45
      vertex -60.4721 63.7091 45
    endloop
  endfacet
  facet normal 0 0 -1
    outer loop
      vertex -60.7909 64.0279 45
      vertex -32.055 59.9706 45
      vertex -60.6237 63.8763 45
    endloop
  endfacet
  facet normal 0 0 -1
    outer loop
      vertex -60.9722 64.1624 45
      vertex -32.055 59.9706 45
      vertex -60.7909 64.0279 45
    endloop
  endfacet
  facet normal 0 0 -1
    outer loop
      vertex -32.055 59.9706 45
      vertex -60.9722 64.1624 45
      vertex -26.0225 62.8238 45
    endloop
  endfacet
  facet normal 0 0 -1
    outer loop
      vertex -26.0225 62.8238 45
      vertex -74 86 45
      vertex -19.7394 65.0719 45
    endloop
  endfacet
  facet normal 0 0 -1
    outer loop
      vertex -19.7394 65.0719 45
      vertex -74 86 45
      vertex -13.2661 66.6934 45
    endloop
  endfacet
  facet normal 0 0 -1
    outer loop
      vertex -26.0225 62.8238 45
      vertex -60.9722 64.1624 45
      vertex -74 86 45
    endloop
  endfacet
  facet normal 0 0 -1
    outer loop
      vertex -74 86 45
      vertex -60.9722 64.1624 45
      vertex -61.1658 64.2784 45
    endloop
  endfacet
  facet normal 0 0 -1
    outer loop
      vertex -74 86 45
      vertex -61.1658 64.2784 45
      vertex -61.3698 64.3749 45
    endloop
  endfacet
  facet normal 0 0 -1
    outer loop
      vertex -74 86 45
      vertex -61.3698 64.3749 45
      vertex -61.5823 64.451 45
    endloop
  endfacet
  facet normal 0 0 -1
    outer loop
      vertex -74 86 45
      vertex -61.5823 64.451 45
      vertex -61.8013 64.5058 45
    endloop
  endfacet
  facet normal 0 0 -1
    outer loop
      vertex -74 86 45
      vertex -61.8013 64.5058 45
      vertex -62.0246 64.5389 45
    endloop
  endfacet
  facet normal 0 0 -1
    outer loop
      vertex -74.2952 72.6785 45
      vertex -62.0246 64.5389 45
      vertex -62.25 64.55 45
    endloop
  endfacet
  facet normal 0 0 -1
    outer loop
      vertex -74.1903 72.4567 45
      vertex -62.25 64.55 45
      vertex -62.4754 64.5389 45
    endloop
  endfacet
  facet normal 0 0 -1
    outer loop
      vertex -74.1077 72.2257 45
      vertex -62.4754 64.5389 45
      vertex -62.6987 64.5058 45
    endloop
  endfacet
  facet normal 0 0 -1
    outer loop
      vertex -74 60.5 45
      vertex -65.0719 19.7394 45
      vertex -66.6934 13.2661 45
    endloop
  endfacet
  facet normal 0 0 -1
    outer loop
      vertex -74 60.5 45
      vertex -66.6934 13.2661 45
      vertex -67.6726 6.66516 45
    endloop
  endfacet
  facet normal -0 0 -1
    outer loop
      vertex -64.5389 62.0246 45
      vertex -74 60.5 45
      vertex -64.55 62.25 45
    endloop
  endfacet
  facet normal -0 0 -1
    outer loop
      vertex -64.3749 -63.1302 45
      vertex -75.5433 -74.1903 45
      vertex -64.451 -62.9177 45
    endloop
  endfacet
  facet normal 0 0 -1
    outer loop
      vertex -75.7743 -74.1077 45
      vertex -64.451 -62.9177 45
      vertex -75.5433 -74.1903 45
    endloop
  endfacet
  facet normal 0 0 -1
    outer loop
      vertex -68 0 45
      vertex -74 60.5 45
      vertex -67.6726 6.66516 45
    endloop
  endfacet
  facet normal -0 0 -1
    outer loop
      vertex -64.55 62.25 45
      vertex -74 60.5 45
      vertex -64.5389 62.4754 45
    endloop
  endfacet
  facet normal 0 0 -1
    outer loop
      vertex -74 60.5 45
      vertex -64.5058 62.6987 45
      vertex -64.5389 62.4754 45
    endloop
  endfacet
  facet normal 0 0 -1
    outer loop
      vertex -74 60.5 45
      vertex -64.451 62.9177 45
      vertex -64.5058 62.6987 45
    endloop
  endfacet
  facet normal 0 0 -1
    outer loop
      vertex -74 60.5 45
      vertex -64.3749 63.1302 45
      vertex -64.451 62.9177 45
    endloop
  endfacet
  facet normal 0 0 -1
    outer loop
      vertex -74 60.5 45
      vertex -64.2784 63.3342 45
      vertex -64.3749 63.1302 45
    endloop
  endfacet
  facet normal 0 0 -1
    outer loop
      vertex -74 71.5 45
      vertex -64.2784 63.3342 45
      vertex -74 60.5 45
    endloop
  endfacet
  facet normal 0 0 -1
    outer loop
      vertex -64.2784 63.3342 45
      vertex -74 71.5 45
      vertex -64.1624 63.5278 45
    endloop
  endfacet
  facet normal 0 0 -1
    outer loop
      vertex -64.1624 63.5278 45
      vertex -74 71.5 45
      vertex -64.0279 63.7091 45
    endloop
  endfacet
  facet normal 0 0 -1
    outer loop
      vertex -64.0279 63.7091 45
      vertex -74 71.5 45
      vertex -63.8763 63.8763 45
    endloop
  endfacet
  facet normal 0 0 -1
    outer loop
      vertex -63.8763 63.8763 45
      vertex -74 71.5 45
      vertex -63.7091 64.0279 45
    endloop
  endfacet
  facet normal 0 0 -1
    outer loop
      vertex -63.7091 64.0279 45
      vertex -74 71.5 45
      vertex -63.5278 64.1624 45
    endloop
  endfacet
  facet normal 0 0 -1
    outer loop
      vertex -63.5278 64.1624 45
      vertex -74 71.5 45
      vertex -63.3342 64.2784 45
    endloop
  endfacet
  facet normal 0 0 -1
    outer loop
      vertex -63.3342 64.2784 45
      vertex -74 71.5 45
      vertex -63.1302 64.3749 45
    endloop
  endfacet
  facet normal 0 0 -1
    outer loop
      vertex -74.012 71.745 45
      vertex -63.1302 64.3749 45
      vertex -74 71.5 45
    endloop
  endfacet
  facet normal 0 0 -1
    outer loop
      vertex -63.1302 64.3749 45
      vertex -74.012 71.745 45
      vertex -62.9177 64.451 45
    endloop
  endfacet
  facet normal 0 0 -1
    outer loop
      vertex -74.048 71.9877 45
      vertex -62.9177 64.451 45
      vertex -74.012 71.745 45
    endloop
  endfacet
  facet normal 0 0 -1
    outer loop
      vertex -62.9177 64.451 45
      vertex -74.048 71.9877 45
      vertex -62.6987 64.5058 45
    endloop
  endfacet
  facet normal 0 0 -1
    outer loop
      vertex 0 68 45
      vertex -74 86 45
      vertex 74 86 45
    endloop
  endfacet
  facet normal 0 0 -1
    outer loop
      vertex -74.1077 72.2257 45
      vertex -62.6987 64.5058 45
      vertex -74.048 71.9877 45
    endloop
  endfacet
  facet normal 0 0 -1
    outer loop
      vertex -62.4754 64.5389 45
      vertex -74.1077 72.2257 45
      vertex -74.1903 72.4567 45
    endloop
  endfacet
  facet normal 0 0 -1
    outer loop
      vertex -62.25 64.55 45
      vertex -74.1903 72.4567 45
      vertex -74.2952 72.6785 45
    endloop
  endfacet
  facet normal 0 0 -1
    outer loop
      vertex -62.0246 64.5389 45
      vertex -74.2952 72.6785 45
      vertex -74 86 45
    endloop
  endfacet
  facet normal 0 0 -1
    outer loop
      vertex -74.4213 72.8889 45
      vertex -74 86 45
      vertex -74.2952 72.6785 45
    endloop
  endfacet
  facet normal 0 0 -1
    outer loop
      vertex -74.5675 73.086 45
      vertex -74 86 45
      vertex -74.4213 72.8889 45
    endloop
  endfacet
  facet normal 0 0 -1
    outer loop
      vertex -74.7322 73.2678 45
      vertex -74 86 45
      vertex -74.5675 73.086 45
    endloop
  endfacet
  facet normal 0 0 -1
    outer loop
      vertex -74.914 73.4325 45
      vertex -74 86 45
      vertex -74.7322 73.2678 45
    endloop
  endfacet
  facet normal 0 0 -1
    outer loop
      vertex -75.1111 73.5787 45
      vertex -74 86 45
      vertex -74.914 73.4325 45
    endloop
  endfacet
  facet normal 0 0 -1
    outer loop
      vertex -75.3215 73.7048 45
      vertex -74 86 45
      vertex -75.1111 73.5787 45
    endloop
  endfacet
  facet normal 0 0 -1
    outer loop
      vertex -75.5433 73.8097 45
      vertex -74 86 45
      vertex -75.3215 73.7048 45
    endloop
  endfacet
  facet normal 0 0 -1
    outer loop
      vertex -75.7743 73.8923 45
      vertex -74 86 45
      vertex -75.5433 73.8097 45
    endloop
  endfacet
  facet normal 0 0 -1
    outer loop
      vertex -74 86 45
      vertex -75.7743 73.8923 45
      vertex -75.1762 85.9422 45
    endloop
  endfacet
  facet normal 0 0 -1
    outer loop
      vertex -76.0123 73.952 45
      vertex -75.1762 85.9422 45
      vertex -75.7743 73.8923 45
    endloop
  endfacet
  facet normal 0 0 -1
    outer loop
      vertex -76.3411 85.7694 45
      vertex -76.0123 73.952 45
      vertex -76.255 73.988 45
    endloop
  endfacet
  facet normal 0 0 -1
    outer loop
      vertex -76.0123 73.952 45
      vertex -76.3411 85.7694 45
      vertex -75.1762 85.9422 45
    endloop
  endfacet
  facet normal 0 0 -1
    outer loop
      vertex -77.4834 85.4833 45
      vertex -76.255 73.988 45
      vertex -76.5 74 45
    endloop
  endfacet
  facet normal 0 0 -1
    outer loop
      vertex -76.255 73.988 45
      vertex -77.4834 85.4833 45
      vertex -76.3411 85.7694 45
    endloop
  endfacet
  facet normal 0 0 -1
    outer loop
      vertex -76.5 74 45
      vertex -78.5922 85.0866 45
      vertex -77.4834 85.4833 45
    endloop
  endfacet
  facet normal 0 0 -1
    outer loop
      vertex -76.5 74 45
      vertex -79.6568 84.5831 45
      vertex -78.5922 85.0866 45
    endloop
  endfacet
  facet normal 0 0 -1
    outer loop
      vertex -76.5 74 45
      vertex -80.6668 83.9776 45
      vertex -79.6568 84.5831 45
    endloop
  endfacet
  facet normal 0 0 -1
    outer loop
      vertex -76.5 74 45
      vertex -81.6127 83.2761 45
      vertex -80.6668 83.9776 45
    endloop
  endfacet
  facet normal 0 0 -1
    outer loop
      vertex -76.5 74 45
      vertex -82.4853 82.4853 45
      vertex -81.6127 83.2761 45
    endloop
  endfacet
  facet normal 0 0 -1
    outer loop
      vertex -76.5 74 45
      vertex -83.2761 81.6127 45
      vertex -82.4853 82.4853 45
    endloop
  endfacet
  facet normal 0 0 -1
    outer loop
      vertex -76.5 74 45
      vertex -83.9776 80.6668 45
      vertex -83.2761 81.6127 45
    endloop
  endfacet
  facet normal 0 0 -1
    outer loop
      vertex -76.5 74 45
      vertex -84.5831 79.6568 45
      vertex -83.9776 80.6668 45
    endloop
  endfacet
  facet normal 0 0 -1
    outer loop
      vertex -76.5 74 45
      vertex -85.0866 78.5922 45
      vertex -84.5831 79.6568 45
    endloop
  endfacet
  facet normal 0 0 -1
    outer loop
      vertex -76.5 74 45
      vertex -85.4833 77.4834 45
      vertex -85.0866 78.5922 45
    endloop
  endfacet
  facet normal 0 0 -1
    outer loop
      vertex -76.5 74 45
      vertex -85.7694 76.3411 45
      vertex -85.4833 77.4834 45
    endloop
  endfacet
  facet normal 0 0 -1
    outer loop
      vertex -76.5 74 45
      vertex -85.9422 75.1762 45
      vertex -85.7694 76.3411 45
    endloop
  endfacet
  facet normal 0 -0 -1
    outer loop
      vertex -85.9422 75.1762 45
      vertex -76.5 74 45
      vertex -86 74 45
    endloop
  endfacet
  facet normal 0 0 -1
    outer loop
      vertex 59.9706 32.055 45
      vertex 72.4567 58.1903 45
      vertex 62.8238 26.0225 45
    endloop
  endfacet
  facet normal 0 0 -1
    outer loop
      vertex 72.4567 58.1903 45
      vertex 59.9706 32.055 45
      vertex 72.2257 58.1077 45
    endloop
  endfacet
  facet normal 0 0 -1
    outer loop
      vertex 72.2257 58.1077 45
      vertex 59.9706 32.055 45
      vertex 71.9877 58.048 45
    endloop
  endfacet
  facet normal 0 0 -1
    outer loop
      vertex 71.9877 58.048 45
      vertex 59.9706 32.055 45
      vertex 71.745 58.012 45
    endloop
  endfacet
  facet normal 0 0 -1
    outer loop
      vertex 71.745 58.012 45
      vertex 59.9706 32.055 45
      vertex 71.5 58 45
    endloop
  endfacet
  facet normal 0 0 -1
    outer loop
      vertex 56.5399 37.7788 45
      vertex 71.5 58 45
      vertex 59.9706 32.055 45
    endloop
  endfacet
  facet normal -0 0 -1
    outer loop
      vertex 71.5 58 45
      vertex 56.5399 37.7788 45
      vertex 60.5 58 45
    endloop
  endfacet
  facet normal 0 0 -1
    outer loop
      vertex 52.5647 43.1387 45
      vertex 60.5 58 45
      vertex 56.5399 37.7788 45
    endloop
  endfacet
  facet normal -0 0 -1
    outer loop
      vertex 60.5 58 45
      vertex 52.5647 43.1387 45
      vertex 60.255 58.012 45
    endloop
  endfacet
  facet normal -0 0 -1
    outer loop
      vertex 60.255 58.012 45
      vertex 52.5647 43.1387 45
      vertex 60.0123 58.048 45
    endloop
  endfacet
  facet normal -0 0 -1
    outer loop
      vertex 60.0123 58.048 45
      vertex 52.5647 43.1387 45
      vertex 59.7743 58.1077 45
    endloop
  endfacet
  facet normal -0 0 -1
    outer loop
      vertex 59.7743 58.1077 45
      vertex 52.5647 43.1387 45
      vertex 59.5433 58.1903 45
    endloop
  endfacet
  facet normal -0 0 -1
    outer loop
      vertex 59.5433 58.1903 45
      vertex 52.5647 43.1387 45
      vertex 59.3215 58.2952 45
    endloop
  endfacet
  facet normal 0 0 -1
    outer loop
      vertex 48.0833 48.0833 45
      vertex 59.3215 58.2952 45
      vertex 52.5647 43.1387 45
    endloop
  endfacet
  facet normal -0 0 -1
    outer loop
      vertex 59.3215 58.2952 45
      vertex 48.0833 48.0833 45
      vertex 59.1111 58.4213 45
    endloop
  endfacet
  facet normal -0 0 -1
    outer loop
      vertex 59.1111 58.4213 45
      vertex 48.0833 48.0833 45
      vertex 58.914 58.5675 45
    endloop
  endfacet
  facet normal -0 0 -1
    outer loop
      vertex 58.914 58.5675 45
      vertex 48.0833 48.0833 45
      vertex 58.7322 58.7322 45
    endloop
  endfacet
  facet normal -0 0 -1
    outer loop
      vertex 58.7322 58.7322 45
      vertex 48.0833 48.0833 45
      vertex 58.5675 58.914 45
    endloop
  endfacet
  facet normal -0 0 -1
    outer loop
      vertex 58.5675 58.914 45
      vertex 48.0833 48.0833 45
      vertex 58.4213 59.1111 45
    endloop
  endfacet
  facet normal -0 0 -1
    outer loop
      vertex 58.4213 59.1111 45
      vertex 48.0833 48.0833 45
      vertex 58.2952 59.3215 45
    endloop
  endfacet
  facet normal -0 0 -1
    outer loop
      vertex 58.2952 59.3215 45
      vertex 48.0833 48.0833 45
      vertex 58.1903 59.5433 45
    endloop
  endfacet
  facet normal -0 0 -1
    outer loop
      vertex 58.1077 59.7743 45
      vertex 43.1387 52.5647 45
      vertex 58.048 60.0123 45
    endloop
  endfacet
  facet normal -0 0 -1
    outer loop
      vertex 58.1903 59.5433 45
      vertex 43.1387 52.5647 45
      vertex 58.1077 59.7743 45
    endloop
  endfacet
  facet normal 0 0 -1
    outer loop
      vertex 43.1387 52.5647 45
      vertex 58.1903 59.5433 45
      vertex 48.0833 48.0833 45
    endloop
  endfacet
  facet normal 0 0 -1
    outer loop
      vertex 86 -74 45
      vertex 64.5389 -62.0246 45
      vertex 64.5058 -61.8013 45
    endloop
  endfacet
  facet normal 0 0 -1
    outer loop
      vertex 86 -74 45
      vertex 64.5058 -61.8013 45
      vertex 64.451 -61.5823 45
    endloop
  endfacet
  facet normal 0 0 -1
    outer loop
      vertex 86 -74 45
      vertex 64.451 -61.5823 45
      vertex 64.3749 -61.3698 45
    endloop
  endfacet
  facet normal 0 0 -1
    outer loop
      vertex 64.2784 -61.1658 45
      vertex 86 -74 45
      vertex 64.3749 -61.3698 45
    endloop
  endfacet
  facet normal 0 0 -1
    outer loop
      vertex 64.1624 -60.9722 45
      vertex 86 -74 45
      vertex 64.2784 -61.1658 45
    endloop
  endfacet
  facet normal 0 0 -1
    outer loop
      vertex 86 -74 45
      vertex 64.1624 -60.9722 45
      vertex 62.8238 -26.0225 45
    endloop
  endfacet
  facet normal 0 0 -1
    outer loop
      vertex 59.9706 -32.055 45
      vertex 64.1624 -60.9722 45
      vertex 64.0279 -60.7909 45
    endloop
  endfacet
  facet normal 0 0 -1
    outer loop
      vertex 59.9706 -32.055 45
      vertex 64.0279 -60.7909 45
      vertex 63.8763 -60.6237 45
    endloop
  endfacet
  facet normal 0 0 -1
    outer loop
      vertex 59.9706 -32.055 45
      vertex 63.8763 -60.6237 45
      vertex 63.7091 -60.4721 45
    endloop
  endfacet
  facet normal 0 0 -1
    outer loop
      vertex 59.9706 -32.055 45
      vertex 63.7091 -60.4721 45
      vertex 63.5278 -60.3376 45
    endloop
  endfacet
  facet normal 0 0 -1
    outer loop
      vertex 56.5399 -37.7788 45
      vertex 63.5278 -60.3376 45
      vertex 63.3342 -60.2216 45
    endloop
  endfacet
  facet normal 0 0 -1
    outer loop
      vertex 56.5399 -37.7788 45
      vertex 63.3342 -60.2216 45
      vertex 63.1302 -60.1251 45
    endloop
  endfacet
  facet normal 0 0 -1
    outer loop
      vertex 56.5399 -37.7788 45
      vertex 63.1302 -60.1251 45
      vertex 62.9177 -60.049 45
    endloop
  endfacet
  facet normal 0 0 -1
    outer loop
      vertex 86 -74 45
      vertex 62.8238 -26.0225 45
      vertex 65.0719 -19.7394 45
    endloop
  endfacet
  facet normal 0 0 -1
    outer loop
      vertex 56.5399 -37.7788 45
      vertex 62.9177 -60.049 45
      vertex 62.6987 -59.9942 45
    endloop
  endfacet
  facet normal 0 0 -1
    outer loop
      vertex 56.5399 -37.7788 45
      vertex 62.6987 -59.9942 45
      vertex 62.4754 -59.9611 45
    endloop
  endfacet
  facet normal 0 0 -1
    outer loop
      vertex 56.5399 -37.7788 45
      vertex 62.4754 -59.9611 45
      vertex 62.25 -59.95 45
    endloop
  endfacet
  facet normal 0 0 -1
    outer loop
      vertex 56.5399 -37.7788 45
      vertex 62.25 -59.95 45
      vertex 62.0246 -59.9611 45
    endloop
  endfacet
  facet normal 0 0 -1
    outer loop
      vertex 56.5399 -37.7788 45
      vertex 62.0246 -59.9611 45
      vertex 61.8013 -59.9942 45
    endloop
  endfacet
  facet normal 0 0 -1
    outer loop
      vertex 56.5399 -37.7788 45
      vertex 61.8013 -59.9942 45
      vertex 61.5823 -60.049 45
    endloop
  endfacet
  facet normal 0 0 -1
    outer loop
      vertex 56.5399 -37.7788 45
      vertex 61.5823 -60.049 45
      vertex 61.3698 -60.1251 45
    endloop
  endfacet
  facet normal 0 0 -1
    outer loop
      vertex 56.5399 -37.7788 45
      vertex 61.3698 -60.1251 45
      vertex 61.1658 -60.2216 45
    endloop
  endfacet
  facet normal 0 0 -1
    outer loop
      vertex 56.5399 -37.7788 45
      vertex 61.1658 -60.2216 45
      vertex 60.9722 -60.3376 45
    endloop
  endfacet
  facet normal 0 0 -1
    outer loop
      vertex 56.5399 -37.7788 45
      vertex 60.9722 -60.3376 45
      vertex 60.7909 -60.4721 45
    endloop
  endfacet
  facet normal 0 0 -1
    outer loop
      vertex 56.5399 -37.7788 45
      vertex 60.7909 -60.4721 45
      vertex 60.6237 -60.6237 45
    endloop
  endfacet
  facet normal 0 0 -1
    outer loop
      vertex 56.5399 -37.7788 45
      vertex 60.6237 -60.6237 45
      vertex 60.4721 -60.7909 45
    endloop
  endfacet
  facet normal 0 0 -1
    outer loop
      vertex 56.5399 -37.7788 45
      vertex 60.4721 -60.7909 45
      vertex 60.3376 -60.9722 45
    endloop
  endfacet
  facet normal 0 0 -1
    outer loop
      vertex 56.5399 -37.7788 45
      vertex 60.3376 -60.9722 45
      vertex 60.2216 -61.1658 45
    endloop
  endfacet
  facet normal 0 0 -1
    outer loop
      vertex 56.5399 -37.7788 45
      vertex 60.2216 -61.1658 45
      vertex 60.1251 -61.3698 45
    endloop
  endfacet
  facet normal 0 0 -1
    outer loop
      vertex 56.5399 -37.7788 45
      vertex 60.1251 -61.3698 45
      vertex 60.049 -61.5823 45
    endloop
  endfacet
  facet normal 0 0 -1
    outer loop
      vertex 56.5399 -37.7788 45
      vertex 60.049 -61.5823 45
      vertex 59.9942 -61.8013 45
    endloop
  endfacet
  facet normal 0 0 -1
    outer loop
      vertex 64.1624 -60.9722 45
      vertex 59.9706 -32.055 45
      vertex 62.8238 -26.0225 45
    endloop
  endfacet
  facet normal 0 0 -1
    outer loop
      vertex 56.5399 -37.7788 45
      vertex 59.9942 -61.8013 45
      vertex 59.9611 -62.0246 45
    endloop
  endfacet
  facet normal 0 0 -1
    outer loop
      vertex 56.5399 -37.7788 45
      vertex 59.9611 -62.0246 45
      vertex 59.95 -62.25 45
    endloop
  endfacet
  facet normal 0 0 -1
    outer loop
      vertex 58.5675 -74.914 45
      vertex 60.2216 -63.3342 45
      vertex 58.7322 -74.7322 45
    endloop
  endfacet
  facet normal -0 0 -1
    outer loop
      vertex 60.2216 -63.3342 45
      vertex 58.5675 -74.914 45
      vertex 60.1251 -63.1302 45
    endloop
  endfacet
  facet normal 0 0 -1
    outer loop
      vertex 58.4213 -75.1111 45
      vertex 60.1251 -63.1302 45
      vertex 58.5675 -74.914 45
    endloop
  endfacet
  facet normal -0 0 -1
    outer loop
      vertex 60.1251 -63.1302 45
      vertex 58.4213 -75.1111 45
      vertex 60.049 -62.9177 45
    endloop
  endfacet
  facet normal 0 0 -1
    outer loop
      vertex 58.2952 -75.3215 45
      vertex 60.049 -62.9177 45
      vertex 58.4213 -75.1111 45
    endloop
  endfacet
  facet normal -0 0 -1
    outer loop
      vertex 60.049 -62.9177 45
      vertex 58.2952 -75.3215 45
      vertex 59.9942 -62.6987 45
    endloop
  endfacet
  facet normal 0 0 -1
    outer loop
      vertex 58.1903 -75.5433 45
      vertex 59.9942 -62.6987 45
      vertex 58.2952 -75.3215 45
    endloop
  endfacet
  facet normal -0 0 -1
    outer loop
      vertex 59.9942 -62.6987 45
      vertex 58.1903 -75.5433 45
      vertex 59.9611 -62.4754 45
    endloop
  endfacet
  facet normal 0 0 -1
    outer loop
      vertex 58.1077 -75.7743 45
      vertex 59.9611 -62.4754 45
      vertex 58.1903 -75.5433 45
    endloop
  endfacet
  facet normal -0 0 -1
    outer loop
      vertex 59.9611 -62.4754 45
      vertex 58.1077 -75.7743 45
      vertex 59.95 -62.25 45
    endloop
  endfacet
  facet normal 0 0 -1
    outer loop
      vertex 58.048 -76.0123 45
      vertex 59.95 -62.25 45
      vertex 58.1077 -75.7743 45
    endloop
  endfacet
  facet normal -0 0 -1
    outer loop
      vertex 59.95 -62.25 45
      vertex 58.048 -76.0123 45
      vertex 56.5399 -37.7788 45
    endloop
  endfacet
  facet normal 0 0 -1
    outer loop
      vertex 56.5399 -37.7788 45
      vertex 58.048 -76.0123 45
      vertex 58.012 -76.255 45
    endloop
  endfacet
  facet normal 0 0 -1
    outer loop
      vertex 56.5399 -37.7788 45
      vertex 58.012 -76.255 45
      vertex 58 -76.5 45
    endloop
  endfacet
  facet normal 0 0 -1
    outer loop
      vertex 63.5278 -60.3376 45
      vertex 56.5399 -37.7788 45
      vertex 59.9706 -32.055 45
    endloop
  endfacet
  facet normal -0.803219 0.595684 0
    outer loop
      vertex -83.9776 80.6668 45
      vertex -83.2761 81.6127 100
      vertex -83.2761 81.6127 45
    endloop
  endfacet
  facet normal -0.803219 0.595684 0
    outer loop
      vertex -83.2761 81.6127 100
      vertex -83.9776 80.6668 45
      vertex -83.9776 80.6668 100
    endloop
  endfacet
  facet normal -0.514184 0.85768 0
    outer loop
      vertex -79.6568 84.5831 45
      vertex -80.6668 83.9776 100
      vertex -79.6568 84.5831 100
    endloop
  endfacet
  facet normal -0.514184 0.85768 0
    outer loop
      vertex -80.6668 83.9776 100
      vertex -79.6568 84.5831 45
      vertex -80.6668 83.9776 45
    endloop
  endfacet
  facet normal 0.671522 -0.740984 0
    outer loop
      vertex 81.6127 -83.2761 45
      vertex 82.4853 -82.4853 100
      vertex 81.6127 -83.2761 100
    endloop
  endfacet
  facet normal 0.671522 -0.740984 0
    outer loop
      vertex 82.4853 -82.4853 100
      vertex 81.6127 -83.2761 45
      vertex 82.4853 -82.4853 45
    endloop
  endfacet
  facet normal 0.740984 0.671522 0
    outer loop
      vertex 83.2761 81.6127 100
      vertex 82.4853 82.4853 45
      vertex 82.4853 82.4853 100
    endloop
  endfacet
  facet normal 0.740984 0.671522 0
    outer loop
      vertex 82.4853 82.4853 45
      vertex 83.2761 81.6127 100
      vertex 83.2761 81.6127 45
    endloop
  endfacet
  facet normal 0.242955 -0.970038 0
    outer loop
      vertex 76.3411 -85.7694 45
      vertex 77.4834 -85.4833 100
      vertex 76.3411 -85.7694 100
    endloop
  endfacet
  facet normal 0.242955 -0.970038 0
    outer loop
      vertex 77.4834 -85.4833 100
      vertex 76.3411 -85.7694 45
      vertex 77.4834 -85.4833 45
    endloop
  endfacet
  facet normal 0.595684 0.803219 -0
    outer loop
      vertex 81.6127 83.2761 45
      vertex 80.6668 83.9776 100
      vertex 81.6127 83.2761 100
    endloop
  endfacet
  facet normal 0.595684 0.803219 0
    outer loop
      vertex 80.6668 83.9776 100
      vertex 81.6127 83.2761 45
      vertex 80.6668 83.9776 45
    endloop
  endfacet
  facet normal -0.595684 -0.803219 0
    outer loop
      vertex -81.6127 -83.2761 47
      vertex -80.6668 -83.9776 100
      vertex -81.6127 -83.2761 100
    endloop
  endfacet
  facet normal -0.595684 -0.803219 -0
    outer loop
      vertex -80.6668 -83.9776 100
      vertex -81.6127 -83.2761 47
      vertex -80.6668 -83.9776 47
    endloop
  endfacet
  facet normal 0.336864 -0.941553 0
    outer loop
      vertex 77.4834 -85.4833 45
      vertex 78.5922 -85.0866 100
      vertex 77.4834 -85.4833 100
    endloop
  endfacet
  facet normal 0.336864 -0.941553 0
    outer loop
      vertex 78.5922 -85.0866 100
      vertex 77.4834 -85.4833 45
      vertex 78.5922 -85.0866 45
    endloop
  endfacet
  facet normal 0.427542 0.903995 -0
    outer loop
      vertex 79.6568 84.5831 45
      vertex 78.5922 85.0866 100
      vertex 79.6568 84.5831 100
    endloop
  endfacet
  facet normal 0.427542 0.903995 0
    outer loop
      vertex 78.5922 85.0866 100
      vertex 79.6568 84.5831 45
      vertex 78.5922 85.0866 45
    endloop
  endfacet
  facet normal 0.903995 0.427542 0
    outer loop
      vertex 85.0866 78.5922 100
      vertex 84.5831 79.6568 45
      vertex 84.5831 79.6568 100
    endloop
  endfacet
  facet normal 0.903995 0.427542 0
    outer loop
      vertex 84.5831 79.6568 45
      vertex 85.0866 78.5922 100
      vertex 85.0866 78.5922 45
    endloop
  endfacet
  facet normal -0.242955 0.970038 0
    outer loop
      vertex -76.3411 85.7694 45
      vertex -77.4834 85.4833 100
      vertex -76.3411 85.7694 100
    endloop
  endfacet
  facet normal -0.242955 0.970038 0
    outer loop
      vertex -77.4834 85.4833 100
      vertex -76.3411 85.7694 45
      vertex -77.4834 85.4833 45
    endloop
  endfacet
  facet normal -0.427542 0.903995 0
    outer loop
      vertex -78.5922 85.0866 45
      vertex -79.6568 84.5831 100
      vertex -78.5922 85.0866 100
    endloop
  endfacet
  facet normal -0.427542 0.903995 0
    outer loop
      vertex -79.6568 84.5831 100
      vertex -78.5922 85.0866 45
      vertex -79.6568 84.5831 45
    endloop
  endfacet
  facet normal -0.146733 0.989176 0
    outer loop
      vertex -75.1762 85.9422 45
      vertex -76.3411 85.7694 100
      vertex -75.1762 85.9422 100
    endloop
  endfacet
  facet normal -0.146733 0.989176 0
    outer loop
      vertex -76.3411 85.7694 100
      vertex -75.1762 85.9422 45
      vertex -76.3411 85.7694 45
    endloop
  endfacet
  facet normal 0.146733 0.989176 -0
    outer loop
      vertex 76.3411 85.7694 45
      vertex 75.1762 85.9422 100
      vertex 76.3411 85.7694 100
    endloop
  endfacet
  facet normal 0.146733 0.989176 0
    outer loop
      vertex 75.1762 85.9422 100
      vertex 76.3411 85.7694 45
      vertex 75.1762 85.9422 45
    endloop
  endfacet
  facet normal 0.336864 0.941553 -0
    outer loop
      vertex 78.5922 85.0866 45
      vertex 77.4834 85.4833 100
      vertex 78.5922 85.0866 100
    endloop
  endfacet
  facet normal 0.336864 0.941553 0
    outer loop
      vertex 77.4834 85.4833 100
      vertex 78.5922 85.0866 45
      vertex 77.4834 85.4833 45
    endloop
  endfacet
  facet normal 0.595684 -0.803219 0
    outer loop
      vertex 80.6668 -83.9776 45
      vertex 81.6127 -83.2761 100
      vertex 80.6668 -83.9776 100
    endloop
  endfacet
  facet normal 0.595684 -0.803219 0
    outer loop
      vertex 81.6127 -83.2761 100
      vertex 80.6668 -83.9776 45
      vertex 81.6127 -83.2761 45
    endloop
  endfacet
  facet normal 0.514184 -0.85768 0
    outer loop
      vertex 79.6568 -84.5831 45
      vertex 80.6668 -83.9776 100
      vertex 79.6568 -84.5831 100
    endloop
  endfacet
  facet normal 0.514184 -0.85768 0
    outer loop
      vertex 80.6668 -83.9776 100
      vertex 79.6568 -84.5831 45
      vertex 80.6668 -83.9776 45
    endloop
  endfacet
  facet normal 0.0490821 -0.998795 0
    outer loop
      vertex 74 -86 47
      vertex 75.1762 -85.9422 100
      vertex 74 -86 100
    endloop
  endfacet
  facet normal 0.0490821 -0.998795 0
    outer loop
      vertex 75.1762 -85.9422 45
      vertex 74 -86 47
      vertex 74 -86 45
    endloop
  endfacet
  facet normal 0.0490821 -0.998795 0
    outer loop
      vertex 74 -86 47
      vertex 75.1762 -85.9422 45
      vertex 75.1762 -85.9422 100
    endloop
  endfacet
  facet normal -0.970038 -0.242955 0
    outer loop
      vertex -85.4833 -77.4834 47
      vertex -85.7694 -76.3411 100
      vertex -85.7694 -76.3411 47
    endloop
  endfacet
  facet normal -0.970038 -0.242955 0
    outer loop
      vertex -85.7694 -76.3411 100
      vertex -85.4833 -77.4834 47
      vertex -85.4833 -77.4834 100
    endloop
  endfacet
  facet normal 0.803235 0.595663 0
    outer loop
      vertex -80.4933 -79.3289 96.4
      vertex -80.9843 -78.6668 49.5
      vertex -80.9843 -78.6668 96.4
    endloop
  endfacet
  facet normal 0.803235 0.595663 0
    outer loop
      vertex -80.9843 -78.6668 49.5
      vertex -80.4933 -79.3289 96.4
      vertex -80.4933 -79.3289 49.5
    endloop
  endfacet
  facet normal 0 -1 0
    outer loop
      vertex -74 82.4 49.5
      vertex 74 82.4 96.4
      vertex -74 82.4 96.4
    endloop
  endfacet
  facet normal 0 -1 -0
    outer loop
      vertex 74 82.4 96.4
      vertex -74 82.4 49.5
      vertex 74 82.4 49.5
    endloop
  endfacet
  facet normal 0.595663 -0.803235 0
    outer loop
      vertex -79.3289 80.4933 49.5
      vertex -78.6668 80.9843 96.4
      vertex -79.3289 80.4933 96.4
    endloop
  endfacet
  facet normal 0.595663 -0.803235 0
    outer loop
      vertex -78.6668 80.9843 96.4
      vertex -79.3289 80.4933 49.5
      vertex -78.6668 80.9843 49.5
    endloop
  endfacet
  facet normal -0.242992 -0.970028 0
    outer loop
      vertex 75.6388 82.2386 49.5
      vertex 76.4384 82.0383 96.4
      vertex 75.6388 82.2386 96.4
    endloop
  endfacet
  facet normal -0.242992 -0.970028 -0
    outer loop
      vertex 76.4384 82.0383 96.4
      vertex 75.6388 82.2386 49.5
      vertex 76.4384 82.0383 49.5
    endloop
  endfacet
  facet normal 0.0490118 0.998798 -0
    outer loop
      vertex -74 -82.4 49.5
      vertex -74.8233 -82.3596 96.4
      vertex -74 -82.4 96.4
    endloop
  endfacet
  facet normal 0.0490118 0.998798 0
    outer loop
      vertex -74.8233 -82.3596 96.4
      vertex -74 -82.4 49.5
      vertex -74.8233 -82.3596 49.5
    endloop
  endfacet
  facet normal 1 -0 0
    outer loop
      vertex -82.4 -74 96.4
      vertex -82.4 74 49.5
      vertex -82.4 74 96.4
    endloop
  endfacet
  facet normal 1 0 0
    outer loop
      vertex -82.4 74 49.5
      vertex -82.4 -74 96.4
      vertex -82.4 -74 49.5
    endloop
  endfacet
  facet normal 0 1 -0
    outer loop
      vertex 74 -82.4 49.5
      vertex -74 -82.4 96.4
      vertex 74 -82.4 96.4
    endloop
  endfacet
  facet normal 0 1 0
    outer loop
      vertex -74 -82.4 96.4
      vertex 74 -82.4 49.5
      vertex -74 -82.4 49.5
    endloop
  endfacet
  facet normal -0.857739 0.514085 0
    outer loop
      vertex 80.9843 -78.6668 49.5
      vertex 81.4081 -77.9597 96.4
      vertex 81.4081 -77.9597 49.5
    endloop
  endfacet
  facet normal -0.857739 0.514085 0
    outer loop
      vertex 81.4081 -77.9597 96.4
      vertex 80.9843 -78.6668 49.5
      vertex 80.9843 -78.6668 96.4
    endloop
  endfacet
  facet normal 0.803235 -0.595663 0
    outer loop
      vertex -80.9843 78.6668 96.4
      vertex -80.4933 79.3289 49.5
      vertex -80.4933 79.3289 96.4
    endloop
  endfacet
  facet normal 0.803235 -0.595663 0
    outer loop
      vertex -80.4933 79.3289 49.5
      vertex -80.9843 78.6668 96.4
      vertex -80.9843 78.6668 49.5
    endloop
  endfacet
  facet normal -0.989171 0.146768 0
    outer loop
      vertex 82.2386 -75.6388 49.5
      vertex 82.3596 -74.8233 96.4
      vertex 82.3596 -74.8233 49.5
    endloop
  endfacet
  facet normal -0.989171 0.146768 0
    outer loop
      vertex 82.3596 -74.8233 96.4
      vertex 82.2386 -75.6388 49.5
      vertex 82.2386 -75.6388 96.4
    endloop
  endfacet
  facet normal 0.857739 0.514085 0
    outer loop
      vertex -80.9843 -78.6668 96.4
      vertex -81.4081 -77.9597 49.5
      vertex -81.4081 -77.9597 96.4
    endloop
  endfacet
  facet normal 0.857739 0.514085 0
    outer loop
      vertex -81.4081 -77.9597 49.5
      vertex -80.9843 -78.6668 96.4
      vertex -80.9843 -78.6668 49.5
    endloop
  endfacet
  facet normal -0.427601 0.903967 0
    outer loop
      vertex 77.9597 -81.4081 49.5
      vertex 77.2145 -81.7606 96.4
      vertex 77.9597 -81.4081 96.4
    endloop
  endfacet
  facet normal -0.427601 0.903967 0
    outer loop
      vertex 77.2145 -81.7606 96.4
      vertex 77.9597 -81.4081 49.5
      vertex 77.2145 -81.7606 49.5
    endloop
  endfacet
  facet normal -1 0 0
    outer loop
      vertex 82.4 -74 49.5
      vertex 82.4 74 96.4
      vertex 82.4 74 49.5
    endloop
  endfacet
  facet normal -1 -0 0
    outer loop
      vertex 82.4 74 96.4
      vertex 82.4 -74 49.5
      vertex 82.4 -74 96.4
    endloop
  endfacet
  facet normal 0.671561 -0.740949 0
    outer loop
      vertex -79.9397 79.9397 49.5
      vertex -79.3289 80.4933 96.4
      vertex -79.9397 79.9397 96.4
    endloop
  endfacet
  facet normal 0.671561 -0.740949 0
    outer loop
      vertex -79.3289 80.4933 96.4
      vertex -79.9397 79.9397 49.5
      vertex -79.3289 80.4933 49.5
    endloop
  endfacet
  facet normal 0.595663 0.803235 -0
    outer loop
      vertex -78.6668 -80.9843 49.5
      vertex -79.3289 -80.4933 96.4
      vertex -78.6668 -80.9843 96.4
    endloop
  endfacet
  facet normal 0.595663 0.803235 0
    outer loop
      vertex -79.3289 -80.4933 96.4
      vertex -78.6668 -80.9843 49.5
      vertex -79.3289 -80.4933 49.5
    endloop
  endfacet
  facet normal -0.514085 0.857739 0
    outer loop
      vertex 78.6668 -80.9843 49.5
      vertex 77.9597 -81.4081 96.4
      vertex 78.6668 -80.9843 96.4
    endloop
  endfacet
  facet normal -0.514085 0.857739 0
    outer loop
      vertex 77.9597 -81.4081 96.4
      vertex 78.6668 -80.9843 49.5
      vertex 77.9597 -81.4081 49.5
    endloop
  endfacet
  facet normal 0.336897 -0.941541 0
    outer loop
      vertex -77.2145 81.7606 49.5
      vertex -76.4384 82.0383 96.4
      vertex -77.2145 81.7606 96.4
    endloop
  endfacet
  facet normal 0.336897 -0.941541 0
    outer loop
      vertex -76.4384 82.0383 96.4
      vertex -77.2145 81.7606 49.5
      vertex -76.4384 82.0383 49.5
    endloop
  endfacet
  facet normal -0.803235 -0.595663 0
    outer loop
      vertex 80.9843 78.6668 49.5
      vertex 80.4933 79.3289 96.4
      vertex 80.4933 79.3289 49.5
    endloop
  endfacet
  facet normal -0.803235 -0.595663 0
    outer loop
      vertex 80.4933 79.3289 96.4
      vertex 80.9843 78.6668 49.5
      vertex 80.9843 78.6668 96.4
    endloop
  endfacet
  facet normal 0.941541 -0.336897 0
    outer loop
      vertex -82.0383 76.4384 96.4
      vertex -81.7606 77.2145 49.5
      vertex -81.7606 77.2145 96.4
    endloop
  endfacet
  facet normal 0.941541 -0.336897 0
    outer loop
      vertex -81.7606 77.2145 49.5
      vertex -82.0383 76.4384 96.4
      vertex -82.0383 76.4384 49.5
    endloop
  endfacet
  facet normal 0.998798 -0.0490118 0
    outer loop
      vertex -82.4 74 96.4
      vertex -82.3596 74.8233 49.5
      vertex -82.3596 74.8233 96.4
    endloop
  endfacet
  facet normal 0.998798 -0.0490118 0
    outer loop
      vertex -82.3596 74.8233 49.5
      vertex -82.4 74 96.4
      vertex -82.4 74 49.5
    endloop
  endfacet
  facet normal -0.740949 0.671561 0
    outer loop
      vertex 79.9397 -79.9397 49.5
      vertex 80.4933 -79.3289 96.4
      vertex 80.4933 -79.3289 49.5
    endloop
  endfacet
  facet normal -0.740949 0.671561 0
    outer loop
      vertex 80.4933 -79.3289 96.4
      vertex 79.9397 -79.9397 49.5
      vertex 79.9397 -79.9397 96.4
    endloop
  endfacet
  facet normal -0.671561 -0.740949 0
    outer loop
      vertex 79.3289 80.4933 49.5
      vertex 79.9397 79.9397 96.4
      vertex 79.3289 80.4933 96.4
    endloop
  endfacet
  facet normal -0.671561 -0.740949 -0
    outer loop
      vertex 79.9397 79.9397 96.4
      vertex 79.3289 80.4933 49.5
      vertex 79.9397 79.9397 49.5
    endloop
  endfacet
  facet normal 0.242992 -0.970028 0
    outer loop
      vertex -76.4384 82.0383 49.5
      vertex -75.6388 82.2386 96.4
      vertex -76.4384 82.0383 96.4
    endloop
  endfacet
  facet normal 0.242992 -0.970028 0
    outer loop
      vertex -75.6388 82.2386 96.4
      vertex -76.4384 82.0383 49.5
      vertex -75.6388 82.2386 49.5
    endloop
  endfacet
  facet normal 0.146768 -0.989171 0
    outer loop
      vertex -75.6388 82.2386 49.5
      vertex -74.8233 82.3596 96.4
      vertex -75.6388 82.2386 96.4
    endloop
  endfacet
  facet normal 0.146768 -0.989171 0
    outer loop
      vertex -74.8233 82.3596 96.4
      vertex -75.6388 82.2386 49.5
      vertex -74.8233 82.3596 49.5
    endloop
  endfacet
  facet normal 0.671561 0.740949 -0
    outer loop
      vertex -79.3289 -80.4933 49.5
      vertex -79.9397 -79.9397 96.4
      vertex -79.3289 -80.4933 96.4
    endloop
  endfacet
  facet normal 0.671561 0.740949 0
    outer loop
      vertex -79.9397 -79.9397 96.4
      vertex -79.3289 -80.4933 49.5
      vertex -79.9397 -79.9397 49.5
    endloop
  endfacet
  facet normal 0 0 1
    outer loop
      vertex -43.1387 -52.5647 49.5
      vertex -59.9611 -62.0246 49.5
      vertex -59.95 -62.25 49.5
    endloop
  endfacet
  facet normal 0 0 1
    outer loop
      vertex -63.5278 -60.3376 49.5
      vertex -56.5399 -37.7788 49.5
      vertex -59.9706 -32.055 49.5
    endloop
  endfacet
  facet normal 0 0 1
    outer loop
      vertex -52.5647 -43.1387 49.5
      vertex -59.9942 -61.8013 49.5
      vertex -59.9611 -62.0246 49.5
    endloop
  endfacet
  facet normal 0 0 1
    outer loop
      vertex -52.5647 -43.1387 49.5
      vertex -60.049 -61.5823 49.5
      vertex -59.9942 -61.8013 49.5
    endloop
  endfacet
  facet normal 0 0 1
    outer loop
      vertex -52.5647 -43.1387 49.5
      vertex -60.1251 -61.3698 49.5
      vertex -60.049 -61.5823 49.5
    endloop
  endfacet
  facet normal 0 0 1
    outer loop
      vertex -52.5647 -43.1387 49.5
      vertex -60.2216 -61.1658 49.5
      vertex -60.1251 -61.3698 49.5
    endloop
  endfacet
  facet normal 0 0 1
    outer loop
      vertex -52.5647 -43.1387 49.5
      vertex -60.3376 -60.9722 49.5
      vertex -60.2216 -61.1658 49.5
    endloop
  endfacet
  facet normal 0 0 1
    outer loop
      vertex -52.5647 -43.1387 49.5
      vertex -60.4721 -60.7909 49.5
      vertex -60.3376 -60.9722 49.5
    endloop
  endfacet
  facet normal 0 0 1
    outer loop
      vertex -52.5647 -43.1387 49.5
      vertex -60.6237 -60.6237 49.5
      vertex -60.4721 -60.7909 49.5
    endloop
  endfacet
  facet normal 0 0 1
    outer loop
      vertex -52.5647 -43.1387 49.5
      vertex -60.7909 -60.4721 49.5
      vertex -60.6237 -60.6237 49.5
    endloop
  endfacet
  facet normal 0 0 1
    outer loop
      vertex -52.5647 -43.1387 49.5
      vertex -60.9722 -60.3376 49.5
      vertex -60.7909 -60.4721 49.5
    endloop
  endfacet
  facet normal 0 0 1
    outer loop
      vertex -52.5647 -43.1387 49.5
      vertex -61.1658 -60.2216 49.5
      vertex -60.9722 -60.3376 49.5
    endloop
  endfacet
  facet normal 0 0 1
    outer loop
      vertex -52.5647 -43.1387 49.5
      vertex -61.3698 -60.1251 49.5
      vertex -61.1658 -60.2216 49.5
    endloop
  endfacet
  facet normal 0 0 1
    outer loop
      vertex -52.5647 -43.1387 49.5
      vertex -61.5823 -60.049 49.5
      vertex -61.3698 -60.1251 49.5
    endloop
  endfacet
  facet normal 0 0 1
    outer loop
      vertex -52.5647 -43.1387 49.5
      vertex -61.8013 -59.9942 49.5
      vertex -61.5823 -60.049 49.5
    endloop
  endfacet
  facet normal 0 0 1
    outer loop
      vertex -52.5647 -43.1387 49.5
      vertex -62.0246 -59.9611 49.5
      vertex -61.8013 -59.9942 49.5
    endloop
  endfacet
  facet normal 0 0 1
    outer loop
      vertex -52.5647 -43.1387 49.5
      vertex -62.25 -59.95 49.5
      vertex -62.0246 -59.9611 49.5
    endloop
  endfacet
  facet normal 0 0 1
    outer loop
      vertex -52.5647 -43.1387 49.5
      vertex -62.4754 -59.9611 49.5
      vertex -62.25 -59.95 49.5
    endloop
  endfacet
  facet normal 0 0 1
    outer loop
      vertex -56.5399 -37.7788 49.5
      vertex -62.6987 -59.9942 49.5
      vertex -62.4754 -59.9611 49.5
    endloop
  endfacet
  facet normal 0 0 1
    outer loop
      vertex -64.1624 -60.9722 49.5
      vertex -59.9706 -32.055 49.5
      vertex -62.8238 -26.0225 49.5
    endloop
  endfacet
  facet normal 0 0 1
    outer loop
      vertex -56.5399 -37.7788 49.5
      vertex -62.9177 -60.049 49.5
      vertex -62.6987 -59.9942 49.5
    endloop
  endfacet
  facet normal 0 0 1
    outer loop
      vertex -56.5399 -37.7788 49.5
      vertex -63.1302 -60.1251 49.5
      vertex -62.9177 -60.049 49.5
    endloop
  endfacet
  facet normal 0 0 1
    outer loop
      vertex -56.5399 -37.7788 49.5
      vertex -63.3342 -60.2216 49.5
      vertex -63.1302 -60.1251 49.5
    endloop
  endfacet
  facet normal 0 0 1
    outer loop
      vertex -56.5399 -37.7788 49.5
      vertex -63.5278 -60.3376 49.5
      vertex -63.3342 -60.2216 49.5
    endloop
  endfacet
  facet normal 0 0 1
    outer loop
      vertex -59.9706 -32.055 49.5
      vertex -63.7091 -60.4721 49.5
      vertex -63.5278 -60.3376 49.5
    endloop
  endfacet
  facet normal 0 0 1
    outer loop
      vertex -59.9706 -32.055 49.5
      vertex -63.8763 -60.6237 49.5
      vertex -63.7091 -60.4721 49.5
    endloop
  endfacet
  facet normal 0 0 1
    outer loop
      vertex -59.9706 -32.055 49.5
      vertex -64.0279 -60.7909 49.5
      vertex -63.8763 -60.6237 49.5
    endloop
  endfacet
  facet normal 0 0 1
    outer loop
      vertex -59.9706 -32.055 49.5
      vertex -64.1624 -60.9722 49.5
      vertex -64.0279 -60.7909 49.5
    endloop
  endfacet
  facet normal 0 0 1
    outer loop
      vertex -82.4 -74 49.5
      vertex -64.1624 -60.9722 49.5
      vertex -62.8238 -26.0225 49.5
    endloop
  endfacet
  facet normal 0 0 1
    outer loop
      vertex -64.1624 -60.9722 49.5
      vertex -82.4 -74 49.5
      vertex -64.2784 -61.1658 49.5
    endloop
  endfacet
  facet normal 0 0 1
    outer loop
      vertex -64.2784 -61.1658 49.5
      vertex -82.4 -74 49.5
      vertex -64.3749 -61.3698 49.5
    endloop
  endfacet
  facet normal 0 0 1
    outer loop
      vertex -64.3749 -61.3698 49.5
      vertex -82.4 -74 49.5
      vertex -64.451 -61.5823 49.5
    endloop
  endfacet
  facet normal 0 0 1
    outer loop
      vertex -64.451 -61.5823 49.5
      vertex -82.4 -74 49.5
      vertex -64.5058 -61.8013 49.5
    endloop
  endfacet
  facet normal 0 0 1
    outer loop
      vertex -64.5058 -61.8013 49.5
      vertex -82.4 -74 49.5
      vertex -64.5389 -62.0246 49.5
    endloop
  endfacet
  facet normal 0 0 1
    outer loop
      vertex -82.4 -74 49.5
      vertex -62.8238 -26.0225 49.5
      vertex -65.0719 -19.7394 49.5
    endloop
  endfacet
  facet normal -0 0 1
    outer loop
      vertex -60.1251 61.3698 49.5
      vertex -43.1387 52.5647 49.5
      vertex -60.049 61.5823 49.5
    endloop
  endfacet
  facet normal -0 0 1
    outer loop
      vertex -60.2216 61.1658 49.5
      vertex -43.1387 52.5647 49.5
      vertex -60.1251 61.3698 49.5
    endloop
  endfacet
  facet normal 0 0 1
    outer loop
      vertex -43.1387 52.5647 49.5
      vertex -60.2216 61.1658 49.5
      vertex -48.0833 48.0833 49.5
    endloop
  endfacet
  facet normal -0 0 1
    outer loop
      vertex -60.3376 60.9722 49.5
      vertex -48.0833 48.0833 49.5
      vertex -60.2216 61.1658 49.5
    endloop
  endfacet
  facet normal -0 0 1
    outer loop
      vertex -60.4721 60.7909 49.5
      vertex -48.0833 48.0833 49.5
      vertex -60.3376 60.9722 49.5
    endloop
  endfacet
  facet normal -0 0 1
    outer loop
      vertex -60.6237 60.6237 49.5
      vertex -48.0833 48.0833 49.5
      vertex -60.4721 60.7909 49.5
    endloop
  endfacet
  facet normal -0 0 1
    outer loop
      vertex -60.7909 60.4721 49.5
      vertex -48.0833 48.0833 49.5
      vertex -60.6237 60.6237 49.5
    endloop
  endfacet
  facet normal -0 0 1
    outer loop
      vertex -60.9722 60.3376 49.5
      vertex -48.0833 48.0833 49.5
      vertex -60.7909 60.4721 49.5
    endloop
  endfacet
  facet normal -0 0 1
    outer loop
      vertex -61.1658 60.2216 49.5
      vertex -48.0833 48.0833 49.5
      vertex -60.9722 60.3376 49.5
    endloop
  endfacet
  facet normal 0 0 1
    outer loop
      vertex -48.0833 48.0833 49.5
      vertex -61.1658 60.2216 49.5
      vertex -52.5647 43.1387 49.5
    endloop
  endfacet
  facet normal -0 0 1
    outer loop
      vertex -61.3698 60.1251 49.5
      vertex -52.5647 43.1387 49.5
      vertex -61.1658 60.2216 49.5
    endloop
  endfacet
  facet normal -0 0 1
    outer loop
      vertex -61.5823 60.049 49.5
      vertex -52.5647 43.1387 49.5
      vertex -61.3698 60.1251 49.5
    endloop
  endfacet
  facet normal -0 0 1
    outer loop
      vertex -61.8013 59.9942 49.5
      vertex -52.5647 43.1387 49.5
      vertex -61.5823 60.049 49.5
    endloop
  endfacet
  facet normal -0 0 1
    outer loop
      vertex -62.0246 59.9611 49.5
      vertex -52.5647 43.1387 49.5
      vertex -61.8013 59.9942 49.5
    endloop
  endfacet
  facet normal -0 0 1
    outer loop
      vertex -62.25 59.95 49.5
      vertex -52.5647 43.1387 49.5
      vertex -62.0246 59.9611 49.5
    endloop
  endfacet
  facet normal 0 0 1
    outer loop
      vertex -62.4754 59.9611 49.5
      vertex -52.5647 43.1387 49.5
      vertex -62.25 59.95 49.5
    endloop
  endfacet
  facet normal 0 0 1
    outer loop
      vertex -52.5647 43.1387 49.5
      vertex -62.4754 59.9611 49.5
      vertex -56.5399 37.7788 49.5
    endloop
  endfacet
  facet normal 0 0 1
    outer loop
      vertex -62.6987 59.9942 49.5
      vertex -56.5399 37.7788 49.5
      vertex -62.4754 59.9611 49.5
    endloop
  endfacet
  facet normal 0 0 1
    outer loop
      vertex -62.9177 60.049 49.5
      vertex -56.5399 37.7788 49.5
      vertex -62.6987 59.9942 49.5
    endloop
  endfacet
  facet normal 0 0 1
    outer loop
      vertex -63.1302 60.1251 49.5
      vertex -56.5399 37.7788 49.5
      vertex -62.9177 60.049 49.5
    endloop
  endfacet
  facet normal 0 0 1
    outer loop
      vertex -63.3342 60.2216 49.5
      vertex -56.5399 37.7788 49.5
      vertex -63.1302 60.1251 49.5
    endloop
  endfacet
  facet normal 0 0 1
    outer loop
      vertex -63.5278 60.3376 49.5
      vertex -56.5399 37.7788 49.5
      vertex -63.3342 60.2216 49.5
    endloop
  endfacet
  facet normal 0 0 1
    outer loop
      vertex -56.5399 37.7788 49.5
      vertex -63.5278 60.3376 49.5
      vertex -59.9706 32.055 49.5
    endloop
  endfacet
  facet normal 0 0 1
    outer loop
      vertex -63.7091 60.4721 49.5
      vertex -59.9706 32.055 49.5
      vertex -63.5278 60.3376 49.5
    endloop
  endfacet
  facet normal 0 0 1
    outer loop
      vertex -63.8763 60.6237 49.5
      vertex -59.9706 32.055 49.5
      vertex -63.7091 60.4721 49.5
    endloop
  endfacet
  facet normal 0 0 1
    outer loop
      vertex -64.0279 60.7909 49.5
      vertex -59.9706 32.055 49.5
      vertex -63.8763 60.6237 49.5
    endloop
  endfacet
  facet normal 0 0 1
    outer loop
      vertex -64.1624 60.9722 49.5
      vertex -59.9706 32.055 49.5
      vertex -64.0279 60.7909 49.5
    endloop
  endfacet
  facet normal 0 0 1
    outer loop
      vertex -59.9706 32.055 49.5
      vertex -64.1624 60.9722 49.5
      vertex -62.8238 26.0225 49.5
    endloop
  endfacet
  facet normal 0 0 1
    outer loop
      vertex -82.4 74 49.5
      vertex -64.1624 60.9722 49.5
      vertex -64.2784 61.1658 49.5
    endloop
  endfacet
  facet normal 0 0 1
    outer loop
      vertex -82.4 74 49.5
      vertex -64.2784 61.1658 49.5
      vertex -64.3749 61.3698 49.5
    endloop
  endfacet
  facet normal 0 0 1
    outer loop
      vertex -82.4 74 49.5
      vertex -64.3749 61.3698 49.5
      vertex -64.451 61.5823 49.5
    endloop
  endfacet
  facet normal 0 0 1
    outer loop
      vertex -82.4 74 49.5
      vertex -64.451 61.5823 49.5
      vertex -64.5058 61.8013 49.5
    endloop
  endfacet
  facet normal 0 0 1
    outer loop
      vertex -82.4 74 49.5
      vertex -64.5058 61.8013 49.5
      vertex -64.5389 62.0246 49.5
    endloop
  endfacet
  facet normal 0 0 1
    outer loop
      vertex -82.4 74 49.5
      vertex -64.5389 62.0246 49.5
      vertex -64.55 62.25 49.5
    endloop
  endfacet
  facet normal 0 0 1
    outer loop
      vertex -64.1624 60.9722 49.5
      vertex -82.4 74 49.5
      vertex -62.8238 26.0225 49.5
    endloop
  endfacet
  facet normal 0 0 1
    outer loop
      vertex 82.4 -74 49.5
      vertex 64.5389 -62.0246 49.5
      vertex 64.55 -62.25 49.5
    endloop
  endfacet
  facet normal 0 0 1
    outer loop
      vertex 82.4 -74 49.5
      vertex 64.5058 -61.8013 49.5
      vertex 64.5389 -62.0246 49.5
    endloop
  endfacet
  facet normal 0 0 1
    outer loop
      vertex 82.4 -74 49.5
      vertex 64.451 -61.5823 49.5
      vertex 64.5058 -61.8013 49.5
    endloop
  endfacet
  facet normal 0 0 1
    outer loop
      vertex 82.4 -74 49.5
      vertex 64.3749 -61.3698 49.5
      vertex 64.451 -61.5823 49.5
    endloop
  endfacet
  facet normal -0 -0 1
    outer loop
      vertex 64.1624 -60.9722 49.5
      vertex 82.4 -74 49.5
      vertex 62.8238 -26.0225 49.5
    endloop
  endfacet
  facet normal 0 0 1
    outer loop
      vertex 82.4 -74 49.5
      vertex 64.2784 -61.1658 49.5
      vertex 64.3749 -61.3698 49.5
    endloop
  endfacet
  facet normal 0 0 1
    outer loop
      vertex 82.4 -74 49.5
      vertex 64.1624 -60.9722 49.5
      vertex 64.2784 -61.1658 49.5
    endloop
  endfacet
  facet normal -0 0 1
    outer loop
      vertex 59.9706 -32.055 49.5
      vertex 64.1624 -60.9722 49.5
      vertex 62.8238 -26.0225 49.5
    endloop
  endfacet
  facet normal 0 0 1
    outer loop
      vertex 64.1624 -60.9722 49.5
      vertex 59.9706 -32.055 49.5
      vertex 64.0279 -60.7909 49.5
    endloop
  endfacet
  facet normal 0 0 1
    outer loop
      vertex 64.0279 -60.7909 49.5
      vertex 59.9706 -32.055 49.5
      vertex 63.8763 -60.6237 49.5
    endloop
  endfacet
  facet normal 0 0 1
    outer loop
      vertex 63.8763 -60.6237 49.5
      vertex 59.9706 -32.055 49.5
      vertex 63.7091 -60.4721 49.5
    endloop
  endfacet
  facet normal 0 0 1
    outer loop
      vertex 63.7091 -60.4721 49.5
      vertex 59.9706 -32.055 49.5
      vertex 63.5278 -60.3376 49.5
    endloop
  endfacet
  facet normal -0 0 1
    outer loop
      vertex 56.5399 -37.7788 49.5
      vertex 63.5278 -60.3376 49.5
      vertex 59.9706 -32.055 49.5
    endloop
  endfacet
  facet normal 0 0 1
    outer loop
      vertex 63.5278 -60.3376 49.5
      vertex 56.5399 -37.7788 49.5
      vertex 63.3342 -60.2216 49.5
    endloop
  endfacet
  facet normal 0 0 1
    outer loop
      vertex 63.3342 -60.2216 49.5
      vertex 56.5399 -37.7788 49.5
      vertex 63.1302 -60.1251 49.5
    endloop
  endfacet
  facet normal 0 0 1
    outer loop
      vertex 63.1302 -60.1251 49.5
      vertex 56.5399 -37.7788 49.5
      vertex 62.9177 -60.049 49.5
    endloop
  endfacet
  facet normal 0 0 1
    outer loop
      vertex 62.9177 -60.049 49.5
      vertex 56.5399 -37.7788 49.5
      vertex 62.6987 -59.9942 49.5
    endloop
  endfacet
  facet normal 0 0 1
    outer loop
      vertex 62.6987 -59.9942 49.5
      vertex 56.5399 -37.7788 49.5
      vertex 62.4754 -59.9611 49.5
    endloop
  endfacet
  facet normal -0 0 1
    outer loop
      vertex 52.5647 -43.1387 49.5
      vertex 62.4754 -59.9611 49.5
      vertex 56.5399 -37.7788 49.5
    endloop
  endfacet
  facet normal 0 0 1
    outer loop
      vertex 62.4754 -59.9611 49.5
      vertex 52.5647 -43.1387 49.5
      vertex 62.25 -59.95 49.5
    endloop
  endfacet
  facet normal 0 0 1
    outer loop
      vertex 62.25 -59.95 49.5
      vertex 52.5647 -43.1387 49.5
      vertex 62.0246 -59.9611 49.5
    endloop
  endfacet
  facet normal 0 0 1
    outer loop
      vertex 62.0246 -59.9611 49.5
      vertex 52.5647 -43.1387 49.5
      vertex 61.8013 -59.9942 49.5
    endloop
  endfacet
  facet normal 0 0 1
    outer loop
      vertex 61.8013 -59.9942 49.5
      vertex 52.5647 -43.1387 49.5
      vertex 61.5823 -60.049 49.5
    endloop
  endfacet
  facet normal 0 0 1
    outer loop
      vertex 61.5823 -60.049 49.5
      vertex 52.5647 -43.1387 49.5
      vertex 61.3698 -60.1251 49.5
    endloop
  endfacet
  facet normal 0 0 1
    outer loop
      vertex 61.3698 -60.1251 49.5
      vertex 52.5647 -43.1387 49.5
      vertex 61.1658 -60.2216 49.5
    endloop
  endfacet
  facet normal -0 0 1
    outer loop
      vertex 48.0833 -48.0833 49.5
      vertex 61.1658 -60.2216 49.5
      vertex 52.5647 -43.1387 49.5
    endloop
  endfacet
  facet normal 0 0 1
    outer loop
      vertex 61.1658 -60.2216 49.5
      vertex 48.0833 -48.0833 49.5
      vertex 60.9722 -60.3376 49.5
    endloop
  endfacet
  facet normal 0 0 1
    outer loop
      vertex 60.9722 -60.3376 49.5
      vertex 48.0833 -48.0833 49.5
      vertex 60.7909 -60.4721 49.5
    endloop
  endfacet
  facet normal 0 0 1
    outer loop
      vertex 60.7909 -60.4721 49.5
      vertex 48.0833 -48.0833 49.5
      vertex 60.6237 -60.6237 49.5
    endloop
  endfacet
  facet normal 0 0 1
    outer loop
      vertex 60.6237 -60.6237 49.5
      vertex 48.0833 -48.0833 49.5
      vertex 60.4721 -60.7909 49.5
    endloop
  endfacet
  facet normal 0 0 1
    outer loop
      vertex 60.4721 -60.7909 49.5
      vertex 48.0833 -48.0833 49.5
      vertex 60.3376 -60.9722 49.5
    endloop
  endfacet
  facet normal 0 0 1
    outer loop
      vertex 60.3376 -60.9722 49.5
      vertex 48.0833 -48.0833 49.5
      vertex 60.2216 -61.1658 49.5
    endloop
  endfacet
  facet normal -0 0 1
    outer loop
      vertex 43.1387 -52.5647 49.5
      vertex 60.2216 -61.1658 49.5
      vertex 48.0833 -48.0833 49.5
    endloop
  endfacet
  facet normal 0 0 1
    outer loop
      vertex 60.2216 -61.1658 49.5
      vertex 43.1387 -52.5647 49.5
      vertex 60.1251 -61.3698 49.5
    endloop
  endfacet
  facet normal 0 0 1
    outer loop
      vertex 60.1251 -61.3698 49.5
      vertex 43.1387 -52.5647 49.5
      vertex 60.049 -61.5823 49.5
    endloop
  endfacet
  facet normal 0 0 1
    outer loop
      vertex 74 82.4 49.5
      vertex 82.4 74 49.5
      vertex 82.3596 74.8233 49.5
    endloop
  endfacet
  facet normal 0 0 1
    outer loop
      vertex 82.4 74 49.5
      vertex 68 0 49.5
      vertex 82.4 -74 49.5
    endloop
  endfacet
  facet normal 0 0 1
    outer loop
      vertex 74 82.4 49.5
      vertex 82.3596 74.8233 49.5
      vertex 82.2386 75.6388 49.5
    endloop
  endfacet
  facet normal -0 0 1
    outer loop
      vertex 67.6726 -6.66516 49.5
      vertex 82.4 -74 49.5
      vertex 68 0 49.5
    endloop
  endfacet
  facet normal 0 0 1
    outer loop
      vertex 74 82.4 49.5
      vertex 82.2386 75.6388 49.5
      vertex 82.0383 76.4384 49.5
    endloop
  endfacet
  facet normal -0 0 1
    outer loop
      vertex 66.6934 -13.2661 49.5
      vertex 82.4 -74 49.5
      vertex 67.6726 -6.66516 49.5
    endloop
  endfacet
  facet normal 0 0 1
    outer loop
      vertex 74 82.4 49.5
      vertex 82.0383 76.4384 49.5
      vertex 81.7606 77.2145 49.5
    endloop
  endfacet
  facet normal -0 0 1
    outer loop
      vertex 65.0719 -19.7394 49.5
      vertex 82.4 -74 49.5
      vertex 66.6934 -13.2661 49.5
    endloop
  endfacet
  facet normal 0 0 1
    outer loop
      vertex 74 82.4 49.5
      vertex 81.7606 77.2145 49.5
      vertex 81.4081 77.9597 49.5
    endloop
  endfacet
  facet normal -0 0 1
    outer loop
      vertex 62.8238 -26.0225 49.5
      vertex 82.4 -74 49.5
      vertex 65.0719 -19.7394 49.5
    endloop
  endfacet
  facet normal 0 0 1
    outer loop
      vertex 74 82.4 49.5
      vertex 81.4081 77.9597 49.5
      vertex 80.9843 78.6668 49.5
    endloop
  endfacet
  facet normal -0 0 1
    outer loop
      vertex 64.5389 -62.4754 49.5
      vertex 82.4 -74 49.5
      vertex 64.55 -62.25 49.5
    endloop
  endfacet
  facet normal 0 0 1
    outer loop
      vertex 74 82.4 49.5
      vertex 80.9843 78.6668 49.5
      vertex 80.4933 79.3289 49.5
    endloop
  endfacet
  facet normal -0 0 1
    outer loop
      vertex 64.5058 -62.6987 49.5
      vertex 82.4 -74 49.5
      vertex 64.5389 -62.4754 49.5
    endloop
  endfacet
  facet normal 0 0 1
    outer loop
      vertex 74 82.4 49.5
      vertex 80.4933 79.3289 49.5
      vertex 79.9397 79.9397 49.5
    endloop
  endfacet
  facet normal -0 0 1
    outer loop
      vertex 64.451 -62.9177 49.5
      vertex 82.4 -74 49.5
      vertex 64.5058 -62.6987 49.5
    endloop
  endfacet
  facet normal 0 0 1
    outer loop
      vertex 74 82.4 49.5
      vertex 79.9397 79.9397 49.5
      vertex 79.3289 80.4933 49.5
    endloop
  endfacet
  facet normal -0 0 1
    outer loop
      vertex 64.3749 -63.1302 49.5
      vertex 82.4 -74 49.5
      vertex 64.451 -62.9177 49.5
    endloop
  endfacet
  facet normal 0 0 1
    outer loop
      vertex 74 82.4 49.5
      vertex 79.3289 80.4933 49.5
      vertex 78.6668 80.9843 49.5
    endloop
  endfacet
  facet normal -0 0 1
    outer loop
      vertex 64.2784 -63.3342 49.5
      vertex 82.4 -74 49.5
      vertex 64.3749 -63.1302 49.5
    endloop
  endfacet
  facet normal 0 0 1
    outer loop
      vertex 74 82.4 49.5
      vertex 78.6668 80.9843 49.5
      vertex 77.9597 81.4081 49.5
    endloop
  endfacet
  facet normal -0 0 1
    outer loop
      vertex 64.1624 -63.5278 49.5
      vertex 82.4 -74 49.5
      vertex 64.2784 -63.3342 49.5
    endloop
  endfacet
  facet normal 0 0 1
    outer loop
      vertex 74 82.4 49.5
      vertex 77.9597 81.4081 49.5
      vertex 77.2145 81.7606 49.5
    endloop
  endfacet
  facet normal -0 0 1
    outer loop
      vertex 64.0279 -63.7091 49.5
      vertex 82.4 -74 49.5
      vertex 64.1624 -63.5278 49.5
    endloop
  endfacet
  facet normal 0 0 1
    outer loop
      vertex 74 82.4 49.5
      vertex 77.2145 81.7606 49.5
      vertex 76.4384 82.0383 49.5
    endloop
  endfacet
  facet normal -0 0 1
    outer loop
      vertex 63.8763 -63.8763 49.5
      vertex 82.4 -74 49.5
      vertex 64.0279 -63.7091 49.5
    endloop
  endfacet
  facet normal 0 0 1
    outer loop
      vertex 74 82.4 49.5
      vertex 76.4384 82.0383 49.5
      vertex 75.6388 82.2386 49.5
    endloop
  endfacet
  facet normal 0 -0 1
    outer loop
      vertex 74 -82.4 49.5
      vertex 82.4 -74 49.5
      vertex 63.8763 -63.8763 49.5
    endloop
  endfacet
  facet normal 0 0 1
    outer loop
      vertex 74 82.4 49.5
      vertex 75.6388 82.2386 49.5
      vertex 74.8233 82.3596 49.5
    endloop
  endfacet
  facet normal 0 0 1
    outer loop
      vertex 82.4 -74 49.5
      vertex 74 -82.4 49.5
      vertex 82.3596 -74.8233 49.5
    endloop
  endfacet
  facet normal 0 0 1
    outer loop
      vertex 82.4 74 49.5
      vertex 74 82.4 49.5
      vertex 63.8763 63.8763 49.5
    endloop
  endfacet
  facet normal 0 0 1
    outer loop
      vertex 82.3596 -74.8233 49.5
      vertex 74 -82.4 49.5
      vertex 82.2386 -75.6388 49.5
    endloop
  endfacet
  facet normal 0 0 1
    outer loop
      vertex 82.0383 -76.4384 49.5
      vertex 74 -82.4 49.5
      vertex 81.7606 -77.2145 49.5
    endloop
  endfacet
  facet normal 0 0 1
    outer loop
      vertex 82.4 74 49.5
      vertex 67.6726 6.66516 49.5
      vertex 68 0 49.5
    endloop
  endfacet
  facet normal 0 0 1
    outer loop
      vertex 82.4 74 49.5
      vertex 66.6934 13.2661 49.5
      vertex 67.6726 6.66516 49.5
    endloop
  endfacet
  facet normal 0 0 1
    outer loop
      vertex 82.4 74 49.5
      vertex 65.0719 19.7394 49.5
      vertex 66.6934 13.2661 49.5
    endloop
  endfacet
  facet normal 0 0 1
    outer loop
      vertex 82.4 74 49.5
      vertex 64.55 62.25 49.5
      vertex 64.5389 62.0246 49.5
    endloop
  endfacet
  facet normal 0 0 1
    outer loop
      vertex 82.4 74 49.5
      vertex 64.5389 62.4754 49.5
      vertex 64.55 62.25 49.5
    endloop
  endfacet
  facet normal 0 0 1
    outer loop
      vertex 82.4 74 49.5
      vertex 64.5058 62.6987 49.5
      vertex 64.5389 62.4754 49.5
    endloop
  endfacet
  facet normal 0 0 1
    outer loop
      vertex 82.4 74 49.5
      vertex 64.451 62.9177 49.5
      vertex 64.5058 62.6987 49.5
    endloop
  endfacet
  facet normal 0 0 1
    outer loop
      vertex 82.4 74 49.5
      vertex 64.3749 63.1302 49.5
      vertex 64.451 62.9177 49.5
    endloop
  endfacet
  facet normal 0 0 1
    outer loop
      vertex 82.4 74 49.5
      vertex 64.2784 63.3342 49.5
      vertex 64.3749 63.1302 49.5
    endloop
  endfacet
  facet normal 0 0 1
    outer loop
      vertex 82.4 74 49.5
      vertex 64.1624 63.5278 49.5
      vertex 64.2784 63.3342 49.5
    endloop
  endfacet
  facet normal 0 0 1
    outer loop
      vertex 82.4 74 49.5
      vertex 64.0279 63.7091 49.5
      vertex 64.1624 63.5278 49.5
    endloop
  endfacet
  facet normal 0 0 1
    outer loop
      vertex 82.4 74 49.5
      vertex 63.8763 63.8763 49.5
      vertex 64.0279 63.7091 49.5
    endloop
  endfacet
  facet normal 0 0 1
    outer loop
      vertex 74 82.4 49.5
      vertex 63.7091 64.0279 49.5
      vertex 63.8763 63.8763 49.5
    endloop
  endfacet
  facet normal 0 0 1
    outer loop
      vertex 74 82.4 49.5
      vertex 63.5278 64.1624 49.5
      vertex 63.7091 64.0279 49.5
    endloop
  endfacet
  facet normal 0 0 1
    outer loop
      vertex 74 82.4 49.5
      vertex 63.3342 64.2784 49.5
      vertex 63.5278 64.1624 49.5
    endloop
  endfacet
  facet normal 0 0 1
    outer loop
      vertex 74 82.4 49.5
      vertex 63.1302 64.3749 49.5
      vertex 63.3342 64.2784 49.5
    endloop
  endfacet
  facet normal 0 0 1
    outer loop
      vertex 74 82.4 49.5
      vertex 62.9177 64.451 49.5
      vertex 63.1302 64.3749 49.5
    endloop
  endfacet
  facet normal 0 0 1
    outer loop
      vertex 74 82.4 49.5
      vertex 62.6987 64.5058 49.5
      vertex 62.9177 64.451 49.5
    endloop
  endfacet
  facet normal 0 0 1
    outer loop
      vertex 74 82.4 49.5
      vertex 62.4754 64.5389 49.5
      vertex 62.6987 64.5058 49.5
    endloop
  endfacet
  facet normal 0 0 1
    outer loop
      vertex 74 82.4 49.5
      vertex 62.25 64.55 49.5
      vertex 62.4754 64.5389 49.5
    endloop
  endfacet
  facet normal 0 0 1
    outer loop
      vertex 74 82.4 49.5
      vertex 62.0246 64.5389 49.5
      vertex 62.25 64.55 49.5
    endloop
  endfacet
  facet normal 0 0 1
    outer loop
      vertex 74 82.4 49.5
      vertex 61.8013 64.5058 49.5
      vertex 62.0246 64.5389 49.5
    endloop
  endfacet
  facet normal 0 0 1
    outer loop
      vertex 74 82.4 49.5
      vertex 61.5823 64.451 49.5
      vertex 61.8013 64.5058 49.5
    endloop
  endfacet
  facet normal 0 0 1
    outer loop
      vertex 74 82.4 49.5
      vertex 61.3698 64.3749 49.5
      vertex 61.5823 64.451 49.5
    endloop
  endfacet
  facet normal 0 0 1
    outer loop
      vertex 74 82.4 49.5
      vertex 61.1658 64.2784 49.5
      vertex 61.3698 64.3749 49.5
    endloop
  endfacet
  facet normal 0 0 1
    outer loop
      vertex 74 82.4 49.5
      vertex 60.9722 64.1624 49.5
      vertex 61.1658 64.2784 49.5
    endloop
  endfacet
  facet normal 0 0 1
    outer loop
      vertex 26.0225 62.8238 49.5
      vertex 60.9722 64.1624 49.5
      vertex 74 82.4 49.5
    endloop
  endfacet
  facet normal 0 -0 1
    outer loop
      vertex 32.055 59.9706 49.5
      vertex 60.9722 64.1624 49.5
      vertex 26.0225 62.8238 49.5
    endloop
  endfacet
  facet normal 0 0 1
    outer loop
      vertex 60.9722 64.1624 49.5
      vertex 32.055 59.9706 49.5
      vertex 60.7909 64.0279 49.5
    endloop
  endfacet
  facet normal 0 0 1
    outer loop
      vertex 60.7909 64.0279 49.5
      vertex 32.055 59.9706 49.5
      vertex 60.6237 63.8763 49.5
    endloop
  endfacet
  facet normal 0 0 1
    outer loop
      vertex 43.1387 52.5647 49.5
      vertex 59.95 62.25 49.5
      vertex 59.9611 62.4754 49.5
    endloop
  endfacet
  facet normal 0 0 1
    outer loop
      vertex 59.95 62.25 49.5
      vertex 52.5647 43.1387 49.5
      vertex 56.5399 37.7788 49.5
    endloop
  endfacet
  facet normal 0 0 1
    outer loop
      vertex 37.7788 56.5399 49.5
      vertex 59.9611 62.4754 49.5
      vertex 59.9942 62.6987 49.5
    endloop
  endfacet
  facet normal 0 0 1
    outer loop
      vertex 37.7788 56.5399 49.5
      vertex 59.9942 62.6987 49.5
      vertex 60.049 62.9177 49.5
    endloop
  endfacet
  facet normal 0 0 1
    outer loop
      vertex 37.7788 56.5399 49.5
      vertex 60.049 62.9177 49.5
      vertex 60.1251 63.1302 49.5
    endloop
  endfacet
  facet normal 0 0 1
    outer loop
      vertex 59.95 62.25 49.5
      vertex 48.0833 48.0833 49.5
      vertex 52.5647 43.1387 49.5
    endloop
  endfacet
  facet normal 0 0 1
    outer loop
      vertex 37.7788 56.5399 49.5
      vertex 60.1251 63.1302 49.5
      vertex 60.2216 63.3342 49.5
    endloop
  endfacet
  facet normal 0 0 1
    outer loop
      vertex 37.7788 56.5399 49.5
      vertex 60.2216 63.3342 49.5
      vertex 60.3376 63.5278 49.5
    endloop
  endfacet
  facet normal 0 0 1
    outer loop
      vertex 60.6237 63.8763 49.5
      vertex 32.055 59.9706 49.5
      vertex 60.4721 63.7091 49.5
    endloop
  endfacet
  facet normal 0 0 1
    outer loop
      vertex 59.95 62.25 49.5
      vertex 43.1387 52.5647 49.5
      vertex 48.0833 48.0833 49.5
    endloop
  endfacet
  facet normal 0 0 1
    outer loop
      vertex 59.9611 62.4754 49.5
      vertex 37.7788 56.5399 49.5
      vertex 43.1387 52.5647 49.5
    endloop
  endfacet
  facet normal 0 0 1
    outer loop
      vertex 60.3376 63.5278 49.5
      vertex 32.055 59.9706 49.5
      vertex 37.7788 56.5399 49.5
    endloop
  endfacet
  facet normal 0 0 1
    outer loop
      vertex 60.4721 63.7091 49.5
      vertex 32.055 59.9706 49.5
      vertex 60.3376 63.5278 49.5
    endloop
  endfacet
  facet normal 0 0 1
    outer loop
      vertex 74 82.4 49.5
      vertex 19.7394 65.0719 49.5
      vertex 26.0225 62.8238 49.5
    endloop
  endfacet
  facet normal 0 0 1
    outer loop
      vertex 74 82.4 49.5
      vertex 13.2661 66.6934 49.5
      vertex 19.7394 65.0719 49.5
    endloop
  endfacet
  facet normal 0 0 1
    outer loop
      vertex 74 82.4 49.5
      vertex 6.66516 67.6726 49.5
      vertex 13.2661 66.6934 49.5
    endloop
  endfacet
  facet normal 0 0 1
    outer loop
      vertex 74 82.4 49.5
      vertex 0 68 49.5
      vertex 6.66516 67.6726 49.5
    endloop
  endfacet
  facet normal -0 0 1
    outer loop
      vertex -74 82.4 49.5
      vertex 0 68 49.5
      vertex 74 82.4 49.5
    endloop
  endfacet
  facet normal 0 0 1
    outer loop
      vertex 0 68 49.5
      vertex -74 82.4 49.5
      vertex -6.66516 67.6726 49.5
    endloop
  endfacet
  facet normal -0 0 1
    outer loop
      vertex -60.049 61.5823 49.5
      vertex -43.1387 52.5647 49.5
      vertex -59.9942 61.8013 49.5
    endloop
  endfacet
  facet normal -0 0 1
    outer loop
      vertex -59.9942 61.8013 49.5
      vertex -43.1387 52.5647 49.5
      vertex -59.9611 62.0246 49.5
    endloop
  endfacet
  facet normal -0 0 1
    outer loop
      vertex -59.9611 62.0246 49.5
      vertex -43.1387 52.5647 49.5
      vertex -59.95 62.25 49.5
    endloop
  endfacet
  facet normal 0 0 1
    outer loop
      vertex -59.9611 62.4754 49.5
      vertex -43.1387 52.5647 49.5
      vertex -37.7788 56.5399 49.5
    endloop
  endfacet
  facet normal 0 0 1
    outer loop
      vertex -60.3376 63.5278 49.5
      vertex -37.7788 56.5399 49.5
      vertex -32.055 59.9706 49.5
    endloop
  endfacet
  facet normal 0 0 1
    outer loop
      vertex -60.9722 64.1624 49.5
      vertex -32.055 59.9706 49.5
      vertex -26.0225 62.8238 49.5
    endloop
  endfacet
  facet normal 0 0 1
    outer loop
      vertex -74 82.4 49.5
      vertex -26.0225 62.8238 49.5
      vertex -19.7394 65.0719 49.5
    endloop
  endfacet
  facet normal 0 0 1
    outer loop
      vertex -74 82.4 49.5
      vertex -19.7394 65.0719 49.5
      vertex -13.2661 66.6934 49.5
    endloop
  endfacet
  facet normal 0 0 1
    outer loop
      vertex -6.66516 67.6726 49.5
      vertex -74 82.4 49.5
      vertex -13.2661 66.6934 49.5
    endloop
  endfacet
  facet normal 0 0 1
    outer loop
      vertex -43.1387 52.5647 49.5
      vertex -59.9611 62.4754 49.5
      vertex -59.95 62.25 49.5
    endloop
  endfacet
  facet normal 0 0 1
    outer loop
      vertex -37.7788 56.5399 49.5
      vertex -59.9942 62.6987 49.5
      vertex -59.9611 62.4754 49.5
    endloop
  endfacet
  facet normal 0 0 1
    outer loop
      vertex -37.7788 56.5399 49.5
      vertex -60.049 62.9177 49.5
      vertex -59.9942 62.6987 49.5
    endloop
  endfacet
  facet normal 0 0 1
    outer loop
      vertex -37.7788 56.5399 49.5
      vertex -60.1251 63.1302 49.5
      vertex -60.049 62.9177 49.5
    endloop
  endfacet
  facet normal 0 0 1
    outer loop
      vertex -37.7788 56.5399 49.5
      vertex -60.2216 63.3342 49.5
      vertex -60.1251 63.1302 49.5
    endloop
  endfacet
  facet normal 0 0 1
    outer loop
      vertex -37.7788 56.5399 49.5
      vertex -60.3376 63.5278 49.5
      vertex -60.2216 63.3342 49.5
    endloop
  endfacet
  facet normal 0 0 1
    outer loop
      vertex -32.055 59.9706 49.5
      vertex -60.4721 63.7091 49.5
      vertex -60.3376 63.5278 49.5
    endloop
  endfacet
  facet normal 0 0 1
    outer loop
      vertex -32.055 59.9706 49.5
      vertex -60.6237 63.8763 49.5
      vertex -60.4721 63.7091 49.5
    endloop
  endfacet
  facet normal 0 0 1
    outer loop
      vertex -26.0225 62.8238 49.5
      vertex -74 82.4 49.5
      vertex -60.9722 64.1624 49.5
    endloop
  endfacet
  facet normal 0 0 1
    outer loop
      vertex -32.055 59.9706 49.5
      vertex -60.7909 64.0279 49.5
      vertex -60.6237 63.8763 49.5
    endloop
  endfacet
  facet normal 0 0 1
    outer loop
      vertex -32.055 59.9706 49.5
      vertex -60.9722 64.1624 49.5
      vertex -60.7909 64.0279 49.5
    endloop
  endfacet
  facet normal 0 0 1
    outer loop
      vertex -60.9722 64.1624 49.5
      vertex -74 82.4 49.5
      vertex -61.1658 64.2784 49.5
    endloop
  endfacet
  facet normal 0 0 1
    outer loop
      vertex -61.1658 64.2784 49.5
      vertex -74 82.4 49.5
      vertex -61.3698 64.3749 49.5
    endloop
  endfacet
  facet normal 0 0 1
    outer loop
      vertex -61.3698 64.3749 49.5
      vertex -74 82.4 49.5
      vertex -61.5823 64.451 49.5
    endloop
  endfacet
  facet normal 0 0 1
    outer loop
      vertex -61.5823 64.451 49.5
      vertex -74 82.4 49.5
      vertex -61.8013 64.5058 49.5
    endloop
  endfacet
  facet normal 0 0 1
    outer loop
      vertex -61.8013 64.5058 49.5
      vertex -74 82.4 49.5
      vertex -62.0246 64.5389 49.5
    endloop
  endfacet
  facet normal 0 0 1
    outer loop
      vertex -62.0246 64.5389 49.5
      vertex -74 82.4 49.5
      vertex -62.25 64.55 49.5
    endloop
  endfacet
  facet normal 0 0 1
    outer loop
      vertex -62.8238 26.0225 49.5
      vertex -82.4 74 49.5
      vertex -65.0719 19.7394 49.5
    endloop
  endfacet
  facet normal 0 0 1
    outer loop
      vertex -65.0719 19.7394 49.5
      vertex -82.4 74 49.5
      vertex -66.6934 13.2661 49.5
    endloop
  endfacet
  facet normal 0 0 1
    outer loop
      vertex -82.4 74 49.5
      vertex -64.55 62.25 49.5
      vertex -64.5389 62.4754 49.5
    endloop
  endfacet
  facet normal 0 0 1
    outer loop
      vertex -66.6934 13.2661 49.5
      vertex -82.4 74 49.5
      vertex -67.6726 6.66516 49.5
    endloop
  endfacet
  facet normal 0 0 1
    outer loop
      vertex -64.5058 62.6987 49.5
      vertex -82.4 74 49.5
      vertex -64.5389 62.4754 49.5
    endloop
  endfacet
  facet normal 0 0 1
    outer loop
      vertex -64.451 62.9177 49.5
      vertex -82.4 74 49.5
      vertex -64.5058 62.6987 49.5
    endloop
  endfacet
  facet normal 0 0 1
    outer loop
      vertex -64.3749 63.1302 49.5
      vertex -82.4 74 49.5
      vertex -64.451 62.9177 49.5
    endloop
  endfacet
  facet normal 0 0 1
    outer loop
      vertex -64.2784 63.3342 49.5
      vertex -82.4 74 49.5
      vertex -64.3749 63.1302 49.5
    endloop
  endfacet
  facet normal 0 0 1
    outer loop
      vertex -64.1624 63.5278 49.5
      vertex -82.4 74 49.5
      vertex -64.2784 63.3342 49.5
    endloop
  endfacet
  facet normal 0 0 1
    outer loop
      vertex -64.0279 63.7091 49.5
      vertex -82.4 74 49.5
      vertex -64.1624 63.5278 49.5
    endloop
  endfacet
  facet normal 0 0 1
    outer loop
      vertex -63.8763 63.8763 49.5
      vertex -82.4 74 49.5
      vertex -64.0279 63.7091 49.5
    endloop
  endfacet
  facet normal -0 0 1
    outer loop
      vertex -82.4 74 49.5
      vertex -63.8763 63.8763 49.5
      vertex -74 82.4 49.5
    endloop
  endfacet
  facet normal 0 0 1
    outer loop
      vertex -63.7091 64.0279 49.5
      vertex -74 82.4 49.5
      vertex -63.8763 63.8763 49.5
    endloop
  endfacet
  facet normal 0 0 1
    outer loop
      vertex -63.5278 64.1624 49.5
      vertex -74 82.4 49.5
      vertex -63.7091 64.0279 49.5
    endloop
  endfacet
  facet normal 0 0 1
    outer loop
      vertex -63.3342 64.2784 49.5
      vertex -74 82.4 49.5
      vertex -63.5278 64.1624 49.5
    endloop
  endfacet
  facet normal 0 0 1
    outer loop
      vertex -63.1302 64.3749 49.5
      vertex -74 82.4 49.5
      vertex -63.3342 64.2784 49.5
    endloop
  endfacet
  facet normal 0 0 1
    outer loop
      vertex -62.9177 64.451 49.5
      vertex -74 82.4 49.5
      vertex -63.1302 64.3749 49.5
    endloop
  endfacet
  facet normal 0 0 1
    outer loop
      vertex -62.6987 64.5058 49.5
      vertex -74 82.4 49.5
      vertex -62.9177 64.451 49.5
    endloop
  endfacet
  facet normal 0 0 1
    outer loop
      vertex -62.4754 64.5389 49.5
      vertex -74 82.4 49.5
      vertex -62.6987 64.5058 49.5
    endloop
  endfacet
  facet normal 0 0 1
    outer loop
      vertex -62.25 64.55 49.5
      vertex -74 82.4 49.5
      vertex -62.4754 64.5389 49.5
    endloop
  endfacet
  facet normal 0 0 1
    outer loop
      vertex 81.7606 -77.2145 49.5
      vertex 74 -82.4 49.5
      vertex 81.4081 -77.9597 49.5
    endloop
  endfacet
  facet normal 0 0 1
    outer loop
      vertex 81.4081 -77.9597 49.5
      vertex 74 -82.4 49.5
      vertex 80.9843 -78.6668 49.5
    endloop
  endfacet
  facet normal 0 0 1
    outer loop
      vertex 80.9843 -78.6668 49.5
      vertex 74 -82.4 49.5
      vertex 80.4933 -79.3289 49.5
    endloop
  endfacet
  facet normal 0 0 1
    outer loop
      vertex 80.4933 -79.3289 49.5
      vertex 74 -82.4 49.5
      vertex 79.9397 -79.9397 49.5
    endloop
  endfacet
  facet normal 0 0 1
    outer loop
      vertex 79.9397 -79.9397 49.5
      vertex 74 -82.4 49.5
      vertex 79.3289 -80.4933 49.5
    endloop
  endfacet
  facet normal 0 0 1
    outer loop
      vertex 79.3289 -80.4933 49.5
      vertex 74 -82.4 49.5
      vertex 78.6668 -80.9843 49.5
    endloop
  endfacet
  facet normal 0 0 1
    outer loop
      vertex 78.6668 -80.9843 49.5
      vertex 74 -82.4 49.5
      vertex 77.9597 -81.4081 49.5
    endloop
  endfacet
  facet normal 0 0 1
    outer loop
      vertex 77.2145 -81.7606 49.5
      vertex 74 -82.4 49.5
      vertex 76.4384 -82.0383 49.5
    endloop
  endfacet
  facet normal 0 0 1
    outer loop
      vertex 76.4384 -82.0383 49.5
      vertex 74 -82.4 49.5
      vertex 75.6388 -82.2386 49.5
    endloop
  endfacet
  facet normal 0 0 1
    outer loop
      vertex 75.6388 -82.2386 49.5
      vertex 74 -82.4 49.5
      vertex 74.8233 -82.3596 49.5
    endloop
  endfacet
  facet normal 0 0 1
    outer loop
      vertex 77.9597 -81.4081 49.5
      vertex 74 -82.4 49.5
      vertex 77.2145 -81.7606 49.5
    endloop
  endfacet
  facet normal 0 0 1
    outer loop
      vertex 82.2386 -75.6388 49.5
      vertex 74 -82.4 49.5
      vertex 82.0383 -76.4384 49.5
    endloop
  endfacet
  facet normal -0 0 1
    outer loop
      vertex 63.7091 -64.0279 49.5
      vertex 74 -82.4 49.5
      vertex 63.8763 -63.8763 49.5
    endloop
  endfacet
  facet normal -0 0 1
    outer loop
      vertex 63.5278 -64.1624 49.5
      vertex 74 -82.4 49.5
      vertex 63.7091 -64.0279 49.5
    endloop
  endfacet
  facet normal -0 0 1
    outer loop
      vertex 63.3342 -64.2784 49.5
      vertex 74 -82.4 49.5
      vertex 63.5278 -64.1624 49.5
    endloop
  endfacet
  facet normal -0 0 1
    outer loop
      vertex 63.1302 -64.3749 49.5
      vertex 74 -82.4 49.5
      vertex 63.3342 -64.2784 49.5
    endloop
  endfacet
  facet normal -0 0 1
    outer loop
      vertex 62.9177 -64.451 49.5
      vertex 74 -82.4 49.5
      vertex 63.1302 -64.3749 49.5
    endloop
  endfacet
  facet normal -0 0 1
    outer loop
      vertex 62.6987 -64.5058 49.5
      vertex 74 -82.4 49.5
      vertex 62.9177 -64.451 49.5
    endloop
  endfacet
  facet normal -0 0 1
    outer loop
      vertex 62.4754 -64.5389 49.5
      vertex 74 -82.4 49.5
      vertex 62.6987 -64.5058 49.5
    endloop
  endfacet
  facet normal -0 0 1
    outer loop
      vertex 62.25 -64.55 49.5
      vertex 74 -82.4 49.5
      vertex 62.4754 -64.5389 49.5
    endloop
  endfacet
  facet normal 0 0 1
    outer loop
      vertex 62.0246 -64.5389 49.5
      vertex 74 -82.4 49.5
      vertex 62.25 -64.55 49.5
    endloop
  endfacet
  facet normal 0 0 1
    outer loop
      vertex 61.8013 -64.5058 49.5
      vertex 74 -82.4 49.5
      vertex 62.0246 -64.5389 49.5
    endloop
  endfacet
  facet normal 0 0 1
    outer loop
      vertex 61.5823 -64.451 49.5
      vertex 74 -82.4 49.5
      vertex 61.8013 -64.5058 49.5
    endloop
  endfacet
  facet normal 0 0 1
    outer loop
      vertex 61.3698 -64.3749 49.5
      vertex 74 -82.4 49.5
      vertex 61.5823 -64.451 49.5
    endloop
  endfacet
  facet normal 0 0 1
    outer loop
      vertex 61.1658 -64.2784 49.5
      vertex 74 -82.4 49.5
      vertex 61.3698 -64.3749 49.5
    endloop
  endfacet
  facet normal 0 0 1
    outer loop
      vertex 60.9722 -64.1624 49.5
      vertex 74 -82.4 49.5
      vertex 61.1658 -64.2784 49.5
    endloop
  endfacet
  facet normal 0 0 1
    outer loop
      vertex 32.055 -59.9706 49.5
      vertex 60.9722 -64.1624 49.5
      vertex 60.7909 -64.0279 49.5
    endloop
  endfacet
  facet normal 0 0 1
    outer loop
      vertex 32.055 -59.9706 49.5
      vertex 60.7909 -64.0279 49.5
      vertex 60.6237 -63.8763 49.5
    endloop
  endfacet
  facet normal 0 0 1
    outer loop
      vertex 32.055 -59.9706 49.5
      vertex 60.6237 -63.8763 49.5
      vertex 60.4721 -63.7091 49.5
    endloop
  endfacet
  facet normal 0 0 1
    outer loop
      vertex 32.055 -59.9706 49.5
      vertex 60.4721 -63.7091 49.5
      vertex 60.3376 -63.5278 49.5
    endloop
  endfacet
  facet normal 0 0 1
    outer loop
      vertex 60.049 -61.5823 49.5
      vertex 43.1387 -52.5647 49.5
      vertex 59.9942 -61.8013 49.5
    endloop
  endfacet
  facet normal 0 0 1
    outer loop
      vertex 59.9942 -61.8013 49.5
      vertex 43.1387 -52.5647 49.5
      vertex 59.9611 -62.0246 49.5
    endloop
  endfacet
  facet normal 0 0 1
    outer loop
      vertex 59.9611 -62.0246 49.5
      vertex 43.1387 -52.5647 49.5
      vertex 59.95 -62.25 49.5
    endloop
  endfacet
  facet normal 0 0 1
    outer loop
      vertex 59.95 -62.25 49.5
      vertex 43.1387 -52.5647 49.5
      vertex 59.9611 -62.4754 49.5
    endloop
  endfacet
  facet normal -0 0 1
    outer loop
      vertex 37.7788 -56.5399 49.5
      vertex 59.9611 -62.4754 49.5
      vertex 43.1387 -52.5647 49.5
    endloop
  endfacet
  facet normal 0 0 1
    outer loop
      vertex 59.9611 -62.4754 49.5
      vertex 37.7788 -56.5399 49.5
      vertex 59.9942 -62.6987 49.5
    endloop
  endfacet
  facet normal 0 0 1
    outer loop
      vertex 59.9942 -62.6987 49.5
      vertex 37.7788 -56.5399 49.5
      vertex 60.049 -62.9177 49.5
    endloop
  endfacet
  facet normal 0 0 1
    outer loop
      vertex 60.049 -62.9177 49.5
      vertex 37.7788 -56.5399 49.5
      vertex 60.1251 -63.1302 49.5
    endloop
  endfacet
  facet normal 0 0 1
    outer loop
      vertex 60.1251 -63.1302 49.5
      vertex 37.7788 -56.5399 49.5
      vertex 60.2216 -63.3342 49.5
    endloop
  endfacet
  facet normal 0 0 1
    outer loop
      vertex 60.2216 -63.3342 49.5
      vertex 37.7788 -56.5399 49.5
      vertex 60.3376 -63.5278 49.5
    endloop
  endfacet
  facet normal -0 0 1
    outer loop
      vertex 32.055 -59.9706 49.5
      vertex 60.3376 -63.5278 49.5
      vertex 37.7788 -56.5399 49.5
    endloop
  endfacet
  facet normal 0 0 1
    outer loop
      vertex 60.9722 -64.1624 49.5
      vertex 32.055 -59.9706 49.5
      vertex 26.0225 -62.8238 49.5
    endloop
  endfacet
  facet normal 0 0 1
    outer loop
      vertex 60.9722 -64.1624 49.5
      vertex 26.0225 -62.8238 49.5
      vertex 74 -82.4 49.5
    endloop
  endfacet
  facet normal -0 0 1
    outer loop
      vertex 19.7394 -65.0719 49.5
      vertex 74 -82.4 49.5
      vertex 26.0225 -62.8238 49.5
    endloop
  endfacet
  facet normal -0 0 1
    outer loop
      vertex 13.2661 -66.6934 49.5
      vertex 74 -82.4 49.5
      vertex 19.7394 -65.0719 49.5
    endloop
  endfacet
  facet normal -0 0 1
    outer loop
      vertex 6.66516 -67.6726 49.5
      vertex 74 -82.4 49.5
      vertex 13.2661 -66.6934 49.5
    endloop
  endfacet
  facet normal -0 0 1
    outer loop
      vertex 0 -68 49.5
      vertex 74 -82.4 49.5
      vertex 6.66516 -67.6726 49.5
    endloop
  endfacet
  facet normal 0 0 1
    outer loop
      vertex -74 -82.4 49.5
      vertex 0 -68 49.5
      vertex -6.66516 -67.6726 49.5
    endloop
  endfacet
  facet normal 0 0 1
    outer loop
      vertex -74 -82.4 49.5
      vertex -6.66516 -67.6726 49.5
      vertex -13.2661 -66.6934 49.5
    endloop
  endfacet
  facet normal 0 0 1
    outer loop
      vertex -62.4754 -59.9611 49.5
      vertex -52.5647 -43.1387 49.5
      vertex -56.5399 -37.7788 49.5
    endloop
  endfacet
  facet normal 0 0 1
    outer loop
      vertex -59.9611 -62.0246 49.5
      vertex -48.0833 -48.0833 49.5
      vertex -52.5647 -43.1387 49.5
    endloop
  endfacet
  facet normal 0 0 1
    outer loop
      vertex -59.9611 -62.0246 49.5
      vertex -43.1387 -52.5647 49.5
      vertex -48.0833 -48.0833 49.5
    endloop
  endfacet
  facet normal 0 0 1
    outer loop
      vertex -59.9611 -62.4754 49.5
      vertex -43.1387 -52.5647 49.5
      vertex -59.95 -62.25 49.5
    endloop
  endfacet
  facet normal 0 0 1
    outer loop
      vertex -43.1387 -52.5647 49.5
      vertex -59.9611 -62.4754 49.5
      vertex -37.7788 -56.5399 49.5
    endloop
  endfacet
  facet normal 0 0 1
    outer loop
      vertex -59.9942 -62.6987 49.5
      vertex -37.7788 -56.5399 49.5
      vertex -59.9611 -62.4754 49.5
    endloop
  endfacet
  facet normal 0 0 1
    outer loop
      vertex -60.049 -62.9177 49.5
      vertex -37.7788 -56.5399 49.5
      vertex -59.9942 -62.6987 49.5
    endloop
  endfacet
  facet normal 0 0 1
    outer loop
      vertex -60.1251 -63.1302 49.5
      vertex -37.7788 -56.5399 49.5
      vertex -60.049 -62.9177 49.5
    endloop
  endfacet
  facet normal 0 0 1
    outer loop
      vertex -60.2216 -63.3342 49.5
      vertex -37.7788 -56.5399 49.5
      vertex -60.1251 -63.1302 49.5
    endloop
  endfacet
  facet normal 0 0 1
    outer loop
      vertex -60.3376 -63.5278 49.5
      vertex -37.7788 -56.5399 49.5
      vertex -60.2216 -63.3342 49.5
    endloop
  endfacet
  facet normal 0 0 1
    outer loop
      vertex -37.7788 -56.5399 49.5
      vertex -60.3376 -63.5278 49.5
      vertex -32.055 -59.9706 49.5
    endloop
  endfacet
  facet normal 0 0 1
    outer loop
      vertex -60.4721 -63.7091 49.5
      vertex -32.055 -59.9706 49.5
      vertex -60.3376 -63.5278 49.5
    endloop
  endfacet
  facet normal 0 0 1
    outer loop
      vertex -60.6237 -63.8763 49.5
      vertex -32.055 -59.9706 49.5
      vertex -60.4721 -63.7091 49.5
    endloop
  endfacet
  facet normal 0 0 1
    outer loop
      vertex -60.7909 -64.0279 49.5
      vertex -32.055 -59.9706 49.5
      vertex -60.6237 -63.8763 49.5
    endloop
  endfacet
  facet normal 0 0 1
    outer loop
      vertex -60.9722 -64.1624 49.5
      vertex -32.055 -59.9706 49.5
      vertex -60.7909 -64.0279 49.5
    endloop
  endfacet
  facet normal 0 0 1
    outer loop
      vertex -32.055 -59.9706 49.5
      vertex -60.9722 -64.1624 49.5
      vertex -26.0225 -62.8238 49.5
    endloop
  endfacet
  facet normal 0 0 1
    outer loop
      vertex -74 -82.4 49.5
      vertex -26.0225 -62.8238 49.5
      vertex -60.9722 -64.1624 49.5
    endloop
  endfacet
  facet normal 0 0 1
    outer loop
      vertex -19.7394 -65.0719 49.5
      vertex -74 -82.4 49.5
      vertex -13.2661 -66.6934 49.5
    endloop
  endfacet
  facet normal 0 0 1
    outer loop
      vertex -26.0225 -62.8238 49.5
      vertex -74 -82.4 49.5
      vertex -19.7394 -65.0719 49.5
    endloop
  endfacet
  facet normal 0 0 1
    outer loop
      vertex -74 -82.4 49.5
      vertex -60.9722 -64.1624 49.5
      vertex -61.1658 -64.2784 49.5
    endloop
  endfacet
  facet normal 0 0 1
    outer loop
      vertex -74 -82.4 49.5
      vertex -61.1658 -64.2784 49.5
      vertex -61.3698 -64.3749 49.5
    endloop
  endfacet
  facet normal 0 0 1
    outer loop
      vertex -74 -82.4 49.5
      vertex -61.3698 -64.3749 49.5
      vertex -61.5823 -64.451 49.5
    endloop
  endfacet
  facet normal 0 0 1
    outer loop
      vertex -74 -82.4 49.5
      vertex -61.5823 -64.451 49.5
      vertex -61.8013 -64.5058 49.5
    endloop
  endfacet
  facet normal 0 0 1
    outer loop
      vertex -74 -82.4 49.5
      vertex -61.8013 -64.5058 49.5
      vertex -62.0246 -64.5389 49.5
    endloop
  endfacet
  facet normal 0 0 1
    outer loop
      vertex -74 -82.4 49.5
      vertex -62.0246 -64.5389 49.5
      vertex -62.25 -64.55 49.5
    endloop
  endfacet
  facet normal 0 0 1
    outer loop
      vertex -74 -82.4 49.5
      vertex -62.25 -64.55 49.5
      vertex -62.4754 -64.5389 49.5
    endloop
  endfacet
  facet normal 0 0 1
    outer loop
      vertex -82.4 -74 49.5
      vertex -65.0719 -19.7394 49.5
      vertex -66.6934 -13.2661 49.5
    endloop
  endfacet
  facet normal 0 0 1
    outer loop
      vertex -82.4 -74 49.5
      vertex -66.6934 -13.2661 49.5
      vertex -67.6726 -6.66516 49.5
    endloop
  endfacet
  facet normal 0 0 1
    outer loop
      vertex -64.5389 -62.0246 49.5
      vertex -82.4 -74 49.5
      vertex -64.55 -62.25 49.5
    endloop
  endfacet
  facet normal 0 0 1
    outer loop
      vertex -67.6726 6.66516 49.5
      vertex -82.4 74 49.5
      vertex -68 0 49.5
    endloop
  endfacet
  facet normal 0 0 1
    outer loop
      vertex -82.4 -74 49.5
      vertex -68 0 49.5
      vertex -82.4 74 49.5
    endloop
  endfacet
  facet normal 0 0 1
    outer loop
      vertex 0 -68 49.5
      vertex -74 -82.4 49.5
      vertex 74 -82.4 49.5
    endloop
  endfacet
  facet normal 0 0 1
    outer loop
      vertex -62.6987 -64.5058 49.5
      vertex -74 -82.4 49.5
      vertex -62.4754 -64.5389 49.5
    endloop
  endfacet
  facet normal 0 0 1
    outer loop
      vertex -62.9177 -64.451 49.5
      vertex -74 -82.4 49.5
      vertex -62.6987 -64.5058 49.5
    endloop
  endfacet
  facet normal 0 0 1
    outer loop
      vertex -63.1302 -64.3749 49.5
      vertex -74 -82.4 49.5
      vertex -62.9177 -64.451 49.5
    endloop
  endfacet
  facet normal 0 0 1
    outer loop
      vertex -63.3342 -64.2784 49.5
      vertex -74 -82.4 49.5
      vertex -63.1302 -64.3749 49.5
    endloop
  endfacet
  facet normal 0 0 1
    outer loop
      vertex -63.5278 -64.1624 49.5
      vertex -74 -82.4 49.5
      vertex -63.3342 -64.2784 49.5
    endloop
  endfacet
  facet normal 0 0 1
    outer loop
      vertex -63.7091 -64.0279 49.5
      vertex -74 -82.4 49.5
      vertex -63.5278 -64.1624 49.5
    endloop
  endfacet
  facet normal 0 0 1
    outer loop
      vertex -63.8763 -63.8763 49.5
      vertex -74 -82.4 49.5
      vertex -63.7091 -64.0279 49.5
    endloop
  endfacet
  facet normal 0 0 1
    outer loop
      vertex -82.4 -74 49.5
      vertex -63.8763 -63.8763 49.5
      vertex -64.0279 -63.7091 49.5
    endloop
  endfacet
  facet normal 0 0 1
    outer loop
      vertex -82.4 -74 49.5
      vertex -64.0279 -63.7091 49.5
      vertex -64.1624 -63.5278 49.5
    endloop
  endfacet
  facet normal 0 0 1
    outer loop
      vertex -82.4 -74 49.5
      vertex -64.1624 -63.5278 49.5
      vertex -64.2784 -63.3342 49.5
    endloop
  endfacet
  facet normal 0 0 1
    outer loop
      vertex -82.4 -74 49.5
      vertex -64.2784 -63.3342 49.5
      vertex -64.3749 -63.1302 49.5
    endloop
  endfacet
  facet normal 0 0 1
    outer loop
      vertex -82.4 -74 49.5
      vertex -64.3749 -63.1302 49.5
      vertex -64.451 -62.9177 49.5
    endloop
  endfacet
  facet normal 0 0 1
    outer loop
      vertex -82.4 -74 49.5
      vertex -64.451 -62.9177 49.5
      vertex -64.5058 -62.6987 49.5
    endloop
  endfacet
  facet normal 0 0 1
    outer loop
      vertex -82.4 -74 49.5
      vertex -64.5058 -62.6987 49.5
      vertex -64.5389 -62.4754 49.5
    endloop
  endfacet
  facet normal 0 0 1
    outer loop
      vertex -68 0 49.5
      vertex -82.4 -74 49.5
      vertex -67.6726 -6.66516 49.5
    endloop
  endfacet
  facet normal 0 0 1
    outer loop
      vertex -82.4 74 49.5
      vertex -74 82.4 49.5
      vertex -74.8233 82.3596 49.5
    endloop
  endfacet
  facet normal 0 0 1
    outer loop
      vertex -64.55 -62.25 49.5
      vertex -82.4 -74 49.5
      vertex -64.5389 -62.4754 49.5
    endloop
  endfacet
  facet normal 0 0 1
    outer loop
      vertex -82.4 74 49.5
      vertex -74.8233 82.3596 49.5
      vertex -75.6388 82.2386 49.5
    endloop
  endfacet
  facet normal 0 0 1
    outer loop
      vertex -63.8763 -63.8763 49.5
      vertex -82.4 -74 49.5
      vertex -74 -82.4 49.5
    endloop
  endfacet
  facet normal 0 0 1
    outer loop
      vertex -82.4 74 49.5
      vertex -75.6388 82.2386 49.5
      vertex -76.4384 82.0383 49.5
    endloop
  endfacet
  facet normal 0 0 1
    outer loop
      vertex -74 -82.4 49.5
      vertex -82.4 -74 49.5
      vertex -74.8233 -82.3596 49.5
    endloop
  endfacet
  facet normal 0 0 1
    outer loop
      vertex -82.4 74 49.5
      vertex -76.4384 82.0383 49.5
      vertex -77.2145 81.7606 49.5
    endloop
  endfacet
  facet normal 0 0 1
    outer loop
      vertex -74.8233 -82.3596 49.5
      vertex -82.4 -74 49.5
      vertex -75.6388 -82.2386 49.5
    endloop
  endfacet
  facet normal 0 0 1
    outer loop
      vertex -82.4 74 49.5
      vertex -77.2145 81.7606 49.5
      vertex -77.9597 81.4081 49.5
    endloop
  endfacet
  facet normal 0 0 1
    outer loop
      vertex -75.6388 -82.2386 49.5
      vertex -82.4 -74 49.5
      vertex -76.4384 -82.0383 49.5
    endloop
  endfacet
  facet normal 0 0 1
    outer loop
      vertex -82.4 74 49.5
      vertex -77.9597 81.4081 49.5
      vertex -78.6668 80.9843 49.5
    endloop
  endfacet
  facet normal 0 0 1
    outer loop
      vertex -76.4384 -82.0383 49.5
      vertex -82.4 -74 49.5
      vertex -77.2145 -81.7606 49.5
    endloop
  endfacet
  facet normal 0 0 1
    outer loop
      vertex -82.4 74 49.5
      vertex -78.6668 80.9843 49.5
      vertex -79.3289 80.4933 49.5
    endloop
  endfacet
  facet normal 0 0 1
    outer loop
      vertex -77.2145 -81.7606 49.5
      vertex -82.4 -74 49.5
      vertex -77.9597 -81.4081 49.5
    endloop
  endfacet
  facet normal 0 0 1
    outer loop
      vertex -82.4 74 49.5
      vertex -79.3289 80.4933 49.5
      vertex -79.9397 79.9397 49.5
    endloop
  endfacet
  facet normal 0 0 1
    outer loop
      vertex -77.9597 -81.4081 49.5
      vertex -82.4 -74 49.5
      vertex -78.6668 -80.9843 49.5
    endloop
  endfacet
  facet normal 0 0 1
    outer loop
      vertex -82.4 74 49.5
      vertex -79.9397 79.9397 49.5
      vertex -80.4933 79.3289 49.5
    endloop
  endfacet
  facet normal 0 0 1
    outer loop
      vertex -78.6668 -80.9843 49.5
      vertex -82.4 -74 49.5
      vertex -79.3289 -80.4933 49.5
    endloop
  endfacet
  facet normal 0 0 1
    outer loop
      vertex -82.4 74 49.5
      vertex -80.4933 79.3289 49.5
      vertex -80.9843 78.6668 49.5
    endloop
  endfacet
  facet normal 0 0 1
    outer loop
      vertex -79.3289 -80.4933 49.5
      vertex -82.4 -74 49.5
      vertex -79.9397 -79.9397 49.5
    endloop
  endfacet
  facet normal 0 0 1
    outer loop
      vertex -82.4 74 49.5
      vertex -80.9843 78.6668 49.5
      vertex -81.4081 77.9597 49.5
    endloop
  endfacet
  facet normal 0 0 1
    outer loop
      vertex -79.9397 -79.9397 49.5
      vertex -82.4 -74 49.5
      vertex -80.4933 -79.3289 49.5
    endloop
  endfacet
  facet normal 0 0 1
    outer loop
      vertex -82.4 74 49.5
      vertex -81.4081 77.9597 49.5
      vertex -81.7606 77.2145 49.5
    endloop
  endfacet
  facet normal 0 0 1
    outer loop
      vertex -80.4933 -79.3289 49.5
      vertex -82.4 -74 49.5
      vertex -80.9843 -78.6668 49.5
    endloop
  endfacet
  facet normal 0 0 1
    outer loop
      vertex -82.4 74 49.5
      vertex -81.7606 77.2145 49.5
      vertex -82.0383 76.4384 49.5
    endloop
  endfacet
  facet normal 0 0 1
    outer loop
      vertex -80.9843 -78.6668 49.5
      vertex -82.4 -74 49.5
      vertex -81.4081 -77.9597 49.5
    endloop
  endfacet
  facet normal 0 0 1
    outer loop
      vertex -82.4 74 49.5
      vertex -82.0383 76.4384 49.5
      vertex -82.2386 75.6388 49.5
    endloop
  endfacet
  facet normal 0 0 1
    outer loop
      vertex -81.4081 -77.9597 49.5
      vertex -82.4 -74 49.5
      vertex -81.7606 -77.2145 49.5
    endloop
  endfacet
  facet normal 0 0 1
    outer loop
      vertex -82.4 74 49.5
      vertex -82.2386 75.6388 49.5
      vertex -82.3596 74.8233 49.5
    endloop
  endfacet
  facet normal 0 0 1
    outer loop
      vertex -81.7606 -77.2145 49.5
      vertex -82.4 -74 49.5
      vertex -82.0383 -76.4384 49.5
    endloop
  endfacet
  facet normal 0 0 1
    outer loop
      vertex -82.0383 -76.4384 49.5
      vertex -82.4 -74 49.5
      vertex -82.2386 -75.6388 49.5
    endloop
  endfacet
  facet normal 0 0 1
    outer loop
      vertex -82.2386 -75.6388 49.5
      vertex -82.4 -74 49.5
      vertex -82.3596 -74.8233 49.5
    endloop
  endfacet
  facet normal 0 0 1
    outer loop
      vertex 82.4 74 49.5
      vertex 64.5389 62.0246 49.5
      vertex 64.5058 61.8013 49.5
    endloop
  endfacet
  facet normal 0 0 1
    outer loop
      vertex 82.4 74 49.5
      vertex 64.5058 61.8013 49.5
      vertex 64.451 61.5823 49.5
    endloop
  endfacet
  facet normal 0 0 1
    outer loop
      vertex 82.4 74 49.5
      vertex 64.451 61.5823 49.5
      vertex 64.3749 61.3698 49.5
    endloop
  endfacet
  facet normal 0 0 1
    outer loop
      vertex 82.4 74 49.5
      vertex 64.3749 61.3698 49.5
      vertex 64.2784 61.1658 49.5
    endloop
  endfacet
  facet normal 0 0 1
    outer loop
      vertex 82.4 74 49.5
      vertex 64.2784 61.1658 49.5
      vertex 64.1624 60.9722 49.5
    endloop
  endfacet
  facet normal 0 0 1
    outer loop
      vertex 82.4 74 49.5
      vertex 64.1624 60.9722 49.5
      vertex 62.8238 26.0225 49.5
    endloop
  endfacet
  facet normal 0 0 1
    outer loop
      vertex 59.9706 32.055 49.5
      vertex 64.1624 60.9722 49.5
      vertex 64.0279 60.7909 49.5
    endloop
  endfacet
  facet normal 0 0 1
    outer loop
      vertex 59.9706 32.055 49.5
      vertex 64.0279 60.7909 49.5
      vertex 63.8763 60.6237 49.5
    endloop
  endfacet
  facet normal 0 0 1
    outer loop
      vertex 59.9706 32.055 49.5
      vertex 63.8763 60.6237 49.5
      vertex 63.7091 60.4721 49.5
    endloop
  endfacet
  facet normal 0 0 1
    outer loop
      vertex 59.9706 32.055 49.5
      vertex 63.7091 60.4721 49.5
      vertex 63.5278 60.3376 49.5
    endloop
  endfacet
  facet normal 0 0 1
    outer loop
      vertex 56.5399 37.7788 49.5
      vertex 63.5278 60.3376 49.5
      vertex 63.3342 60.2216 49.5
    endloop
  endfacet
  facet normal 0 0 1
    outer loop
      vertex 56.5399 37.7788 49.5
      vertex 63.3342 60.2216 49.5
      vertex 63.1302 60.1251 49.5
    endloop
  endfacet
  facet normal 0 0 1
    outer loop
      vertex 56.5399 37.7788 49.5
      vertex 63.1302 60.1251 49.5
      vertex 62.9177 60.049 49.5
    endloop
  endfacet
  facet normal 0 0 1
    outer loop
      vertex 82.4 74 49.5
      vertex 62.8238 26.0225 49.5
      vertex 65.0719 19.7394 49.5
    endloop
  endfacet
  facet normal 0 0 1
    outer loop
      vertex 56.5399 37.7788 49.5
      vertex 62.9177 60.049 49.5
      vertex 62.6987 59.9942 49.5
    endloop
  endfacet
  facet normal 0 0 1
    outer loop
      vertex 56.5399 37.7788 49.5
      vertex 62.6987 59.9942 49.5
      vertex 62.4754 59.9611 49.5
    endloop
  endfacet
  facet normal 0 0 1
    outer loop
      vertex 56.5399 37.7788 49.5
      vertex 62.4754 59.9611 49.5
      vertex 62.25 59.95 49.5
    endloop
  endfacet
  facet normal 0 0 1
    outer loop
      vertex 56.5399 37.7788 49.5
      vertex 62.25 59.95 49.5
      vertex 62.0246 59.9611 49.5
    endloop
  endfacet
  facet normal 0 0 1
    outer loop
      vertex 56.5399 37.7788 49.5
      vertex 62.0246 59.9611 49.5
      vertex 61.8013 59.9942 49.5
    endloop
  endfacet
  facet normal 0 0 1
    outer loop
      vertex 56.5399 37.7788 49.5
      vertex 61.8013 59.9942 49.5
      vertex 61.5823 60.049 49.5
    endloop
  endfacet
  facet normal 0 0 1
    outer loop
      vertex 56.5399 37.7788 49.5
      vertex 61.5823 60.049 49.5
      vertex 61.3698 60.1251 49.5
    endloop
  endfacet
  facet normal 0 0 1
    outer loop
      vertex 56.5399 37.7788 49.5
      vertex 61.3698 60.1251 49.5
      vertex 61.1658 60.2216 49.5
    endloop
  endfacet
  facet normal 0 0 1
    outer loop
      vertex 56.5399 37.7788 49.5
      vertex 61.1658 60.2216 49.5
      vertex 60.9722 60.3376 49.5
    endloop
  endfacet
  facet normal 0 0 1
    outer loop
      vertex 56.5399 37.7788 49.5
      vertex 60.9722 60.3376 49.5
      vertex 60.7909 60.4721 49.5
    endloop
  endfacet
  facet normal 0 0 1
    outer loop
      vertex 56.5399 37.7788 49.5
      vertex 60.7909 60.4721 49.5
      vertex 60.6237 60.6237 49.5
    endloop
  endfacet
  facet normal 0 0 1
    outer loop
      vertex 56.5399 37.7788 49.5
      vertex 60.6237 60.6237 49.5
      vertex 60.4721 60.7909 49.5
    endloop
  endfacet
  facet normal 0 0 1
    outer loop
      vertex 56.5399 37.7788 49.5
      vertex 60.4721 60.7909 49.5
      vertex 60.3376 60.9722 49.5
    endloop
  endfacet
  facet normal 0 0 1
    outer loop
      vertex 56.5399 37.7788 49.5
      vertex 60.3376 60.9722 49.5
      vertex 60.2216 61.1658 49.5
    endloop
  endfacet
  facet normal 0 0 1
    outer loop
      vertex 56.5399 37.7788 49.5
      vertex 60.2216 61.1658 49.5
      vertex 60.1251 61.3698 49.5
    endloop
  endfacet
  facet normal 0 0 1
    outer loop
      vertex 56.5399 37.7788 49.5
      vertex 60.1251 61.3698 49.5
      vertex 60.049 61.5823 49.5
    endloop
  endfacet
  facet normal 0 0 1
    outer loop
      vertex 56.5399 37.7788 49.5
      vertex 60.049 61.5823 49.5
      vertex 59.9942 61.8013 49.5
    endloop
  endfacet
  facet normal 0 0 1
    outer loop
      vertex 64.1624 60.9722 49.5
      vertex 59.9706 32.055 49.5
      vertex 62.8238 26.0225 49.5
    endloop
  endfacet
  facet normal 0 0 1
    outer loop
      vertex 56.5399 37.7788 49.5
      vertex 59.9942 61.8013 49.5
      vertex 59.9611 62.0246 49.5
    endloop
  endfacet
  facet normal 0 0 1
    outer loop
      vertex 56.5399 37.7788 49.5
      vertex 59.9611 62.0246 49.5
      vertex 59.95 62.25 49.5
    endloop
  endfacet
  facet normal 0 0 1
    outer loop
      vertex 63.5278 60.3376 49.5
      vertex 56.5399 37.7788 49.5
      vertex 59.9706 32.055 49.5
    endloop
  endfacet
  facet normal -0.0490118 -0.998798 0
    outer loop
      vertex 74 82.4 49.5
      vertex 74.8233 82.3596 96.4
      vertex 74 82.4 96.4
    endloop
  endfacet
  facet normal -0.0490118 -0.998798 -0
    outer loop
      vertex 74.8233 82.3596 96.4
      vertex 74 82.4 49.5
      vertex 74.8233 82.3596 49.5
    endloop
  endfacet
  facet normal 0.740949 0.671561 0
    outer loop
      vertex -79.9397 -79.9397 96.4
      vertex -80.4933 -79.3289 49.5
      vertex -80.4933 -79.3289 96.4
    endloop
  endfacet
  facet normal 0.740949 0.671561 0
    outer loop
      vertex -80.4933 -79.3289 49.5
      vertex -79.9397 -79.9397 96.4
      vertex -79.9397 -79.9397 49.5
    endloop
  endfacet
  facet normal -0.242992 0.970028 0
    outer loop
      vertex 76.4384 -82.0383 49.5
      vertex 75.6388 -82.2386 96.4
      vertex 76.4384 -82.0383 96.4
    endloop
  endfacet
  facet normal -0.242992 0.970028 0
    outer loop
      vertex 75.6388 -82.2386 96.4
      vertex 76.4384 -82.0383 49.5
      vertex 75.6388 -82.2386 49.5
    endloop
  endfacet
  facet normal -0.970028 -0.242992 0
    outer loop
      vertex 82.2386 75.6388 49.5
      vertex 82.0383 76.4384 96.4
      vertex 82.0383 76.4384 49.5
    endloop
  endfacet
  facet normal -0.970028 -0.242992 0
    outer loop
      vertex 82.0383 76.4384 96.4
      vertex 82.2386 75.6388 49.5
      vertex 82.2386 75.6388 96.4
    endloop
  endfacet
  facet normal 0.514085 0.857739 -0
    outer loop
      vertex -77.9597 -81.4081 49.5
      vertex -78.6668 -80.9843 96.4
      vertex -77.9597 -81.4081 96.4
    endloop
  endfacet
  facet normal 0.514085 0.857739 0
    outer loop
      vertex -78.6668 -80.9843 96.4
      vertex -77.9597 -81.4081 49.5
      vertex -78.6668 -80.9843 49.5
    endloop
  endfacet
  facet normal -0.740949 -0.671561 0
    outer loop
      vertex 80.4933 79.3289 49.5
      vertex 79.9397 79.9397 96.4
      vertex 79.9397 79.9397 49.5
    endloop
  endfacet
  facet normal -0.740949 -0.671561 0
    outer loop
      vertex 79.9397 79.9397 96.4
      vertex 80.4933 79.3289 49.5
      vertex 80.4933 79.3289 96.4
    endloop
  endfacet
  facet normal 0.242992 0.970028 -0
    outer loop
      vertex -75.6388 -82.2386 49.5
      vertex -76.4384 -82.0383 96.4
      vertex -75.6388 -82.2386 96.4
    endloop
  endfacet
  facet normal 0.242992 0.970028 0
    outer loop
      vertex -76.4384 -82.0383 96.4
      vertex -75.6388 -82.2386 49.5
      vertex -76.4384 -82.0383 49.5
    endloop
  endfacet
  facet normal -0.595663 -0.803235 0
    outer loop
      vertex 78.6668 80.9843 49.5
      vertex 79.3289 80.4933 96.4
      vertex 78.6668 80.9843 96.4
    endloop
  endfacet
  facet normal -0.595663 -0.803235 -0
    outer loop
      vertex 79.3289 80.4933 96.4
      vertex 78.6668 80.9843 49.5
      vertex 79.3289 80.4933 49.5
    endloop
  endfacet
  facet normal -0.998798 -0.0490118 0
    outer loop
      vertex 82.4 74 49.5
      vertex 82.3596 74.8233 96.4
      vertex 82.3596 74.8233 49.5
    endloop
  endfacet
  facet normal -0.998798 -0.0490118 0
    outer loop
      vertex 82.3596 74.8233 96.4
      vertex 82.4 74 49.5
      vertex 82.4 74 96.4
    endloop
  endfacet
  facet normal 0.740949 -0.671561 0
    outer loop
      vertex -80.4933 79.3289 96.4
      vertex -79.9397 79.9397 49.5
      vertex -79.9397 79.9397 96.4
    endloop
  endfacet
  facet normal 0.740949 -0.671561 0
    outer loop
      vertex -79.9397 79.9397 49.5
      vertex -80.4933 79.3289 96.4
      vertex -80.4933 79.3289 49.5
    endloop
  endfacet
  facet normal 0.903967 -0.427601 0
    outer loop
      vertex -81.7606 77.2145 96.4
      vertex -81.4081 77.9597 49.5
      vertex -81.4081 77.9597 96.4
    endloop
  endfacet
  facet normal 0.903967 -0.427601 0
    outer loop
      vertex -81.4081 77.9597 49.5
      vertex -81.7606 77.2145 96.4
      vertex -81.7606 77.2145 49.5
    endloop
  endfacet
  facet normal 0.970028 0.242992 0
    outer loop
      vertex -82.0383 -76.4384 96.4
      vertex -82.2386 -75.6388 49.5
      vertex -82.2386 -75.6388 96.4
    endloop
  endfacet
  facet normal 0.970028 0.242992 0
    outer loop
      vertex -82.2386 -75.6388 49.5
      vertex -82.0383 -76.4384 96.4
      vertex -82.0383 -76.4384 49.5
    endloop
  endfacet
  facet normal -0.0490118 0.998798 0
    outer loop
      vertex 74.8233 -82.3596 49.5
      vertex 74 -82.4 96.4
      vertex 74.8233 -82.3596 96.4
    endloop
  endfacet
  facet normal -0.0490118 0.998798 0
    outer loop
      vertex 74 -82.4 96.4
      vertex 74.8233 -82.3596 49.5
      vertex 74 -82.4 49.5
    endloop
  endfacet
  facet normal 0.989171 -0.146768 0
    outer loop
      vertex -82.3596 74.8233 96.4
      vertex -82.2386 75.6388 49.5
      vertex -82.2386 75.6388 96.4
    endloop
  endfacet
  facet normal 0.989171 -0.146768 0
    outer loop
      vertex -82.2386 75.6388 49.5
      vertex -82.3596 74.8233 96.4
      vertex -82.3596 74.8233 49.5
    endloop
  endfacet
  facet normal -0.427601 -0.903967 0
    outer loop
      vertex 77.2145 81.7606 49.5
      vertex 77.9597 81.4081 96.4
      vertex 77.2145 81.7606 96.4
    endloop
  endfacet
  facet normal -0.427601 -0.903967 -0
    outer loop
      vertex 77.9597 81.4081 96.4
      vertex 77.2145 81.7606 49.5
      vertex 77.9597 81.4081 49.5
    endloop
  endfacet
  facet normal -0.903967 -0.427601 0
    outer loop
      vertex 81.7606 77.2145 49.5
      vertex 81.4081 77.9597 96.4
      vertex 81.4081 77.9597 49.5
    endloop
  endfacet
  facet normal -0.903967 -0.427601 0
    outer loop
      vertex 81.4081 77.9597 96.4
      vertex 81.7606 77.2145 49.5
      vertex 81.7606 77.2145 96.4
    endloop
  endfacet
  facet normal -0.671561 0.740949 0
    outer loop
      vertex 79.9397 -79.9397 49.5
      vertex 79.3289 -80.4933 96.4
      vertex 79.9397 -79.9397 96.4
    endloop
  endfacet
  facet normal -0.671561 0.740949 0
    outer loop
      vertex 79.3289 -80.4933 96.4
      vertex 79.9397 -79.9397 49.5
      vertex 79.3289 -80.4933 49.5
    endloop
  endfacet
  facet normal 0.514085 -0.857739 0
    outer loop
      vertex -78.6668 80.9843 49.5
      vertex -77.9597 81.4081 96.4
      vertex -78.6668 80.9843 96.4
    endloop
  endfacet
  facet normal 0.514085 -0.857739 0
    outer loop
      vertex -77.9597 81.4081 96.4
      vertex -78.6668 80.9843 49.5
      vertex -77.9597 81.4081 49.5
    endloop
  endfacet
  facet normal -0.336897 0.941541 0
    outer loop
      vertex 77.2145 -81.7606 49.5
      vertex 76.4384 -82.0383 96.4
      vertex 77.2145 -81.7606 96.4
    endloop
  endfacet
  facet normal -0.336897 0.941541 0
    outer loop
      vertex 76.4384 -82.0383 96.4
      vertex 77.2145 -81.7606 49.5
      vertex 76.4384 -82.0383 49.5
    endloop
  endfacet
  facet normal -0.941541 0.336897 0
    outer loop
      vertex 81.7606 -77.2145 49.5
      vertex 82.0383 -76.4384 96.4
      vertex 82.0383 -76.4384 49.5
    endloop
  endfacet
  facet normal -0.941541 0.336897 0
    outer loop
      vertex 82.0383 -76.4384 96.4
      vertex 81.7606 -77.2145 49.5
      vertex 81.7606 -77.2145 96.4
    endloop
  endfacet
  facet normal 0.427601 -0.903967 0
    outer loop
      vertex -77.9597 81.4081 49.5
      vertex -77.2145 81.7606 96.4
      vertex -77.9597 81.4081 96.4
    endloop
  endfacet
  facet normal 0.427601 -0.903967 0
    outer loop
      vertex -77.2145 81.7606 96.4
      vertex -77.9597 81.4081 49.5
      vertex -77.2145 81.7606 49.5
    endloop
  endfacet
  facet normal 0.970028 -0.242992 0
    outer loop
      vertex -82.2386 75.6388 96.4
      vertex -82.0383 76.4384 49.5
      vertex -82.0383 76.4384 96.4
    endloop
  endfacet
  facet normal 0.970028 -0.242992 0
    outer loop
      vertex -82.0383 76.4384 49.5
      vertex -82.2386 75.6388 96.4
      vertex -82.2386 75.6388 49.5
    endloop
  endfacet
  facet normal 0.427601 0.903967 -0
    outer loop
      vertex -77.2145 -81.7606 49.5
      vertex -77.9597 -81.4081 96.4
      vertex -77.2145 -81.7606 96.4
    endloop
  endfacet
  facet normal 0.427601 0.903967 0
    outer loop
      vertex -77.9597 -81.4081 96.4
      vertex -77.2145 -81.7606 49.5
      vertex -77.9597 -81.4081 49.5
    endloop
  endfacet
  facet normal -0.857739 -0.514085 0
    outer loop
      vertex 81.4081 77.9597 49.5
      vertex 80.9843 78.6668 96.4
      vertex 80.9843 78.6668 49.5
    endloop
  endfacet
  facet normal -0.857739 -0.514085 0
    outer loop
      vertex 80.9843 78.6668 96.4
      vertex 81.4081 77.9597 49.5
      vertex 81.4081 77.9597 96.4
    endloop
  endfacet
  facet normal 0.998798 0.0490118 0
    outer loop
      vertex -82.3596 -74.8233 96.4
      vertex -82.4 -74 49.5
      vertex -82.4 -74 96.4
    endloop
  endfacet
  facet normal 0.998798 0.0490118 0
    outer loop
      vertex -82.4 -74 49.5
      vertex -82.3596 -74.8233 96.4
      vertex -82.3596 -74.8233 49.5
    endloop
  endfacet
  facet normal -0.989171 -0.146768 0
    outer loop
      vertex 82.3596 74.8233 49.5
      vertex 82.2386 75.6388 96.4
      vertex 82.2386 75.6388 49.5
    endloop
  endfacet
  facet normal -0.989171 -0.146768 0
    outer loop
      vertex 82.2386 75.6388 96.4
      vertex 82.3596 74.8233 49.5
      vertex 82.3596 74.8233 96.4
    endloop
  endfacet
  facet normal -0.146768 0.989171 0
    outer loop
      vertex 75.6388 -82.2386 49.5
      vertex 74.8233 -82.3596 96.4
      vertex 75.6388 -82.2386 96.4
    endloop
  endfacet
  facet normal -0.146768 0.989171 0
    outer loop
      vertex 74.8233 -82.3596 96.4
      vertex 75.6388 -82.2386 49.5
      vertex 74.8233 -82.3596 49.5
    endloop
  endfacet
  facet normal 0.336897 0.941541 -0
    outer loop
      vertex -76.4384 -82.0383 49.5
      vertex -77.2145 -81.7606 96.4
      vertex -76.4384 -82.0383 96.4
    endloop
  endfacet
  facet normal 0.336897 0.941541 0
    outer loop
      vertex -77.2145 -81.7606 96.4
      vertex -76.4384 -82.0383 49.5
      vertex -77.2145 -81.7606 49.5
    endloop
  endfacet
  facet normal -0.941541 -0.336897 0
    outer loop
      vertex 82.0383 76.4384 49.5
      vertex 81.7606 77.2145 96.4
      vertex 81.7606 77.2145 49.5
    endloop
  endfacet
  facet normal -0.941541 -0.336897 0
    outer loop
      vertex 81.7606 77.2145 96.4
      vertex 82.0383 76.4384 49.5
      vertex 82.0383 76.4384 96.4
    endloop
  endfacet
  facet normal 0.146768 0.989171 -0
    outer loop
      vertex -74.8233 -82.3596 49.5
      vertex -75.6388 -82.2386 96.4
      vertex -74.8233 -82.3596 96.4
    endloop
  endfacet
  facet normal 0.146768 0.989171 0
    outer loop
      vertex -75.6388 -82.2386 96.4
      vertex -74.8233 -82.3596 49.5
      vertex -75.6388 -82.2386 49.5
    endloop
  endfacet
  facet normal 0.0490118 -0.998798 0
    outer loop
      vertex -74.8233 82.3596 49.5
      vertex -74 82.4 96.4
      vertex -74.8233 82.3596 96.4
    endloop
  endfacet
  facet normal 0.0490118 -0.998798 0
    outer loop
      vertex -74 82.4 96.4
      vertex -74.8233 82.3596 49.5
      vertex -74 82.4 49.5
    endloop
  endfacet
  facet normal -0.146768 -0.989171 0
    outer loop
      vertex 74.8233 82.3596 49.5
      vertex 75.6388 82.2386 96.4
      vertex 74.8233 82.3596 96.4
    endloop
  endfacet
  facet normal -0.146768 -0.989171 -0
    outer loop
      vertex 75.6388 82.2386 96.4
      vertex 74.8233 82.3596 49.5
      vertex 75.6388 82.2386 49.5
    endloop
  endfacet
  facet normal 0.857739 -0.514085 0
    outer loop
      vertex -81.4081 77.9597 96.4
      vertex -80.9843 78.6668 49.5
      vertex -80.9843 78.6668 96.4
    endloop
  endfacet
  facet normal 0.857739 -0.514085 0
    outer loop
      vertex -80.9843 78.6668 49.5
      vertex -81.4081 77.9597 96.4
      vertex -81.4081 77.9597 49.5
    endloop
  endfacet
  facet normal -0.803235 0.595663 0
    outer loop
      vertex 80.4933 -79.3289 49.5
      vertex 80.9843 -78.6668 96.4
      vertex 80.9843 -78.6668 49.5
    endloop
  endfacet
  facet normal -0.803235 0.595663 0
    outer loop
      vertex 80.9843 -78.6668 96.4
      vertex 80.4933 -79.3289 49.5
      vertex 80.4933 -79.3289 96.4
    endloop
  endfacet
  facet normal 0.903967 0.427601 0
    outer loop
      vertex -81.4081 -77.9597 96.4
      vertex -81.7606 -77.2145 49.5
      vertex -81.7606 -77.2145 96.4
    endloop
  endfacet
  facet normal 0.903967 0.427601 0
    outer loop
      vertex -81.7606 -77.2145 49.5
      vertex -81.4081 -77.9597 96.4
      vertex -81.4081 -77.9597 49.5
    endloop
  endfacet
  facet normal -0.336897 -0.941541 0
    outer loop
      vertex 76.4384 82.0383 49.5
      vertex 77.2145 81.7606 96.4
      vertex 76.4384 82.0383 96.4
    endloop
  endfacet
  facet normal -0.336897 -0.941541 -0
    outer loop
      vertex 77.2145 81.7606 96.4
      vertex 76.4384 82.0383 49.5
      vertex 77.2145 81.7606 49.5
    endloop
  endfacet
  facet normal -0.595663 0.803235 0
    outer loop
      vertex 79.3289 -80.4933 49.5
      vertex 78.6668 -80.9843 96.4
      vertex 79.3289 -80.4933 96.4
    endloop
  endfacet
  facet normal -0.595663 0.803235 0
    outer loop
      vertex 78.6668 -80.9843 96.4
      vertex 79.3289 -80.4933 49.5
      vertex 78.6668 -80.9843 49.5
    endloop
  endfacet
  facet normal 0.941541 0.336897 0
    outer loop
      vertex -81.7606 -77.2145 96.4
      vertex -82.0383 -76.4384 49.5
      vertex -82.0383 -76.4384 96.4
    endloop
  endfacet
  facet normal 0.941541 0.336897 0
    outer loop
      vertex -82.0383 -76.4384 49.5
      vertex -81.7606 -77.2145 96.4
      vertex -81.7606 -77.2145 49.5
    endloop
  endfacet
  facet normal 0.989171 0.146768 0
    outer loop
      vertex -82.2386 -75.6388 96.4
      vertex -82.3596 -74.8233 49.5
      vertex -82.3596 -74.8233 96.4
    endloop
  endfacet
  facet normal 0.989171 0.146768 0
    outer loop
      vertex -82.3596 -74.8233 49.5
      vertex -82.2386 -75.6388 96.4
      vertex -82.2386 -75.6388 49.5
    endloop
  endfacet
  facet normal -0.998798 0.0490118 0
    outer loop
      vertex 82.3596 -74.8233 49.5
      vertex 82.4 -74 96.4
      vertex 82.4 -74 49.5
    endloop
  endfacet
  facet normal -0.998798 0.0490118 0
    outer loop
      vertex 82.4 -74 96.4
      vertex 82.3596 -74.8233 49.5
      vertex 82.3596 -74.8233 96.4
    endloop
  endfacet
  facet normal 0 0 -1
    outer loop
      vertex 74 -82.4 96.4
      vertex 82.4 -74 96.4
      vertex 82.3596 -74.8233 96.4
    endloop
  endfacet
  facet normal 0 0 -1
    outer loop
      vertex 82.4 -74 96.4
      vertex 71 -5 96.4
      vertex 82.4 74 96.4
    endloop
  endfacet
  facet normal 0 0 -1
    outer loop
      vertex 74 -82.4 96.4
      vertex 82.3596 -74.8233 96.4
      vertex 82.2386 -75.6388 96.4
    endloop
  endfacet
  facet normal 0 0 -1
    outer loop
      vertex 71 5 96.4
      vertex 82.4 74 96.4
      vertex 71 -5 96.4
    endloop
  endfacet
  facet normal 0 0 -1
    outer loop
      vertex 74 -82.4 96.4
      vertex 82.2386 -75.6388 96.4
      vertex 82.0383 -76.4384 96.4
    endloop
  endfacet
  facet normal 0 -0 -1
    outer loop
      vertex 74 82.4 96.4
      vertex 82.4 74 96.4
      vertex 71 5 96.4
    endloop
  endfacet
  facet normal 0 0 -1
    outer loop
      vertex 74 -82.4 96.4
      vertex 82.0383 -76.4384 96.4
      vertex 81.7606 -77.2145 96.4
    endloop
  endfacet
  facet normal 0 0 -1
    outer loop
      vertex 82.4 74 96.4
      vertex 74 82.4 96.4
      vertex 82.3596 74.8233 96.4
    endloop
  endfacet
  facet normal 0 0 -1
    outer loop
      vertex 74 -82.4 96.4
      vertex 81.7606 -77.2145 96.4
      vertex 81.4081 -77.9597 96.4
    endloop
  endfacet
  facet normal 0 0 -1
    outer loop
      vertex 82.3596 74.8233 96.4
      vertex 74 82.4 96.4
      vertex 82.2386 75.6388 96.4
    endloop
  endfacet
  facet normal 0 0 -1
    outer loop
      vertex 74 -82.4 96.4
      vertex 81.4081 -77.9597 96.4
      vertex 80.9843 -78.6668 96.4
    endloop
  endfacet
  facet normal 0 0 -1
    outer loop
      vertex 82.2386 75.6388 96.4
      vertex 74 82.4 96.4
      vertex 82.0383 76.4384 96.4
    endloop
  endfacet
  facet normal 0 0 -1
    outer loop
      vertex 74 -82.4 96.4
      vertex 80.9843 -78.6668 96.4
      vertex 80.4933 -79.3289 96.4
    endloop
  endfacet
  facet normal 0 0 -1
    outer loop
      vertex 82.0383 76.4384 96.4
      vertex 74 82.4 96.4
      vertex 81.7606 77.2145 96.4
    endloop
  endfacet
  facet normal 0 0 -1
    outer loop
      vertex 74 -82.4 96.4
      vertex 80.4933 -79.3289 96.4
      vertex 79.9397 -79.9397 96.4
    endloop
  endfacet
  facet normal 0 0 -1
    outer loop
      vertex 81.7606 77.2145 96.4
      vertex 74 82.4 96.4
      vertex 81.4081 77.9597 96.4
    endloop
  endfacet
  facet normal 0 0 -1
    outer loop
      vertex 74 -82.4 96.4
      vertex 79.9397 -79.9397 96.4
      vertex 79.3289 -80.4933 96.4
    endloop
  endfacet
  facet normal 0 0 -1
    outer loop
      vertex 81.4081 77.9597 96.4
      vertex 74 82.4 96.4
      vertex 80.9843 78.6668 96.4
    endloop
  endfacet
  facet normal 0 0 -1
    outer loop
      vertex 74 -82.4 96.4
      vertex 79.3289 -80.4933 96.4
      vertex 78.6668 -80.9843 96.4
    endloop
  endfacet
  facet normal 0 0 -1
    outer loop
      vertex 80.9843 78.6668 96.4
      vertex 74 82.4 96.4
      vertex 80.4933 79.3289 96.4
    endloop
  endfacet
  facet normal 0 0 -1
    outer loop
      vertex 74 -82.4 96.4
      vertex 78.6668 -80.9843 96.4
      vertex 77.9597 -81.4081 96.4
    endloop
  endfacet
  facet normal 0 0 -1
    outer loop
      vertex 80.4933 79.3289 96.4
      vertex 74 82.4 96.4
      vertex 79.9397 79.9397 96.4
    endloop
  endfacet
  facet normal 0 0 -1
    outer loop
      vertex 74 -82.4 96.4
      vertex 77.9597 -81.4081 96.4
      vertex 77.2145 -81.7606 96.4
    endloop
  endfacet
  facet normal 0 0 -1
    outer loop
      vertex 79.9397 79.9397 96.4
      vertex 74 82.4 96.4
      vertex 79.3289 80.4933 96.4
    endloop
  endfacet
  facet normal 0 0 -1
    outer loop
      vertex 74 -82.4 96.4
      vertex 77.2145 -81.7606 96.4
      vertex 76.4384 -82.0383 96.4
    endloop
  endfacet
  facet normal 0 0 -1
    outer loop
      vertex 79.3289 80.4933 96.4
      vertex 74 82.4 96.4
      vertex 78.6668 80.9843 96.4
    endloop
  endfacet
  facet normal 0 0 -1
    outer loop
      vertex 74 -82.4 96.4
      vertex 76.4384 -82.0383 96.4
      vertex 75.6388 -82.2386 96.4
    endloop
  endfacet
  facet normal 0 0 -1
    outer loop
      vertex 78.6668 80.9843 96.4
      vertex 74 82.4 96.4
      vertex 77.9597 81.4081 96.4
    endloop
  endfacet
  facet normal 0 0 -1
    outer loop
      vertex 74 -82.4 96.4
      vertex 75.6388 -82.2386 96.4
      vertex 74.8233 -82.3596 96.4
    endloop
  endfacet
  facet normal 0 0 -1
    outer loop
      vertex 77.9597 81.4081 96.4
      vertex 74 82.4 96.4
      vertex 77.2145 81.7606 96.4
    endloop
  endfacet
  facet normal -0 0 -1
    outer loop
      vertex 82.4 -74 96.4
      vertex 74 -82.4 96.4
      vertex 71 -5 96.4
    endloop
  endfacet
  facet normal 0 0 -1
    outer loop
      vertex 77.2145 81.7606 96.4
      vertex 74 82.4 96.4
      vertex 76.4384 82.0383 96.4
    endloop
  endfacet
  facet normal 0 0 -1
    outer loop
      vertex 76.4384 82.0383 96.4
      vertex 74 82.4 96.4
      vertex 75.6388 82.2386 96.4
    endloop
  endfacet
  facet normal 0 0 -1
    outer loop
      vertex 74 -82.4 96.4
      vertex -71 -5 96.4
      vertex 71 -5 96.4
    endloop
  endfacet
  facet normal 0 0 -1
    outer loop
      vertex -82.4 -74 96.4
      vertex -71 -5 96.4
      vertex -74 -82.4 96.4
    endloop
  endfacet
  facet normal 0 0 -1
    outer loop
      vertex -74 -82.4 96.4
      vertex -71 -5 96.4
      vertex 74 -82.4 96.4
    endloop
  endfacet
  facet normal 0 0 -1
    outer loop
      vertex 75.6388 82.2386 96.4
      vertex 74 82.4 96.4
      vertex 74.8233 82.3596 96.4
    endloop
  endfacet
  facet normal 0 0 -1
    outer loop
      vertex -71 5 96.4
      vertex 74 82.4 96.4
      vertex 71 5 96.4
    endloop
  endfacet
  facet normal 0 0 -1
    outer loop
      vertex -71 5 96.4
      vertex -74 82.4 96.4
      vertex 74 82.4 96.4
    endloop
  endfacet
  facet normal -0 0 -1
    outer loop
      vertex -71 -5 96.4
      vertex -82.4 -74 96.4
      vertex -71 5 96.4
    endloop
  endfacet
  facet normal 0 0 -1
    outer loop
      vertex -82.4 -74 96.4
      vertex -74 -82.4 96.4
      vertex -74.8233 -82.3596 96.4
    endloop
  endfacet
  facet normal 0 0 -1
    outer loop
      vertex -82.4 74 96.4
      vertex -71 5 96.4
      vertex -82.4 -74 96.4
    endloop
  endfacet
  facet normal 0 0 -1
    outer loop
      vertex -82.4 -74 96.4
      vertex -74.8233 -82.3596 96.4
      vertex -75.6388 -82.2386 96.4
    endloop
  endfacet
  facet normal 0 0 -1
    outer loop
      vertex -71 5 96.4
      vertex -82.4 74 96.4
      vertex -74 82.4 96.4
    endloop
  endfacet
  facet normal 0 0 -1
    outer loop
      vertex -82.4 -74 96.4
      vertex -75.6388 -82.2386 96.4
      vertex -76.4384 -82.0383 96.4
    endloop
  endfacet
  facet normal 0 0 -1
    outer loop
      vertex -74 82.4 96.4
      vertex -82.4 74 96.4
      vertex -74.8233 82.3596 96.4
    endloop
  endfacet
  facet normal 0 0 -1
    outer loop
      vertex -82.4 -74 96.4
      vertex -76.4384 -82.0383 96.4
      vertex -77.2145 -81.7606 96.4
    endloop
  endfacet
  facet normal 0 0 -1
    outer loop
      vertex -74.8233 82.3596 96.4
      vertex -82.4 74 96.4
      vertex -75.6388 82.2386 96.4
    endloop
  endfacet
  facet normal 0 0 -1
    outer loop
      vertex -82.4 -74 96.4
      vertex -77.2145 -81.7606 96.4
      vertex -77.9597 -81.4081 96.4
    endloop
  endfacet
  facet normal 0 0 -1
    outer loop
      vertex -75.6388 82.2386 96.4
      vertex -82.4 74 96.4
      vertex -76.4384 82.0383 96.4
    endloop
  endfacet
  facet normal 0 0 -1
    outer loop
      vertex -82.4 -74 96.4
      vertex -77.9597 -81.4081 96.4
      vertex -78.6668 -80.9843 96.4
    endloop
  endfacet
  facet normal 0 0 -1
    outer loop
      vertex -76.4384 82.0383 96.4
      vertex -82.4 74 96.4
      vertex -77.2145 81.7606 96.4
    endloop
  endfacet
  facet normal 0 0 -1
    outer loop
      vertex -82.4 -74 96.4
      vertex -78.6668 -80.9843 96.4
      vertex -79.3289 -80.4933 96.4
    endloop
  endfacet
  facet normal 0 0 -1
    outer loop
      vertex -77.2145 81.7606 96.4
      vertex -82.4 74 96.4
      vertex -77.9597 81.4081 96.4
    endloop
  endfacet
  facet normal 0 0 -1
    outer loop
      vertex -82.4 -74 96.4
      vertex -79.3289 -80.4933 96.4
      vertex -79.9397 -79.9397 96.4
    endloop
  endfacet
  facet normal 0 0 -1
    outer loop
      vertex -77.9597 81.4081 96.4
      vertex -82.4 74 96.4
      vertex -78.6668 80.9843 96.4
    endloop
  endfacet
  facet normal 0 0 -1
    outer loop
      vertex -82.4 -74 96.4
      vertex -79.9397 -79.9397 96.4
      vertex -80.4933 -79.3289 96.4
    endloop
  endfacet
  facet normal 0 0 -1
    outer loop
      vertex -78.6668 80.9843 96.4
      vertex -82.4 74 96.4
      vertex -79.3289 80.4933 96.4
    endloop
  endfacet
  facet normal 0 0 -1
    outer loop
      vertex -82.4 -74 96.4
      vertex -80.4933 -79.3289 96.4
      vertex -80.9843 -78.6668 96.4
    endloop
  endfacet
  facet normal 0 0 -1
    outer loop
      vertex -79.3289 80.4933 96.4
      vertex -82.4 74 96.4
      vertex -79.9397 79.9397 96.4
    endloop
  endfacet
  facet normal 0 0 -1
    outer loop
      vertex -82.4 -74 96.4
      vertex -80.9843 -78.6668 96.4
      vertex -81.4081 -77.9597 96.4
    endloop
  endfacet
  facet normal 0 0 -1
    outer loop
      vertex -79.9397 79.9397 96.4
      vertex -82.4 74 96.4
      vertex -80.4933 79.3289 96.4
    endloop
  endfacet
  facet normal 0 0 -1
    outer loop
      vertex -82.4 -74 96.4
      vertex -81.4081 -77.9597 96.4
      vertex -81.7606 -77.2145 96.4
    endloop
  endfacet
  facet normal 0 0 -1
    outer loop
      vertex -80.4933 79.3289 96.4
      vertex -82.4 74 96.4
      vertex -80.9843 78.6668 96.4
    endloop
  endfacet
  facet normal 0 0 -1
    outer loop
      vertex -82.4 -74 96.4
      vertex -81.7606 -77.2145 96.4
      vertex -82.0383 -76.4384 96.4
    endloop
  endfacet
  facet normal 0 0 -1
    outer loop
      vertex -80.9843 78.6668 96.4
      vertex -82.4 74 96.4
      vertex -81.4081 77.9597 96.4
    endloop
  endfacet
  facet normal 0 0 -1
    outer loop
      vertex -82.4 -74 96.4
      vertex -82.0383 -76.4384 96.4
      vertex -82.2386 -75.6388 96.4
    endloop
  endfacet
  facet normal 0 0 -1
    outer loop
      vertex -81.4081 77.9597 96.4
      vertex -82.4 74 96.4
      vertex -81.7606 77.2145 96.4
    endloop
  endfacet
  facet normal 0 0 -1
    outer loop
      vertex -82.4 -74 96.4
      vertex -82.2386 -75.6388 96.4
      vertex -82.3596 -74.8233 96.4
    endloop
  endfacet
  facet normal 0 0 -1
    outer loop
      vertex -81.7606 77.2145 96.4
      vertex -82.4 74 96.4
      vertex -82.0383 76.4384 96.4
    endloop
  endfacet
  facet normal 0 0 -1
    outer loop
      vertex -82.0383 76.4384 96.4
      vertex -82.4 74 96.4
      vertex -82.2386 75.6388 96.4
    endloop
  endfacet
  facet normal 0 0 -1
    outer loop
      vertex -82.2386 75.6388 96.4
      vertex -82.4 74 96.4
      vertex -82.3596 74.8233 96.4
    endloop
  endfacet
  facet normal -0.970028 0.242992 0
    outer loop
      vertex 82.0383 -76.4384 49.5
      vertex 82.2386 -75.6388 96.4
      vertex 82.2386 -75.6388 49.5
    endloop
  endfacet
  facet normal -0.970028 0.242992 0
    outer loop
      vertex 82.2386 -75.6388 96.4
      vertex 82.0383 -76.4384 49.5
      vertex 82.0383 -76.4384 96.4
    endloop
  endfacet
  facet normal -0.514085 -0.857739 0
    outer loop
      vertex 77.9597 81.4081 49.5
      vertex 78.6668 80.9843 96.4
      vertex 77.9597 81.4081 96.4
    endloop
  endfacet
  facet normal -0.514085 -0.857739 -0
    outer loop
      vertex 78.6668 80.9843 96.4
      vertex 77.9597 81.4081 49.5
      vertex 78.6668 80.9843 49.5
    endloop
  endfacet
  facet normal -0.903967 0.427601 0
    outer loop
      vertex 81.4081 -77.9597 49.5
      vertex 81.7606 -77.2145 96.4
      vertex 81.7606 -77.2145 49.5
    endloop
  endfacet
  facet normal -0.903967 0.427601 0
    outer loop
      vertex 81.7606 -77.2145 96.4
      vertex 81.4081 -77.9597 49.5
      vertex 81.4081 -77.9597 96.4
    endloop
  endfacet
  facet normal -0.989176 -0.146737 0
    outer loop
      vertex 67.6726 6.66516 45
      vertex 66.6934 13.2661 49.5
      vertex 66.6934 13.2661 45
    endloop
  endfacet
  facet normal -0.989176 -0.146737 0
    outer loop
      vertex 66.6934 13.2661 49.5
      vertex 67.6726 6.66516 45
      vertex 67.6726 6.66516 49.5
    endloop
  endfacet
  facet normal -0.998796 -0.0490619 0
    outer loop
      vertex 68 0 45
      vertex 67.6726 6.66516 49.5
      vertex 67.6726 6.66516 45
    endloop
  endfacet
  facet normal -0.998796 -0.0490619 0
    outer loop
      vertex 67.6726 6.66516 49.5
      vertex 68 0 45
      vertex 68 0 49.5
    endloop
  endfacet
  facet normal -0.97003 -0.242983 0
    outer loop
      vertex 66.6934 13.2661 45
      vertex 65.0719 19.7394 49.5
      vertex 65.0719 19.7394 45
    endloop
  endfacet
  facet normal -0.97003 -0.242983 0
    outer loop
      vertex 65.0719 19.7394 49.5
      vertex 66.6934 13.2661 45
      vertex 66.6934 13.2661 49.5
    endloop
  endfacet
  facet normal -0.336886 0.941545 0
    outer loop
      vertex 26.0225 -62.8238 45
      vertex 19.7394 -65.0719 49.5
      vertex 26.0225 -62.8238 49.5
    endloop
  endfacet
  facet normal -0.336886 0.941545 0
    outer loop
      vertex 19.7394 -65.0719 49.5
      vertex 26.0225 -62.8238 45
      vertex 19.7394 -65.0719 45
    endloop
  endfacet
  facet normal 0.803206 0.595702 0
    outer loop
      vertex -52.5647 -43.1387 49.5
      vertex -56.5399 -37.7788 45
      vertex -56.5399 -37.7788 49.5
    endloop
  endfacet
  facet normal 0.803206 0.595702 0
    outer loop
      vertex -56.5399 -37.7788 45
      vertex -52.5647 -43.1387 49.5
      vertex -52.5647 -43.1387 45
    endloop
  endfacet
  facet normal 0.146737 0.989176 -0
    outer loop
      vertex -6.66516 -67.6726 45
      vertex -13.2661 -66.6934 49.5
      vertex -6.66516 -67.6726 49.5
    endloop
  endfacet
  facet normal 0.146737 0.989176 0
    outer loop
      vertex -13.2661 -66.6934 49.5
      vertex -6.66516 -67.6726 45
      vertex -13.2661 -66.6934 45
    endloop
  endfacet
  facet normal -0.671549 -0.74096 0
    outer loop
      vertex 43.1387 52.5647 45
      vertex 48.0833 48.0833 49.5
      vertex 43.1387 52.5647 49.5
    endloop
  endfacet
  facet normal -0.671549 -0.74096 -0
    outer loop
      vertex 48.0833 48.0833 49.5
      vertex 43.1387 52.5647 45
      vertex 48.0833 48.0833 45
    endloop
  endfacet
  facet normal -0.42756 -0.903987 0
    outer loop
      vertex 26.0225 62.8238 45
      vertex 32.055 59.9706 49.5
      vertex 26.0225 62.8238 49.5
    endloop
  endfacet
  facet normal -0.42756 -0.903987 -0
    outer loop
      vertex 32.055 59.9706 49.5
      vertex 26.0225 62.8238 45
      vertex 32.055 59.9706 45
    endloop
  endfacet
  facet normal 0.803206 -0.595702 0
    outer loop
      vertex -56.5399 37.7788 49.5
      vertex -52.5647 43.1387 45
      vertex -52.5647 43.1387 49.5
    endloop
  endfacet
  facet normal 0.803206 -0.595702 0
    outer loop
      vertex -52.5647 43.1387 45
      vertex -56.5399 37.7788 49.5
      vertex -56.5399 37.7788 45
    endloop
  endfacet
  facet normal 0.514101 -0.85773 0
    outer loop
      vertex -37.7788 56.5399 45
      vertex -32.055 59.9706 49.5
      vertex -37.7788 56.5399 49.5
    endloop
  endfacet
  facet normal 0.514101 -0.85773 0
    outer loop
      vertex -32.055 59.9706 49.5
      vertex -37.7788 56.5399 45
      vertex -32.055 59.9706 45
    endloop
  endfacet
  facet normal -0.336886 -0.941545 0
    outer loop
      vertex 19.7394 65.0719 45
      vertex 26.0225 62.8238 49.5
      vertex 19.7394 65.0719 49.5
    endloop
  endfacet
  facet normal -0.336886 -0.941545 -0
    outer loop
      vertex 26.0225 62.8238 49.5
      vertex 19.7394 65.0719 45
      vertex 26.0225 62.8238 45
    endloop
  endfacet
  facet normal 0.97003 -0.242983 0
    outer loop
      vertex -66.6934 13.2661 49.5
      vertex -65.0719 19.7394 45
      vertex -65.0719 19.7394 49.5
    endloop
  endfacet
  facet normal 0.97003 -0.242983 0
    outer loop
      vertex -65.0719 19.7394 45
      vertex -66.6934 13.2661 49.5
      vertex -66.6934 13.2661 45
    endloop
  endfacet
  facet normal 0.903987 -0.42756 0
    outer loop
      vertex -62.8238 26.0225 49.5
      vertex -59.9706 32.055 45
      vertex -59.9706 32.055 49.5
    endloop
  endfacet
  facet normal 0.903987 -0.42756 0
    outer loop
      vertex -59.9706 32.055 45
      vertex -62.8238 26.0225 49.5
      vertex -62.8238 26.0225 45
    endloop
  endfacet
  facet normal -0.595702 0.803206 0
    outer loop
      vertex 43.1387 -52.5647 45
      vertex 37.7788 -56.5399 49.5
      vertex 43.1387 -52.5647 49.5
    endloop
  endfacet
  facet normal -0.595702 0.803206 0
    outer loop
      vertex 37.7788 -56.5399 49.5
      vertex 43.1387 -52.5647 45
      vertex 37.7788 -56.5399 45
    endloop
  endfacet
  facet normal 0.42756 -0.903987 0
    outer loop
      vertex -32.055 59.9706 45
      vertex -26.0225 62.8238 49.5
      vertex -32.055 59.9706 49.5
    endloop
  endfacet
  facet normal 0.42756 -0.903987 0
    outer loop
      vertex -26.0225 62.8238 49.5
      vertex -32.055 59.9706 45
      vertex -26.0225 62.8238 45
    endloop
  endfacet
  facet normal 0.97003 0.242983 0
    outer loop
      vertex -65.0719 -19.7394 49.5
      vertex -66.6934 -13.2661 45
      vertex -66.6934 -13.2661 49.5
    endloop
  endfacet
  facet normal 0.97003 0.242983 0
    outer loop
      vertex -66.6934 -13.2661 45
      vertex -65.0719 -19.7394 49.5
      vertex -65.0719 -19.7394 45
    endloop
  endfacet
  facet normal 0.242983 -0.97003 0
    outer loop
      vertex -19.7394 65.0719 45
      vertex -13.2661 66.6934 49.5
      vertex -19.7394 65.0719 49.5
    endloop
  endfacet
  facet normal 0.242983 -0.97003 0
    outer loop
      vertex -13.2661 66.6934 49.5
      vertex -19.7394 65.0719 45
      vertex -13.2661 66.6934 45
    endloop
  endfacet
  facet normal 0.903987 0.42756 0
    outer loop
      vertex -59.9706 -32.055 49.5
      vertex -62.8238 -26.0225 45
      vertex -62.8238 -26.0225 49.5
    endloop
  endfacet
  facet normal 0.903987 0.42756 0
    outer loop
      vertex -62.8238 -26.0225 45
      vertex -59.9706 -32.055 49.5
      vertex -59.9706 -32.055 45
    endloop
  endfacet
  facet normal -0.42756 0.903987 0
    outer loop
      vertex 32.055 -59.9706 45
      vertex 26.0225 -62.8238 49.5
      vertex 32.055 -59.9706 49.5
    endloop
  endfacet
  facet normal -0.42756 0.903987 0
    outer loop
      vertex 26.0225 -62.8238 49.5
      vertex 32.055 -59.9706 45
      vertex 26.0225 -62.8238 45
    endloop
  endfacet
  facet normal 0.595702 -0.803206 0
    outer loop
      vertex -43.1387 52.5647 45
      vertex -37.7788 56.5399 49.5
      vertex -43.1387 52.5647 49.5
    endloop
  endfacet
  facet normal 0.595702 -0.803206 0
    outer loop
      vertex -37.7788 56.5399 49.5
      vertex -43.1387 52.5647 45
      vertex -37.7788 56.5399 45
    endloop
  endfacet
  facet normal 0.998796 0.0490619 0
    outer loop
      vertex -67.6726 -6.66516 49.5
      vertex -68 0 45
      vertex -68 0 49.5
    endloop
  endfacet
  facet normal 0.998796 0.0490619 0
    outer loop
      vertex -68 0 45
      vertex -67.6726 -6.66516 49.5
      vertex -67.6726 -6.66516 45
    endloop
  endfacet
  facet normal -0.903987 0.42756 0
    outer loop
      vertex 59.9706 -32.055 45
      vertex 62.8238 -26.0225 49.5
      vertex 62.8238 -26.0225 45
    endloop
  endfacet
  facet normal -0.903987 0.42756 0
    outer loop
      vertex 62.8238 -26.0225 49.5
      vertex 59.9706 -32.055 45
      vertex 59.9706 -32.055 49.5
    endloop
  endfacet
  facet normal -0.97003 0.242983 0
    outer loop
      vertex 65.0719 -19.7394 45
      vertex 66.6934 -13.2661 49.5
      vertex 66.6934 -13.2661 45
    endloop
  endfacet
  facet normal -0.97003 0.242983 0
    outer loop
      vertex 66.6934 -13.2661 49.5
      vertex 65.0719 -19.7394 45
      vertex 65.0719 -19.7394 49.5
    endloop
  endfacet
  facet normal 0.336886 -0.941545 0
    outer loop
      vertex -26.0225 62.8238 45
      vertex -19.7394 65.0719 49.5
      vertex -26.0225 62.8238 49.5
    endloop
  endfacet
  facet normal 0.336886 -0.941545 0
    outer loop
      vertex -19.7394 65.0719 49.5
      vertex -26.0225 62.8238 45
      vertex -19.7394 65.0719 45
    endloop
  endfacet
  facet normal 0.941545 0.336886 0
    outer loop
      vertex -62.8238 -26.0225 49.5
      vertex -65.0719 -19.7394 45
      vertex -65.0719 -19.7394 49.5
    endloop
  endfacet
  facet normal 0.941545 0.336886 0
    outer loop
      vertex -65.0719 -19.7394 45
      vertex -62.8238 -26.0225 49.5
      vertex -62.8238 -26.0225 45
    endloop
  endfacet
  facet normal -0.514101 0.85773 0
    outer loop
      vertex 37.7788 -56.5399 45
      vertex 32.055 -59.9706 49.5
      vertex 37.7788 -56.5399 49.5
    endloop
  endfacet
  facet normal -0.514101 0.85773 0
    outer loop
      vertex 32.055 -59.9706 49.5
      vertex 37.7788 -56.5399 45
      vertex 32.055 -59.9706 45
    endloop
  endfacet
  facet normal 0.514101 0.85773 -0
    outer loop
      vertex -32.055 -59.9706 45
      vertex -37.7788 -56.5399 49.5
      vertex -32.055 -59.9706 49.5
    endloop
  endfacet
  facet normal 0.514101 0.85773 0
    outer loop
      vertex -37.7788 -56.5399 49.5
      vertex -32.055 -59.9706 45
      vertex -37.7788 -56.5399 45
    endloop
  endfacet
  facet normal -0.989176 0.146737 0
    outer loop
      vertex 66.6934 -13.2661 45
      vertex 67.6726 -6.66516 49.5
      vertex 67.6726 -6.66516 45
    endloop
  endfacet
  facet normal -0.989176 0.146737 0
    outer loop
      vertex 67.6726 -6.66516 49.5
      vertex 66.6934 -13.2661 45
      vertex 66.6934 -13.2661 49.5
    endloop
  endfacet
  facet normal 0.941545 -0.336886 0
    outer loop
      vertex -65.0719 19.7394 49.5
      vertex -62.8238 26.0225 45
      vertex -62.8238 26.0225 49.5
    endloop
  endfacet
  facet normal 0.941545 -0.336886 0
    outer loop
      vertex -62.8238 26.0225 45
      vertex -65.0719 19.7394 49.5
      vertex -65.0719 19.7394 45
    endloop
  endfacet
  facet normal -0.74096 -0.671549 0
    outer loop
      vertex 52.5647 43.1387 45
      vertex 48.0833 48.0833 49.5
      vertex 48.0833 48.0833 45
    endloop
  endfacet
  facet normal -0.74096 -0.671549 0
    outer loop
      vertex 48.0833 48.0833 49.5
      vertex 52.5647 43.1387 45
      vertex 52.5647 43.1387 49.5
    endloop
  endfacet
  facet normal 0.989176 -0.146737 0
    outer loop
      vertex -67.6726 6.66516 49.5
      vertex -66.6934 13.2661 45
      vertex -66.6934 13.2661 49.5
    endloop
  endfacet
  facet normal 0.989176 -0.146737 0
    outer loop
      vertex -66.6934 13.2661 45
      vertex -67.6726 6.66516 49.5
      vertex -67.6726 6.66516 45
    endloop
  endfacet
  facet normal 0.336886 0.941545 -0
    outer loop
      vertex -19.7394 -65.0719 45
      vertex -26.0225 -62.8238 49.5
      vertex -19.7394 -65.0719 49.5
    endloop
  endfacet
  facet normal 0.336886 0.941545 0
    outer loop
      vertex -26.0225 -62.8238 49.5
      vertex -19.7394 -65.0719 45
      vertex -26.0225 -62.8238 45
    endloop
  endfacet
  facet normal -0.0490619 -0.998796 0
    outer loop
      vertex 0 68 45
      vertex 6.66516 67.6726 49.5
      vertex 0 68 49.5
    endloop
  endfacet
  facet normal -0.0490619 -0.998796 -0
    outer loop
      vertex 6.66516 67.6726 49.5
      vertex 0 68 45
      vertex 6.66516 67.6726 45
    endloop
  endfacet
  facet normal -0.998796 0.0490619 0
    outer loop
      vertex 67.6726 -6.66516 45
      vertex 68 0 49.5
      vertex 68 0 45
    endloop
  endfacet
  facet normal -0.998796 0.0490619 0
    outer loop
      vertex 68 0 49.5
      vertex 67.6726 -6.66516 45
      vertex 67.6726 -6.66516 49.5
    endloop
  endfacet
  facet normal -0.595702 -0.803206 0
    outer loop
      vertex 37.7788 56.5399 45
      vertex 43.1387 52.5647 49.5
      vertex 37.7788 56.5399 49.5
    endloop
  endfacet
  facet normal -0.595702 -0.803206 -0
    outer loop
      vertex 43.1387 52.5647 49.5
      vertex 37.7788 56.5399 45
      vertex 43.1387 52.5647 45
    endloop
  endfacet
  facet normal 0.242983 0.97003 -0
    outer loop
      vertex -13.2661 -66.6934 45
      vertex -19.7394 -65.0719 49.5
      vertex -13.2661 -66.6934 49.5
    endloop
  endfacet
  facet normal 0.242983 0.97003 0
    outer loop
      vertex -19.7394 -65.0719 49.5
      vertex -13.2661 -66.6934 45
      vertex -19.7394 -65.0719 45
    endloop
  endfacet
  facet normal -0.242983 0.97003 0
    outer loop
      vertex 19.7394 -65.0719 45
      vertex 13.2661 -66.6934 49.5
      vertex 19.7394 -65.0719 49.5
    endloop
  endfacet
  facet normal -0.242983 0.97003 0
    outer loop
      vertex 13.2661 -66.6934 49.5
      vertex 19.7394 -65.0719 45
      vertex 13.2661 -66.6934 45
    endloop
  endfacet
  facet normal -0.941545 -0.336886 0
    outer loop
      vertex 65.0719 19.7394 45
      vertex 62.8238 26.0225 49.5
      vertex 62.8238 26.0225 45
    endloop
  endfacet
  facet normal -0.941545 -0.336886 0
    outer loop
      vertex 62.8238 26.0225 49.5
      vertex 65.0719 19.7394 45
      vertex 65.0719 19.7394 49.5
    endloop
  endfacet
  facet normal -0.803206 0.595702 0
    outer loop
      vertex 52.5647 -43.1387 45
      vertex 56.5399 -37.7788 49.5
      vertex 56.5399 -37.7788 45
    endloop
  endfacet
  facet normal -0.803206 0.595702 0
    outer loop
      vertex 56.5399 -37.7788 49.5
      vertex 52.5647 -43.1387 45
      vertex 52.5647 -43.1387 49.5
    endloop
  endfacet
  facet normal -0.85773 0.514101 0
    outer loop
      vertex 56.5399 -37.7788 45
      vertex 59.9706 -32.055 49.5
      vertex 59.9706 -32.055 45
    endloop
  endfacet
  facet normal -0.85773 0.514101 0
    outer loop
      vertex 59.9706 -32.055 49.5
      vertex 56.5399 -37.7788 45
      vertex 56.5399 -37.7788 49.5
    endloop
  endfacet
  facet normal -0.941545 0.336886 0
    outer loop
      vertex 62.8238 -26.0225 45
      vertex 65.0719 -19.7394 49.5
      vertex 65.0719 -19.7394 45
    endloop
  endfacet
  facet normal -0.941545 0.336886 0
    outer loop
      vertex 65.0719 -19.7394 49.5
      vertex 62.8238 -26.0225 45
      vertex 62.8238 -26.0225 49.5
    endloop
  endfacet
  facet normal 0.85773 0.514101 0
    outer loop
      vertex -56.5399 -37.7788 49.5
      vertex -59.9706 -32.055 45
      vertex -59.9706 -32.055 49.5
    endloop
  endfacet
  facet normal 0.85773 0.514101 0
    outer loop
      vertex -59.9706 -32.055 45
      vertex -56.5399 -37.7788 49.5
      vertex -56.5399 -37.7788 45
    endloop
  endfacet
  facet normal -0.514101 -0.85773 0
    outer loop
      vertex 32.055 59.9706 45
      vertex 37.7788 56.5399 49.5
      vertex 32.055 59.9706 49.5
    endloop
  endfacet
  facet normal -0.514101 -0.85773 -0
    outer loop
      vertex 37.7788 56.5399 49.5
      vertex 32.055 59.9706 45
      vertex 37.7788 56.5399 45
    endloop
  endfacet
  facet normal -0.803206 -0.595702 0
    outer loop
      vertex 56.5399 37.7788 45
      vertex 52.5647 43.1387 49.5
      vertex 52.5647 43.1387 45
    endloop
  endfacet
  facet normal -0.803206 -0.595702 0
    outer loop
      vertex 52.5647 43.1387 49.5
      vertex 56.5399 37.7788 45
      vertex 56.5399 37.7788 49.5
    endloop
  endfacet
  facet normal 0.42756 0.903987 -0
    outer loop
      vertex -26.0225 -62.8238 45
      vertex -32.055 -59.9706 49.5
      vertex -26.0225 -62.8238 49.5
    endloop
  endfacet
  facet normal 0.42756 0.903987 0
    outer loop
      vertex -32.055 -59.9706 49.5
      vertex -26.0225 -62.8238 45
      vertex -32.055 -59.9706 45
    endloop
  endfacet
  facet normal -0.903987 -0.42756 0
    outer loop
      vertex 62.8238 26.0225 45
      vertex 59.9706 32.055 49.5
      vertex 59.9706 32.055 45
    endloop
  endfacet
  facet normal -0.903987 -0.42756 0
    outer loop
      vertex 59.9706 32.055 49.5
      vertex 62.8238 26.0225 45
      vertex 62.8238 26.0225 49.5
    endloop
  endfacet
  facet normal -0.0490619 0.998796 0
    outer loop
      vertex 6.66516 -67.6726 45
      vertex 0 -68 49.5
      vertex 6.66516 -67.6726 49.5
    endloop
  endfacet
  facet normal -0.0490619 0.998796 0
    outer loop
      vertex 0 -68 49.5
      vertex 6.66516 -67.6726 45
      vertex 0 -68 45
    endloop
  endfacet
  facet normal -0.146737 -0.989176 0
    outer loop
      vertex 6.66516 67.6726 45
      vertex 13.2661 66.6934 49.5
      vertex 6.66516 67.6726 49.5
    endloop
  endfacet
  facet normal -0.146737 -0.989176 -0
    outer loop
      vertex 13.2661 66.6934 49.5
      vertex 6.66516 67.6726 45
      vertex 13.2661 66.6934 45
    endloop
  endfacet
  facet normal -0.85773 -0.514101 0
    outer loop
      vertex 59.9706 32.055 45
      vertex 56.5399 37.7788 49.5
      vertex 56.5399 37.7788 45
    endloop
  endfacet
  facet normal -0.85773 -0.514101 0
    outer loop
      vertex 56.5399 37.7788 49.5
      vertex 59.9706 32.055 45
      vertex 59.9706 32.055 49.5
    endloop
  endfacet
  facet normal 0.671549 -0.74096 0
    outer loop
      vertex -48.0833 48.0833 45
      vertex -43.1387 52.5647 49.5
      vertex -48.0833 48.0833 49.5
    endloop
  endfacet
  facet normal 0.671549 -0.74096 0
    outer loop
      vertex -43.1387 52.5647 49.5
      vertex -48.0833 48.0833 45
      vertex -43.1387 52.5647 45
    endloop
  endfacet
  facet normal 0.0490619 -0.998796 0
    outer loop
      vertex -6.66516 67.6726 45
      vertex 0 68 49.5
      vertex -6.66516 67.6726 49.5
    endloop
  endfacet
  facet normal 0.0490619 -0.998796 0
    outer loop
      vertex 0 68 49.5
      vertex -6.66516 67.6726 45
      vertex 0 68 45
    endloop
  endfacet
  facet normal 0.671549 0.74096 -0
    outer loop
      vertex -43.1387 -52.5647 45
      vertex -48.0833 -48.0833 49.5
      vertex -43.1387 -52.5647 49.5
    endloop
  endfacet
  facet normal 0.671549 0.74096 0
    outer loop
      vertex -48.0833 -48.0833 49.5
      vertex -43.1387 -52.5647 45
      vertex -48.0833 -48.0833 45
    endloop
  endfacet
  facet normal 0.146737 -0.989176 0
    outer loop
      vertex -13.2661 66.6934 45
      vertex -6.66516 67.6726 49.5
      vertex -13.2661 66.6934 49.5
    endloop
  endfacet
  facet normal 0.146737 -0.989176 0
    outer loop
      vertex -6.66516 67.6726 49.5
      vertex -13.2661 66.6934 45
      vertex -6.66516 67.6726 45
    endloop
  endfacet
  facet normal 0.989176 0.146737 0
    outer loop
      vertex -66.6934 -13.2661 49.5
      vertex -67.6726 -6.66516 45
      vertex -67.6726 -6.66516 49.5
    endloop
  endfacet
  facet normal 0.989176 0.146737 0
    outer loop
      vertex -67.6726 -6.66516 45
      vertex -66.6934 -13.2661 49.5
      vertex -66.6934 -13.2661 45
    endloop
  endfacet
  facet normal 0.74096 0.671549 0
    outer loop
      vertex -48.0833 -48.0833 49.5
      vertex -52.5647 -43.1387 45
      vertex -52.5647 -43.1387 49.5
    endloop
  endfacet
  facet normal 0.74096 0.671549 0
    outer loop
      vertex -52.5647 -43.1387 45
      vertex -48.0833 -48.0833 49.5
      vertex -48.0833 -48.0833 45
    endloop
  endfacet
  facet normal -0.146737 0.989176 0
    outer loop
      vertex 13.2661 -66.6934 45
      vertex 6.66516 -67.6726 49.5
      vertex 13.2661 -66.6934 49.5
    endloop
  endfacet
  facet normal -0.146737 0.989176 0
    outer loop
      vertex 6.66516 -67.6726 49.5
      vertex 13.2661 -66.6934 45
      vertex 6.66516 -67.6726 45
    endloop
  endfacet
  facet normal 0.74096 -0.671549 0
    outer loop
      vertex -52.5647 43.1387 49.5
      vertex -48.0833 48.0833 45
      vertex -48.0833 48.0833 49.5
    endloop
  endfacet
  facet normal 0.74096 -0.671549 0
    outer loop
      vertex -48.0833 48.0833 45
      vertex -52.5647 43.1387 49.5
      vertex -52.5647 43.1387 45
    endloop
  endfacet
  facet normal 0.595702 0.803206 -0
    outer loop
      vertex -37.7788 -56.5399 45
      vertex -43.1387 -52.5647 49.5
      vertex -37.7788 -56.5399 49.5
    endloop
  endfacet
  facet normal 0.595702 0.803206 0
    outer loop
      vertex -43.1387 -52.5647 49.5
      vertex -37.7788 -56.5399 45
      vertex -43.1387 -52.5647 45
    endloop
  endfacet
  facet normal -0.242983 -0.97003 0
    outer loop
      vertex 13.2661 66.6934 45
      vertex 19.7394 65.0719 49.5
      vertex 13.2661 66.6934 49.5
    endloop
  endfacet
  facet normal -0.242983 -0.97003 -0
    outer loop
      vertex 19.7394 65.0719 49.5
      vertex 13.2661 66.6934 45
      vertex 19.7394 65.0719 45
    endloop
  endfacet
  facet normal 0.85773 -0.514101 0
    outer loop
      vertex -59.9706 32.055 49.5
      vertex -56.5399 37.7788 45
      vertex -56.5399 37.7788 49.5
    endloop
  endfacet
  facet normal 0.85773 -0.514101 0
    outer loop
      vertex -56.5399 37.7788 45
      vertex -59.9706 32.055 49.5
      vertex -59.9706 32.055 45
    endloop
  endfacet
  facet normal 0.0490619 0.998796 -0
    outer loop
      vertex 0 -68 45
      vertex -6.66516 -67.6726 49.5
      vertex 0 -68 49.5
    endloop
  endfacet
  facet normal 0.0490619 0.998796 0
    outer loop
      vertex -6.66516 -67.6726 49.5
      vertex 0 -68 45
      vertex -6.66516 -67.6726 45
    endloop
  endfacet
  facet normal 0.998796 -0.0490619 0
    outer loop
      vertex -68 0 49.5
      vertex -67.6726 6.66516 45
      vertex -67.6726 6.66516 49.5
    endloop
  endfacet
  facet normal 0.998796 -0.0490619 0
    outer loop
      vertex -67.6726 6.66516 45
      vertex -68 0 49.5
      vertex -68 0 45
    endloop
  endfacet
  facet normal -0.74096 0.671549 0
    outer loop
      vertex 48.0833 -48.0833 45
      vertex 52.5647 -43.1387 49.5
      vertex 52.5647 -43.1387 45
    endloop
  endfacet
  facet normal -0.74096 0.671549 0
    outer loop
      vertex 52.5647 -43.1387 49.5
      vertex 48.0833 -48.0833 45
      vertex 48.0833 -48.0833 49.5
    endloop
  endfacet
  facet normal -0.671549 0.74096 0
    outer loop
      vertex 48.0833 -48.0833 45
      vertex 43.1387 -52.5647 49.5
      vertex 48.0833 -48.0833 49.5
    endloop
  endfacet
  facet normal -0.671549 0.74096 0
    outer loop
      vertex 43.1387 -52.5647 49.5
      vertex 48.0833 -48.0833 45
      vertex 43.1387 -52.5647 45
    endloop
  endfacet
  facet normal -1 0 0
    outer loop
      vertex 71 -5 96.4
      vertex 71 5 103
      vertex 71 5 96.4
    endloop
  endfacet
  facet normal -1 -0 0
    outer loop
      vertex 71 5 103
      vertex 71 -5 96.4
      vertex 71 -5 103
    endloop
  endfacet
  facet normal 1 -0 0
    outer loop
      vertex -71 -5 103
      vertex -71 5 96.4
      vertex -71 5 103
    endloop
  endfacet
  facet normal 1 0 0
    outer loop
      vertex -71 5 96.4
      vertex -71 -5 103
      vertex -71 -5 96.4
    endloop
  endfacet
  facet normal 0 -1 0
    outer loop
      vertex -71 5 96.4
      vertex 71 5 103
      vertex -71 5 103
    endloop
  endfacet
  facet normal 0 -1 -0
    outer loop
      vertex 71 5 103
      vertex -71 5 96.4
      vertex 71 5 96.4
    endloop
  endfacet
  facet normal 0 1 -0
    outer loop
      vertex 71 -5 96.4
      vertex -71 -5 103
      vertex 71 -5 103
    endloop
  endfacet
  facet normal 0 1 0
    outer loop
      vertex -71 -5 103
      vertex 71 -5 96.4
      vertex -71 -5 96.4
    endloop
  endfacet
  facet normal -0.998803 -0.0489209 0
    outer loop
      vertex -89.988 -87.745 0
      vertex -90 -87.5 47
      vertex -90 -87.5 0
    endloop
  endfacet
  facet normal -0.998803 -0.0489209 0
    outer loop
      vertex -90 -87.5 47
      vertex -89.988 -87.745 0
      vertex -89.988 -87.745 47
    endloop
  endfacet
  facet normal -0.427543 -0.903995 0
    outer loop
      vertex -88.6785 -89.7048 0
      vertex -88.4567 -89.8097 47
      vertex -88.6785 -89.7048 47
    endloop
  endfacet
  facet normal -0.427543 -0.903995 -0
    outer loop
      vertex -88.4567 -89.8097 47
      vertex -88.6785 -89.7048 0
      vertex -88.4567 -89.8097 0
    endloop
  endfacet
  facet normal -0.243303 -0.96995 0
    outer loop
      vertex -88.2257 -89.8923 0
      vertex -87.9877 -89.952 47
      vertex -88.2257 -89.8923 47
    endloop
  endfacet
  facet normal -0.243303 -0.96995 -0
    outer loop
      vertex -87.9877 -89.952 47
      vertex -88.2257 -89.8923 0
      vertex -87.9877 -89.952 0
    endloop
  endfacet
  facet normal 1 0 0
    outer loop
      vertex -74 -86 47
      vertex -74 -87.5 47
      vertex -74 -86 45
    endloop
  endfacet
  facet normal 1 -0 0
    outer loop
      vertex -74 -86 45
      vertex -74 -76.5 0
      vertex -74 -76.5 45
    endloop
  endfacet
  facet normal 1 0 0
    outer loop
      vertex -74 -87.5 0
      vertex -74 -86 45
      vertex -74 -87.5 47
    endloop
  endfacet
  facet normal 1 0 0
    outer loop
      vertex -74 -86 45
      vertex -74 -87.5 0
      vertex -74 -76.5 0
    endloop
  endfacet
  facet normal 0.514076 -0.857745 0
    outer loop
      vertex -75.3215 -89.7048 0
      vertex -75.1111 -89.5787 47
      vertex -75.3215 -89.7048 47
    endloop
  endfacet
  facet normal 0.514076 -0.857745 0
    outer loop
      vertex -75.1111 -89.5787 47
      vertex -75.3215 -89.7048 0
      vertex -75.1111 -89.5787 0
    endloop
  endfacet
  facet normal -0.941613 0.336698 0
    outer loop
      vertex -89.8923 -75.7743 0
      vertex -89.8097 -75.5433 47
      vertex -89.8097 -75.5433 0
    endloop
  endfacet
  facet normal -0.941613 0.336698 0
    outer loop
      vertex -89.8097 -75.5433 47
      vertex -89.8923 -75.7743 0
      vertex -89.8923 -75.7743 47
    endloop
  endfacet
  facet normal -0.336698 -0.941613 0
    outer loop
      vertex -88.4567 -89.8097 0
      vertex -88.2257 -89.8923 47
      vertex -88.4567 -89.8097 47
    endloop
  endfacet
  facet normal -0.336698 -0.941613 -0
    outer loop
      vertex -88.2257 -89.8923 47
      vertex -88.4567 -89.8097 0
      vertex -88.2257 -89.8923 0
    endloop
  endfacet
  facet normal 0.427543 -0.903995 0
    outer loop
      vertex -75.5433 -89.8097 0
      vertex -75.3215 -89.7048 47
      vertex -75.5433 -89.8097 47
    endloop
  endfacet
  facet normal 0.427543 -0.903995 0
    outer loop
      vertex -75.3215 -89.7048 47
      vertex -75.5433 -89.8097 0
      vertex -75.3215 -89.7048 0
    endloop
  endfacet
  facet normal -0.595754 -0.803167 0
    outer loop
      vertex -89.086 -89.4325 0
      vertex -88.8889 -89.5787 47
      vertex -89.086 -89.4325 47
    endloop
  endfacet
  facet normal -0.595754 -0.803167 -0
    outer loop
      vertex -88.8889 -89.5787 47
      vertex -89.086 -89.4325 0
      vertex -88.8889 -89.5787 0
    endloop
  endfacet
  facet normal -0.243303 0.96995 0
    outer loop
      vertex -87.9877 -74.048 0
      vertex -88.2257 -74.1077 47
      vertex -87.9877 -74.048 47
    endloop
  endfacet
  facet normal -0.243303 0.96995 0
    outer loop
      vertex -88.2257 -74.1077 47
      vertex -87.9877 -74.048 0
      vertex -88.2257 -74.1077 0
    endloop
  endfacet
  facet normal -0.857745 -0.514076 0
    outer loop
      vertex -89.5787 -88.8889 0
      vertex -89.7048 -88.6785 47
      vertex -89.7048 -88.6785 0
    endloop
  endfacet
  facet normal -0.857745 -0.514076 0
    outer loop
      vertex -89.7048 -88.6785 47
      vertex -89.5787 -88.8889 0
      vertex -89.5787 -88.8889 47
    endloop
  endfacet
  facet normal 0.803167 0.595754 0
    outer loop
      vertex -74.4213 -75.1111 45
      vertex -74.5675 -74.914 0
      vertex -74.5675 -74.914 45
    endloop
  endfacet
  facet normal 0.803167 0.595754 0
    outer loop
      vertex -74.5675 -74.914 0
      vertex -74.4213 -75.1111 45
      vertex -74.4213 -75.1111 0
    endloop
  endfacet
  facet normal -0.514076 -0.857745 0
    outer loop
      vertex -88.8889 -89.5787 0
      vertex -88.6785 -89.7048 47
      vertex -88.8889 -89.5787 47
    endloop
  endfacet
  facet normal -0.514076 -0.857745 -0
    outer loop
      vertex -88.6785 -89.7048 47
      vertex -88.8889 -89.5787 0
      vertex -88.6785 -89.7048 0
    endloop
  endfacet
  facet normal -0.96995 0.243303 0
    outer loop
      vertex -89.952 -76.0123 0
      vertex -89.8923 -75.7743 47
      vertex -89.8923 -75.7743 0
    endloop
  endfacet
  facet normal -0.96995 0.243303 0
    outer loop
      vertex -89.8923 -75.7743 47
      vertex -89.952 -76.0123 0
      vertex -89.952 -76.0123 47
    endloop
  endfacet
  facet normal -0.741101 -0.671394 0
    outer loop
      vertex -89.2678 -89.2678 0
      vertex -89.4325 -89.086 47
      vertex -89.4325 -89.086 0
    endloop
  endfacet
  facet normal -0.741101 -0.671394 0
    outer loop
      vertex -89.4325 -89.086 47
      vertex -89.2678 -89.2678 0
      vertex -89.2678 -89.2678 47
    endloop
  endfacet
  facet normal -1 0 0
    outer loop
      vertex -90 -87.5 0
      vertex -90 -76.5 47
      vertex -90 -76.5 0
    endloop
  endfacet
  facet normal -1 -0 0
    outer loop
      vertex -90 -76.5 47
      vertex -90 -87.5 0
      vertex -90 -87.5 47
    endloop
  endfacet
  facet normal 0.514076 0.857745 -0
    outer loop
      vertex -75.1111 -74.4213 0
      vertex -75.3215 -74.2952 45
      vertex -75.1111 -74.4213 45
    endloop
  endfacet
  facet normal 0.514076 0.857745 0
    outer loop
      vertex -75.3215 -74.2952 45
      vertex -75.1111 -74.4213 0
      vertex -75.3215 -74.2952 0
    endloop
  endfacet
  facet normal 0.96995 0.243303 0
    outer loop
      vertex -74.048 -76.0123 45
      vertex -74.1077 -75.7743 0
      vertex -74.1077 -75.7743 45
    endloop
  endfacet
  facet normal 0.96995 0.243303 0
    outer loop
      vertex -74.1077 -75.7743 0
      vertex -74.048 -76.0123 45
      vertex -74.048 -76.0123 0
    endloop
  endfacet
  facet normal 0.857745 0.514076 0
    outer loop
      vertex -74.2952 -75.3215 45
      vertex -74.4213 -75.1111 0
      vertex -74.4213 -75.1111 45
    endloop
  endfacet
  facet normal 0.857745 0.514076 0
    outer loop
      vertex -74.4213 -75.1111 0
      vertex -74.2952 -75.3215 45
      vertex -74.2952 -75.3215 0
    endloop
  endfacet
  facet normal -0.857745 0.514076 0
    outer loop
      vertex -89.7048 -75.3215 0
      vertex -89.5787 -75.1111 47
      vertex -89.5787 -75.1111 0
    endloop
  endfacet
  facet normal -0.857745 0.514076 0
    outer loop
      vertex -89.5787 -75.1111 47
      vertex -89.7048 -75.3215 0
      vertex -89.7048 -75.3215 47
    endloop
  endfacet
  facet normal 0.336698 -0.941613 0
    outer loop
      vertex -75.7743 -89.8923 0
      vertex -75.5433 -89.8097 47
      vertex -75.7743 -89.8923 47
    endloop
  endfacet
  facet normal 0.336698 -0.941613 0
    outer loop
      vertex -75.5433 -89.8097 47
      vertex -75.7743 -89.8923 0
      vertex -75.5433 -89.8097 0
    endloop
  endfacet
  facet normal -0.671394 -0.741101 0
    outer loop
      vertex -89.2678 -89.2678 0
      vertex -89.086 -89.4325 47
      vertex -89.2678 -89.2678 47
    endloop
  endfacet
  facet normal -0.671394 -0.741101 -0
    outer loop
      vertex -89.086 -89.4325 47
      vertex -89.2678 -89.2678 0
      vertex -89.086 -89.4325 0
    endloop
  endfacet
  facet normal 0.146726 -0.989177 0
    outer loop
      vertex -76.255 -89.988 0
      vertex -76.0123 -89.952 47
      vertex -76.255 -89.988 47
    endloop
  endfacet
  facet normal 0.146726 -0.989177 0
    outer loop
      vertex -76.0123 -89.952 47
      vertex -76.255 -89.988 0
      vertex -76.0123 -89.952 0
    endloop
  endfacet
  facet normal -0.595754 0.803167 0
    outer loop
      vertex -88.8889 -74.4213 0
      vertex -89.086 -74.5675 47
      vertex -88.8889 -74.4213 47
    endloop
  endfacet
  facet normal -0.595754 0.803167 0
    outer loop
      vertex -89.086 -74.5675 47
      vertex -88.8889 -74.4213 0
      vertex -89.086 -74.5675 0
    endloop
  endfacet
  facet normal 0.998803 -0.0489209 0
    outer loop
      vertex -74.012 -87.745 47
      vertex -74 -87.5 0
      vertex -74 -87.5 47
    endloop
  endfacet
  facet normal 0.998803 -0.0489209 0
    outer loop
      vertex -74 -87.5 0
      vertex -74.012 -87.745 47
      vertex -74.012 -87.745 0
    endloop
  endfacet
  facet normal 0.243303 -0.96995 0
    outer loop
      vertex -76.0123 -89.952 0
      vertex -75.7743 -89.8923 47
      vertex -76.0123 -89.952 47
    endloop
  endfacet
  facet normal 0.243303 -0.96995 0
    outer loop
      vertex -75.7743 -89.8923 47
      vertex -76.0123 -89.952 0
      vertex -75.7743 -89.8923 0
    endloop
  endfacet
  facet normal 0 0 1
    outer loop
      vertex -75.1762 -85.9422 47
      vertex -74 -87.5 47
      vertex -74 -86 47
    endloop
  endfacet
  facet normal 0 0 1
    outer loop
      vertex -74 -87.5 47
      vertex -75.1762 -85.9422 47
      vertex -74.012 -87.745 47
    endloop
  endfacet
  facet normal 0 0 1
    outer loop
      vertex -74.012 -87.745 47
      vertex -75.1762 -85.9422 47
      vertex -74.048 -87.9877 47
    endloop
  endfacet
  facet normal 0 0 1
    outer loop
      vertex -74.048 -87.9877 47
      vertex -75.1762 -85.9422 47
      vertex -74.1077 -88.2257 47
    endloop
  endfacet
  facet normal 0 0 1
    outer loop
      vertex -74.1077 -88.2257 47
      vertex -75.1762 -85.9422 47
      vertex -74.1903 -88.4567 47
    endloop
  endfacet
  facet normal 0 0 1
    outer loop
      vertex -74.1903 -88.4567 47
      vertex -75.1762 -85.9422 47
      vertex -74.2952 -88.6785 47
    endloop
  endfacet
  facet normal 0 0 1
    outer loop
      vertex -76.3411 -85.7694 47
      vertex -74.2952 -88.6785 47
      vertex -75.1762 -85.9422 47
    endloop
  endfacet
  facet normal 0 0 1
    outer loop
      vertex -74.2952 -88.6785 47
      vertex -76.3411 -85.7694 47
      vertex -74.4213 -88.8889 47
    endloop
  endfacet
  facet normal 0 0 1
    outer loop
      vertex -74.4213 -88.8889 47
      vertex -76.3411 -85.7694 47
      vertex -74.5675 -89.086 47
    endloop
  endfacet
  facet normal 0 0 1
    outer loop
      vertex -74.5675 -89.086 47
      vertex -76.3411 -85.7694 47
      vertex -74.7322 -89.2678 47
    endloop
  endfacet
  facet normal 0 0 1
    outer loop
      vertex -74.7322 -89.2678 47
      vertex -76.3411 -85.7694 47
      vertex -74.914 -89.4325 47
    endloop
  endfacet
  facet normal 0 0 1
    outer loop
      vertex -74.914 -89.4325 47
      vertex -76.3411 -85.7694 47
      vertex -75.1111 -89.5787 47
    endloop
  endfacet
  facet normal 0 0 1
    outer loop
      vertex -75.1111 -89.5787 47
      vertex -76.3411 -85.7694 47
      vertex -75.3215 -89.7048 47
    endloop
  endfacet
  facet normal 0 0 1
    outer loop
      vertex -75.3215 -89.7048 47
      vertex -76.3411 -85.7694 47
      vertex -75.5433 -89.8097 47
    endloop
  endfacet
  facet normal 0 0 1
    outer loop
      vertex -75.5433 -89.8097 47
      vertex -76.3411 -85.7694 47
      vertex -75.7743 -89.8923 47
    endloop
  endfacet
  facet normal 0 0 1
    outer loop
      vertex -75.7743 -89.8923 47
      vertex -76.3411 -85.7694 47
      vertex -76.0123 -89.952 47
    endloop
  endfacet
  facet normal 0 0 1
    outer loop
      vertex -76.0123 -89.952 47
      vertex -76.3411 -85.7694 47
      vertex -76.255 -89.988 47
    endloop
  endfacet
  facet normal 0 0 1
    outer loop
      vertex -76.3411 -85.7694 47
      vertex -76.5 -90 47
      vertex -76.255 -89.988 47
    endloop
  endfacet
  facet normal 0 0 1
    outer loop
      vertex -77.4834 -85.4833 47
      vertex -76.5 -90 47
      vertex -76.3411 -85.7694 47
    endloop
  endfacet
  facet normal 0 0 1
    outer loop
      vertex -78.5922 -85.0866 47
      vertex -76.5 -90 47
      vertex -77.4834 -85.4833 47
    endloop
  endfacet
  facet normal 0 0 1
    outer loop
      vertex -79.6568 -84.5831 47
      vertex -76.5 -90 47
      vertex -78.5922 -85.0866 47
    endloop
  endfacet
  facet normal 0 0 1
    outer loop
      vertex -87.5 -90 47
      vertex -79.6568 -84.5831 47
      vertex -80.6668 -83.9776 47
    endloop
  endfacet
  facet normal 0 0 1
    outer loop
      vertex -87.5 -90 47
      vertex -80.6668 -83.9776 47
      vertex -81.6127 -83.2761 47
    endloop
  endfacet
  facet normal 0 0 1
    outer loop
      vertex -87.5 -90 47
      vertex -81.6127 -83.2761 47
      vertex -82.4853 -82.4853 47
    endloop
  endfacet
  facet normal 0 0 1
    outer loop
      vertex -90 -87.5 47
      vertex -82.4853 -82.4853 47
      vertex -83.2761 -81.6127 47
    endloop
  endfacet
  facet normal -0 0 1
    outer loop
      vertex -87.5 -74 47
      vertex -85.9422 -75.1762 47
      vertex -86 -74 47
    endloop
  endfacet
  facet normal -0 0 1
    outer loop
      vertex -87.745 -74.012 47
      vertex -85.9422 -75.1762 47
      vertex -87.5 -74 47
    endloop
  endfacet
  facet normal -0 0 1
    outer loop
      vertex -87.9877 -74.048 47
      vertex -85.9422 -75.1762 47
      vertex -87.745 -74.012 47
    endloop
  endfacet
  facet normal -0 0 1
    outer loop
      vertex -88.2257 -74.1077 47
      vertex -85.9422 -75.1762 47
      vertex -87.9877 -74.048 47
    endloop
  endfacet
  facet normal 0 0 1
    outer loop
      vertex -85.4833 -77.4834 47
      vertex -90 -76.5 47
      vertex -85.0866 -78.5922 47
    endloop
  endfacet
  facet normal 0 0 1
    outer loop
      vertex -79.6568 -84.5831 47
      vertex -87.5 -90 47
      vertex -76.5 -90 47
    endloop
  endfacet
  facet normal 0 0 1
    outer loop
      vertex -90 -87.5 47
      vertex -83.2761 -81.6127 47
      vertex -83.9776 -80.6668 47
    endloop
  endfacet
  facet normal 0 0 1
    outer loop
      vertex -90 -87.5 47
      vertex -83.9776 -80.6668 47
      vertex -84.5831 -79.6568 47
    endloop
  endfacet
  facet normal 0 0 1
    outer loop
      vertex -85.0866 -78.5922 47
      vertex -90 -76.5 47
      vertex -84.5831 -79.6568 47
    endloop
  endfacet
  facet normal -0 0 1
    outer loop
      vertex -88.4567 -74.1903 47
      vertex -85.9422 -75.1762 47
      vertex -88.2257 -74.1077 47
    endloop
  endfacet
  facet normal 0 0 1
    outer loop
      vertex -90 -87.5 47
      vertex -84.5831 -79.6568 47
      vertex -90 -76.5 47
    endloop
  endfacet
  facet normal 0 0 1
    outer loop
      vertex -85.9422 -75.1762 47
      vertex -88.4567 -74.1903 47
      vertex -85.7694 -76.3411 47
    endloop
  endfacet
  facet normal 0 0 1
    outer loop
      vertex -82.4853 -82.4853 47
      vertex -90 -87.5 47
      vertex -87.5 -90 47
    endloop
  endfacet
  facet normal -0 0 1
    outer loop
      vertex -88.6785 -74.2952 47
      vertex -85.7694 -76.3411 47
      vertex -88.4567 -74.1903 47
    endloop
  endfacet
  facet normal 0 0 1
    outer loop
      vertex -87.5 -90 47
      vertex -90 -87.5 47
      vertex -87.745 -89.988 47
    endloop
  endfacet
  facet normal -0 0 1
    outer loop
      vertex -88.8889 -74.4213 47
      vertex -85.7694 -76.3411 47
      vertex -88.6785 -74.2952 47
    endloop
  endfacet
  facet normal 0 0 1
    outer loop
      vertex -87.745 -89.988 47
      vertex -90 -87.5 47
      vertex -87.9877 -89.952 47
    endloop
  endfacet
  facet normal -0 0 1
    outer loop
      vertex -89.086 -74.5675 47
      vertex -85.7694 -76.3411 47
      vertex -88.8889 -74.4213 47
    endloop
  endfacet
  facet normal 0 0 1
    outer loop
      vertex -87.9877 -89.952 47
      vertex -90 -87.5 47
      vertex -88.2257 -89.8923 47
    endloop
  endfacet
  facet normal -0 0 1
    outer loop
      vertex -89.2678 -74.7322 47
      vertex -85.7694 -76.3411 47
      vertex -89.086 -74.5675 47
    endloop
  endfacet
  facet normal 0 0 1
    outer loop
      vertex -88.2257 -89.8923 47
      vertex -90 -87.5 47
      vertex -88.4567 -89.8097 47
    endloop
  endfacet
  facet normal -0 0 1
    outer loop
      vertex -89.4325 -74.914 47
      vertex -85.7694 -76.3411 47
      vertex -89.2678 -74.7322 47
    endloop
  endfacet
  facet normal 0 0 1
    outer loop
      vertex -88.4567 -89.8097 47
      vertex -90 -87.5 47
      vertex -88.6785 -89.7048 47
    endloop
  endfacet
  facet normal -0 0 1
    outer loop
      vertex -89.5787 -75.1111 47
      vertex -85.7694 -76.3411 47
      vertex -89.4325 -74.914 47
    endloop
  endfacet
  facet normal 0 0 1
    outer loop
      vertex -88.6785 -89.7048 47
      vertex -90 -87.5 47
      vertex -88.8889 -89.5787 47
    endloop
  endfacet
  facet normal -0 0 1
    outer loop
      vertex -89.7048 -75.3215 47
      vertex -85.7694 -76.3411 47
      vertex -89.5787 -75.1111 47
    endloop
  endfacet
  facet normal 0 0 1
    outer loop
      vertex -88.8889 -89.5787 47
      vertex -90 -87.5 47
      vertex -89.086 -89.4325 47
    endloop
  endfacet
  facet normal -0 0 1
    outer loop
      vertex -89.8097 -75.5433 47
      vertex -85.7694 -76.3411 47
      vertex -89.7048 -75.3215 47
    endloop
  endfacet
  facet normal 0 0 1
    outer loop
      vertex -89.086 -89.4325 47
      vertex -90 -87.5 47
      vertex -89.2678 -89.2678 47
    endloop
  endfacet
  facet normal -0 0 1
    outer loop
      vertex -89.8923 -75.7743 47
      vertex -85.7694 -76.3411 47
      vertex -89.8097 -75.5433 47
    endloop
  endfacet
  facet normal 0 0 1
    outer loop
      vertex -89.2678 -89.2678 47
      vertex -90 -87.5 47
      vertex -89.4325 -89.086 47
    endloop
  endfacet
  facet normal -0 0 1
    outer loop
      vertex -89.952 -76.0123 47
      vertex -85.7694 -76.3411 47
      vertex -89.8923 -75.7743 47
    endloop
  endfacet
  facet normal 0 0 1
    outer loop
      vertex -89.4325 -89.086 47
      vertex -90 -87.5 47
      vertex -89.5787 -88.8889 47
    endloop
  endfacet
  facet normal 0 0 1
    outer loop
      vertex -85.7694 -76.3411 47
      vertex -90 -76.5 47
      vertex -85.4833 -77.4834 47
    endloop
  endfacet
  facet normal 0 0 1
    outer loop
      vertex -89.5787 -88.8889 47
      vertex -90 -87.5 47
      vertex -89.7048 -88.6785 47
    endloop
  endfacet
  facet normal -0 0 1
    outer loop
      vertex -89.988 -76.255 47
      vertex -85.7694 -76.3411 47
      vertex -89.952 -76.0123 47
    endloop
  endfacet
  facet normal 0 0 1
    outer loop
      vertex -89.7048 -88.6785 47
      vertex -90 -87.5 47
      vertex -89.8097 -88.4567 47
    endloop
  endfacet
  facet normal 0 0 1
    outer loop
      vertex -85.7694 -76.3411 47
      vertex -89.988 -76.255 47
      vertex -90 -76.5 47
    endloop
  endfacet
  facet normal 0 0 1
    outer loop
      vertex -89.8097 -88.4567 47
      vertex -90 -87.5 47
      vertex -89.8923 -88.2257 47
    endloop
  endfacet
  facet normal 0 0 1
    outer loop
      vertex -89.8923 -88.2257 47
      vertex -90 -87.5 47
      vertex -89.952 -87.9877 47
    endloop
  endfacet
  facet normal 0 0 1
    outer loop
      vertex -89.952 -87.9877 47
      vertex -90 -87.5 47
      vertex -89.988 -87.745 47
    endloop
  endfacet
  facet normal 0.989177 0.146726 0
    outer loop
      vertex -74.012 -76.255 45
      vertex -74.048 -76.0123 0
      vertex -74.048 -76.0123 45
    endloop
  endfacet
  facet normal 0.989177 0.146726 0
    outer loop
      vertex -74.048 -76.0123 0
      vertex -74.012 -76.255 45
      vertex -74.012 -76.255 0
    endloop
  endfacet
  facet normal -0.671394 0.741101 0
    outer loop
      vertex -89.086 -74.5675 0
      vertex -89.2678 -74.7322 47
      vertex -89.086 -74.5675 47
    endloop
  endfacet
  facet normal -0.671394 0.741101 0
    outer loop
      vertex -89.2678 -74.7322 47
      vertex -89.086 -74.5675 0
      vertex -89.2678 -74.7322 0
    endloop
  endfacet
  facet normal 0.803167 -0.595754 0
    outer loop
      vertex -74.5675 -89.086 47
      vertex -74.4213 -88.8889 0
      vertex -74.4213 -88.8889 47
    endloop
  endfacet
  facet normal 0.803167 -0.595754 0
    outer loop
      vertex -74.4213 -88.8889 0
      vertex -74.5675 -89.086 47
      vertex -74.5675 -89.086 0
    endloop
  endfacet
  facet normal 0.741101 -0.671394 0
    outer loop
      vertex -74.7322 -89.2678 47
      vertex -74.5675 -89.086 0
      vertex -74.5675 -89.086 47
    endloop
  endfacet
  facet normal 0.741101 -0.671394 0
    outer loop
      vertex -74.5675 -89.086 0
      vertex -74.7322 -89.2678 47
      vertex -74.7322 -89.2678 0
    endloop
  endfacet
  facet normal 0.989177 -0.146726 0
    outer loop
      vertex -74.048 -87.9877 47
      vertex -74.012 -87.745 0
      vertex -74.012 -87.745 47
    endloop
  endfacet
  facet normal 0.989177 -0.146726 0
    outer loop
      vertex -74.012 -87.745 0
      vertex -74.048 -87.9877 47
      vertex -74.048 -87.9877 0
    endloop
  endfacet
  facet normal -0.0489209 0.998803 0
    outer loop
      vertex -87.5 -74 0
      vertex -87.745 -74.012 47
      vertex -87.5 -74 47
    endloop
  endfacet
  facet normal -0.0489209 0.998803 0
    outer loop
      vertex -87.745 -74.012 47
      vertex -87.5 -74 0
      vertex -87.745 -74.012 0
    endloop
  endfacet
  facet normal -0.0489209 -0.998803 0
    outer loop
      vertex -87.745 -89.988 0
      vertex -87.5 -90 47
      vertex -87.745 -89.988 47
    endloop
  endfacet
  facet normal -0.0489209 -0.998803 -0
    outer loop
      vertex -87.5 -90 47
      vertex -87.745 -89.988 0
      vertex -87.5 -90 0
    endloop
  endfacet
  facet normal -0.336698 0.941613 0
    outer loop
      vertex -88.2257 -74.1077 0
      vertex -88.4567 -74.1903 47
      vertex -88.2257 -74.1077 47
    endloop
  endfacet
  facet normal -0.336698 0.941613 0
    outer loop
      vertex -88.4567 -74.1903 47
      vertex -88.2257 -74.1077 0
      vertex -88.4567 -74.1903 0
    endloop
  endfacet
  facet normal 0.0489209 -0.998803 0
    outer loop
      vertex -76.5 -90 0
      vertex -76.255 -89.988 47
      vertex -76.5 -90 47
    endloop
  endfacet
  facet normal 0.0489209 -0.998803 0
    outer loop
      vertex -76.255 -89.988 47
      vertex -76.5 -90 0
      vertex -76.255 -89.988 0
    endloop
  endfacet
  facet normal 0 -1 0
    outer loop
      vertex -87.5 -90 0
      vertex -76.5 -90 47
      vertex -87.5 -90 47
    endloop
  endfacet
  facet normal 0 -1 -0
    outer loop
      vertex -76.5 -90 47
      vertex -87.5 -90 0
      vertex -76.5 -90 0
    endloop
  endfacet
  facet normal 0.595754 0.803167 -0
    outer loop
      vertex -74.914 -74.5675 0
      vertex -75.1111 -74.4213 45
      vertex -74.914 -74.5675 45
    endloop
  endfacet
  facet normal 0.595754 0.803167 0
    outer loop
      vertex -75.1111 -74.4213 45
      vertex -74.914 -74.5675 0
      vertex -75.1111 -74.4213 0
    endloop
  endfacet
  facet normal 0.998803 0.0489209 0
    outer loop
      vertex -74 -76.5 45
      vertex -74.012 -76.255 0
      vertex -74.012 -76.255 45
    endloop
  endfacet
  facet normal 0.998803 0.0489209 0
    outer loop
      vertex -74.012 -76.255 0
      vertex -74 -76.5 45
      vertex -74 -76.5 0
    endloop
  endfacet
  facet normal 0.741101 0.671394 0
    outer loop
      vertex -74.5675 -74.914 45
      vertex -74.7322 -74.7322 0
      vertex -74.7322 -74.7322 45
    endloop
  endfacet
  facet normal 0.741101 0.671394 0
    outer loop
      vertex -74.7322 -74.7322 0
      vertex -74.5675 -74.914 45
      vertex -74.5675 -74.914 0
    endloop
  endfacet
  facet normal 0.0489209 0.998803 -0
    outer loop
      vertex -76.255 -74.012 0
      vertex -76.5 -74 45
      vertex -76.255 -74.012 45
    endloop
  endfacet
  facet normal 0.0489209 0.998803 0
    outer loop
      vertex -76.5 -74 45
      vertex -76.255 -74.012 0
      vertex -76.5 -74 0
    endloop
  endfacet
  facet normal -0.741101 0.671394 0
    outer loop
      vertex -89.4325 -74.914 0
      vertex -89.2678 -74.7322 47
      vertex -89.2678 -74.7322 0
    endloop
  endfacet
  facet normal -0.741101 0.671394 0
    outer loop
      vertex -89.2678 -74.7322 47
      vertex -89.4325 -74.914 0
      vertex -89.4325 -74.914 47
    endloop
  endfacet
  facet normal -0.514076 0.857745 0
    outer loop
      vertex -88.6785 -74.2952 0
      vertex -88.8889 -74.4213 47
      vertex -88.6785 -74.2952 47
    endloop
  endfacet
  facet normal -0.514076 0.857745 0
    outer loop
      vertex -88.8889 -74.4213 47
      vertex -88.6785 -74.2952 0
      vertex -88.8889 -74.4213 0
    endloop
  endfacet
  facet normal 0.857745 -0.514076 0
    outer loop
      vertex -74.4213 -88.8889 47
      vertex -74.2952 -88.6785 0
      vertex -74.2952 -88.6785 47
    endloop
  endfacet
  facet normal 0.857745 -0.514076 0
    outer loop
      vertex -74.2952 -88.6785 0
      vertex -74.4213 -88.8889 47
      vertex -74.4213 -88.8889 0
    endloop
  endfacet
  facet normal -0.427543 0.903995 0
    outer loop
      vertex -88.4567 -74.1903 0
      vertex -88.6785 -74.2952 47
      vertex -88.4567 -74.1903 47
    endloop
  endfacet
  facet normal -0.427543 0.903995 0
    outer loop
      vertex -88.6785 -74.2952 47
      vertex -88.4567 -74.1903 0
      vertex -88.6785 -74.2952 0
    endloop
  endfacet
  facet normal 0.903995 0.427543 0
    outer loop
      vertex -74.1903 -75.5433 45
      vertex -74.2952 -75.3215 0
      vertex -74.2952 -75.3215 45
    endloop
  endfacet
  facet normal 0.903995 0.427543 0
    outer loop
      vertex -74.2952 -75.3215 0
      vertex -74.1903 -75.5433 45
      vertex -74.1903 -75.5433 0
    endloop
  endfacet
  facet normal 0.671394 0.741101 -0
    outer loop
      vertex -74.7322 -74.7322 0
      vertex -74.914 -74.5675 45
      vertex -74.7322 -74.7322 45
    endloop
  endfacet
  facet normal 0.671394 0.741101 0
    outer loop
      vertex -74.914 -74.5675 45
      vertex -74.7322 -74.7322 0
      vertex -74.914 -74.5675 0
    endloop
  endfacet
  facet normal -0.803167 0.595754 0
    outer loop
      vertex -89.5787 -75.1111 0
      vertex -89.4325 -74.914 47
      vertex -89.4325 -74.914 0
    endloop
  endfacet
  facet normal -0.803167 0.595754 0
    outer loop
      vertex -89.4325 -74.914 47
      vertex -89.5787 -75.1111 0
      vertex -89.5787 -75.1111 47
    endloop
  endfacet
  facet normal 0.96995 -0.243303 0
    outer loop
      vertex -74.1077 -88.2257 47
      vertex -74.048 -87.9877 0
      vertex -74.048 -87.9877 47
    endloop
  endfacet
  facet normal 0.96995 -0.243303 0
    outer loop
      vertex -74.048 -87.9877 0
      vertex -74.1077 -88.2257 47
      vertex -74.1077 -88.2257 0
    endloop
  endfacet
  facet normal -0.803167 -0.595754 0
    outer loop
      vertex -89.4325 -89.086 0
      vertex -89.5787 -88.8889 47
      vertex -89.5787 -88.8889 0
    endloop
  endfacet
  facet normal -0.803167 -0.595754 0
    outer loop
      vertex -89.5787 -88.8889 47
      vertex -89.4325 -89.086 0
      vertex -89.4325 -89.086 47
    endloop
  endfacet
  facet normal -0.146726 0.989177 0
    outer loop
      vertex -87.745 -74.012 0
      vertex -87.9877 -74.048 47
      vertex -87.745 -74.012 47
    endloop
  endfacet
  facet normal -0.146726 0.989177 0
    outer loop
      vertex -87.9877 -74.048 47
      vertex -87.745 -74.012 0
      vertex -87.9877 -74.048 0
    endloop
  endfacet
  facet normal -0.903995 0.427543 0
    outer loop
      vertex -89.8097 -75.5433 0
      vertex -89.7048 -75.3215 47
      vertex -89.7048 -75.3215 0
    endloop
  endfacet
  facet normal -0.903995 0.427543 0
    outer loop
      vertex -89.7048 -75.3215 47
      vertex -89.8097 -75.5433 0
      vertex -89.8097 -75.5433 47
    endloop
  endfacet
  facet normal -0.941613 -0.336698 0
    outer loop
      vertex -89.8097 -88.4567 0
      vertex -89.8923 -88.2257 47
      vertex -89.8923 -88.2257 0
    endloop
  endfacet
  facet normal -0.941613 -0.336698 0
    outer loop
      vertex -89.8923 -88.2257 47
      vertex -89.8097 -88.4567 0
      vertex -89.8097 -88.4567 47
    endloop
  endfacet
  facet normal -0.989177 -0.146726 0
    outer loop
      vertex -89.952 -87.9877 0
      vertex -89.988 -87.745 47
      vertex -89.988 -87.745 0
    endloop
  endfacet
  facet normal -0.989177 -0.146726 0
    outer loop
      vertex -89.988 -87.745 47
      vertex -89.952 -87.9877 0
      vertex -89.952 -87.9877 47
    endloop
  endfacet
  facet normal -0.96995 -0.243303 0
    outer loop
      vertex -89.8923 -88.2257 0
      vertex -89.952 -87.9877 47
      vertex -89.952 -87.9877 0
    endloop
  endfacet
  facet normal -0.96995 -0.243303 0
    outer loop
      vertex -89.952 -87.9877 47
      vertex -89.8923 -88.2257 0
      vertex -89.8923 -88.2257 47
    endloop
  endfacet
  facet normal 0.671394 -0.741101 0
    outer loop
      vertex -74.914 -89.4325 0
      vertex -74.7322 -89.2678 47
      vertex -74.914 -89.4325 47
    endloop
  endfacet
  facet normal 0.671394 -0.741101 0
    outer loop
      vertex -74.7322 -89.2678 47
      vertex -74.914 -89.4325 0
      vertex -74.7322 -89.2678 0
    endloop
  endfacet
  facet normal 0.595754 -0.803167 0
    outer loop
      vertex -75.1111 -89.5787 0
      vertex -74.914 -89.4325 47
      vertex -75.1111 -89.5787 47
    endloop
  endfacet
  facet normal 0.595754 -0.803167 0
    outer loop
      vertex -74.914 -89.4325 47
      vertex -75.1111 -89.5787 0
      vertex -74.914 -89.4325 0
    endloop
  endfacet
  facet normal -0.989177 0.146726 0
    outer loop
      vertex -89.988 -76.255 0
      vertex -89.952 -76.0123 47
      vertex -89.952 -76.0123 0
    endloop
  endfacet
  facet normal -0.989177 0.146726 0
    outer loop
      vertex -89.952 -76.0123 47
      vertex -89.988 -76.255 0
      vertex -89.988 -76.255 47
    endloop
  endfacet
  facet normal -0.903995 -0.427543 0
    outer loop
      vertex -89.7048 -88.6785 0
      vertex -89.8097 -88.4567 47
      vertex -89.8097 -88.4567 0
    endloop
  endfacet
  facet normal -0.903995 -0.427543 0
    outer loop
      vertex -89.8097 -88.4567 47
      vertex -89.7048 -88.6785 0
      vertex -89.7048 -88.6785 47
    endloop
  endfacet
  facet normal -0.146726 -0.989177 0
    outer loop
      vertex -87.9877 -89.952 0
      vertex -87.745 -89.988 47
      vertex -87.9877 -89.952 47
    endloop
  endfacet
  facet normal -0.146726 -0.989177 -0
    outer loop
      vertex -87.745 -89.988 47
      vertex -87.9877 -89.952 0
      vertex -87.745 -89.988 0
    endloop
  endfacet
  facet normal -0.998803 0.0489209 0
    outer loop
      vertex -90 -76.5 0
      vertex -89.988 -76.255 47
      vertex -89.988 -76.255 0
    endloop
  endfacet
  facet normal -0.998803 0.0489209 0
    outer loop
      vertex -89.988 -76.255 47
      vertex -90 -76.5 0
      vertex -90 -76.5 47
    endloop
  endfacet
  facet normal 0 1 0
    outer loop
      vertex -76.5 -74 45
      vertex -76.5 -74 0
      vertex -86 -74 45
    endloop
  endfacet
  facet normal 0 1 -0
    outer loop
      vertex -86 -74 45
      vertex -87.5 -74 47
      vertex -86 -74 47
    endloop
  endfacet
  facet normal 0 1 0
    outer loop
      vertex -87.5 -74 0
      vertex -86 -74 45
      vertex -76.5 -74 0
    endloop
  endfacet
  facet normal 0 1 0
    outer loop
      vertex -86 -74 45
      vertex -87.5 -74 0
      vertex -87.5 -74 47
    endloop
  endfacet
  facet normal 0.336698 0.941613 -0
    outer loop
      vertex -75.5433 -74.1903 0
      vertex -75.7743 -74.1077 45
      vertex -75.5433 -74.1903 45
    endloop
  endfacet
  facet normal 0.336698 0.941613 0
    outer loop
      vertex -75.7743 -74.1077 45
      vertex -75.5433 -74.1903 0
      vertex -75.7743 -74.1077 0
    endloop
  endfacet
  facet normal 0.146726 0.989177 -0
    outer loop
      vertex -76.0123 -74.048 0
      vertex -76.255 -74.012 45
      vertex -76.0123 -74.048 45
    endloop
  endfacet
  facet normal 0.146726 0.989177 0
    outer loop
      vertex -76.255 -74.012 45
      vertex -76.0123 -74.048 0
      vertex -76.255 -74.012 0
    endloop
  endfacet
  facet normal 0.903995 -0.427543 0
    outer loop
      vertex -74.2952 -88.6785 47
      vertex -74.1903 -88.4567 0
      vertex -74.1903 -88.4567 47
    endloop
  endfacet
  facet normal 0.903995 -0.427543 0
    outer loop
      vertex -74.1903 -88.4567 0
      vertex -74.2952 -88.6785 47
      vertex -74.2952 -88.6785 0
    endloop
  endfacet
  facet normal 0.941613 -0.336698 0
    outer loop
      vertex -74.1903 -88.4567 47
      vertex -74.1077 -88.2257 0
      vertex -74.1077 -88.2257 47
    endloop
  endfacet
  facet normal 0.941613 -0.336698 0
    outer loop
      vertex -74.1077 -88.2257 0
      vertex -74.1903 -88.4567 47
      vertex -74.1903 -88.4567 0
    endloop
  endfacet
  facet normal 0.941613 0.336698 0
    outer loop
      vertex -74.1077 -75.7743 45
      vertex -74.1903 -75.5433 0
      vertex -74.1903 -75.5433 45
    endloop
  endfacet
  facet normal 0.941613 0.336698 0
    outer loop
      vertex -74.1903 -75.5433 0
      vertex -74.1077 -75.7743 45
      vertex -74.1077 -75.7743 0
    endloop
  endfacet
  facet normal 0.427543 0.903995 -0
    outer loop
      vertex -75.3215 -74.2952 0
      vertex -75.5433 -74.1903 45
      vertex -75.3215 -74.2952 45
    endloop
  endfacet
  facet normal 0.427543 0.903995 0
    outer loop
      vertex -75.5433 -74.1903 45
      vertex -75.3215 -74.2952 0
      vertex -75.5433 -74.1903 0
    endloop
  endfacet
  facet normal 0.243303 0.96995 -0
    outer loop
      vertex -75.7743 -74.1077 0
      vertex -76.0123 -74.048 45
      vertex -75.7743 -74.1077 45
    endloop
  endfacet
  facet normal 0.243303 0.96995 0
    outer loop
      vertex -76.0123 -74.048 45
      vertex -75.7743 -74.1077 0
      vertex -76.0123 -74.048 0
    endloop
  endfacet
  facet normal 0 0 -1
    outer loop
      vertex -76.5 -90 0
      vertex -74 -87.5 0
      vertex -74.012 -87.745 0
    endloop
  endfacet
  facet normal -0 0 -1
    outer loop
      vertex -74 -87.5 0
      vertex -76.5 -90 0
      vertex -74 -76.5 0
    endloop
  endfacet
  facet normal 0 0 -1
    outer loop
      vertex -76.5 -90 0
      vertex -74.012 -87.745 0
      vertex -74.048 -87.9877 0
    endloop
  endfacet
  facet normal 0 0 -1
    outer loop
      vertex -76.5 -74 0
      vertex -74 -76.5 0
      vertex -76.5 -90 0
    endloop
  endfacet
  facet normal 0 0 -1
    outer loop
      vertex -76.5 -90 0
      vertex -74.048 -87.9877 0
      vertex -74.1077 -88.2257 0
    endloop
  endfacet
  facet normal 0 0 -1
    outer loop
      vertex -74 -76.5 0
      vertex -76.5 -74 0
      vertex -74.012 -76.255 0
    endloop
  endfacet
  facet normal 0 0 -1
    outer loop
      vertex -76.5 -90 0
      vertex -74.1077 -88.2257 0
      vertex -74.1903 -88.4567 0
    endloop
  endfacet
  facet normal 0 0 -1
    outer loop
      vertex -74.012 -76.255 0
      vertex -76.5 -74 0
      vertex -74.048 -76.0123 0
    endloop
  endfacet
  facet normal 0 0 -1
    outer loop
      vertex -76.5 -90 0
      vertex -74.1903 -88.4567 0
      vertex -74.2952 -88.6785 0
    endloop
  endfacet
  facet normal 0 0 -1
    outer loop
      vertex -74.048 -76.0123 0
      vertex -76.5 -74 0
      vertex -74.1077 -75.7743 0
    endloop
  endfacet
  facet normal 0 0 -1
    outer loop
      vertex -76.5 -90 0
      vertex -74.2952 -88.6785 0
      vertex -74.4213 -88.8889 0
    endloop
  endfacet
  facet normal 0 0 -1
    outer loop
      vertex -74.1077 -75.7743 0
      vertex -76.5 -74 0
      vertex -74.1903 -75.5433 0
    endloop
  endfacet
  facet normal 0 0 -1
    outer loop
      vertex -76.5 -90 0
      vertex -74.4213 -88.8889 0
      vertex -74.5675 -89.086 0
    endloop
  endfacet
  facet normal 0 0 -1
    outer loop
      vertex -74.1903 -75.5433 0
      vertex -76.5 -74 0
      vertex -74.2952 -75.3215 0
    endloop
  endfacet
  facet normal 0 0 -1
    outer loop
      vertex -76.5 -90 0
      vertex -74.5675 -89.086 0
      vertex -74.7322 -89.2678 0
    endloop
  endfacet
  facet normal 0 0 -1
    outer loop
      vertex -74.2952 -75.3215 0
      vertex -76.5 -74 0
      vertex -74.4213 -75.1111 0
    endloop
  endfacet
  facet normal 0 0 -1
    outer loop
      vertex -76.5 -90 0
      vertex -74.7322 -89.2678 0
      vertex -74.914 -89.4325 0
    endloop
  endfacet
  facet normal 0 0 -1
    outer loop
      vertex -74.4213 -75.1111 0
      vertex -76.5 -74 0
      vertex -74.5675 -74.914 0
    endloop
  endfacet
  facet normal 0 0 -1
    outer loop
      vertex -76.5 -90 0
      vertex -74.914 -89.4325 0
      vertex -75.1111 -89.5787 0
    endloop
  endfacet
  facet normal 0 0 -1
    outer loop
      vertex -74.5675 -74.914 0
      vertex -76.5 -74 0
      vertex -74.7322 -74.7322 0
    endloop
  endfacet
  facet normal 0 0 -1
    outer loop
      vertex -76.5 -90 0
      vertex -75.1111 -89.5787 0
      vertex -75.3215 -89.7048 0
    endloop
  endfacet
  facet normal 0 0 -1
    outer loop
      vertex -74.7322 -74.7322 0
      vertex -76.5 -74 0
      vertex -74.914 -74.5675 0
    endloop
  endfacet
  facet normal 0 0 -1
    outer loop
      vertex -76.5 -90 0
      vertex -75.3215 -89.7048 0
      vertex -75.5433 -89.8097 0
    endloop
  endfacet
  facet normal 0 0 -1
    outer loop
      vertex -74.914 -74.5675 0
      vertex -76.5 -74 0
      vertex -75.1111 -74.4213 0
    endloop
  endfacet
  facet normal 0 0 -1
    outer loop
      vertex -76.5 -90 0
      vertex -75.5433 -89.8097 0
      vertex -75.7743 -89.8923 0
    endloop
  endfacet
  facet normal 0 0 -1
    outer loop
      vertex -75.1111 -74.4213 0
      vertex -76.5 -74 0
      vertex -75.3215 -74.2952 0
    endloop
  endfacet
  facet normal 0 0 -1
    outer loop
      vertex -76.5 -90 0
      vertex -75.7743 -89.8923 0
      vertex -76.0123 -89.952 0
    endloop
  endfacet
  facet normal 0 0 -1
    outer loop
      vertex -75.3215 -74.2952 0
      vertex -76.5 -74 0
      vertex -75.5433 -74.1903 0
    endloop
  endfacet
  facet normal 0 0 -1
    outer loop
      vertex -76.5 -90 0
      vertex -76.0123 -89.952 0
      vertex -76.255 -89.988 0
    endloop
  endfacet
  facet normal 0 0 -1
    outer loop
      vertex -75.5433 -74.1903 0
      vertex -76.5 -74 0
      vertex -75.7743 -74.1077 0
    endloop
  endfacet
  facet normal 0 0 -1
    outer loop
      vertex -75.7743 -74.1077 0
      vertex -76.5 -74 0
      vertex -76.0123 -74.048 0
    endloop
  endfacet
  facet normal 0 0 -1
    outer loop
      vertex -76.0123 -74.048 0
      vertex -76.5 -74 0
      vertex -76.255 -74.012 0
    endloop
  endfacet
  facet normal 0 0 -1
    outer loop
      vertex -87.5 -90 0
      vertex -76.5 -74 0
      vertex -76.5 -90 0
    endloop
  endfacet
  facet normal 0 0 -1
    outer loop
      vertex -87.5 -90 0
      vertex -87.5 -74 0
      vertex -76.5 -74 0
    endloop
  endfacet
  facet normal 0 0 -1
    outer loop
      vertex -90 -87.5 0
      vertex -87.5 -90 0
      vertex -87.745 -89.988 0
    endloop
  endfacet
  facet normal 0 0 -1
    outer loop
      vertex -87.5 -90 0
      vertex -90 -87.5 0
      vertex -87.5 -74 0
    endloop
  endfacet
  facet normal 0 0 -1
    outer loop
      vertex -90 -87.5 0
      vertex -87.745 -89.988 0
      vertex -87.9877 -89.952 0
    endloop
  endfacet
  facet normal 0 0 -1
    outer loop
      vertex -90 -76.5 0
      vertex -87.5 -74 0
      vertex -90 -87.5 0
    endloop
  endfacet
  facet normal 0 0 -1
    outer loop
      vertex -90 -87.5 0
      vertex -87.9877 -89.952 0
      vertex -88.2257 -89.8923 0
    endloop
  endfacet
  facet normal 0 0 -1
    outer loop
      vertex -87.5 -74 0
      vertex -90 -76.5 0
      vertex -87.745 -74.012 0
    endloop
  endfacet
  facet normal 0 0 -1
    outer loop
      vertex -90 -87.5 0
      vertex -88.2257 -89.8923 0
      vertex -88.4567 -89.8097 0
    endloop
  endfacet
  facet normal 0 0 -1
    outer loop
      vertex -87.745 -74.012 0
      vertex -90 -76.5 0
      vertex -87.9877 -74.048 0
    endloop
  endfacet
  facet normal 0 0 -1
    outer loop
      vertex -90 -87.5 0
      vertex -88.4567 -89.8097 0
      vertex -88.6785 -89.7048 0
    endloop
  endfacet
  facet normal 0 0 -1
    outer loop
      vertex -87.9877 -74.048 0
      vertex -90 -76.5 0
      vertex -88.2257 -74.1077 0
    endloop
  endfacet
  facet normal 0 0 -1
    outer loop
      vertex -90 -87.5 0
      vertex -88.6785 -89.7048 0
      vertex -88.8889 -89.5787 0
    endloop
  endfacet
  facet normal 0 0 -1
    outer loop
      vertex -88.2257 -74.1077 0
      vertex -90 -76.5 0
      vertex -88.4567 -74.1903 0
    endloop
  endfacet
  facet normal 0 0 -1
    outer loop
      vertex -90 -87.5 0
      vertex -88.8889 -89.5787 0
      vertex -89.086 -89.4325 0
    endloop
  endfacet
  facet normal 0 0 -1
    outer loop
      vertex -88.4567 -74.1903 0
      vertex -90 -76.5 0
      vertex -88.6785 -74.2952 0
    endloop
  endfacet
  facet normal 0 0 -1
    outer loop
      vertex -90 -87.5 0
      vertex -89.086 -89.4325 0
      vertex -89.2678 -89.2678 0
    endloop
  endfacet
  facet normal 0 0 -1
    outer loop
      vertex -88.6785 -74.2952 0
      vertex -90 -76.5 0
      vertex -88.8889 -74.4213 0
    endloop
  endfacet
  facet normal 0 0 -1
    outer loop
      vertex -90 -87.5 0
      vertex -89.2678 -89.2678 0
      vertex -89.4325 -89.086 0
    endloop
  endfacet
  facet normal 0 0 -1
    outer loop
      vertex -88.8889 -74.4213 0
      vertex -90 -76.5 0
      vertex -89.086 -74.5675 0
    endloop
  endfacet
  facet normal 0 0 -1
    outer loop
      vertex -90 -87.5 0
      vertex -89.4325 -89.086 0
      vertex -89.5787 -88.8889 0
    endloop
  endfacet
  facet normal 0 0 -1
    outer loop
      vertex -89.086 -74.5675 0
      vertex -90 -76.5 0
      vertex -89.2678 -74.7322 0
    endloop
  endfacet
  facet normal 0 0 -1
    outer loop
      vertex -90 -87.5 0
      vertex -89.5787 -88.8889 0
      vertex -89.7048 -88.6785 0
    endloop
  endfacet
  facet normal 0 0 -1
    outer loop
      vertex -89.2678 -74.7322 0
      vertex -90 -76.5 0
      vertex -89.4325 -74.914 0
    endloop
  endfacet
  facet normal 0 0 -1
    outer loop
      vertex -90 -87.5 0
      vertex -89.7048 -88.6785 0
      vertex -89.8097 -88.4567 0
    endloop
  endfacet
  facet normal 0 0 -1
    outer loop
      vertex -89.4325 -74.914 0
      vertex -90 -76.5 0
      vertex -89.5787 -75.1111 0
    endloop
  endfacet
  facet normal 0 0 -1
    outer loop
      vertex -90 -87.5 0
      vertex -89.8097 -88.4567 0
      vertex -89.8923 -88.2257 0
    endloop
  endfacet
  facet normal 0 0 -1
    outer loop
      vertex -89.5787 -75.1111 0
      vertex -90 -76.5 0
      vertex -89.7048 -75.3215 0
    endloop
  endfacet
  facet normal 0 0 -1
    outer loop
      vertex -90 -87.5 0
      vertex -89.8923 -88.2257 0
      vertex -89.952 -87.9877 0
    endloop
  endfacet
  facet normal 0 0 -1
    outer loop
      vertex -89.7048 -75.3215 0
      vertex -90 -76.5 0
      vertex -89.8097 -75.5433 0
    endloop
  endfacet
  facet normal 0 0 -1
    outer loop
      vertex -90 -87.5 0
      vertex -89.952 -87.9877 0
      vertex -89.988 -87.745 0
    endloop
  endfacet
  facet normal 0 0 -1
    outer loop
      vertex -89.8097 -75.5433 0
      vertex -90 -76.5 0
      vertex -89.8923 -75.7743 0
    endloop
  endfacet
  facet normal 0 0 -1
    outer loop
      vertex -89.8923 -75.7743 0
      vertex -90 -76.5 0
      vertex -89.952 -76.0123 0
    endloop
  endfacet
  facet normal 0 0 -1
    outer loop
      vertex -89.952 -76.0123 0
      vertex -90 -76.5 0
      vertex -89.988 -76.255 0
    endloop
  endfacet
  facet normal -0.998803 -0.0489209 0
    outer loop
      vertex -89.988 60.255 0
      vertex -90 60.5 47
      vertex -90 60.5 0
    endloop
  endfacet
  facet normal -0.998803 -0.0489209 0
    outer loop
      vertex -90 60.5 47
      vertex -89.988 60.255 0
      vertex -89.988 60.255 47
    endloop
  endfacet
  facet normal -0.427543 -0.903995 0
    outer loop
      vertex -88.6785 58.2952 0
      vertex -88.4567 58.1903 47
      vertex -88.6785 58.2952 47
    endloop
  endfacet
  facet normal -0.427543 -0.903995 -0
    outer loop
      vertex -88.4567 58.1903 47
      vertex -88.6785 58.2952 0
      vertex -88.4567 58.1903 0
    endloop
  endfacet
  facet normal -0.243303 -0.96995 0
    outer loop
      vertex -88.2257 58.1077 0
      vertex -87.9877 58.048 47
      vertex -88.2257 58.1077 47
    endloop
  endfacet
  facet normal -0.243303 -0.96995 -0
    outer loop
      vertex -87.9877 58.048 47
      vertex -88.2257 58.1077 0
      vertex -87.9877 58.048 0
    endloop
  endfacet
  facet normal 1 -0 0
    outer loop
      vertex -74 60.5 45
      vertex -74 71.5 0
      vertex -74 71.5 45
    endloop
  endfacet
  facet normal 1 0 0
    outer loop
      vertex -74 71.5 0
      vertex -74 60.5 45
      vertex -74 60.5 0
    endloop
  endfacet
  facet normal 0.514076 -0.857745 0
    outer loop
      vertex -75.3215 58.2952 0
      vertex -75.1111 58.4213 45
      vertex -75.3215 58.2952 45
    endloop
  endfacet
  facet normal 0.514076 -0.857745 0
    outer loop
      vertex -75.1111 58.4213 45
      vertex -75.3215 58.2952 0
      vertex -75.1111 58.4213 0
    endloop
  endfacet
  facet normal -0.941613 0.336698 0
    outer loop
      vertex -89.8923 72.2257 0
      vertex -89.8097 72.4567 47
      vertex -89.8097 72.4567 0
    endloop
  endfacet
  facet normal -0.941613 0.336698 0
    outer loop
      vertex -89.8097 72.4567 47
      vertex -89.8923 72.2257 0
      vertex -89.8923 72.2257 47
    endloop
  endfacet
  facet normal -0.336698 -0.941613 0
    outer loop
      vertex -88.4567 58.1903 0
      vertex -88.2257 58.1077 47
      vertex -88.4567 58.1903 47
    endloop
  endfacet
  facet normal -0.336698 -0.941613 -0
    outer loop
      vertex -88.2257 58.1077 47
      vertex -88.4567 58.1903 0
      vertex -88.2257 58.1077 0
    endloop
  endfacet
  facet normal -0.595754 -0.803167 0
    outer loop
      vertex -89.086 58.5675 0
      vertex -88.8889 58.4213 47
      vertex -89.086 58.5675 47
    endloop
  endfacet
  facet normal -0.595754 -0.803167 -0
    outer loop
      vertex -88.8889 58.4213 47
      vertex -89.086 58.5675 0
      vertex -88.8889 58.4213 0
    endloop
  endfacet
  facet normal -0.243303 0.96995 0
    outer loop
      vertex -87.9877 73.952 0
      vertex -88.2257 73.8923 47
      vertex -87.9877 73.952 47
    endloop
  endfacet
  facet normal -0.243303 0.96995 0
    outer loop
      vertex -88.2257 73.8923 47
      vertex -87.9877 73.952 0
      vertex -88.2257 73.8923 0
    endloop
  endfacet
  facet normal -0.857745 -0.514076 0
    outer loop
      vertex -89.5787 59.1111 0
      vertex -89.7048 59.3215 47
      vertex -89.7048 59.3215 0
    endloop
  endfacet
  facet normal -0.857745 -0.514076 0
    outer loop
      vertex -89.7048 59.3215 47
      vertex -89.5787 59.1111 0
      vertex -89.5787 59.1111 47
    endloop
  endfacet
  facet normal 0.803167 0.595754 0
    outer loop
      vertex -74.4213 72.8889 45
      vertex -74.5675 73.086 0
      vertex -74.5675 73.086 45
    endloop
  endfacet
  facet normal 0.803167 0.595754 0
    outer loop
      vertex -74.5675 73.086 0
      vertex -74.4213 72.8889 45
      vertex -74.4213 72.8889 0
    endloop
  endfacet
  facet normal -0.514076 -0.857745 0
    outer loop
      vertex -88.8889 58.4213 0
      vertex -88.6785 58.2952 47
      vertex -88.8889 58.4213 47
    endloop
  endfacet
  facet normal -0.514076 -0.857745 -0
    outer loop
      vertex -88.6785 58.2952 47
      vertex -88.8889 58.4213 0
      vertex -88.6785 58.2952 0
    endloop
  endfacet
  facet normal -0.96995 0.243303 0
    outer loop
      vertex -89.952 71.9877 0
      vertex -89.8923 72.2257 47
      vertex -89.8923 72.2257 0
    endloop
  endfacet
  facet normal -0.96995 0.243303 0
    outer loop
      vertex -89.8923 72.2257 47
      vertex -89.952 71.9877 0
      vertex -89.952 71.9877 47
    endloop
  endfacet
  facet normal -0.741101 -0.671394 0
    outer loop
      vertex -89.2678 58.7322 0
      vertex -89.4325 58.914 47
      vertex -89.4325 58.914 0
    endloop
  endfacet
  facet normal -0.741101 -0.671394 0
    outer loop
      vertex -89.4325 58.914 47
      vertex -89.2678 58.7322 0
      vertex -89.2678 58.7322 47
    endloop
  endfacet
  facet normal -1 0 0
    outer loop
      vertex -90 60.5 0
      vertex -90 71.5 47
      vertex -90 71.5 0
    endloop
  endfacet
  facet normal -1 -0 0
    outer loop
      vertex -90 71.5 47
      vertex -90 60.5 0
      vertex -90 60.5 47
    endloop
  endfacet
  facet normal 0.514076 0.857745 -0
    outer loop
      vertex -75.1111 73.5787 0
      vertex -75.3215 73.7048 45
      vertex -75.1111 73.5787 45
    endloop
  endfacet
  facet normal 0.514076 0.857745 0
    outer loop
      vertex -75.3215 73.7048 45
      vertex -75.1111 73.5787 0
      vertex -75.3215 73.7048 0
    endloop
  endfacet
  facet normal 0.96995 0.243303 0
    outer loop
      vertex -74.048 71.9877 45
      vertex -74.1077 72.2257 0
      vertex -74.1077 72.2257 45
    endloop
  endfacet
  facet normal 0.96995 0.243303 0
    outer loop
      vertex -74.1077 72.2257 0
      vertex -74.048 71.9877 45
      vertex -74.048 71.9877 0
    endloop
  endfacet
  facet normal 0.857745 0.514076 0
    outer loop
      vertex -74.2952 72.6785 45
      vertex -74.4213 72.8889 0
      vertex -74.4213 72.8889 45
    endloop
  endfacet
  facet normal 0.857745 0.514076 0
    outer loop
      vertex -74.4213 72.8889 0
      vertex -74.2952 72.6785 45
      vertex -74.2952 72.6785 0
    endloop
  endfacet
  facet normal -0.857745 0.514076 0
    outer loop
      vertex -89.7048 72.6785 0
      vertex -89.5787 72.8889 47
      vertex -89.5787 72.8889 0
    endloop
  endfacet
  facet normal -0.857745 0.514076 0
    outer loop
      vertex -89.5787 72.8889 47
      vertex -89.7048 72.6785 0
      vertex -89.7048 72.6785 47
    endloop
  endfacet
  facet normal 0.336698 -0.941613 0
    outer loop
      vertex -75.7743 58.1077 0
      vertex -75.5433 58.1903 45
      vertex -75.7743 58.1077 45
    endloop
  endfacet
  facet normal 0.336698 -0.941613 0
    outer loop
      vertex -75.5433 58.1903 45
      vertex -75.7743 58.1077 0
      vertex -75.5433 58.1903 0
    endloop
  endfacet
  facet normal -0.671394 -0.741101 0
    outer loop
      vertex -89.2678 58.7322 0
      vertex -89.086 58.5675 47
      vertex -89.2678 58.7322 47
    endloop
  endfacet
  facet normal -0.671394 -0.741101 -0
    outer loop
      vertex -89.086 58.5675 47
      vertex -89.2678 58.7322 0
      vertex -89.086 58.5675 0
    endloop
  endfacet
  facet normal 0.146726 -0.989177 0
    outer loop
      vertex -76.255 58.012 0
      vertex -76.0123 58.048 45
      vertex -76.255 58.012 45
    endloop
  endfacet
  facet normal 0.146726 -0.989177 0
    outer loop
      vertex -76.0123 58.048 45
      vertex -76.255 58.012 0
      vertex -76.0123 58.048 0
    endloop
  endfacet
  facet normal -0.595754 0.803167 0
    outer loop
      vertex -88.8889 73.5787 0
      vertex -89.086 73.4325 47
      vertex -88.8889 73.5787 47
    endloop
  endfacet
  facet normal -0.595754 0.803167 0
    outer loop
      vertex -89.086 73.4325 47
      vertex -88.8889 73.5787 0
      vertex -89.086 73.4325 0
    endloop
  endfacet
  facet normal 0.998803 -0.0489209 0
    outer loop
      vertex -74.012 60.255 45
      vertex -74 60.5 0
      vertex -74 60.5 45
    endloop
  endfacet
  facet normal 0.998803 -0.0489209 0
    outer loop
      vertex -74 60.5 0
      vertex -74.012 60.255 45
      vertex -74.012 60.255 0
    endloop
  endfacet
  facet normal 0 0 1
    outer loop
      vertex -90 71.5 47
      vertex -86 74 47
      vertex -87.5 74 47
    endloop
  endfacet
  facet normal 0 0 1
    outer loop
      vertex -86 74 47
      vertex -90 71.5 47
      vertex -86 58 47
    endloop
  endfacet
  facet normal 0 0 1
    outer loop
      vertex -90 71.5 47
      vertex -87.5 74 47
      vertex -87.745 73.988 47
    endloop
  endfacet
  facet normal -0 0 1
    outer loop
      vertex -90 60.5 47
      vertex -86 58 47
      vertex -90 71.5 47
    endloop
  endfacet
  facet normal 0 0 1
    outer loop
      vertex -90 71.5 47
      vertex -87.745 73.988 47
      vertex -87.9877 73.952 47
    endloop
  endfacet
  facet normal 0 0 1
    outer loop
      vertex -86 58 47
      vertex -90 60.5 47
      vertex -87.5 58 47
    endloop
  endfacet
  facet normal 0 0 1
    outer loop
      vertex -90 71.5 47
      vertex -87.9877 73.952 47
      vertex -88.2257 73.8923 47
    endloop
  endfacet
  facet normal 0 0 1
    outer loop
      vertex -87.5 58 47
      vertex -90 60.5 47
      vertex -87.745 58.012 47
    endloop
  endfacet
  facet normal 0 0 1
    outer loop
      vertex -90 71.5 47
      vertex -88.2257 73.8923 47
      vertex -88.4567 73.8097 47
    endloop
  endfacet
  facet normal 0 0 1
    outer loop
      vertex -87.745 58.012 47
      vertex -90 60.5 47
      vertex -87.9877 58.048 47
    endloop
  endfacet
  facet normal 0 0 1
    outer loop
      vertex -90 71.5 47
      vertex -88.4567 73.8097 47
      vertex -88.6785 73.7048 47
    endloop
  endfacet
  facet normal 0 0 1
    outer loop
      vertex -87.9877 58.048 47
      vertex -90 60.5 47
      vertex -88.2257 58.1077 47
    endloop
  endfacet
  facet normal 0 0 1
    outer loop
      vertex -90 71.5 47
      vertex -88.6785 73.7048 47
      vertex -88.8889 73.5787 47
    endloop
  endfacet
  facet normal 0 0 1
    outer loop
      vertex -88.2257 58.1077 47
      vertex -90 60.5 47
      vertex -88.4567 58.1903 47
    endloop
  endfacet
  facet normal 0 0 1
    outer loop
      vertex -90 71.5 47
      vertex -88.8889 73.5787 47
      vertex -89.086 73.4325 47
    endloop
  endfacet
  facet normal 0 0 1
    outer loop
      vertex -88.4567 58.1903 47
      vertex -90 60.5 47
      vertex -88.6785 58.2952 47
    endloop
  endfacet
  facet normal 0 0 1
    outer loop
      vertex -90 71.5 47
      vertex -89.086 73.4325 47
      vertex -89.2678 73.2678 47
    endloop
  endfacet
  facet normal 0 0 1
    outer loop
      vertex -88.6785 58.2952 47
      vertex -90 60.5 47
      vertex -88.8889 58.4213 47
    endloop
  endfacet
  facet normal 0 0 1
    outer loop
      vertex -90 71.5 47
      vertex -89.2678 73.2678 47
      vertex -89.4325 73.086 47
    endloop
  endfacet
  facet normal 0 0 1
    outer loop
      vertex -88.8889 58.4213 47
      vertex -90 60.5 47
      vertex -89.086 58.5675 47
    endloop
  endfacet
  facet normal 0 0 1
    outer loop
      vertex -90 71.5 47
      vertex -89.4325 73.086 47
      vertex -89.5787 72.8889 47
    endloop
  endfacet
  facet normal 0 0 1
    outer loop
      vertex -89.086 58.5675 47
      vertex -90 60.5 47
      vertex -89.2678 58.7322 47
    endloop
  endfacet
  facet normal 0 0 1
    outer loop
      vertex -90 71.5 47
      vertex -89.5787 72.8889 47
      vertex -89.7048 72.6785 47
    endloop
  endfacet
  facet normal 0 0 1
    outer loop
      vertex -89.2678 58.7322 47
      vertex -90 60.5 47
      vertex -89.4325 58.914 47
    endloop
  endfacet
  facet normal 0 0 1
    outer loop
      vertex -90 71.5 47
      vertex -89.7048 72.6785 47
      vertex -89.8097 72.4567 47
    endloop
  endfacet
  facet normal 0 0 1
    outer loop
      vertex -89.4325 58.914 47
      vertex -90 60.5 47
      vertex -89.5787 59.1111 47
    endloop
  endfacet
  facet normal 0 0 1
    outer loop
      vertex -90 71.5 47
      vertex -89.8097 72.4567 47
      vertex -89.8923 72.2257 47
    endloop
  endfacet
  facet normal 0 0 1
    outer loop
      vertex -89.5787 59.1111 47
      vertex -90 60.5 47
      vertex -89.7048 59.3215 47
    endloop
  endfacet
  facet normal 0 0 1
    outer loop
      vertex -90 71.5 47
      vertex -89.8923 72.2257 47
      vertex -89.952 71.9877 47
    endloop
  endfacet
  facet normal 0 0 1
    outer loop
      vertex -89.7048 59.3215 47
      vertex -90 60.5 47
      vertex -89.8097 59.5433 47
    endloop
  endfacet
  facet normal 0 0 1
    outer loop
      vertex -90 71.5 47
      vertex -89.952 71.9877 47
      vertex -89.988 71.745 47
    endloop
  endfacet
  facet normal 0 0 1
    outer loop
      vertex -89.8097 59.5433 47
      vertex -90 60.5 47
      vertex -89.8923 59.7743 47
    endloop
  endfacet
  facet normal 0 0 1
    outer loop
      vertex -89.8923 59.7743 47
      vertex -90 60.5 47
      vertex -89.952 60.0123 47
    endloop
  endfacet
  facet normal 0 0 1
    outer loop
      vertex -89.952 60.0123 47
      vertex -90 60.5 47
      vertex -89.988 60.255 47
    endloop
  endfacet
  facet normal 0.243303 -0.96995 0
    outer loop
      vertex -76.0123 58.048 0
      vertex -75.7743 58.1077 45
      vertex -76.0123 58.048 45
    endloop
  endfacet
  facet normal 0.243303 -0.96995 0
    outer loop
      vertex -75.7743 58.1077 45
      vertex -76.0123 58.048 0
      vertex -75.7743 58.1077 0
    endloop
  endfacet
  facet normal 0.989177 0.146726 0
    outer loop
      vertex -74.012 71.745 45
      vertex -74.048 71.9877 0
      vertex -74.048 71.9877 45
    endloop
  endfacet
  facet normal 0.989177 0.146726 0
    outer loop
      vertex -74.048 71.9877 0
      vertex -74.012 71.745 45
      vertex -74.012 71.745 0
    endloop
  endfacet
  facet normal -0.671394 0.741101 0
    outer loop
      vertex -89.086 73.4325 0
      vertex -89.2678 73.2678 47
      vertex -89.086 73.4325 47
    endloop
  endfacet
  facet normal -0.671394 0.741101 0
    outer loop
      vertex -89.2678 73.2678 47
      vertex -89.086 73.4325 0
      vertex -89.2678 73.2678 0
    endloop
  endfacet
  facet normal 0.803167 -0.595754 0
    outer loop
      vertex -74.5675 58.914 45
      vertex -74.4213 59.1111 0
      vertex -74.4213 59.1111 45
    endloop
  endfacet
  facet normal 0.803167 -0.595754 0
    outer loop
      vertex -74.4213 59.1111 0
      vertex -74.5675 58.914 45
      vertex -74.5675 58.914 0
    endloop
  endfacet
  facet normal 0.741101 -0.671394 0
    outer loop
      vertex -74.7322 58.7322 45
      vertex -74.5675 58.914 0
      vertex -74.5675 58.914 45
    endloop
  endfacet
  facet normal 0.741101 -0.671394 0
    outer loop
      vertex -74.5675 58.914 0
      vertex -74.7322 58.7322 45
      vertex -74.7322 58.7322 0
    endloop
  endfacet
  facet normal 0.989177 -0.146726 0
    outer loop
      vertex -74.048 60.0123 45
      vertex -74.012 60.255 0
      vertex -74.012 60.255 45
    endloop
  endfacet
  facet normal 0.989177 -0.146726 0
    outer loop
      vertex -74.012 60.255 0
      vertex -74.048 60.0123 45
      vertex -74.048 60.0123 0
    endloop
  endfacet
  facet normal -0.0489209 0.998803 0
    outer loop
      vertex -87.5 74 0
      vertex -87.745 73.988 47
      vertex -87.5 74 47
    endloop
  endfacet
  facet normal -0.0489209 0.998803 0
    outer loop
      vertex -87.745 73.988 47
      vertex -87.5 74 0
      vertex -87.745 73.988 0
    endloop
  endfacet
  facet normal -0.0489209 -0.998803 0
    outer loop
      vertex -87.745 58.012 0
      vertex -87.5 58 47
      vertex -87.745 58.012 47
    endloop
  endfacet
  facet normal -0.0489209 -0.998803 -0
    outer loop
      vertex -87.5 58 47
      vertex -87.745 58.012 0
      vertex -87.5 58 0
    endloop
  endfacet
  facet normal -0.336698 0.941613 0
    outer loop
      vertex -88.2257 73.8923 0
      vertex -88.4567 73.8097 47
      vertex -88.2257 73.8923 47
    endloop
  endfacet
  facet normal -0.336698 0.941613 0
    outer loop
      vertex -88.4567 73.8097 47
      vertex -88.2257 73.8923 0
      vertex -88.4567 73.8097 0
    endloop
  endfacet
  facet normal 0.0489209 -0.998803 0
    outer loop
      vertex -76.5 58 0
      vertex -76.255 58.012 45
      vertex -76.5 58 45
    endloop
  endfacet
  facet normal 0.0489209 -0.998803 0
    outer loop
      vertex -76.255 58.012 45
      vertex -76.5 58 0
      vertex -76.255 58.012 0
    endloop
  endfacet
  facet normal 0 -1 0
    outer loop
      vertex -87.5 58 47
      vertex -86 58 45
      vertex -86 58 47
    endloop
  endfacet
  facet normal 0 -1 0
    outer loop
      vertex -87.5 58 0
      vertex -86 58 45
      vertex -87.5 58 47
    endloop
  endfacet
  facet normal 0 -1 0
    outer loop
      vertex -76.5 58 0
      vertex -86 58 45
      vertex -87.5 58 0
    endloop
  endfacet
  facet normal 0 -1 0
    outer loop
      vertex -86 58 45
      vertex -76.5 58 0
      vertex -76.5 58 45
    endloop
  endfacet
  facet normal 0.595754 0.803167 -0
    outer loop
      vertex -74.914 73.4325 0
      vertex -75.1111 73.5787 45
      vertex -74.914 73.4325 45
    endloop
  endfacet
  facet normal 0.595754 0.803167 0
    outer loop
      vertex -75.1111 73.5787 45
      vertex -74.914 73.4325 0
      vertex -75.1111 73.5787 0
    endloop
  endfacet
  facet normal 0.998803 0.0489209 0
    outer loop
      vertex -74 71.5 45
      vertex -74.012 71.745 0
      vertex -74.012 71.745 45
    endloop
  endfacet
  facet normal 0.998803 0.0489209 0
    outer loop
      vertex -74.012 71.745 0
      vertex -74 71.5 45
      vertex -74 71.5 0
    endloop
  endfacet
  facet normal 0.741101 0.671394 0
    outer loop
      vertex -74.5675 73.086 45
      vertex -74.7322 73.2678 0
      vertex -74.7322 73.2678 45
    endloop
  endfacet
  facet normal 0.741101 0.671394 0
    outer loop
      vertex -74.7322 73.2678 0
      vertex -74.5675 73.086 45
      vertex -74.5675 73.086 0
    endloop
  endfacet
  facet normal 0.0489209 0.998803 -0
    outer loop
      vertex -76.255 73.988 0
      vertex -76.5 74 45
      vertex -76.255 73.988 45
    endloop
  endfacet
  facet normal 0.0489209 0.998803 0
    outer loop
      vertex -76.5 74 45
      vertex -76.255 73.988 0
      vertex -76.5 74 0
    endloop
  endfacet
  facet normal -0.741101 0.671394 0
    outer loop
      vertex -89.4325 73.086 0
      vertex -89.2678 73.2678 47
      vertex -89.2678 73.2678 0
    endloop
  endfacet
  facet normal -0.741101 0.671394 0
    outer loop
      vertex -89.2678 73.2678 47
      vertex -89.4325 73.086 0
      vertex -89.4325 73.086 47
    endloop
  endfacet
  facet normal -0.514076 0.857745 0
    outer loop
      vertex -88.6785 73.7048 0
      vertex -88.8889 73.5787 47
      vertex -88.6785 73.7048 47
    endloop
  endfacet
  facet normal -0.514076 0.857745 0
    outer loop
      vertex -88.8889 73.5787 47
      vertex -88.6785 73.7048 0
      vertex -88.8889 73.5787 0
    endloop
  endfacet
  facet normal 0.857745 -0.514076 0
    outer loop
      vertex -74.4213 59.1111 45
      vertex -74.2952 59.3215 0
      vertex -74.2952 59.3215 45
    endloop
  endfacet
  facet normal 0.857745 -0.514076 0
    outer loop
      vertex -74.2952 59.3215 0
      vertex -74.4213 59.1111 45
      vertex -74.4213 59.1111 0
    endloop
  endfacet
  facet normal -0.427543 0.903995 0
    outer loop
      vertex -88.4567 73.8097 0
      vertex -88.6785 73.7048 47
      vertex -88.4567 73.8097 47
    endloop
  endfacet
  facet normal -0.427543 0.903995 0
    outer loop
      vertex -88.6785 73.7048 47
      vertex -88.4567 73.8097 0
      vertex -88.6785 73.7048 0
    endloop
  endfacet
  facet normal 0.903995 0.427543 0
    outer loop
      vertex -74.1903 72.4567 45
      vertex -74.2952 72.6785 0
      vertex -74.2952 72.6785 45
    endloop
  endfacet
  facet normal 0.903995 0.427543 0
    outer loop
      vertex -74.2952 72.6785 0
      vertex -74.1903 72.4567 45
      vertex -74.1903 72.4567 0
    endloop
  endfacet
  facet normal 0.671394 0.741101 -0
    outer loop
      vertex -74.7322 73.2678 0
      vertex -74.914 73.4325 45
      vertex -74.7322 73.2678 45
    endloop
  endfacet
  facet normal 0.671394 0.741101 0
    outer loop
      vertex -74.914 73.4325 45
      vertex -74.7322 73.2678 0
      vertex -74.914 73.4325 0
    endloop
  endfacet
  facet normal -0.803167 0.595754 0
    outer loop
      vertex -89.5787 72.8889 0
      vertex -89.4325 73.086 47
      vertex -89.4325 73.086 0
    endloop
  endfacet
  facet normal -0.803167 0.595754 0
    outer loop
      vertex -89.4325 73.086 47
      vertex -89.5787 72.8889 0
      vertex -89.5787 72.8889 47
    endloop
  endfacet
  facet normal 0.96995 -0.243303 0
    outer loop
      vertex -74.1077 59.7743 45
      vertex -74.048 60.0123 0
      vertex -74.048 60.0123 45
    endloop
  endfacet
  facet normal 0.96995 -0.243303 0
    outer loop
      vertex -74.048 60.0123 0
      vertex -74.1077 59.7743 45
      vertex -74.1077 59.7743 0
    endloop
  endfacet
  facet normal -0.803167 -0.595754 0
    outer loop
      vertex -89.4325 58.914 0
      vertex -89.5787 59.1111 47
      vertex -89.5787 59.1111 0
    endloop
  endfacet
  facet normal -0.803167 -0.595754 0
    outer loop
      vertex -89.5787 59.1111 47
      vertex -89.4325 58.914 0
      vertex -89.4325 58.914 47
    endloop
  endfacet
  facet normal -0.146726 0.989177 0
    outer loop
      vertex -87.745 73.988 0
      vertex -87.9877 73.952 47
      vertex -87.745 73.988 47
    endloop
  endfacet
  facet normal -0.146726 0.989177 0
    outer loop
      vertex -87.9877 73.952 47
      vertex -87.745 73.988 0
      vertex -87.9877 73.952 0
    endloop
  endfacet
  facet normal -0.903995 0.427543 0
    outer loop
      vertex -89.8097 72.4567 0
      vertex -89.7048 72.6785 47
      vertex -89.7048 72.6785 0
    endloop
  endfacet
  facet normal -0.903995 0.427543 0
    outer loop
      vertex -89.7048 72.6785 47
      vertex -89.8097 72.4567 0
      vertex -89.8097 72.4567 47
    endloop
  endfacet
  facet normal -0.941613 -0.336698 0
    outer loop
      vertex -89.8097 59.5433 0
      vertex -89.8923 59.7743 47
      vertex -89.8923 59.7743 0
    endloop
  endfacet
  facet normal -0.941613 -0.336698 0
    outer loop
      vertex -89.8923 59.7743 47
      vertex -89.8097 59.5433 0
      vertex -89.8097 59.5433 47
    endloop
  endfacet
  facet normal -0.989177 -0.146726 0
    outer loop
      vertex -89.952 60.0123 0
      vertex -89.988 60.255 47
      vertex -89.988 60.255 0
    endloop
  endfacet
  facet normal -0.989177 -0.146726 0
    outer loop
      vertex -89.988 60.255 47
      vertex -89.952 60.0123 0
      vertex -89.952 60.0123 47
    endloop
  endfacet
  facet normal -0.96995 -0.243303 0
    outer loop
      vertex -89.8923 59.7743 0
      vertex -89.952 60.0123 47
      vertex -89.952 60.0123 0
    endloop
  endfacet
  facet normal -0.96995 -0.243303 0
    outer loop
      vertex -89.952 60.0123 47
      vertex -89.8923 59.7743 0
      vertex -89.8923 59.7743 47
    endloop
  endfacet
  facet normal 0.671394 -0.741101 0
    outer loop
      vertex -74.914 58.5675 0
      vertex -74.7322 58.7322 45
      vertex -74.914 58.5675 45
    endloop
  endfacet
  facet normal 0.671394 -0.741101 0
    outer loop
      vertex -74.7322 58.7322 45
      vertex -74.914 58.5675 0
      vertex -74.7322 58.7322 0
    endloop
  endfacet
  facet normal 0.595754 -0.803167 0
    outer loop
      vertex -75.1111 58.4213 0
      vertex -74.914 58.5675 45
      vertex -75.1111 58.4213 45
    endloop
  endfacet
  facet normal 0.595754 -0.803167 0
    outer loop
      vertex -74.914 58.5675 45
      vertex -75.1111 58.4213 0
      vertex -74.914 58.5675 0
    endloop
  endfacet
  facet normal -0.989177 0.146726 0
    outer loop
      vertex -89.988 71.745 0
      vertex -89.952 71.9877 47
      vertex -89.952 71.9877 0
    endloop
  endfacet
  facet normal -0.989177 0.146726 0
    outer loop
      vertex -89.952 71.9877 47
      vertex -89.988 71.745 0
      vertex -89.988 71.745 47
    endloop
  endfacet
  facet normal -0.903995 -0.427543 0
    outer loop
      vertex -89.7048 59.3215 0
      vertex -89.8097 59.5433 47
      vertex -89.8097 59.5433 0
    endloop
  endfacet
  facet normal -0.903995 -0.427543 0
    outer loop
      vertex -89.8097 59.5433 47
      vertex -89.7048 59.3215 0
      vertex -89.7048 59.3215 47
    endloop
  endfacet
  facet normal -0.146726 -0.989177 0
    outer loop
      vertex -87.9877 58.048 0
      vertex -87.745 58.012 47
      vertex -87.9877 58.048 47
    endloop
  endfacet
  facet normal -0.146726 -0.989177 -0
    outer loop
      vertex -87.745 58.012 47
      vertex -87.9877 58.048 0
      vertex -87.745 58.012 0
    endloop
  endfacet
  facet normal -0.998803 0.0489209 0
    outer loop
      vertex -90 71.5 0
      vertex -89.988 71.745 47
      vertex -89.988 71.745 0
    endloop
  endfacet
  facet normal -0.998803 0.0489209 0
    outer loop
      vertex -89.988 71.745 47
      vertex -90 71.5 0
      vertex -90 71.5 47
    endloop
  endfacet
  facet normal 0.427543 -0.903995 0
    outer loop
      vertex -75.5433 58.1903 0
      vertex -75.3215 58.2952 45
      vertex -75.5433 58.1903 45
    endloop
  endfacet
  facet normal 0.427543 -0.903995 0
    outer loop
      vertex -75.3215 58.2952 45
      vertex -75.5433 58.1903 0
      vertex -75.3215 58.2952 0
    endloop
  endfacet
  facet normal 0 1 0
    outer loop
      vertex -76.5 74 45
      vertex -76.5 74 0
      vertex -86 74 45
    endloop
  endfacet
  facet normal 0 1 -0
    outer loop
      vertex -86 74 45
      vertex -87.5 74 47
      vertex -86 74 47
    endloop
  endfacet
  facet normal 0 1 0
    outer loop
      vertex -87.5 74 0
      vertex -86 74 45
      vertex -76.5 74 0
    endloop
  endfacet
  facet normal 0 1 0
    outer loop
      vertex -86 74 45
      vertex -87.5 74 0
      vertex -87.5 74 47
    endloop
  endfacet
  facet normal 0.336698 0.941613 -0
    outer loop
      vertex -75.5433 73.8097 0
      vertex -75.7743 73.8923 45
      vertex -75.5433 73.8097 45
    endloop
  endfacet
  facet normal 0.336698 0.941613 0
    outer loop
      vertex -75.7743 73.8923 45
      vertex -75.5433 73.8097 0
      vertex -75.7743 73.8923 0
    endloop
  endfacet
  facet normal 0.146726 0.989177 -0
    outer loop
      vertex -76.0123 73.952 0
      vertex -76.255 73.988 45
      vertex -76.0123 73.952 45
    endloop
  endfacet
  facet normal 0.146726 0.989177 0
    outer loop
      vertex -76.255 73.988 45
      vertex -76.0123 73.952 0
      vertex -76.255 73.988 0
    endloop
  endfacet
  facet normal 0.903995 -0.427543 0
    outer loop
      vertex -74.2952 59.3215 45
      vertex -74.1903 59.5433 0
      vertex -74.1903 59.5433 45
    endloop
  endfacet
  facet normal 0.903995 -0.427543 0
    outer loop
      vertex -74.1903 59.5433 0
      vertex -74.2952 59.3215 45
      vertex -74.2952 59.3215 0
    endloop
  endfacet
  facet normal 0.941613 -0.336698 0
    outer loop
      vertex -74.1903 59.5433 45
      vertex -74.1077 59.7743 0
      vertex -74.1077 59.7743 45
    endloop
  endfacet
  facet normal 0.941613 -0.336698 0
    outer loop
      vertex -74.1077 59.7743 0
      vertex -74.1903 59.5433 45
      vertex -74.1903 59.5433 0
    endloop
  endfacet
  facet normal 0.941613 0.336698 0
    outer loop
      vertex -74.1077 72.2257 45
      vertex -74.1903 72.4567 0
      vertex -74.1903 72.4567 45
    endloop
  endfacet
  facet normal 0.941613 0.336698 0
    outer loop
      vertex -74.1903 72.4567 0
      vertex -74.1077 72.2257 45
      vertex -74.1077 72.2257 0
    endloop
  endfacet
  facet normal 0.427543 0.903995 -0
    outer loop
      vertex -75.3215 73.7048 0
      vertex -75.5433 73.8097 45
      vertex -75.3215 73.7048 45
    endloop
  endfacet
  facet normal 0.427543 0.903995 0
    outer loop
      vertex -75.5433 73.8097 45
      vertex -75.3215 73.7048 0
      vertex -75.5433 73.8097 0
    endloop
  endfacet
  facet normal 0.243303 0.96995 -0
    outer loop
      vertex -75.7743 73.8923 0
      vertex -76.0123 73.952 45
      vertex -75.7743 73.8923 45
    endloop
  endfacet
  facet normal 0.243303 0.96995 0
    outer loop
      vertex -76.0123 73.952 45
      vertex -75.7743 73.8923 0
      vertex -76.0123 73.952 0
    endloop
  endfacet
  facet normal 0 0 -1
    outer loop
      vertex -76.5 58 0
      vertex -74 60.5 0
      vertex -74.012 60.255 0
    endloop
  endfacet
  facet normal -0 0 -1
    outer loop
      vertex -74 60.5 0
      vertex -76.5 58 0
      vertex -74 71.5 0
    endloop
  endfacet
  facet normal 0 0 -1
    outer loop
      vertex -76.5 58 0
      vertex -74.012 60.255 0
      vertex -74.048 60.0123 0
    endloop
  endfacet
  facet normal 0 0 -1
    outer loop
      vertex -76.5 74 0
      vertex -74 71.5 0
      vertex -76.5 58 0
    endloop
  endfacet
  facet normal 0 0 -1
    outer loop
      vertex -76.5 58 0
      vertex -74.048 60.0123 0
      vertex -74.1077 59.7743 0
    endloop
  endfacet
  facet normal 0 0 -1
    outer loop
      vertex -74 71.5 0
      vertex -76.5 74 0
      vertex -74.012 71.745 0
    endloop
  endfacet
  facet normal 0 0 -1
    outer loop
      vertex -76.5 58 0
      vertex -74.1077 59.7743 0
      vertex -74.1903 59.5433 0
    endloop
  endfacet
  facet normal 0 0 -1
    outer loop
      vertex -74.012 71.745 0
      vertex -76.5 74 0
      vertex -74.048 71.9877 0
    endloop
  endfacet
  facet normal 0 0 -1
    outer loop
      vertex -76.5 58 0
      vertex -74.1903 59.5433 0
      vertex -74.2952 59.3215 0
    endloop
  endfacet
  facet normal 0 0 -1
    outer loop
      vertex -74.048 71.9877 0
      vertex -76.5 74 0
      vertex -74.1077 72.2257 0
    endloop
  endfacet
  facet normal 0 0 -1
    outer loop
      vertex -76.5 58 0
      vertex -74.2952 59.3215 0
      vertex -74.4213 59.1111 0
    endloop
  endfacet
  facet normal 0 0 -1
    outer loop
      vertex -74.1077 72.2257 0
      vertex -76.5 74 0
      vertex -74.1903 72.4567 0
    endloop
  endfacet
  facet normal 0 0 -1
    outer loop
      vertex -76.5 58 0
      vertex -74.4213 59.1111 0
      vertex -74.5675 58.914 0
    endloop
  endfacet
  facet normal 0 0 -1
    outer loop
      vertex -74.1903 72.4567 0
      vertex -76.5 74 0
      vertex -74.2952 72.6785 0
    endloop
  endfacet
  facet normal 0 0 -1
    outer loop
      vertex -76.5 58 0
      vertex -74.5675 58.914 0
      vertex -74.7322 58.7322 0
    endloop
  endfacet
  facet normal 0 0 -1
    outer loop
      vertex -74.2952 72.6785 0
      vertex -76.5 74 0
      vertex -74.4213 72.8889 0
    endloop
  endfacet
  facet normal 0 0 -1
    outer loop
      vertex -76.5 58 0
      vertex -74.7322 58.7322 0
      vertex -74.914 58.5675 0
    endloop
  endfacet
  facet normal 0 0 -1
    outer loop
      vertex -74.4213 72.8889 0
      vertex -76.5 74 0
      vertex -74.5675 73.086 0
    endloop
  endfacet
  facet normal 0 0 -1
    outer loop
      vertex -76.5 58 0
      vertex -74.914 58.5675 0
      vertex -75.1111 58.4213 0
    endloop
  endfacet
  facet normal 0 0 -1
    outer loop
      vertex -74.5675 73.086 0
      vertex -76.5 74 0
      vertex -74.7322 73.2678 0
    endloop
  endfacet
  facet normal 0 0 -1
    outer loop
      vertex -76.5 58 0
      vertex -75.1111 58.4213 0
      vertex -75.3215 58.2952 0
    endloop
  endfacet
  facet normal 0 0 -1
    outer loop
      vertex -74.7322 73.2678 0
      vertex -76.5 74 0
      vertex -74.914 73.4325 0
    endloop
  endfacet
  facet normal 0 0 -1
    outer loop
      vertex -76.5 58 0
      vertex -75.3215 58.2952 0
      vertex -75.5433 58.1903 0
    endloop
  endfacet
  facet normal 0 0 -1
    outer loop
      vertex -74.914 73.4325 0
      vertex -76.5 74 0
      vertex -75.1111 73.5787 0
    endloop
  endfacet
  facet normal 0 0 -1
    outer loop
      vertex -76.5 58 0
      vertex -75.5433 58.1903 0
      vertex -75.7743 58.1077 0
    endloop
  endfacet
  facet normal 0 0 -1
    outer loop
      vertex -75.1111 73.5787 0
      vertex -76.5 74 0
      vertex -75.3215 73.7048 0
    endloop
  endfacet
  facet normal 0 0 -1
    outer loop
      vertex -76.5 58 0
      vertex -75.7743 58.1077 0
      vertex -76.0123 58.048 0
    endloop
  endfacet
  facet normal 0 0 -1
    outer loop
      vertex -75.3215 73.7048 0
      vertex -76.5 74 0
      vertex -75.5433 73.8097 0
    endloop
  endfacet
  facet normal 0 0 -1
    outer loop
      vertex -76.5 58 0
      vertex -76.0123 58.048 0
      vertex -76.255 58.012 0
    endloop
  endfacet
  facet normal 0 0 -1
    outer loop
      vertex -75.5433 73.8097 0
      vertex -76.5 74 0
      vertex -75.7743 73.8923 0
    endloop
  endfacet
  facet normal 0 0 -1
    outer loop
      vertex -75.7743 73.8923 0
      vertex -76.5 74 0
      vertex -76.0123 73.952 0
    endloop
  endfacet
  facet normal 0 0 -1
    outer loop
      vertex -76.0123 73.952 0
      vertex -76.5 74 0
      vertex -76.255 73.988 0
    endloop
  endfacet
  facet normal 0 0 -1
    outer loop
      vertex -87.5 58 0
      vertex -76.5 74 0
      vertex -76.5 58 0
    endloop
  endfacet
  facet normal 0 0 -1
    outer loop
      vertex -87.5 58 0
      vertex -87.5 74 0
      vertex -76.5 74 0
    endloop
  endfacet
  facet normal 0 0 -1
    outer loop
      vertex -90 60.5 0
      vertex -87.5 58 0
      vertex -87.745 58.012 0
    endloop
  endfacet
  facet normal 0 0 -1
    outer loop
      vertex -87.5 58 0
      vertex -90 60.5 0
      vertex -87.5 74 0
    endloop
  endfacet
  facet normal 0 0 -1
    outer loop
      vertex -90 60.5 0
      vertex -87.745 58.012 0
      vertex -87.9877 58.048 0
    endloop
  endfacet
  facet normal 0 0 -1
    outer loop
      vertex -90 71.5 0
      vertex -87.5 74 0
      vertex -90 60.5 0
    endloop
  endfacet
  facet normal 0 0 -1
    outer loop
      vertex -90 60.5 0
      vertex -87.9877 58.048 0
      vertex -88.2257 58.1077 0
    endloop
  endfacet
  facet normal 0 0 -1
    outer loop
      vertex -87.5 74 0
      vertex -90 71.5 0
      vertex -87.745 73.988 0
    endloop
  endfacet
  facet normal 0 0 -1
    outer loop
      vertex -90 60.5 0
      vertex -88.2257 58.1077 0
      vertex -88.4567 58.1903 0
    endloop
  endfacet
  facet normal 0 0 -1
    outer loop
      vertex -87.745 73.988 0
      vertex -90 71.5 0
      vertex -87.9877 73.952 0
    endloop
  endfacet
  facet normal 0 0 -1
    outer loop
      vertex -90 60.5 0
      vertex -88.4567 58.1903 0
      vertex -88.6785 58.2952 0
    endloop
  endfacet
  facet normal 0 0 -1
    outer loop
      vertex -87.9877 73.952 0
      vertex -90 71.5 0
      vertex -88.2257 73.8923 0
    endloop
  endfacet
  facet normal 0 0 -1
    outer loop
      vertex -90 60.5 0
      vertex -88.6785 58.2952 0
      vertex -88.8889 58.4213 0
    endloop
  endfacet
  facet normal 0 0 -1
    outer loop
      vertex -88.2257 73.8923 0
      vertex -90 71.5 0
      vertex -88.4567 73.8097 0
    endloop
  endfacet
  facet normal 0 0 -1
    outer loop
      vertex -90 60.5 0
      vertex -88.8889 58.4213 0
      vertex -89.086 58.5675 0
    endloop
  endfacet
  facet normal 0 0 -1
    outer loop
      vertex -88.4567 73.8097 0
      vertex -90 71.5 0
      vertex -88.6785 73.7048 0
    endloop
  endfacet
  facet normal 0 0 -1
    outer loop
      vertex -90 60.5 0
      vertex -89.086 58.5675 0
      vertex -89.2678 58.7322 0
    endloop
  endfacet
  facet normal 0 0 -1
    outer loop
      vertex -88.6785 73.7048 0
      vertex -90 71.5 0
      vertex -88.8889 73.5787 0
    endloop
  endfacet
  facet normal 0 0 -1
    outer loop
      vertex -90 60.5 0
      vertex -89.2678 58.7322 0
      vertex -89.4325 58.914 0
    endloop
  endfacet
  facet normal 0 0 -1
    outer loop
      vertex -88.8889 73.5787 0
      vertex -90 71.5 0
      vertex -89.086 73.4325 0
    endloop
  endfacet
  facet normal 0 0 -1
    outer loop
      vertex -90 60.5 0
      vertex -89.4325 58.914 0
      vertex -89.5787 59.1111 0
    endloop
  endfacet
  facet normal 0 0 -1
    outer loop
      vertex -89.086 73.4325 0
      vertex -90 71.5 0
      vertex -89.2678 73.2678 0
    endloop
  endfacet
  facet normal 0 0 -1
    outer loop
      vertex -90 60.5 0
      vertex -89.5787 59.1111 0
      vertex -89.7048 59.3215 0
    endloop
  endfacet
  facet normal 0 0 -1
    outer loop
      vertex -89.2678 73.2678 0
      vertex -90 71.5 0
      vertex -89.4325 73.086 0
    endloop
  endfacet
  facet normal 0 0 -1
    outer loop
      vertex -90 60.5 0
      vertex -89.7048 59.3215 0
      vertex -89.8097 59.5433 0
    endloop
  endfacet
  facet normal 0 0 -1
    outer loop
      vertex -89.4325 73.086 0
      vertex -90 71.5 0
      vertex -89.5787 72.8889 0
    endloop
  endfacet
  facet normal 0 0 -1
    outer loop
      vertex -90 60.5 0
      vertex -89.8097 59.5433 0
      vertex -89.8923 59.7743 0
    endloop
  endfacet
  facet normal 0 0 -1
    outer loop
      vertex -89.5787 72.8889 0
      vertex -90 71.5 0
      vertex -89.7048 72.6785 0
    endloop
  endfacet
  facet normal 0 0 -1
    outer loop
      vertex -90 60.5 0
      vertex -89.8923 59.7743 0
      vertex -89.952 60.0123 0
    endloop
  endfacet
  facet normal 0 0 -1
    outer loop
      vertex -89.7048 72.6785 0
      vertex -90 71.5 0
      vertex -89.8097 72.4567 0
    endloop
  endfacet
  facet normal 0 0 -1
    outer loop
      vertex -90 60.5 0
      vertex -89.952 60.0123 0
      vertex -89.988 60.255 0
    endloop
  endfacet
  facet normal 0 0 -1
    outer loop
      vertex -89.8097 72.4567 0
      vertex -90 71.5 0
      vertex -89.8923 72.2257 0
    endloop
  endfacet
  facet normal 0 0 -1
    outer loop
      vertex -89.8923 72.2257 0
      vertex -90 71.5 0
      vertex -89.952 71.9877 0
    endloop
  endfacet
  facet normal 0 0 -1
    outer loop
      vertex -89.952 71.9877 0
      vertex -90 71.5 0
      vertex -89.988 71.745 0
    endloop
  endfacet
  facet normal -0.998803 -0.0489209 0
    outer loop
      vertex 58.012 -87.745 0
      vertex 58 -87.5 47
      vertex 58 -87.5 0
    endloop
  endfacet
  facet normal -0.998803 -0.0489209 0
    outer loop
      vertex 58 -87.5 47
      vertex 58.012 -87.745 0
      vertex 58.012 -87.745 47
    endloop
  endfacet
  facet normal -0.427543 -0.903995 0
    outer loop
      vertex 59.3215 -89.7048 0
      vertex 59.5433 -89.8097 47
      vertex 59.3215 -89.7048 47
    endloop
  endfacet
  facet normal -0.427543 -0.903995 -0
    outer loop
      vertex 59.5433 -89.8097 47
      vertex 59.3215 -89.7048 0
      vertex 59.5433 -89.8097 0
    endloop
  endfacet
  facet normal 0.857745 0.514076 0
    outer loop
      vertex 73.7048 -75.3215 45
      vertex 73.5787 -75.1111 0
      vertex 73.5787 -75.1111 45
    endloop
  endfacet
  facet normal 0.857745 0.514076 0
    outer loop
      vertex 73.5787 -75.1111 0
      vertex 73.7048 -75.3215 45
      vertex 73.7048 -75.3215 0
    endloop
  endfacet
  facet normal -0.243303 -0.96995 0
    outer loop
      vertex 59.7743 -89.8923 0
      vertex 60.0123 -89.952 47
      vertex 59.7743 -89.8923 47
    endloop
  endfacet
  facet normal -0.243303 -0.96995 -0
    outer loop
      vertex 60.0123 -89.952 47
      vertex 59.7743 -89.8923 0
      vertex 60.0123 -89.952 0
    endloop
  endfacet
  facet normal 1 0 0
    outer loop
      vertex 74 -86 47
      vertex 74 -87.5 47
      vertex 74 -86 45
    endloop
  endfacet
  facet normal 1 -0 0
    outer loop
      vertex 74 -86 45
      vertex 74 -76.5 0
      vertex 74 -76.5 45
    endloop
  endfacet
  facet normal 1 0 0
    outer loop
      vertex 74 -87.5 0
      vertex 74 -86 45
      vertex 74 -87.5 47
    endloop
  endfacet
  facet normal 1 0 0
    outer loop
      vertex 74 -86 45
      vertex 74 -87.5 0
      vertex 74 -76.5 0
    endloop
  endfacet
  facet normal 0.514076 -0.857745 0
    outer loop
      vertex 72.6785 -89.7048 0
      vertex 72.8889 -89.5787 47
      vertex 72.6785 -89.7048 47
    endloop
  endfacet
  facet normal 0.514076 -0.857745 0
    outer loop
      vertex 72.8889 -89.5787 47
      vertex 72.6785 -89.7048 0
      vertex 72.8889 -89.5787 0
    endloop
  endfacet
  facet normal -0.941613 0.336698 0
    outer loop
      vertex 58.1077 -75.7743 0
      vertex 58.1903 -75.5433 45
      vertex 58.1903 -75.5433 0
    endloop
  endfacet
  facet normal -0.941613 0.336698 0
    outer loop
      vertex 58.1903 -75.5433 45
      vertex 58.1077 -75.7743 0
      vertex 58.1077 -75.7743 45
    endloop
  endfacet
  facet normal -0.336698 -0.941613 0
    outer loop
      vertex 59.5433 -89.8097 0
      vertex 59.7743 -89.8923 47
      vertex 59.5433 -89.8097 47
    endloop
  endfacet
  facet normal -0.336698 -0.941613 -0
    outer loop
      vertex 59.7743 -89.8923 47
      vertex 59.5433 -89.8097 0
      vertex 59.7743 -89.8923 0
    endloop
  endfacet
  facet normal 0.427543 -0.903995 0
    outer loop
      vertex 72.4567 -89.8097 0
      vertex 72.6785 -89.7048 47
      vertex 72.4567 -89.8097 47
    endloop
  endfacet
  facet normal 0.427543 -0.903995 0
    outer loop
      vertex 72.6785 -89.7048 47
      vertex 72.4567 -89.8097 0
      vertex 72.6785 -89.7048 0
    endloop
  endfacet
  facet normal -0.595754 -0.803167 0
    outer loop
      vertex 58.914 -89.4325 0
      vertex 59.1111 -89.5787 47
      vertex 58.914 -89.4325 47
    endloop
  endfacet
  facet normal -0.595754 -0.803167 -0
    outer loop
      vertex 59.1111 -89.5787 47
      vertex 58.914 -89.4325 0
      vertex 59.1111 -89.5787 0
    endloop
  endfacet
  facet normal -0.243303 0.96995 0
    outer loop
      vertex 60.0123 -74.048 0
      vertex 59.7743 -74.1077 45
      vertex 60.0123 -74.048 45
    endloop
  endfacet
  facet normal -0.243303 0.96995 0
    outer loop
      vertex 59.7743 -74.1077 45
      vertex 60.0123 -74.048 0
      vertex 59.7743 -74.1077 0
    endloop
  endfacet
  facet normal -0.857745 -0.514076 0
    outer loop
      vertex 58.4213 -88.8889 0
      vertex 58.2952 -88.6785 47
      vertex 58.2952 -88.6785 0
    endloop
  endfacet
  facet normal -0.857745 -0.514076 0
    outer loop
      vertex 58.2952 -88.6785 47
      vertex 58.4213 -88.8889 0
      vertex 58.4213 -88.8889 47
    endloop
  endfacet
  facet normal 0.803167 0.595754 0
    outer loop
      vertex 73.5787 -75.1111 45
      vertex 73.4325 -74.914 0
      vertex 73.4325 -74.914 45
    endloop
  endfacet
  facet normal 0.803167 0.595754 0
    outer loop
      vertex 73.4325 -74.914 0
      vertex 73.5787 -75.1111 45
      vertex 73.5787 -75.1111 0
    endloop
  endfacet
  facet normal -0.514076 -0.857745 0
    outer loop
      vertex 59.1111 -89.5787 0
      vertex 59.3215 -89.7048 47
      vertex 59.1111 -89.5787 47
    endloop
  endfacet
  facet normal -0.514076 -0.857745 -0
    outer loop
      vertex 59.3215 -89.7048 47
      vertex 59.1111 -89.5787 0
      vertex 59.3215 -89.7048 0
    endloop
  endfacet
  facet normal -0.96995 0.243303 0
    outer loop
      vertex 58.048 -76.0123 0
      vertex 58.1077 -75.7743 45
      vertex 58.1077 -75.7743 0
    endloop
  endfacet
  facet normal -0.96995 0.243303 0
    outer loop
      vertex 58.1077 -75.7743 45
      vertex 58.048 -76.0123 0
      vertex 58.048 -76.0123 45
    endloop
  endfacet
  facet normal -0.741101 -0.671394 0
    outer loop
      vertex 58.7322 -89.2678 0
      vertex 58.5675 -89.086 47
      vertex 58.5675 -89.086 0
    endloop
  endfacet
  facet normal -0.741101 -0.671394 0
    outer loop
      vertex 58.5675 -89.086 47
      vertex 58.7322 -89.2678 0
      vertex 58.7322 -89.2678 47
    endloop
  endfacet
  facet normal -1 0 0
    outer loop
      vertex 58 -76.5 0
      vertex 58 -86 45
      vertex 58 -76.5 45
    endloop
  endfacet
  facet normal -1 0 0
    outer loop
      vertex 58 -87.5 0
      vertex 58 -86 45
      vertex 58 -76.5 0
    endloop
  endfacet
  facet normal -1 0 0
    outer loop
      vertex 58 -87.5 47
      vertex 58 -86 45
      vertex 58 -87.5 0
    endloop
  endfacet
  facet normal -1 0 0
    outer loop
      vertex 58 -86 45
      vertex 58 -87.5 47
      vertex 58 -86 47
    endloop
  endfacet
  facet normal 0.514076 0.857745 -0
    outer loop
      vertex 72.8889 -74.4213 0
      vertex 72.6785 -74.2952 45
      vertex 72.8889 -74.4213 45
    endloop
  endfacet
  facet normal 0.514076 0.857745 0
    outer loop
      vertex 72.6785 -74.2952 45
      vertex 72.8889 -74.4213 0
      vertex 72.6785 -74.2952 0
    endloop
  endfacet
  facet normal 0.96995 0.243303 0
    outer loop
      vertex 73.952 -76.0123 45
      vertex 73.8923 -75.7743 0
      vertex 73.8923 -75.7743 45
    endloop
  endfacet
  facet normal 0.96995 0.243303 0
    outer loop
      vertex 73.8923 -75.7743 0
      vertex 73.952 -76.0123 45
      vertex 73.952 -76.0123 0
    endloop
  endfacet
  facet normal -0.857745 0.514076 0
    outer loop
      vertex 58.2952 -75.3215 0
      vertex 58.4213 -75.1111 45
      vertex 58.4213 -75.1111 0
    endloop
  endfacet
  facet normal -0.857745 0.514076 0
    outer loop
      vertex 58.4213 -75.1111 45
      vertex 58.2952 -75.3215 0
      vertex 58.2952 -75.3215 45
    endloop
  endfacet
  facet normal 0.336698 -0.941613 0
    outer loop
      vertex 72.2257 -89.8923 0
      vertex 72.4567 -89.8097 47
      vertex 72.2257 -89.8923 47
    endloop
  endfacet
  facet normal 0.336698 -0.941613 0
    outer loop
      vertex 72.4567 -89.8097 47
      vertex 72.2257 -89.8923 0
      vertex 72.4567 -89.8097 0
    endloop
  endfacet
  facet normal -0.671394 -0.741101 0
    outer loop
      vertex 58.7322 -89.2678 0
      vertex 58.914 -89.4325 47
      vertex 58.7322 -89.2678 47
    endloop
  endfacet
  facet normal -0.671394 -0.741101 -0
    outer loop
      vertex 58.914 -89.4325 47
      vertex 58.7322 -89.2678 0
      vertex 58.914 -89.4325 0
    endloop
  endfacet
  facet normal 0.146726 -0.989177 0
    outer loop
      vertex 71.745 -89.988 0
      vertex 71.9877 -89.952 47
      vertex 71.745 -89.988 47
    endloop
  endfacet
  facet normal 0.146726 -0.989177 0
    outer loop
      vertex 71.9877 -89.952 47
      vertex 71.745 -89.988 0
      vertex 71.9877 -89.952 0
    endloop
  endfacet
  facet normal -0.595754 0.803167 0
    outer loop
      vertex 59.1111 -74.4213 0
      vertex 58.914 -74.5675 45
      vertex 59.1111 -74.4213 45
    endloop
  endfacet
  facet normal -0.595754 0.803167 0
    outer loop
      vertex 58.914 -74.5675 45
      vertex 59.1111 -74.4213 0
      vertex 58.914 -74.5675 0
    endloop
  endfacet
  facet normal 0.998803 -0.0489209 0
    outer loop
      vertex 73.988 -87.745 47
      vertex 74 -87.5 0
      vertex 74 -87.5 47
    endloop
  endfacet
  facet normal 0.998803 -0.0489209 0
    outer loop
      vertex 74 -87.5 0
      vertex 73.988 -87.745 47
      vertex 73.988 -87.745 0
    endloop
  endfacet
  facet normal 0.243303 -0.96995 0
    outer loop
      vertex 71.9877 -89.952 0
      vertex 72.2257 -89.8923 47
      vertex 71.9877 -89.952 47
    endloop
  endfacet
  facet normal 0.243303 -0.96995 0
    outer loop
      vertex 72.2257 -89.8923 47
      vertex 71.9877 -89.952 0
      vertex 72.2257 -89.8923 0
    endloop
  endfacet
  facet normal 0 0 1
    outer loop
      vertex 71.5 -90 47
      vertex 74 -87.5 47
      vertex 74 -86 47
    endloop
  endfacet
  facet normal 0 0 1
    outer loop
      vertex 74 -87.5 47
      vertex 71.5 -90 47
      vertex 73.988 -87.745 47
    endloop
  endfacet
  facet normal 0 0 1
    outer loop
      vertex 73.988 -87.745 47
      vertex 71.5 -90 47
      vertex 73.952 -87.9877 47
    endloop
  endfacet
  facet normal 0 0 1
    outer loop
      vertex 73.952 -87.9877 47
      vertex 71.5 -90 47
      vertex 73.8923 -88.2257 47
    endloop
  endfacet
  facet normal 0 0 1
    outer loop
      vertex 73.8923 -88.2257 47
      vertex 71.5 -90 47
      vertex 73.8097 -88.4567 47
    endloop
  endfacet
  facet normal 0 0 1
    outer loop
      vertex 73.8097 -88.4567 47
      vertex 71.5 -90 47
      vertex 73.7048 -88.6785 47
    endloop
  endfacet
  facet normal 0 0 1
    outer loop
      vertex 73.7048 -88.6785 47
      vertex 71.5 -90 47
      vertex 73.5787 -88.8889 47
    endloop
  endfacet
  facet normal 0 0 1
    outer loop
      vertex 73.5787 -88.8889 47
      vertex 71.5 -90 47
      vertex 73.4325 -89.086 47
    endloop
  endfacet
  facet normal 0 0 1
    outer loop
      vertex 73.4325 -89.086 47
      vertex 71.5 -90 47
      vertex 73.2678 -89.2678 47
    endloop
  endfacet
  facet normal 0 0 1
    outer loop
      vertex 73.2678 -89.2678 47
      vertex 71.5 -90 47
      vertex 73.086 -89.4325 47
    endloop
  endfacet
  facet normal 0 0 1
    outer loop
      vertex 73.086 -89.4325 47
      vertex 71.5 -90 47
      vertex 72.8889 -89.5787 47
    endloop
  endfacet
  facet normal 0 0 1
    outer loop
      vertex 72.8889 -89.5787 47
      vertex 71.5 -90 47
      vertex 72.6785 -89.7048 47
    endloop
  endfacet
  facet normal 0 0 1
    outer loop
      vertex 72.6785 -89.7048 47
      vertex 71.5 -90 47
      vertex 72.4567 -89.8097 47
    endloop
  endfacet
  facet normal 0 0 1
    outer loop
      vertex 72.4567 -89.8097 47
      vertex 71.5 -90 47
      vertex 72.2257 -89.8923 47
    endloop
  endfacet
  facet normal 0 0 1
    outer loop
      vertex 72.2257 -89.8923 47
      vertex 71.5 -90 47
      vertex 71.9877 -89.952 47
    endloop
  endfacet
  facet normal 0 0 1
    outer loop
      vertex 71.9877 -89.952 47
      vertex 71.5 -90 47
      vertex 71.745 -89.988 47
    endloop
  endfacet
  facet normal 0 0 1
    outer loop
      vertex 74 -86 47
      vertex 60.5 -90 47
      vertex 71.5 -90 47
    endloop
  endfacet
  facet normal -0 0 1
    outer loop
      vertex 58 -86 47
      vertex 60.5 -90 47
      vertex 74 -86 47
    endloop
  endfacet
  facet normal -0 0 1
    outer loop
      vertex 58 -87.5 47
      vertex 60.5 -90 47
      vertex 58 -86 47
    endloop
  endfacet
  facet normal 0 0 1
    outer loop
      vertex 60.5 -90 47
      vertex 58 -87.5 47
      vertex 60.255 -89.988 47
    endloop
  endfacet
  facet normal 0 0 1
    outer loop
      vertex 60.255 -89.988 47
      vertex 58 -87.5 47
      vertex 60.0123 -89.952 47
    endloop
  endfacet
  facet normal 0 0 1
    outer loop
      vertex 60.0123 -89.952 47
      vertex 58 -87.5 47
      vertex 59.7743 -89.8923 47
    endloop
  endfacet
  facet normal 0 0 1
    outer loop
      vertex 59.7743 -89.8923 47
      vertex 58 -87.5 47
      vertex 59.5433 -89.8097 47
    endloop
  endfacet
  facet normal 0 0 1
    outer loop
      vertex 59.5433 -89.8097 47
      vertex 58 -87.5 47
      vertex 59.3215 -89.7048 47
    endloop
  endfacet
  facet normal 0 0 1
    outer loop
      vertex 59.3215 -89.7048 47
      vertex 58 -87.5 47
      vertex 59.1111 -89.5787 47
    endloop
  endfacet
  facet normal 0 0 1
    outer loop
      vertex 59.1111 -89.5787 47
      vertex 58 -87.5 47
      vertex 58.914 -89.4325 47
    endloop
  endfacet
  facet normal 0 0 1
    outer loop
      vertex 58.914 -89.4325 47
      vertex 58 -87.5 47
      vertex 58.7322 -89.2678 47
    endloop
  endfacet
  facet normal 0 0 1
    outer loop
      vertex 58.7322 -89.2678 47
      vertex 58 -87.5 47
      vertex 58.5675 -89.086 47
    endloop
  endfacet
  facet normal 0 0 1
    outer loop
      vertex 58.5675 -89.086 47
      vertex 58 -87.5 47
      vertex 58.4213 -88.8889 47
    endloop
  endfacet
  facet normal 0 0 1
    outer loop
      vertex 58.4213 -88.8889 47
      vertex 58 -87.5 47
      vertex 58.2952 -88.6785 47
    endloop
  endfacet
  facet normal 0 0 1
    outer loop
      vertex 58.1903 -88.4567 47
      vertex 58 -87.5 47
      vertex 58.1077 -88.2257 47
    endloop
  endfacet
  facet normal 0 0 1
    outer loop
      vertex 58.1077 -88.2257 47
      vertex 58 -87.5 47
      vertex 58.048 -87.9877 47
    endloop
  endfacet
  facet normal 0 0 1
    outer loop
      vertex 58.2952 -88.6785 47
      vertex 58 -87.5 47
      vertex 58.1903 -88.4567 47
    endloop
  endfacet
  facet normal 0 0 1
    outer loop
      vertex 58.048 -87.9877 47
      vertex 58 -87.5 47
      vertex 58.012 -87.745 47
    endloop
  endfacet
  facet normal 0.989177 0.146726 0
    outer loop
      vertex 73.988 -76.255 45
      vertex 73.952 -76.0123 0
      vertex 73.952 -76.0123 45
    endloop
  endfacet
  facet normal 0.989177 0.146726 0
    outer loop
      vertex 73.952 -76.0123 0
      vertex 73.988 -76.255 45
      vertex 73.988 -76.255 0
    endloop
  endfacet
  facet normal -0.671394 0.741101 0
    outer loop
      vertex 58.914 -74.5675 0
      vertex 58.7322 -74.7322 45
      vertex 58.914 -74.5675 45
    endloop
  endfacet
  facet normal -0.671394 0.741101 0
    outer loop
      vertex 58.7322 -74.7322 45
      vertex 58.914 -74.5675 0
      vertex 58.7322 -74.7322 0
    endloop
  endfacet
  facet normal 0.803167 -0.595754 0
    outer loop
      vertex 73.4325 -89.086 47
      vertex 73.5787 -88.8889 0
      vertex 73.5787 -88.8889 47
    endloop
  endfacet
  facet normal 0.803167 -0.595754 0
    outer loop
      vertex 73.5787 -88.8889 0
      vertex 73.4325 -89.086 47
      vertex 73.4325 -89.086 0
    endloop
  endfacet
  facet normal 0.741101 -0.671394 0
    outer loop
      vertex 73.2678 -89.2678 47
      vertex 73.4325 -89.086 0
      vertex 73.4325 -89.086 47
    endloop
  endfacet
  facet normal 0.741101 -0.671394 0
    outer loop
      vertex 73.4325 -89.086 0
      vertex 73.2678 -89.2678 47
      vertex 73.2678 -89.2678 0
    endloop
  endfacet
  facet normal 0.989177 -0.146726 0
    outer loop
      vertex 73.952 -87.9877 47
      vertex 73.988 -87.745 0
      vertex 73.988 -87.745 47
    endloop
  endfacet
  facet normal 0.989177 -0.146726 0
    outer loop
      vertex 73.988 -87.745 0
      vertex 73.952 -87.9877 47
      vertex 73.952 -87.9877 0
    endloop
  endfacet
  facet normal -0.0489209 0.998803 0
    outer loop
      vertex 60.5 -74 0
      vertex 60.255 -74.012 45
      vertex 60.5 -74 45
    endloop
  endfacet
  facet normal -0.0489209 0.998803 0
    outer loop
      vertex 60.255 -74.012 45
      vertex 60.5 -74 0
      vertex 60.255 -74.012 0
    endloop
  endfacet
  facet normal -0.0489209 -0.998803 0
    outer loop
      vertex 60.255 -89.988 0
      vertex 60.5 -90 47
      vertex 60.255 -89.988 47
    endloop
  endfacet
  facet normal -0.0489209 -0.998803 -0
    outer loop
      vertex 60.5 -90 47
      vertex 60.255 -89.988 0
      vertex 60.5 -90 0
    endloop
  endfacet
  facet normal -0.336698 0.941613 0
    outer loop
      vertex 59.7743 -74.1077 0
      vertex 59.5433 -74.1903 45
      vertex 59.7743 -74.1077 45
    endloop
  endfacet
  facet normal -0.336698 0.941613 0
    outer loop
      vertex 59.5433 -74.1903 45
      vertex 59.7743 -74.1077 0
      vertex 59.5433 -74.1903 0
    endloop
  endfacet
  facet normal 0.0489209 -0.998803 0
    outer loop
      vertex 71.5 -90 0
      vertex 71.745 -89.988 47
      vertex 71.5 -90 47
    endloop
  endfacet
  facet normal 0.0489209 -0.998803 0
    outer loop
      vertex 71.745 -89.988 47
      vertex 71.5 -90 0
      vertex 71.745 -89.988 0
    endloop
  endfacet
  facet normal 0 -1 0
    outer loop
      vertex 60.5 -90 0
      vertex 71.5 -90 47
      vertex 60.5 -90 47
    endloop
  endfacet
  facet normal 0 -1 -0
    outer loop
      vertex 71.5 -90 47
      vertex 60.5 -90 0
      vertex 71.5 -90 0
    endloop
  endfacet
  facet normal 0.595754 0.803167 -0
    outer loop
      vertex 73.086 -74.5675 0
      vertex 72.8889 -74.4213 45
      vertex 73.086 -74.5675 45
    endloop
  endfacet
  facet normal 0.595754 0.803167 0
    outer loop
      vertex 72.8889 -74.4213 45
      vertex 73.086 -74.5675 0
      vertex 72.8889 -74.4213 0
    endloop
  endfacet
  facet normal 0.998803 0.0489209 0
    outer loop
      vertex 74 -76.5 45
      vertex 73.988 -76.255 0
      vertex 73.988 -76.255 45
    endloop
  endfacet
  facet normal 0.998803 0.0489209 0
    outer loop
      vertex 73.988 -76.255 0
      vertex 74 -76.5 45
      vertex 74 -76.5 0
    endloop
  endfacet
  facet normal 0.741101 0.671394 0
    outer loop
      vertex 73.4325 -74.914 45
      vertex 73.2678 -74.7322 0
      vertex 73.2678 -74.7322 45
    endloop
  endfacet
  facet normal 0.741101 0.671394 0
    outer loop
      vertex 73.2678 -74.7322 0
      vertex 73.4325 -74.914 45
      vertex 73.4325 -74.914 0
    endloop
  endfacet
  facet normal 0.0489209 0.998803 -0
    outer loop
      vertex 71.745 -74.012 0
      vertex 71.5 -74 45
      vertex 71.745 -74.012 45
    endloop
  endfacet
  facet normal 0.0489209 0.998803 0
    outer loop
      vertex 71.5 -74 45
      vertex 71.745 -74.012 0
      vertex 71.5 -74 0
    endloop
  endfacet
  facet normal -0.741101 0.671394 0
    outer loop
      vertex 58.5675 -74.914 0
      vertex 58.7322 -74.7322 45
      vertex 58.7322 -74.7322 0
    endloop
  endfacet
  facet normal -0.741101 0.671394 0
    outer loop
      vertex 58.7322 -74.7322 45
      vertex 58.5675 -74.914 0
      vertex 58.5675 -74.914 45
    endloop
  endfacet
  facet normal -0.514076 0.857745 0
    outer loop
      vertex 59.3215 -74.2952 0
      vertex 59.1111 -74.4213 45
      vertex 59.3215 -74.2952 45
    endloop
  endfacet
  facet normal -0.514076 0.857745 0
    outer loop
      vertex 59.1111 -74.4213 45
      vertex 59.3215 -74.2952 0
      vertex 59.1111 -74.4213 0
    endloop
  endfacet
  facet normal 0.857745 -0.514076 0
    outer loop
      vertex 73.5787 -88.8889 47
      vertex 73.7048 -88.6785 0
      vertex 73.7048 -88.6785 47
    endloop
  endfacet
  facet normal 0.857745 -0.514076 0
    outer loop
      vertex 73.7048 -88.6785 0
      vertex 73.5787 -88.8889 47
      vertex 73.5787 -88.8889 0
    endloop
  endfacet
  facet normal -0.427543 0.903995 0
    outer loop
      vertex 59.5433 -74.1903 0
      vertex 59.3215 -74.2952 45
      vertex 59.5433 -74.1903 45
    endloop
  endfacet
  facet normal -0.427543 0.903995 0
    outer loop
      vertex 59.3215 -74.2952 45
      vertex 59.5433 -74.1903 0
      vertex 59.3215 -74.2952 0
    endloop
  endfacet
  facet normal 0.903995 0.427543 0
    outer loop
      vertex 73.8097 -75.5433 45
      vertex 73.7048 -75.3215 0
      vertex 73.7048 -75.3215 45
    endloop
  endfacet
  facet normal 0.903995 0.427543 0
    outer loop
      vertex 73.7048 -75.3215 0
      vertex 73.8097 -75.5433 45
      vertex 73.8097 -75.5433 0
    endloop
  endfacet
  facet normal 0.671394 0.741101 -0
    outer loop
      vertex 73.2678 -74.7322 0
      vertex 73.086 -74.5675 45
      vertex 73.2678 -74.7322 45
    endloop
  endfacet
  facet normal 0.671394 0.741101 0
    outer loop
      vertex 73.086 -74.5675 45
      vertex 73.2678 -74.7322 0
      vertex 73.086 -74.5675 0
    endloop
  endfacet
  facet normal -0.803167 0.595754 0
    outer loop
      vertex 58.4213 -75.1111 0
      vertex 58.5675 -74.914 45
      vertex 58.5675 -74.914 0
    endloop
  endfacet
  facet normal -0.803167 0.595754 0
    outer loop
      vertex 58.5675 -74.914 45
      vertex 58.4213 -75.1111 0
      vertex 58.4213 -75.1111 45
    endloop
  endfacet
  facet normal 0.96995 -0.243303 0
    outer loop
      vertex 73.8923 -88.2257 47
      vertex 73.952 -87.9877 0
      vertex 73.952 -87.9877 47
    endloop
  endfacet
  facet normal 0.96995 -0.243303 0
    outer loop
      vertex 73.952 -87.9877 0
      vertex 73.8923 -88.2257 47
      vertex 73.8923 -88.2257 0
    endloop
  endfacet
  facet normal -0.803167 -0.595754 0
    outer loop
      vertex 58.5675 -89.086 0
      vertex 58.4213 -88.8889 47
      vertex 58.4213 -88.8889 0
    endloop
  endfacet
  facet normal -0.803167 -0.595754 0
    outer loop
      vertex 58.4213 -88.8889 47
      vertex 58.5675 -89.086 0
      vertex 58.5675 -89.086 47
    endloop
  endfacet
  facet normal -0.146726 0.989177 0
    outer loop
      vertex 60.255 -74.012 0
      vertex 60.0123 -74.048 45
      vertex 60.255 -74.012 45
    endloop
  endfacet
  facet normal -0.146726 0.989177 0
    outer loop
      vertex 60.0123 -74.048 45
      vertex 60.255 -74.012 0
      vertex 60.0123 -74.048 0
    endloop
  endfacet
  facet normal -0.903995 0.427543 0
    outer loop
      vertex 58.1903 -75.5433 0
      vertex 58.2952 -75.3215 45
      vertex 58.2952 -75.3215 0
    endloop
  endfacet
  facet normal -0.903995 0.427543 0
    outer loop
      vertex 58.2952 -75.3215 45
      vertex 58.1903 -75.5433 0
      vertex 58.1903 -75.5433 45
    endloop
  endfacet
  facet normal -0.941613 -0.336698 0
    outer loop
      vertex 58.1903 -88.4567 0
      vertex 58.1077 -88.2257 47
      vertex 58.1077 -88.2257 0
    endloop
  endfacet
  facet normal -0.941613 -0.336698 0
    outer loop
      vertex 58.1077 -88.2257 47
      vertex 58.1903 -88.4567 0
      vertex 58.1903 -88.4567 47
    endloop
  endfacet
  facet normal -0.989177 -0.146726 0
    outer loop
      vertex 58.048 -87.9877 0
      vertex 58.012 -87.745 47
      vertex 58.012 -87.745 0
    endloop
  endfacet
  facet normal -0.989177 -0.146726 0
    outer loop
      vertex 58.012 -87.745 47
      vertex 58.048 -87.9877 0
      vertex 58.048 -87.9877 47
    endloop
  endfacet
  facet normal -0.96995 -0.243303 0
    outer loop
      vertex 58.1077 -88.2257 0
      vertex 58.048 -87.9877 47
      vertex 58.048 -87.9877 0
    endloop
  endfacet
  facet normal -0.96995 -0.243303 0
    outer loop
      vertex 58.048 -87.9877 47
      vertex 58.1077 -88.2257 0
      vertex 58.1077 -88.2257 47
    endloop
  endfacet
  facet normal 0.671394 -0.741101 0
    outer loop
      vertex 73.086 -89.4325 0
      vertex 73.2678 -89.2678 47
      vertex 73.086 -89.4325 47
    endloop
  endfacet
  facet normal 0.671394 -0.741101 0
    outer loop
      vertex 73.2678 -89.2678 47
      vertex 73.086 -89.4325 0
      vertex 73.2678 -89.2678 0
    endloop
  endfacet
  facet normal 0.595754 -0.803167 0
    outer loop
      vertex 72.8889 -89.5787 0
      vertex 73.086 -89.4325 47
      vertex 72.8889 -89.5787 47
    endloop
  endfacet
  facet normal 0.595754 -0.803167 0
    outer loop
      vertex 73.086 -89.4325 47
      vertex 72.8889 -89.5787 0
      vertex 73.086 -89.4325 0
    endloop
  endfacet
  facet normal -0.989177 0.146726 0
    outer loop
      vertex 58.012 -76.255 0
      vertex 58.048 -76.0123 45
      vertex 58.048 -76.0123 0
    endloop
  endfacet
  facet normal -0.989177 0.146726 0
    outer loop
      vertex 58.048 -76.0123 45
      vertex 58.012 -76.255 0
      vertex 58.012 -76.255 45
    endloop
  endfacet
  facet normal -0.903995 -0.427543 0
    outer loop
      vertex 58.2952 -88.6785 0
      vertex 58.1903 -88.4567 47
      vertex 58.1903 -88.4567 0
    endloop
  endfacet
  facet normal -0.903995 -0.427543 0
    outer loop
      vertex 58.1903 -88.4567 47
      vertex 58.2952 -88.6785 0
      vertex 58.2952 -88.6785 47
    endloop
  endfacet
  facet normal -0.146726 -0.989177 0
    outer loop
      vertex 60.0123 -89.952 0
      vertex 60.255 -89.988 47
      vertex 60.0123 -89.952 47
    endloop
  endfacet
  facet normal -0.146726 -0.989177 -0
    outer loop
      vertex 60.255 -89.988 47
      vertex 60.0123 -89.952 0
      vertex 60.255 -89.988 0
    endloop
  endfacet
  facet normal -0.998803 0.0489209 0
    outer loop
      vertex 58 -76.5 0
      vertex 58.012 -76.255 45
      vertex 58.012 -76.255 0
    endloop
  endfacet
  facet normal -0.998803 0.0489209 0
    outer loop
      vertex 58.012 -76.255 45
      vertex 58 -76.5 0
      vertex 58 -76.5 45
    endloop
  endfacet
  facet normal 0 1 -0
    outer loop
      vertex 71.5 -74 0
      vertex 60.5 -74 45
      vertex 71.5 -74 45
    endloop
  endfacet
  facet normal 0 1 0
    outer loop
      vertex 60.5 -74 45
      vertex 71.5 -74 0
      vertex 60.5 -74 0
    endloop
  endfacet
  facet normal 0.336698 0.941613 -0
    outer loop
      vertex 72.4567 -74.1903 0
      vertex 72.2257 -74.1077 45
      vertex 72.4567 -74.1903 45
    endloop
  endfacet
  facet normal 0.336698 0.941613 0
    outer loop
      vertex 72.2257 -74.1077 45
      vertex 72.4567 -74.1903 0
      vertex 72.2257 -74.1077 0
    endloop
  endfacet
  facet normal 0.146726 0.989177 -0
    outer loop
      vertex 71.9877 -74.048 0
      vertex 71.745 -74.012 45
      vertex 71.9877 -74.048 45
    endloop
  endfacet
  facet normal 0.146726 0.989177 0
    outer loop
      vertex 71.745 -74.012 45
      vertex 71.9877 -74.048 0
      vertex 71.745 -74.012 0
    endloop
  endfacet
  facet normal 0.903995 -0.427543 0
    outer loop
      vertex 73.7048 -88.6785 47
      vertex 73.8097 -88.4567 0
      vertex 73.8097 -88.4567 47
    endloop
  endfacet
  facet normal 0.903995 -0.427543 0
    outer loop
      vertex 73.8097 -88.4567 0
      vertex 73.7048 -88.6785 47
      vertex 73.7048 -88.6785 0
    endloop
  endfacet
  facet normal 0.941613 -0.336698 0
    outer loop
      vertex 73.8097 -88.4567 47
      vertex 73.8923 -88.2257 0
      vertex 73.8923 -88.2257 47
    endloop
  endfacet
  facet normal 0.941613 -0.336698 0
    outer loop
      vertex 73.8923 -88.2257 0
      vertex 73.8097 -88.4567 47
      vertex 73.8097 -88.4567 0
    endloop
  endfacet
  facet normal 0.941613 0.336698 0
    outer loop
      vertex 73.8923 -75.7743 45
      vertex 73.8097 -75.5433 0
      vertex 73.8097 -75.5433 45
    endloop
  endfacet
  facet normal 0.941613 0.336698 0
    outer loop
      vertex 73.8097 -75.5433 0
      vertex 73.8923 -75.7743 45
      vertex 73.8923 -75.7743 0
    endloop
  endfacet
  facet normal 0.427543 0.903995 -0
    outer loop
      vertex 72.6785 -74.2952 0
      vertex 72.4567 -74.1903 45
      vertex 72.6785 -74.2952 45
    endloop
  endfacet
  facet normal 0.427543 0.903995 0
    outer loop
      vertex 72.4567 -74.1903 45
      vertex 72.6785 -74.2952 0
      vertex 72.4567 -74.1903 0
    endloop
  endfacet
  facet normal 0.243303 0.96995 -0
    outer loop
      vertex 72.2257 -74.1077 0
      vertex 71.9877 -74.048 45
      vertex 72.2257 -74.1077 45
    endloop
  endfacet
  facet normal 0.243303 0.96995 0
    outer loop
      vertex 71.9877 -74.048 45
      vertex 72.2257 -74.1077 0
      vertex 71.9877 -74.048 0
    endloop
  endfacet
  facet normal 0 0 -1
    outer loop
      vertex 71.5 -90 0
      vertex 74 -87.5 0
      vertex 73.988 -87.745 0
    endloop
  endfacet
  facet normal -0 0 -1
    outer loop
      vertex 74 -87.5 0
      vertex 71.5 -90 0
      vertex 74 -76.5 0
    endloop
  endfacet
  facet normal 0 0 -1
    outer loop
      vertex 71.5 -90 0
      vertex 73.988 -87.745 0
      vertex 73.952 -87.9877 0
    endloop
  endfacet
  facet normal 0 0 -1
    outer loop
      vertex 71.5 -74 0
      vertex 74 -76.5 0
      vertex 71.5 -90 0
    endloop
  endfacet
  facet normal 0 0 -1
    outer loop
      vertex 71.5 -90 0
      vertex 73.952 -87.9877 0
      vertex 73.8923 -88.2257 0
    endloop
  endfacet
  facet normal 0 0 -1
    outer loop
      vertex 74 -76.5 0
      vertex 71.5 -74 0
      vertex 73.988 -76.255 0
    endloop
  endfacet
  facet normal 0 0 -1
    outer loop
      vertex 71.5 -90 0
      vertex 73.8923 -88.2257 0
      vertex 73.8097 -88.4567 0
    endloop
  endfacet
  facet normal 0 0 -1
    outer loop
      vertex 73.988 -76.255 0
      vertex 71.5 -74 0
      vertex 73.952 -76.0123 0
    endloop
  endfacet
  facet normal 0 0 -1
    outer loop
      vertex 71.5 -90 0
      vertex 73.8097 -88.4567 0
      vertex 73.7048 -88.6785 0
    endloop
  endfacet
  facet normal 0 0 -1
    outer loop
      vertex 73.952 -76.0123 0
      vertex 71.5 -74 0
      vertex 73.8923 -75.7743 0
    endloop
  endfacet
  facet normal 0 0 -1
    outer loop
      vertex 71.5 -90 0
      vertex 73.7048 -88.6785 0
      vertex 73.5787 -88.8889 0
    endloop
  endfacet
  facet normal 0 0 -1
    outer loop
      vertex 73.8923 -75.7743 0
      vertex 71.5 -74 0
      vertex 73.8097 -75.5433 0
    endloop
  endfacet
  facet normal 0 0 -1
    outer loop
      vertex 71.5 -90 0
      vertex 73.5787 -88.8889 0
      vertex 73.4325 -89.086 0
    endloop
  endfacet
  facet normal 0 0 -1
    outer loop
      vertex 73.8097 -75.5433 0
      vertex 71.5 -74 0
      vertex 73.7048 -75.3215 0
    endloop
  endfacet
  facet normal 0 0 -1
    outer loop
      vertex 71.5 -90 0
      vertex 73.4325 -89.086 0
      vertex 73.2678 -89.2678 0
    endloop
  endfacet
  facet normal 0 0 -1
    outer loop
      vertex 73.7048 -75.3215 0
      vertex 71.5 -74 0
      vertex 73.5787 -75.1111 0
    endloop
  endfacet
  facet normal 0 0 -1
    outer loop
      vertex 71.5 -90 0
      vertex 73.2678 -89.2678 0
      vertex 73.086 -89.4325 0
    endloop
  endfacet
  facet normal 0 0 -1
    outer loop
      vertex 73.5787 -75.1111 0
      vertex 71.5 -74 0
      vertex 73.4325 -74.914 0
    endloop
  endfacet
  facet normal 0 0 -1
    outer loop
      vertex 71.5 -90 0
      vertex 73.086 -89.4325 0
      vertex 72.8889 -89.5787 0
    endloop
  endfacet
  facet normal 0 0 -1
    outer loop
      vertex 73.4325 -74.914 0
      vertex 71.5 -74 0
      vertex 73.2678 -74.7322 0
    endloop
  endfacet
  facet normal 0 0 -1
    outer loop
      vertex 71.5 -90 0
      vertex 72.8889 -89.5787 0
      vertex 72.6785 -89.7048 0
    endloop
  endfacet
  facet normal 0 0 -1
    outer loop
      vertex 73.2678 -74.7322 0
      vertex 71.5 -74 0
      vertex 73.086 -74.5675 0
    endloop
  endfacet
  facet normal 0 0 -1
    outer loop
      vertex 71.5 -90 0
      vertex 72.6785 -89.7048 0
      vertex 72.4567 -89.8097 0
    endloop
  endfacet
  facet normal 0 0 -1
    outer loop
      vertex 73.086 -74.5675 0
      vertex 71.5 -74 0
      vertex 72.8889 -74.4213 0
    endloop
  endfacet
  facet normal 0 0 -1
    outer loop
      vertex 71.5 -90 0
      vertex 72.4567 -89.8097 0
      vertex 72.2257 -89.8923 0
    endloop
  endfacet
  facet normal 0 0 -1
    outer loop
      vertex 72.8889 -74.4213 0
      vertex 71.5 -74 0
      vertex 72.6785 -74.2952 0
    endloop
  endfacet
  facet normal 0 0 -1
    outer loop
      vertex 71.5 -90 0
      vertex 72.2257 -89.8923 0
      vertex 71.9877 -89.952 0
    endloop
  endfacet
  facet normal 0 0 -1
    outer loop
      vertex 72.6785 -74.2952 0
      vertex 71.5 -74 0
      vertex 72.4567 -74.1903 0
    endloop
  endfacet
  facet normal 0 0 -1
    outer loop
      vertex 71.5 -90 0
      vertex 71.9877 -89.952 0
      vertex 71.745 -89.988 0
    endloop
  endfacet
  facet normal 0 0 -1
    outer loop
      vertex 72.4567 -74.1903 0
      vertex 71.5 -74 0
      vertex 72.2257 -74.1077 0
    endloop
  endfacet
  facet normal 0 0 -1
    outer loop
      vertex 72.2257 -74.1077 0
      vertex 71.5 -74 0
      vertex 71.9877 -74.048 0
    endloop
  endfacet
  facet normal 0 0 -1
    outer loop
      vertex 71.9877 -74.048 0
      vertex 71.5 -74 0
      vertex 71.745 -74.012 0
    endloop
  endfacet
  facet normal 0 0 -1
    outer loop
      vertex 60.5 -90 0
      vertex 71.5 -74 0
      vertex 71.5 -90 0
    endloop
  endfacet
  facet normal 0 0 -1
    outer loop
      vertex 60.5 -90 0
      vertex 60.5 -74 0
      vertex 71.5 -74 0
    endloop
  endfacet
  facet normal 0 0 -1
    outer loop
      vertex 58 -87.5 0
      vertex 60.5 -90 0
      vertex 60.255 -89.988 0
    endloop
  endfacet
  facet normal 0 0 -1
    outer loop
      vertex 60.5 -90 0
      vertex 58 -87.5 0
      vertex 60.5 -74 0
    endloop
  endfacet
  facet normal 0 0 -1
    outer loop
      vertex 58 -87.5 0
      vertex 60.255 -89.988 0
      vertex 60.0123 -89.952 0
    endloop
  endfacet
  facet normal 0 0 -1
    outer loop
      vertex 58 -76.5 0
      vertex 60.5 -74 0
      vertex 58 -87.5 0
    endloop
  endfacet
  facet normal 0 0 -1
    outer loop
      vertex 58 -87.5 0
      vertex 60.0123 -89.952 0
      vertex 59.7743 -89.8923 0
    endloop
  endfacet
  facet normal 0 0 -1
    outer loop
      vertex 60.5 -74 0
      vertex 58 -76.5 0
      vertex 60.255 -74.012 0
    endloop
  endfacet
  facet normal 0 0 -1
    outer loop
      vertex 58 -87.5 0
      vertex 59.7743 -89.8923 0
      vertex 59.5433 -89.8097 0
    endloop
  endfacet
  facet normal 0 0 -1
    outer loop
      vertex 60.255 -74.012 0
      vertex 58 -76.5 0
      vertex 60.0123 -74.048 0
    endloop
  endfacet
  facet normal 0 0 -1
    outer loop
      vertex 58 -87.5 0
      vertex 59.5433 -89.8097 0
      vertex 59.3215 -89.7048 0
    endloop
  endfacet
  facet normal 0 0 -1
    outer loop
      vertex 60.0123 -74.048 0
      vertex 58 -76.5 0
      vertex 59.7743 -74.1077 0
    endloop
  endfacet
  facet normal 0 0 -1
    outer loop
      vertex 58 -87.5 0
      vertex 59.3215 -89.7048 0
      vertex 59.1111 -89.5787 0
    endloop
  endfacet
  facet normal 0 0 -1
    outer loop
      vertex 59.7743 -74.1077 0
      vertex 58 -76.5 0
      vertex 59.5433 -74.1903 0
    endloop
  endfacet
  facet normal 0 0 -1
    outer loop
      vertex 58 -87.5 0
      vertex 59.1111 -89.5787 0
      vertex 58.914 -89.4325 0
    endloop
  endfacet
  facet normal 0 0 -1
    outer loop
      vertex 59.5433 -74.1903 0
      vertex 58 -76.5 0
      vertex 59.3215 -74.2952 0
    endloop
  endfacet
  facet normal 0 0 -1
    outer loop
      vertex 58 -87.5 0
      vertex 58.914 -89.4325 0
      vertex 58.7322 -89.2678 0
    endloop
  endfacet
  facet normal 0 0 -1
    outer loop
      vertex 59.3215 -74.2952 0
      vertex 58 -76.5 0
      vertex 59.1111 -74.4213 0
    endloop
  endfacet
  facet normal 0 0 -1
    outer loop
      vertex 58 -87.5 0
      vertex 58.7322 -89.2678 0
      vertex 58.5675 -89.086 0
    endloop
  endfacet
  facet normal 0 0 -1
    outer loop
      vertex 59.1111 -74.4213 0
      vertex 58 -76.5 0
      vertex 58.914 -74.5675 0
    endloop
  endfacet
  facet normal 0 0 -1
    outer loop
      vertex 58 -87.5 0
      vertex 58.5675 -89.086 0
      vertex 58.4213 -88.8889 0
    endloop
  endfacet
  facet normal 0 0 -1
    outer loop
      vertex 58.914 -74.5675 0
      vertex 58 -76.5 0
      vertex 58.7322 -74.7322 0
    endloop
  endfacet
  facet normal 0 0 -1
    outer loop
      vertex 58 -87.5 0
      vertex 58.4213 -88.8889 0
      vertex 58.2952 -88.6785 0
    endloop
  endfacet
  facet normal 0 0 -1
    outer loop
      vertex 58.7322 -74.7322 0
      vertex 58 -76.5 0
      vertex 58.5675 -74.914 0
    endloop
  endfacet
  facet normal 0 0 -1
    outer loop
      vertex 58 -87.5 0
      vertex 58.2952 -88.6785 0
      vertex 58.1903 -88.4567 0
    endloop
  endfacet
  facet normal 0 0 -1
    outer loop
      vertex 58.5675 -74.914 0
      vertex 58 -76.5 0
      vertex 58.4213 -75.1111 0
    endloop
  endfacet
  facet normal 0 0 -1
    outer loop
      vertex 58 -87.5 0
      vertex 58.1903 -88.4567 0
      vertex 58.1077 -88.2257 0
    endloop
  endfacet
  facet normal 0 0 -1
    outer loop
      vertex 58.4213 -75.1111 0
      vertex 58 -76.5 0
      vertex 58.2952 -75.3215 0
    endloop
  endfacet
  facet normal 0 0 -1
    outer loop
      vertex 58 -87.5 0
      vertex 58.1077 -88.2257 0
      vertex 58.048 -87.9877 0
    endloop
  endfacet
  facet normal 0 0 -1
    outer loop
      vertex 58.2952 -75.3215 0
      vertex 58 -76.5 0
      vertex 58.1903 -75.5433 0
    endloop
  endfacet
  facet normal 0 0 -1
    outer loop
      vertex 58 -87.5 0
      vertex 58.048 -87.9877 0
      vertex 58.012 -87.745 0
    endloop
  endfacet
  facet normal 0 0 -1
    outer loop
      vertex 58.1903 -75.5433 0
      vertex 58 -76.5 0
      vertex 58.1077 -75.7743 0
    endloop
  endfacet
  facet normal 0 0 -1
    outer loop
      vertex 58.1077 -75.7743 0
      vertex 58 -76.5 0
      vertex 58.048 -76.0123 0
    endloop
  endfacet
  facet normal 0 0 -1
    outer loop
      vertex 58.048 -76.0123 0
      vertex 58 -76.5 0
      vertex 58.012 -76.255 0
    endloop
  endfacet
  facet normal -0.998803 -0.0489209 0
    outer loop
      vertex 58.012 60.255 0
      vertex 58 60.5 45
      vertex 58 60.5 0
    endloop
  endfacet
  facet normal -0.998803 -0.0489209 0
    outer loop
      vertex 58 60.5 45
      vertex 58.012 60.255 0
      vertex 58.012 60.255 45
    endloop
  endfacet
  facet normal -0.427543 -0.903995 0
    outer loop
      vertex 59.3215 58.2952 0
      vertex 59.5433 58.1903 45
      vertex 59.3215 58.2952 45
    endloop
  endfacet
  facet normal -0.427543 -0.903995 -0
    outer loop
      vertex 59.5433 58.1903 45
      vertex 59.3215 58.2952 0
      vertex 59.5433 58.1903 0
    endloop
  endfacet
  facet normal -0.243303 -0.96995 0
    outer loop
      vertex 59.7743 58.1077 0
      vertex 60.0123 58.048 45
      vertex 59.7743 58.1077 45
    endloop
  endfacet
  facet normal -0.243303 -0.96995 -0
    outer loop
      vertex 60.0123 58.048 45
      vertex 59.7743 58.1077 0
      vertex 60.0123 58.048 0
    endloop
  endfacet
  facet normal 1 0 0
    outer loop
      vertex 74 71.5 45
      vertex 74 66 15.5
      vertex 74 71.5 15.5
    endloop
  endfacet
  facet normal 1 0 0
    outer loop
      vertex 74 60.5 0
      vertex 74 66 15.5
      vertex 74 60.5 45
    endloop
  endfacet
  facet normal 1 -0 0
    outer loop
      vertex 74 60.5 45
      vertex 74 66 15.5
      vertex 74 71.5 45
    endloop
  endfacet
  facet normal 1 -0 0
    outer loop
      vertex 74 66 4.5
      vertex 74 71.5 0
      vertex 74 71.5 4.5
    endloop
  endfacet
  facet normal 1 0 0
    outer loop
      vertex 74 66 4.5
      vertex 74 60.5 0
      vertex 74 71.5 0
    endloop
  endfacet
  facet normal 1 0 0
    outer loop
      vertex 74 66 15.5
      vertex 74 60.5 0
      vertex 74 66 4.5
    endloop
  endfacet
  facet normal 0.514076 -0.857745 0
    outer loop
      vertex 72.6785 58.2952 0
      vertex 72.8889 58.4213 45
      vertex 72.6785 58.2952 45
    endloop
  endfacet
  facet normal 0.514076 -0.857745 0
    outer loop
      vertex 72.8889 58.4213 45
      vertex 72.6785 58.2952 0
      vertex 72.8889 58.4213 0
    endloop
  endfacet
  facet normal -0.941613 0.336698 0
    outer loop
      vertex 58.1077 72.2257 0
      vertex 58.1903 72.4567 4.5
      vertex 58.1903 72.4567 0
    endloop
  endfacet
  facet normal -0.941613 0.336698 0
    outer loop
      vertex 58.1903 72.4567 4.5
      vertex 58.1077 72.2257 0
      vertex 58.1077 72.2257 4.5
    endloop
  endfacet
  facet normal -0.941613 0.336698 0
    outer loop
      vertex 58.1077 72.2257 15.5
      vertex 58.1903 72.4567 45
      vertex 58.1903 72.4567 15.5
    endloop
  endfacet
  facet normal -0.941613 0.336698 0
    outer loop
      vertex 58.1903 72.4567 45
      vertex 58.1077 72.2257 15.5
      vertex 58.1077 72.2257 45
    endloop
  endfacet
  facet normal -0.336698 -0.941613 0
    outer loop
      vertex 59.5433 58.1903 0
      vertex 59.7743 58.1077 45
      vertex 59.5433 58.1903 45
    endloop
  endfacet
  facet normal -0.336698 -0.941613 -0
    outer loop
      vertex 59.7743 58.1077 45
      vertex 59.5433 58.1903 0
      vertex 59.7743 58.1077 0
    endloop
  endfacet
  facet normal -0.595754 -0.803167 0
    outer loop
      vertex 58.914 58.5675 0
      vertex 59.1111 58.4213 45
      vertex 58.914 58.5675 45
    endloop
  endfacet
  facet normal -0.595754 -0.803167 -0
    outer loop
      vertex 59.1111 58.4213 45
      vertex 58.914 58.5675 0
      vertex 59.1111 58.4213 0
    endloop
  endfacet
  facet normal -0.243303 0.96995 0
    outer loop
      vertex 60.0123 73.952 0
      vertex 59.7743 73.8923 4.5
      vertex 60.0123 73.952 4.5
    endloop
  endfacet
  facet normal -0.243303 0.96995 0
    outer loop
      vertex 59.7743 73.8923 4.5
      vertex 60.0123 73.952 0
      vertex 59.7743 73.8923 0
    endloop
  endfacet
  facet normal -0.243303 0.96995 0
    outer loop
      vertex 60.0123 73.952 15.5
      vertex 59.7743 73.8923 45
      vertex 60.0123 73.952 45
    endloop
  endfacet
  facet normal -0.243303 0.96995 0
    outer loop
      vertex 59.7743 73.8923 45
      vertex 60.0123 73.952 15.5
      vertex 59.7743 73.8923 15.5
    endloop
  endfacet
  facet normal -0.857745 -0.514076 0
    outer loop
      vertex 58.4213 59.1111 0
      vertex 58.2952 59.3215 45
      vertex 58.2952 59.3215 0
    endloop
  endfacet
  facet normal -0.857745 -0.514076 0
    outer loop
      vertex 58.2952 59.3215 45
      vertex 58.4213 59.1111 0
      vertex 58.4213 59.1111 45
    endloop
  endfacet
  facet normal 0.803167 0.595754 0
    outer loop
      vertex 73.5787 72.8889 4.5
      vertex 73.4325 73.086 0
      vertex 73.4325 73.086 4.5
    endloop
  endfacet
  facet normal 0.803167 0.595754 0
    outer loop
      vertex 73.4325 73.086 0
      vertex 73.5787 72.8889 4.5
      vertex 73.5787 72.8889 0
    endloop
  endfacet
  facet normal 0.803167 0.595754 0
    outer loop
      vertex 73.5787 72.8889 45
      vertex 73.4325 73.086 15.5
      vertex 73.4325 73.086 45
    endloop
  endfacet
  facet normal 0.803167 0.595754 0
    outer loop
      vertex 73.4325 73.086 15.5
      vertex 73.5787 72.8889 45
      vertex 73.5787 72.8889 15.5
    endloop
  endfacet
  facet normal -0.514076 -0.857745 0
    outer loop
      vertex 59.1111 58.4213 0
      vertex 59.3215 58.2952 45
      vertex 59.1111 58.4213 45
    endloop
  endfacet
  facet normal -0.514076 -0.857745 -0
    outer loop
      vertex 59.3215 58.2952 45
      vertex 59.1111 58.4213 0
      vertex 59.3215 58.2952 0
    endloop
  endfacet
  facet normal -0.96995 0.243303 0
    outer loop
      vertex 58.048 71.9877 0
      vertex 58.1077 72.2257 4.5
      vertex 58.1077 72.2257 0
    endloop
  endfacet
  facet normal -0.96995 0.243303 0
    outer loop
      vertex 58.1077 72.2257 4.5
      vertex 58.048 71.9877 0
      vertex 58.048 71.9877 4.5
    endloop
  endfacet
  facet normal -0.96995 0.243303 0
    outer loop
      vertex 58.048 71.9877 15.5
      vertex 58.1077 72.2257 45
      vertex 58.1077 72.2257 15.5
    endloop
  endfacet
  facet normal -0.96995 0.243303 0
    outer loop
      vertex 58.1077 72.2257 45
      vertex 58.048 71.9877 15.5
      vertex 58.048 71.9877 45
    endloop
  endfacet
  facet normal -0.741101 -0.671394 0
    outer loop
      vertex 58.7322 58.7322 0
      vertex 58.5675 58.914 45
      vertex 58.5675 58.914 0
    endloop
  endfacet
  facet normal -0.741101 -0.671394 0
    outer loop
      vertex 58.5675 58.914 45
      vertex 58.7322 58.7322 0
      vertex 58.7322 58.7322 45
    endloop
  endfacet
  facet normal -1 0 0
    outer loop
      vertex 58 71.5 0
      vertex 58 66 4.5
      vertex 58 71.5 4.5
    endloop
  endfacet
  facet normal -1 -0 0
    outer loop
      vertex 58 66 4.5
      vertex 58 60.5 0
      vertex 58 66 15.5
    endloop
  endfacet
  facet normal -1 0 0
    outer loop
      vertex 58 60.5 0
      vertex 58 66 4.5
      vertex 58 71.5 0
    endloop
  endfacet
  facet normal -1 0 0
    outer loop
      vertex 58 66 15.5
      vertex 58 71.5 45
      vertex 58 71.5 15.5
    endloop
  endfacet
  facet normal -1 0 0
    outer loop
      vertex 58 60.5 45
      vertex 58 66 15.5
      vertex 58 60.5 0
    endloop
  endfacet
  facet normal -1 0 0
    outer loop
      vertex 58 66 15.5
      vertex 58 60.5 45
      vertex 58 71.5 45
    endloop
  endfacet
  facet normal 0.514076 0.857745 -0
    outer loop
      vertex 72.8889 73.5787 0
      vertex 72.6785 73.7048 4.5
      vertex 72.8889 73.5787 4.5
    endloop
  endfacet
  facet normal 0.514076 0.857745 0
    outer loop
      vertex 72.6785 73.7048 4.5
      vertex 72.8889 73.5787 0
      vertex 72.6785 73.7048 0
    endloop
  endfacet
  facet normal 0.514076 0.857745 -0
    outer loop
      vertex 72.8889 73.5787 15.5
      vertex 72.6785 73.7048 45
      vertex 72.8889 73.5787 45
    endloop
  endfacet
  facet normal 0.514076 0.857745 0
    outer loop
      vertex 72.6785 73.7048 45
      vertex 72.8889 73.5787 15.5
      vertex 72.6785 73.7048 15.5
    endloop
  endfacet
  facet normal 0.96995 0.243303 0
    outer loop
      vertex 73.952 71.9877 4.5
      vertex 73.8923 72.2257 0
      vertex 73.8923 72.2257 4.5
    endloop
  endfacet
  facet normal 0.96995 0.243303 0
    outer loop
      vertex 73.8923 72.2257 0
      vertex 73.952 71.9877 4.5
      vertex 73.952 71.9877 0
    endloop
  endfacet
  facet normal 0.96995 0.243303 0
    outer loop
      vertex 73.952 71.9877 45
      vertex 73.8923 72.2257 15.5
      vertex 73.8923 72.2257 45
    endloop
  endfacet
  facet normal 0.96995 0.243303 0
    outer loop
      vertex 73.8923 72.2257 15.5
      vertex 73.952 71.9877 45
      vertex 73.952 71.9877 15.5
    endloop
  endfacet
  facet normal 0.857745 0.514076 0
    outer loop
      vertex 73.7048 72.6785 4.5
      vertex 73.5787 72.8889 0
      vertex 73.5787 72.8889 4.5
    endloop
  endfacet
  facet normal 0.857745 0.514076 0
    outer loop
      vertex 73.5787 72.8889 0
      vertex 73.7048 72.6785 4.5
      vertex 73.7048 72.6785 0
    endloop
  endfacet
  facet normal 0.857745 0.514076 0
    outer loop
      vertex 73.7048 72.6785 45
      vertex 73.5787 72.8889 15.5
      vertex 73.5787 72.8889 45
    endloop
  endfacet
  facet normal 0.857745 0.514076 0
    outer loop
      vertex 73.5787 72.8889 15.5
      vertex 73.7048 72.6785 45
      vertex 73.7048 72.6785 15.5
    endloop
  endfacet
  facet normal -0.857745 0.514076 0
    outer loop
      vertex 58.2952 72.6785 0
      vertex 58.4213 72.8889 4.5
      vertex 58.4213 72.8889 0
    endloop
  endfacet
  facet normal -0.857745 0.514076 0
    outer loop
      vertex 58.4213 72.8889 4.5
      vertex 58.2952 72.6785 0
      vertex 58.2952 72.6785 4.5
    endloop
  endfacet
  facet normal -0.857745 0.514076 0
    outer loop
      vertex 58.2952 72.6785 15.5
      vertex 58.4213 72.8889 45
      vertex 58.4213 72.8889 15.5
    endloop
  endfacet
  facet normal -0.857745 0.514076 0
    outer loop
      vertex 58.4213 72.8889 45
      vertex 58.2952 72.6785 15.5
      vertex 58.2952 72.6785 45
    endloop
  endfacet
  facet normal 0.336698 -0.941613 0
    outer loop
      vertex 72.2257 58.1077 0
      vertex 72.4567 58.1903 45
      vertex 72.2257 58.1077 45
    endloop
  endfacet
  facet normal 0.336698 -0.941613 0
    outer loop
      vertex 72.4567 58.1903 45
      vertex 72.2257 58.1077 0
      vertex 72.4567 58.1903 0
    endloop
  endfacet
  facet normal -0.671394 -0.741101 0
    outer loop
      vertex 58.7322 58.7322 0
      vertex 58.914 58.5675 45
      vertex 58.7322 58.7322 45
    endloop
  endfacet
  facet normal -0.671394 -0.741101 -0
    outer loop
      vertex 58.914 58.5675 45
      vertex 58.7322 58.7322 0
      vertex 58.914 58.5675 0
    endloop
  endfacet
  facet normal 0.146726 -0.989177 0
    outer loop
      vertex 71.745 58.012 0
      vertex 71.9877 58.048 45
      vertex 71.745 58.012 45
    endloop
  endfacet
  facet normal 0.146726 -0.989177 0
    outer loop
      vertex 71.9877 58.048 45
      vertex 71.745 58.012 0
      vertex 71.9877 58.048 0
    endloop
  endfacet
  facet normal -0.595754 0.803167 0
    outer loop
      vertex 59.1111 73.5787 0
      vertex 58.914 73.4325 4.5
      vertex 59.1111 73.5787 4.5
    endloop
  endfacet
  facet normal -0.595754 0.803167 0
    outer loop
      vertex 58.914 73.4325 4.5
      vertex 59.1111 73.5787 0
      vertex 58.914 73.4325 0
    endloop
  endfacet
  facet normal -0.595754 0.803167 0
    outer loop
      vertex 59.1111 73.5787 15.5
      vertex 58.914 73.4325 45
      vertex 59.1111 73.5787 45
    endloop
  endfacet
  facet normal -0.595754 0.803167 0
    outer loop
      vertex 58.914 73.4325 45
      vertex 59.1111 73.5787 15.5
      vertex 58.914 73.4325 15.5
    endloop
  endfacet
  facet normal 0.998803 -0.0489209 0
    outer loop
      vertex 73.988 60.255 45
      vertex 74 60.5 0
      vertex 74 60.5 45
    endloop
  endfacet
  facet normal 0.998803 -0.0489209 0
    outer loop
      vertex 74 60.5 0
      vertex 73.988 60.255 45
      vertex 73.988 60.255 0
    endloop
  endfacet
  facet normal 0 0 1
    outer loop
      vertex 64.5389 62.4754 47
      vertex 64.5389 62.0246 47
      vertex 64.55 62.25 47
    endloop
  endfacet
  facet normal 0 0 1
    outer loop
      vertex 64.5058 62.6987 47
      vertex 64.5389 62.0246 47
      vertex 64.5389 62.4754 47
    endloop
  endfacet
  facet normal 0 0 1
    outer loop
      vertex 64.5058 62.6987 47
      vertex 64.5058 61.8013 47
      vertex 64.5389 62.0246 47
    endloop
  endfacet
  facet normal 0 0 1
    outer loop
      vertex 64.451 62.9177 47
      vertex 64.5058 61.8013 47
      vertex 64.5058 62.6987 47
    endloop
  endfacet
  facet normal 0 0 1
    outer loop
      vertex 64.451 62.9177 47
      vertex 64.451 61.5823 47
      vertex 64.5058 61.8013 47
    endloop
  endfacet
  facet normal 0 0 1
    outer loop
      vertex 64.3749 63.1302 47
      vertex 64.451 61.5823 47
      vertex 64.451 62.9177 47
    endloop
  endfacet
  facet normal 0 0 1
    outer loop
      vertex 64.3749 63.1302 47
      vertex 64.3749 61.3698 47
      vertex 64.451 61.5823 47
    endloop
  endfacet
  facet normal 0 0 1
    outer loop
      vertex 64.2784 63.3342 47
      vertex 64.3749 61.3698 47
      vertex 64.3749 63.1302 47
    endloop
  endfacet
  facet normal 0 0 1
    outer loop
      vertex 64.2784 63.3342 47
      vertex 64.2784 61.1658 47
      vertex 64.3749 61.3698 47
    endloop
  endfacet
  facet normal 0 0 1
    outer loop
      vertex 64.1624 63.5278 47
      vertex 64.2784 61.1658 47
      vertex 64.2784 63.3342 47
    endloop
  endfacet
  facet normal 0 0 1
    outer loop
      vertex 64.1624 63.5278 47
      vertex 64.1624 60.9722 47
      vertex 64.2784 61.1658 47
    endloop
  endfacet
  facet normal 0 0 1
    outer loop
      vertex 64.0279 63.7091 47
      vertex 64.1624 60.9722 47
      vertex 64.1624 63.5278 47
    endloop
  endfacet
  facet normal 0 0 1
    outer loop
      vertex 64.0279 63.7091 47
      vertex 64.0279 60.7909 47
      vertex 64.1624 60.9722 47
    endloop
  endfacet
  facet normal 0 0 1
    outer loop
      vertex 63.8763 63.8763 47
      vertex 64.0279 60.7909 47
      vertex 64.0279 63.7091 47
    endloop
  endfacet
  facet normal 0 0 1
    outer loop
      vertex 63.8763 63.8763 47
      vertex 63.8763 60.6237 47
      vertex 64.0279 60.7909 47
    endloop
  endfacet
  facet normal 0 0 1
    outer loop
      vertex 63.7091 64.0279 47
      vertex 63.8763 60.6237 47
      vertex 63.8763 63.8763 47
    endloop
  endfacet
  facet normal 0 0 1
    outer loop
      vertex 63.7091 64.0279 47
      vertex 63.7091 60.4721 47
      vertex 63.8763 60.6237 47
    endloop
  endfacet
  facet normal 0 0 1
    outer loop
      vertex 63.5278 64.1624 47
      vertex 63.7091 60.4721 47
      vertex 63.7091 64.0279 47
    endloop
  endfacet
  facet normal 0 0 1
    outer loop
      vertex 63.5278 64.1624 47
      vertex 63.5278 60.3376 47
      vertex 63.7091 60.4721 47
    endloop
  endfacet
  facet normal 0 0 1
    outer loop
      vertex 63.3342 64.2784 47
      vertex 63.5278 60.3376 47
      vertex 63.5278 64.1624 47
    endloop
  endfacet
  facet normal 0 0 1
    outer loop
      vertex 63.3342 64.2784 47
      vertex 63.3342 60.2216 47
      vertex 63.5278 60.3376 47
    endloop
  endfacet
  facet normal 0 0 1
    outer loop
      vertex 63.1302 64.3749 47
      vertex 63.3342 60.2216 47
      vertex 63.3342 64.2784 47
    endloop
  endfacet
  facet normal 0 0 1
    outer loop
      vertex 63.1302 64.3749 47
      vertex 63.1302 60.1251 47
      vertex 63.3342 60.2216 47
    endloop
  endfacet
  facet normal 0 0 1
    outer loop
      vertex 62.9177 64.451 47
      vertex 63.1302 60.1251 47
      vertex 63.1302 64.3749 47
    endloop
  endfacet
  facet normal 0 0 1
    outer loop
      vertex 62.9177 64.451 47
      vertex 62.9177 60.049 47
      vertex 63.1302 60.1251 47
    endloop
  endfacet
  facet normal 0 0 1
    outer loop
      vertex 62.6987 64.5058 47
      vertex 62.9177 60.049 47
      vertex 62.9177 64.451 47
    endloop
  endfacet
  facet normal 0 0 1
    outer loop
      vertex 62.6987 64.5058 47
      vertex 62.6987 59.9942 47
      vertex 62.9177 60.049 47
    endloop
  endfacet
  facet normal 0 0 1
    outer loop
      vertex 62.4754 64.5389 47
      vertex 62.6987 59.9942 47
      vertex 62.6987 64.5058 47
    endloop
  endfacet
  facet normal 0 0 1
    outer loop
      vertex 62.4754 64.5389 47
      vertex 62.4754 59.9611 47
      vertex 62.6987 59.9942 47
    endloop
  endfacet
  facet normal 0 0 1
    outer loop
      vertex 62.25 64.55 47
      vertex 62.4754 59.9611 47
      vertex 62.4754 64.5389 47
    endloop
  endfacet
  facet normal 0 0 1
    outer loop
      vertex 62.25 64.55 47
      vertex 62.25 59.95 47
      vertex 62.4754 59.9611 47
    endloop
  endfacet
  facet normal -0 0 1
    outer loop
      vertex 62.0246 64.5389 47
      vertex 62.25 59.95 47
      vertex 62.25 64.55 47
    endloop
  endfacet
  facet normal 0 0 1
    outer loop
      vertex 62.0246 64.5389 47
      vertex 62.0246 59.9611 47
      vertex 62.25 59.95 47
    endloop
  endfacet
  facet normal -0 0 1
    outer loop
      vertex 61.8013 64.5058 47
      vertex 62.0246 59.9611 47
      vertex 62.0246 64.5389 47
    endloop
  endfacet
  facet normal 0 0 1
    outer loop
      vertex 61.8013 64.5058 47
      vertex 61.8013 59.9942 47
      vertex 62.0246 59.9611 47
    endloop
  endfacet
  facet normal -0 0 1
    outer loop
      vertex 61.5823 64.451 47
      vertex 61.8013 59.9942 47
      vertex 61.8013 64.5058 47
    endloop
  endfacet
  facet normal 0 0 1
    outer loop
      vertex 61.5823 64.451 47
      vertex 61.5823 60.049 47
      vertex 61.8013 59.9942 47
    endloop
  endfacet
  facet normal -0 0 1
    outer loop
      vertex 61.3698 64.3749 47
      vertex 61.5823 60.049 47
      vertex 61.5823 64.451 47
    endloop
  endfacet
  facet normal 0 0 1
    outer loop
      vertex 61.3698 64.3749 47
      vertex 61.3698 60.1251 47
      vertex 61.5823 60.049 47
    endloop
  endfacet
  facet normal -0 0 1
    outer loop
      vertex 61.1658 64.2784 47
      vertex 61.3698 60.1251 47
      vertex 61.3698 64.3749 47
    endloop
  endfacet
  facet normal 0 0 1
    outer loop
      vertex 61.1658 64.2784 47
      vertex 61.1658 60.2216 47
      vertex 61.3698 60.1251 47
    endloop
  endfacet
  facet normal -0 0 1
    outer loop
      vertex 60.9722 64.1624 47
      vertex 61.1658 60.2216 47
      vertex 61.1658 64.2784 47
    endloop
  endfacet
  facet normal 0 0 1
    outer loop
      vertex 60.9722 64.1624 47
      vertex 60.9722 60.3376 47
      vertex 61.1658 60.2216 47
    endloop
  endfacet
  facet normal -0 0 1
    outer loop
      vertex 60.7909 64.0279 47
      vertex 60.9722 60.3376 47
      vertex 60.9722 64.1624 47
    endloop
  endfacet
  facet normal 0 0 1
    outer loop
      vertex 60.7909 64.0279 47
      vertex 60.7909 60.4721 47
      vertex 60.9722 60.3376 47
    endloop
  endfacet
  facet normal -0 0 1
    outer loop
      vertex 60.6237 63.8763 47
      vertex 60.7909 60.4721 47
      vertex 60.7909 64.0279 47
    endloop
  endfacet
  facet normal 0 0 1
    outer loop
      vertex 60.6237 63.8763 47
      vertex 60.6237 60.6237 47
      vertex 60.7909 60.4721 47
    endloop
  endfacet
  facet normal -0 0 1
    outer loop
      vertex 60.4721 63.7091 47
      vertex 60.6237 60.6237 47
      vertex 60.6237 63.8763 47
    endloop
  endfacet
  facet normal 0 0 1
    outer loop
      vertex 60.4721 63.7091 47
      vertex 60.4721 60.7909 47
      vertex 60.6237 60.6237 47
    endloop
  endfacet
  facet normal -0 0 1
    outer loop
      vertex 60.3376 63.5278 47
      vertex 60.4721 60.7909 47
      vertex 60.4721 63.7091 47
    endloop
  endfacet
  facet normal 0 0 1
    outer loop
      vertex 60.3376 63.5278 47
      vertex 60.3376 60.9722 47
      vertex 60.4721 60.7909 47
    endloop
  endfacet
  facet normal -0 0 1
    outer loop
      vertex 60.2216 63.3342 47
      vertex 60.3376 60.9722 47
      vertex 60.3376 63.5278 47
    endloop
  endfacet
  facet normal 0 0 1
    outer loop
      vertex 60.2216 63.3342 47
      vertex 60.2216 61.1658 47
      vertex 60.3376 60.9722 47
    endloop
  endfacet
  facet normal -0 0 1
    outer loop
      vertex 60.1251 63.1302 47
      vertex 60.2216 61.1658 47
      vertex 60.2216 63.3342 47
    endloop
  endfacet
  facet normal 0 0 1
    outer loop
      vertex 60.1251 63.1302 47
      vertex 60.1251 61.3698 47
      vertex 60.2216 61.1658 47
    endloop
  endfacet
  facet normal -0 0 1
    outer loop
      vertex 60.049 62.9177 47
      vertex 60.1251 61.3698 47
      vertex 60.1251 63.1302 47
    endloop
  endfacet
  facet normal 0 0 1
    outer loop
      vertex 60.049 62.9177 47
      vertex 60.049 61.5823 47
      vertex 60.1251 61.3698 47
    endloop
  endfacet
  facet normal -0 0 1
    outer loop
      vertex 59.9942 62.6987 47
      vertex 60.049 61.5823 47
      vertex 60.049 62.9177 47
    endloop
  endfacet
  facet normal 0 0 1
    outer loop
      vertex 59.9942 62.6987 47
      vertex 59.9942 61.8013 47
      vertex 60.049 61.5823 47
    endloop
  endfacet
  facet normal -0 0 1
    outer loop
      vertex 59.9611 62.4754 47
      vertex 59.9942 61.8013 47
      vertex 59.9942 62.6987 47
    endloop
  endfacet
  facet normal 0 0 1
    outer loop
      vertex 59.9611 62.4754 47
      vertex 59.9611 62.0246 47
      vertex 59.9942 61.8013 47
    endloop
  endfacet
  facet normal 0 -0 1
    outer loop
      vertex 59.9611 62.0246 47
      vertex 59.9611 62.4754 47
      vertex 59.95 62.25 47
    endloop
  endfacet
  facet normal 0.243303 -0.96995 0
    outer loop
      vertex 71.9877 58.048 0
      vertex 72.2257 58.1077 45
      vertex 71.9877 58.048 45
    endloop
  endfacet
  facet normal 0.243303 -0.96995 0
    outer loop
      vertex 72.2257 58.1077 45
      vertex 71.9877 58.048 0
      vertex 72.2257 58.1077 0
    endloop
  endfacet
  facet normal 0.989177 0.146726 0
    outer loop
      vertex 73.988 71.745 4.5
      vertex 73.952 71.9877 0
      vertex 73.952 71.9877 4.5
    endloop
  endfacet
  facet normal 0.989177 0.146726 0
    outer loop
      vertex 73.952 71.9877 0
      vertex 73.988 71.745 4.5
      vertex 73.988 71.745 0
    endloop
  endfacet
  facet normal 0.989177 0.146726 0
    outer loop
      vertex 73.988 71.745 45
      vertex 73.952 71.9877 15.5
      vertex 73.952 71.9877 45
    endloop
  endfacet
  facet normal 0.989177 0.146726 0
    outer loop
      vertex 73.952 71.9877 15.5
      vertex 73.988 71.745 45
      vertex 73.988 71.745 15.5
    endloop
  endfacet
  facet normal -0.671394 0.741101 0
    outer loop
      vertex 58.914 73.4325 0
      vertex 58.7322 73.2678 4.5
      vertex 58.914 73.4325 4.5
    endloop
  endfacet
  facet normal -0.671394 0.741101 0
    outer loop
      vertex 58.7322 73.2678 4.5
      vertex 58.914 73.4325 0
      vertex 58.7322 73.2678 0
    endloop
  endfacet
  facet normal -0.671394 0.741101 0
    outer loop
      vertex 58.914 73.4325 15.5
      vertex 58.7322 73.2678 45
      vertex 58.914 73.4325 45
    endloop
  endfacet
  facet normal -0.671394 0.741101 0
    outer loop
      vertex 58.7322 73.2678 45
      vertex 58.914 73.4325 15.5
      vertex 58.7322 73.2678 15.5
    endloop
  endfacet
  facet normal 0.803167 -0.595754 0
    outer loop
      vertex 73.4325 58.914 45
      vertex 73.5787 59.1111 0
      vertex 73.5787 59.1111 45
    endloop
  endfacet
  facet normal 0.803167 -0.595754 0
    outer loop
      vertex 73.5787 59.1111 0
      vertex 73.4325 58.914 45
      vertex 73.4325 58.914 0
    endloop
  endfacet
  facet normal 0.741101 -0.671394 0
    outer loop
      vertex 73.2678 58.7322 45
      vertex 73.4325 58.914 0
      vertex 73.4325 58.914 45
    endloop
  endfacet
  facet normal 0.741101 -0.671394 0
    outer loop
      vertex 73.4325 58.914 0
      vertex 73.2678 58.7322 45
      vertex 73.2678 58.7322 0
    endloop
  endfacet
  facet normal 0.989177 -0.146726 0
    outer loop
      vertex 73.952 60.0123 45
      vertex 73.988 60.255 0
      vertex 73.988 60.255 45
    endloop
  endfacet
  facet normal 0.989177 -0.146726 0
    outer loop
      vertex 73.988 60.255 0
      vertex 73.952 60.0123 45
      vertex 73.952 60.0123 0
    endloop
  endfacet
  facet normal -0.0489209 0.998803 0
    outer loop
      vertex 60.5 74 0
      vertex 60.255 73.988 4.5
      vertex 60.5 74 4.5
    endloop
  endfacet
  facet normal -0.0489209 0.998803 0
    outer loop
      vertex 60.255 73.988 4.5
      vertex 60.5 74 0
      vertex 60.255 73.988 0
    endloop
  endfacet
  facet normal -0.0489209 0.998803 0
    outer loop
      vertex 60.5 74 15.5
      vertex 60.255 73.988 45
      vertex 60.5 74 45
    endloop
  endfacet
  facet normal -0.0489209 0.998803 0
    outer loop
      vertex 60.255 73.988 45
      vertex 60.5 74 15.5
      vertex 60.255 73.988 15.5
    endloop
  endfacet
  facet normal -0.0489209 -0.998803 0
    outer loop
      vertex 60.255 58.012 0
      vertex 60.5 58 45
      vertex 60.255 58.012 45
    endloop
  endfacet
  facet normal -0.0489209 -0.998803 -0
    outer loop
      vertex 60.5 58 45
      vertex 60.255 58.012 0
      vertex 60.5 58 0
    endloop
  endfacet
  facet normal -0.336698 0.941613 0
    outer loop
      vertex 59.7743 73.8923 0
      vertex 59.5433 73.8097 4.5
      vertex 59.7743 73.8923 4.5
    endloop
  endfacet
  facet normal -0.336698 0.941613 0
    outer loop
      vertex 59.5433 73.8097 4.5
      vertex 59.7743 73.8923 0
      vertex 59.5433 73.8097 0
    endloop
  endfacet
  facet normal -0.336698 0.941613 0
    outer loop
      vertex 59.7743 73.8923 15.5
      vertex 59.5433 73.8097 45
      vertex 59.7743 73.8923 45
    endloop
  endfacet
  facet normal -0.336698 0.941613 0
    outer loop
      vertex 59.5433 73.8097 45
      vertex 59.7743 73.8923 15.5
      vertex 59.5433 73.8097 15.5
    endloop
  endfacet
  facet normal 0.0489209 -0.998803 0
    outer loop
      vertex 71.5 58 0
      vertex 71.745 58.012 45
      vertex 71.5 58 45
    endloop
  endfacet
  facet normal 0.0489209 -0.998803 0
    outer loop
      vertex 71.745 58.012 45
      vertex 71.5 58 0
      vertex 71.745 58.012 0
    endloop
  endfacet
  facet normal 0 -1 0
    outer loop
      vertex 60.5 58 0
      vertex 71.5 58 45
      vertex 60.5 58 45
    endloop
  endfacet
  facet normal 0 -1 -0
    outer loop
      vertex 71.5 58 45
      vertex 60.5 58 0
      vertex 71.5 58 0
    endloop
  endfacet
  facet normal 0.595754 0.803167 -0
    outer loop
      vertex 73.086 73.4325 0
      vertex 72.8889 73.5787 4.5
      vertex 73.086 73.4325 4.5
    endloop
  endfacet
  facet normal 0.595754 0.803167 0
    outer loop
      vertex 72.8889 73.5787 4.5
      vertex 73.086 73.4325 0
      vertex 72.8889 73.5787 0
    endloop
  endfacet
  facet normal 0.595754 0.803167 -0
    outer loop
      vertex 73.086 73.4325 15.5
      vertex 72.8889 73.5787 45
      vertex 73.086 73.4325 45
    endloop
  endfacet
  facet normal 0.595754 0.803167 0
    outer loop
      vertex 72.8889 73.5787 45
      vertex 73.086 73.4325 15.5
      vertex 72.8889 73.5787 15.5
    endloop
  endfacet
  facet normal 0.998803 0.0489209 0
    outer loop
      vertex 74 71.5 4.5
      vertex 73.988 71.745 0
      vertex 73.988 71.745 4.5
    endloop
  endfacet
  facet normal 0.998803 0.0489209 0
    outer loop
      vertex 73.988 71.745 0
      vertex 74 71.5 4.5
      vertex 74 71.5 0
    endloop
  endfacet
  facet normal 0.998803 0.0489209 0
    outer loop
      vertex 74 71.5 45
      vertex 73.988 71.745 15.5
      vertex 73.988 71.745 45
    endloop
  endfacet
  facet normal 0.998803 0.0489209 0
    outer loop
      vertex 73.988 71.745 15.5
      vertex 74 71.5 45
      vertex 74 71.5 15.5
    endloop
  endfacet
  facet normal 0.741101 0.671394 0
    outer loop
      vertex 73.4325 73.086 4.5
      vertex 73.2678 73.2678 0
      vertex 73.2678 73.2678 4.5
    endloop
  endfacet
  facet normal 0.741101 0.671394 0
    outer loop
      vertex 73.2678 73.2678 0
      vertex 73.4325 73.086 4.5
      vertex 73.4325 73.086 0
    endloop
  endfacet
  facet normal 0.741101 0.671394 0
    outer loop
      vertex 73.4325 73.086 45
      vertex 73.2678 73.2678 15.5
      vertex 73.2678 73.2678 45
    endloop
  endfacet
  facet normal 0.741101 0.671394 0
    outer loop
      vertex 73.2678 73.2678 15.5
      vertex 73.4325 73.086 45
      vertex 73.4325 73.086 15.5
    endloop
  endfacet
  facet normal 0.0489209 0.998803 -0
    outer loop
      vertex 71.745 73.988 0
      vertex 71.5 74 4.5
      vertex 71.745 73.988 4.5
    endloop
  endfacet
  facet normal 0.0489209 0.998803 0
    outer loop
      vertex 71.5 74 4.5
      vertex 71.745 73.988 0
      vertex 71.5 74 0
    endloop
  endfacet
  facet normal 0.0489209 0.998803 -0
    outer loop
      vertex 71.745 73.988 15.5
      vertex 71.5 74 45
      vertex 71.745 73.988 45
    endloop
  endfacet
  facet normal 0.0489209 0.998803 0
    outer loop
      vertex 71.5 74 45
      vertex 71.745 73.988 15.5
      vertex 71.5 74 15.5
    endloop
  endfacet
  facet normal -0.741101 0.671394 0
    outer loop
      vertex 58.5675 73.086 0
      vertex 58.7322 73.2678 4.5
      vertex 58.7322 73.2678 0
    endloop
  endfacet
  facet normal -0.741101 0.671394 0
    outer loop
      vertex 58.7322 73.2678 4.5
      vertex 58.5675 73.086 0
      vertex 58.5675 73.086 4.5
    endloop
  endfacet
  facet normal -0.741101 0.671394 0
    outer loop
      vertex 58.5675 73.086 15.5
      vertex 58.7322 73.2678 45
      vertex 58.7322 73.2678 15.5
    endloop
  endfacet
  facet normal -0.741101 0.671394 0
    outer loop
      vertex 58.7322 73.2678 45
      vertex 58.5675 73.086 15.5
      vertex 58.5675 73.086 45
    endloop
  endfacet
  facet normal -0.514076 0.857745 0
    outer loop
      vertex 59.3215 73.7048 0
      vertex 59.1111 73.5787 4.5
      vertex 59.3215 73.7048 4.5
    endloop
  endfacet
  facet normal -0.514076 0.857745 0
    outer loop
      vertex 59.1111 73.5787 4.5
      vertex 59.3215 73.7048 0
      vertex 59.1111 73.5787 0
    endloop
  endfacet
  facet normal -0.514076 0.857745 0
    outer loop
      vertex 59.3215 73.7048 15.5
      vertex 59.1111 73.5787 45
      vertex 59.3215 73.7048 45
    endloop
  endfacet
  facet normal -0.514076 0.857745 0
    outer loop
      vertex 59.1111 73.5787 45
      vertex 59.3215 73.7048 15.5
      vertex 59.1111 73.5787 15.5
    endloop
  endfacet
  facet normal 0.857745 -0.514076 0
    outer loop
      vertex 73.5787 59.1111 45
      vertex 73.7048 59.3215 0
      vertex 73.7048 59.3215 45
    endloop
  endfacet
  facet normal 0.857745 -0.514076 0
    outer loop
      vertex 73.7048 59.3215 0
      vertex 73.5787 59.1111 45
      vertex 73.5787 59.1111 0
    endloop
  endfacet
  facet normal -0.427543 0.903995 0
    outer loop
      vertex 59.5433 73.8097 0
      vertex 59.3215 73.7048 4.5
      vertex 59.5433 73.8097 4.5
    endloop
  endfacet
  facet normal -0.427543 0.903995 0
    outer loop
      vertex 59.3215 73.7048 4.5
      vertex 59.5433 73.8097 0
      vertex 59.3215 73.7048 0
    endloop
  endfacet
  facet normal -0.427543 0.903995 0
    outer loop
      vertex 59.5433 73.8097 15.5
      vertex 59.3215 73.7048 45
      vertex 59.5433 73.8097 45
    endloop
  endfacet
  facet normal -0.427543 0.903995 0
    outer loop
      vertex 59.3215 73.7048 45
      vertex 59.5433 73.8097 15.5
      vertex 59.3215 73.7048 15.5
    endloop
  endfacet
  facet normal 0.903995 0.427543 0
    outer loop
      vertex 73.8097 72.4567 4.5
      vertex 73.7048 72.6785 0
      vertex 73.7048 72.6785 4.5
    endloop
  endfacet
  facet normal 0.903995 0.427543 0
    outer loop
      vertex 73.7048 72.6785 0
      vertex 73.8097 72.4567 4.5
      vertex 73.8097 72.4567 0
    endloop
  endfacet
  facet normal 0.903995 0.427543 0
    outer loop
      vertex 73.8097 72.4567 45
      vertex 73.7048 72.6785 15.5
      vertex 73.7048 72.6785 45
    endloop
  endfacet
  facet normal 0.903995 0.427543 0
    outer loop
      vertex 73.7048 72.6785 15.5
      vertex 73.8097 72.4567 45
      vertex 73.8097 72.4567 15.5
    endloop
  endfacet
  facet normal 0.671394 0.741101 -0
    outer loop
      vertex 73.2678 73.2678 0
      vertex 73.086 73.4325 4.5
      vertex 73.2678 73.2678 4.5
    endloop
  endfacet
  facet normal 0.671394 0.741101 0
    outer loop
      vertex 73.086 73.4325 4.5
      vertex 73.2678 73.2678 0
      vertex 73.086 73.4325 0
    endloop
  endfacet
  facet normal 0.671394 0.741101 -0
    outer loop
      vertex 73.2678 73.2678 15.5
      vertex 73.086 73.4325 45
      vertex 73.2678 73.2678 45
    endloop
  endfacet
  facet normal 0.671394 0.741101 0
    outer loop
      vertex 73.086 73.4325 45
      vertex 73.2678 73.2678 15.5
      vertex 73.086 73.4325 15.5
    endloop
  endfacet
  facet normal -0.803167 0.595754 0
    outer loop
      vertex 58.4213 72.8889 0
      vertex 58.5675 73.086 4.5
      vertex 58.5675 73.086 0
    endloop
  endfacet
  facet normal -0.803167 0.595754 0
    outer loop
      vertex 58.5675 73.086 4.5
      vertex 58.4213 72.8889 0
      vertex 58.4213 72.8889 4.5
    endloop
  endfacet
  facet normal -0.803167 0.595754 0
    outer loop
      vertex 58.4213 72.8889 15.5
      vertex 58.5675 73.086 45
      vertex 58.5675 73.086 15.5
    endloop
  endfacet
  facet normal -0.803167 0.595754 0
    outer loop
      vertex 58.5675 73.086 45
      vertex 58.4213 72.8889 15.5
      vertex 58.4213 72.8889 45
    endloop
  endfacet
  facet normal 0.96995 -0.243303 0
    outer loop
      vertex 73.8923 59.7743 45
      vertex 73.952 60.0123 0
      vertex 73.952 60.0123 45
    endloop
  endfacet
  facet normal 0.96995 -0.243303 0
    outer loop
      vertex 73.952 60.0123 0
      vertex 73.8923 59.7743 45
      vertex 73.8923 59.7743 0
    endloop
  endfacet
  facet normal -0.803167 -0.595754 0
    outer loop
      vertex 58.5675 58.914 0
      vertex 58.4213 59.1111 45
      vertex 58.4213 59.1111 0
    endloop
  endfacet
  facet normal -0.803167 -0.595754 0
    outer loop
      vertex 58.4213 59.1111 45
      vertex 58.5675 58.914 0
      vertex 58.5675 58.914 45
    endloop
  endfacet
  facet normal -0.146726 0.989177 0
    outer loop
      vertex 60.255 73.988 0
      vertex 60.0123 73.952 4.5
      vertex 60.255 73.988 4.5
    endloop
  endfacet
  facet normal -0.146726 0.989177 0
    outer loop
      vertex 60.0123 73.952 4.5
      vertex 60.255 73.988 0
      vertex 60.0123 73.952 0
    endloop
  endfacet
  facet normal -0.146726 0.989177 0
    outer loop
      vertex 60.255 73.988 15.5
      vertex 60.0123 73.952 45
      vertex 60.255 73.988 45
    endloop
  endfacet
  facet normal -0.146726 0.989177 0
    outer loop
      vertex 60.0123 73.952 45
      vertex 60.255 73.988 15.5
      vertex 60.0123 73.952 15.5
    endloop
  endfacet
  facet normal -0.903995 0.427543 0
    outer loop
      vertex 58.1903 72.4567 0
      vertex 58.2952 72.6785 4.5
      vertex 58.2952 72.6785 0
    endloop
  endfacet
  facet normal -0.903995 0.427543 0
    outer loop
      vertex 58.2952 72.6785 4.5
      vertex 58.1903 72.4567 0
      vertex 58.1903 72.4567 4.5
    endloop
  endfacet
  facet normal -0.903995 0.427543 0
    outer loop
      vertex 58.1903 72.4567 15.5
      vertex 58.2952 72.6785 45
      vertex 58.2952 72.6785 15.5
    endloop
  endfacet
  facet normal -0.903995 0.427543 0
    outer loop
      vertex 58.2952 72.6785 45
      vertex 58.1903 72.4567 15.5
      vertex 58.1903 72.4567 45
    endloop
  endfacet
  facet normal -0.941613 -0.336698 0
    outer loop
      vertex 58.1903 59.5433 0
      vertex 58.1077 59.7743 45
      vertex 58.1077 59.7743 0
    endloop
  endfacet
  facet normal -0.941613 -0.336698 0
    outer loop
      vertex 58.1077 59.7743 45
      vertex 58.1903 59.5433 0
      vertex 58.1903 59.5433 45
    endloop
  endfacet
  facet normal -0.989177 -0.146726 0
    outer loop
      vertex 58.048 60.0123 0
      vertex 58.012 60.255 45
      vertex 58.012 60.255 0
    endloop
  endfacet
  facet normal -0.989177 -0.146726 0
    outer loop
      vertex 58.012 60.255 45
      vertex 58.048 60.0123 0
      vertex 58.048 60.0123 45
    endloop
  endfacet
  facet normal -0.96995 -0.243303 0
    outer loop
      vertex 58.1077 59.7743 0
      vertex 58.048 60.0123 45
      vertex 58.048 60.0123 0
    endloop
  endfacet
  facet normal -0.96995 -0.243303 0
    outer loop
      vertex 58.048 60.0123 45
      vertex 58.1077 59.7743 0
      vertex 58.1077 59.7743 45
    endloop
  endfacet
  facet normal 0.671394 -0.741101 0
    outer loop
      vertex 73.086 58.5675 0
      vertex 73.2678 58.7322 45
      vertex 73.086 58.5675 45
    endloop
  endfacet
  facet normal 0.671394 -0.741101 0
    outer loop
      vertex 73.2678 58.7322 45
      vertex 73.086 58.5675 0
      vertex 73.2678 58.7322 0
    endloop
  endfacet
  facet normal 0.595754 -0.803167 0
    outer loop
      vertex 72.8889 58.4213 0
      vertex 73.086 58.5675 45
      vertex 72.8889 58.4213 45
    endloop
  endfacet
  facet normal 0.595754 -0.803167 0
    outer loop
      vertex 73.086 58.5675 45
      vertex 72.8889 58.4213 0
      vertex 73.086 58.5675 0
    endloop
  endfacet
  facet normal -0.989177 0.146726 0
    outer loop
      vertex 58.012 71.745 0
      vertex 58.048 71.9877 4.5
      vertex 58.048 71.9877 0
    endloop
  endfacet
  facet normal -0.989177 0.146726 0
    outer loop
      vertex 58.048 71.9877 4.5
      vertex 58.012 71.745 0
      vertex 58.012 71.745 4.5
    endloop
  endfacet
  facet normal -0.989177 0.146726 0
    outer loop
      vertex 58.012 71.745 15.5
      vertex 58.048 71.9877 45
      vertex 58.048 71.9877 15.5
    endloop
  endfacet
  facet normal -0.989177 0.146726 0
    outer loop
      vertex 58.048 71.9877 45
      vertex 58.012 71.745 15.5
      vertex 58.012 71.745 45
    endloop
  endfacet
  facet normal -0.903995 -0.427543 0
    outer loop
      vertex 58.2952 59.3215 0
      vertex 58.1903 59.5433 45
      vertex 58.1903 59.5433 0
    endloop
  endfacet
  facet normal -0.903995 -0.427543 0
    outer loop
      vertex 58.1903 59.5433 45
      vertex 58.2952 59.3215 0
      vertex 58.2952 59.3215 45
    endloop
  endfacet
  facet normal -0.146726 -0.989177 0
    outer loop
      vertex 60.0123 58.048 0
      vertex 60.255 58.012 45
      vertex 60.0123 58.048 45
    endloop
  endfacet
  facet normal -0.146726 -0.989177 -0
    outer loop
      vertex 60.255 58.012 45
      vertex 60.0123 58.048 0
      vertex 60.255 58.012 0
    endloop
  endfacet
  facet normal -0.998803 0.0489209 0
    outer loop
      vertex 58 71.5 0
      vertex 58.012 71.745 4.5
      vertex 58.012 71.745 0
    endloop
  endfacet
  facet normal -0.998803 0.0489209 0
    outer loop
      vertex 58.012 71.745 4.5
      vertex 58 71.5 0
      vertex 58 71.5 4.5
    endloop
  endfacet
  facet normal -0.998803 0.0489209 0
    outer loop
      vertex 58 71.5 15.5
      vertex 58.012 71.745 45
      vertex 58.012 71.745 15.5
    endloop
  endfacet
  facet normal -0.998803 0.0489209 0
    outer loop
      vertex 58.012 71.745 45
      vertex 58 71.5 15.5
      vertex 58 71.5 45
    endloop
  endfacet
  facet normal 0.427543 -0.903995 0
    outer loop
      vertex 72.4567 58.1903 0
      vertex 72.6785 58.2952 45
      vertex 72.4567 58.1903 45
    endloop
  endfacet
  facet normal 0.427543 -0.903995 0
    outer loop
      vertex 72.6785 58.2952 45
      vertex 72.4567 58.1903 0
      vertex 72.6785 58.2952 0
    endloop
  endfacet
  facet normal 0 1 -0
    outer loop
      vertex 71.5 74 0
      vertex 60.5 74 4.5
      vertex 71.5 74 4.5
    endloop
  endfacet
  facet normal 0 1 0
    outer loop
      vertex 60.5 74 4.5
      vertex 71.5 74 0
      vertex 60.5 74 0
    endloop
  endfacet
  facet normal 0 1 -0
    outer loop
      vertex 71.5 74 15.5
      vertex 60.5 74 45
      vertex 71.5 74 45
    endloop
  endfacet
  facet normal 0 1 0
    outer loop
      vertex 60.5 74 45
      vertex 71.5 74 15.5
      vertex 60.5 74 15.5
    endloop
  endfacet
  facet normal 0.336698 0.941613 -0
    outer loop
      vertex 72.4567 73.8097 0
      vertex 72.2257 73.8923 4.5
      vertex 72.4567 73.8097 4.5
    endloop
  endfacet
  facet normal 0.336698 0.941613 0
    outer loop
      vertex 72.2257 73.8923 4.5
      vertex 72.4567 73.8097 0
      vertex 72.2257 73.8923 0
    endloop
  endfacet
  facet normal 0.336698 0.941613 -0
    outer loop
      vertex 72.4567 73.8097 15.5
      vertex 72.2257 73.8923 45
      vertex 72.4567 73.8097 45
    endloop
  endfacet
  facet normal 0.336698 0.941613 0
    outer loop
      vertex 72.2257 73.8923 45
      vertex 72.4567 73.8097 15.5
      vertex 72.2257 73.8923 15.5
    endloop
  endfacet
  facet normal 0.146726 0.989177 -0
    outer loop
      vertex 71.9877 73.952 0
      vertex 71.745 73.988 4.5
      vertex 71.9877 73.952 4.5
    endloop
  endfacet
  facet normal 0.146726 0.989177 0
    outer loop
      vertex 71.745 73.988 4.5
      vertex 71.9877 73.952 0
      vertex 71.745 73.988 0
    endloop
  endfacet
  facet normal 0.146726 0.989177 -0
    outer loop
      vertex 71.9877 73.952 15.5
      vertex 71.745 73.988 45
      vertex 71.9877 73.952 45
    endloop
  endfacet
  facet normal 0.146726 0.989177 0
    outer loop
      vertex 71.745 73.988 45
      vertex 71.9877 73.952 15.5
      vertex 71.745 73.988 15.5
    endloop
  endfacet
  facet normal 0.903995 -0.427543 0
    outer loop
      vertex 73.7048 59.3215 45
      vertex 73.8097 59.5433 0
      vertex 73.8097 59.5433 45
    endloop
  endfacet
  facet normal 0.903995 -0.427543 0
    outer loop
      vertex 73.8097 59.5433 0
      vertex 73.7048 59.3215 45
      vertex 73.7048 59.3215 0
    endloop
  endfacet
  facet normal 0.941613 -0.336698 0
    outer loop
      vertex 73.8097 59.5433 45
      vertex 73.8923 59.7743 0
      vertex 73.8923 59.7743 45
    endloop
  endfacet
  facet normal 0.941613 -0.336698 0
    outer loop
      vertex 73.8923 59.7743 0
      vertex 73.8097 59.5433 45
      vertex 73.8097 59.5433 0
    endloop
  endfacet
  facet normal 0.941613 0.336698 0
    outer loop
      vertex 73.8923 72.2257 4.5
      vertex 73.8097 72.4567 0
      vertex 73.8097 72.4567 4.5
    endloop
  endfacet
  facet normal 0.941613 0.336698 0
    outer loop
      vertex 73.8097 72.4567 0
      vertex 73.8923 72.2257 4.5
      vertex 73.8923 72.2257 0
    endloop
  endfacet
  facet normal 0.941613 0.336698 0
    outer loop
      vertex 73.8923 72.2257 45
      vertex 73.8097 72.4567 15.5
      vertex 73.8097 72.4567 45
    endloop
  endfacet
  facet normal 0.941613 0.336698 0
    outer loop
      vertex 73.8097 72.4567 15.5
      vertex 73.8923 72.2257 45
      vertex 73.8923 72.2257 15.5
    endloop
  endfacet
  facet normal 0.427543 0.903995 -0
    outer loop
      vertex 72.6785 73.7048 0
      vertex 72.4567 73.8097 4.5
      vertex 72.6785 73.7048 4.5
    endloop
  endfacet
  facet normal 0.427543 0.903995 0
    outer loop
      vertex 72.4567 73.8097 4.5
      vertex 72.6785 73.7048 0
      vertex 72.4567 73.8097 0
    endloop
  endfacet
  facet normal 0.427543 0.903995 -0
    outer loop
      vertex 72.6785 73.7048 15.5
      vertex 72.4567 73.8097 45
      vertex 72.6785 73.7048 45
    endloop
  endfacet
  facet normal 0.427543 0.903995 0
    outer loop
      vertex 72.4567 73.8097 45
      vertex 72.6785 73.7048 15.5
      vertex 72.4567 73.8097 15.5
    endloop
  endfacet
  facet normal 0.243303 0.96995 -0
    outer loop
      vertex 72.2257 73.8923 0
      vertex 71.9877 73.952 4.5
      vertex 72.2257 73.8923 4.5
    endloop
  endfacet
  facet normal 0.243303 0.96995 0
    outer loop
      vertex 71.9877 73.952 4.5
      vertex 72.2257 73.8923 0
      vertex 71.9877 73.952 0
    endloop
  endfacet
  facet normal 0.243303 0.96995 -0
    outer loop
      vertex 72.2257 73.8923 15.5
      vertex 71.9877 73.952 45
      vertex 72.2257 73.8923 45
    endloop
  endfacet
  facet normal 0.243303 0.96995 0
    outer loop
      vertex 71.9877 73.952 45
      vertex 72.2257 73.8923 15.5
      vertex 71.9877 73.952 15.5
    endloop
  endfacet
  facet normal 0 0 -1
    outer loop
      vertex 71.5 58 0
      vertex 74 60.5 0
      vertex 73.988 60.255 0
    endloop
  endfacet
  facet normal -0 0 -1
    outer loop
      vertex 74 60.5 0
      vertex 71.5 58 0
      vertex 74 71.5 0
    endloop
  endfacet
  facet normal 0 0 -1
    outer loop
      vertex 71.5 58 0
      vertex 73.988 60.255 0
      vertex 73.952 60.0123 0
    endloop
  endfacet
  facet normal 0 0 -1
    outer loop
      vertex 71.5 74 0
      vertex 74 71.5 0
      vertex 71.5 58 0
    endloop
  endfacet
  facet normal 0 0 -1
    outer loop
      vertex 71.5 58 0
      vertex 73.952 60.0123 0
      vertex 73.8923 59.7743 0
    endloop
  endfacet
  facet normal 0 0 -1
    outer loop
      vertex 74 71.5 0
      vertex 71.5 74 0
      vertex 73.988 71.745 0
    endloop
  endfacet
  facet normal 0 0 -1
    outer loop
      vertex 71.5 58 0
      vertex 73.8923 59.7743 0
      vertex 73.8097 59.5433 0
    endloop
  endfacet
  facet normal 0 0 -1
    outer loop
      vertex 73.988 71.745 0
      vertex 71.5 74 0
      vertex 73.952 71.9877 0
    endloop
  endfacet
  facet normal 0 0 -1
    outer loop
      vertex 71.5 58 0
      vertex 73.8097 59.5433 0
      vertex 73.7048 59.3215 0
    endloop
  endfacet
  facet normal 0 0 -1
    outer loop
      vertex 73.952 71.9877 0
      vertex 71.5 74 0
      vertex 73.8923 72.2257 0
    endloop
  endfacet
  facet normal 0 0 -1
    outer loop
      vertex 71.5 58 0
      vertex 73.7048 59.3215 0
      vertex 73.5787 59.1111 0
    endloop
  endfacet
  facet normal 0 0 -1
    outer loop
      vertex 73.8923 72.2257 0
      vertex 71.5 74 0
      vertex 73.8097 72.4567 0
    endloop
  endfacet
  facet normal 0 0 -1
    outer loop
      vertex 71.5 58 0
      vertex 73.5787 59.1111 0
      vertex 73.4325 58.914 0
    endloop
  endfacet
  facet normal 0 0 -1
    outer loop
      vertex 73.8097 72.4567 0
      vertex 71.5 74 0
      vertex 73.7048 72.6785 0
    endloop
  endfacet
  facet normal 0 0 -1
    outer loop
      vertex 71.5 58 0
      vertex 73.4325 58.914 0
      vertex 73.2678 58.7322 0
    endloop
  endfacet
  facet normal 0 0 -1
    outer loop
      vertex 73.7048 72.6785 0
      vertex 71.5 74 0
      vertex 73.5787 72.8889 0
    endloop
  endfacet
  facet normal 0 0 -1
    outer loop
      vertex 71.5 58 0
      vertex 73.2678 58.7322 0
      vertex 73.086 58.5675 0
    endloop
  endfacet
  facet normal 0 0 -1
    outer loop
      vertex 73.5787 72.8889 0
      vertex 71.5 74 0
      vertex 73.4325 73.086 0
    endloop
  endfacet
  facet normal 0 0 -1
    outer loop
      vertex 71.5 58 0
      vertex 73.086 58.5675 0
      vertex 72.8889 58.4213 0
    endloop
  endfacet
  facet normal 0 0 -1
    outer loop
      vertex 73.4325 73.086 0
      vertex 71.5 74 0
      vertex 73.2678 73.2678 0
    endloop
  endfacet
  facet normal 0 0 -1
    outer loop
      vertex 71.5 58 0
      vertex 72.8889 58.4213 0
      vertex 72.6785 58.2952 0
    endloop
  endfacet
  facet normal 0 0 -1
    outer loop
      vertex 73.2678 73.2678 0
      vertex 71.5 74 0
      vertex 73.086 73.4325 0
    endloop
  endfacet
  facet normal 0 0 -1
    outer loop
      vertex 71.5 58 0
      vertex 72.6785 58.2952 0
      vertex 72.4567 58.1903 0
    endloop
  endfacet
  facet normal 0 0 -1
    outer loop
      vertex 73.086 73.4325 0
      vertex 71.5 74 0
      vertex 72.8889 73.5787 0
    endloop
  endfacet
  facet normal 0 0 -1
    outer loop
      vertex 71.5 58 0
      vertex 72.4567 58.1903 0
      vertex 72.2257 58.1077 0
    endloop
  endfacet
  facet normal 0 0 -1
    outer loop
      vertex 72.8889 73.5787 0
      vertex 71.5 74 0
      vertex 72.6785 73.7048 0
    endloop
  endfacet
  facet normal 0 0 -1
    outer loop
      vertex 71.5 58 0
      vertex 72.2257 58.1077 0
      vertex 71.9877 58.048 0
    endloop
  endfacet
  facet normal 0 0 -1
    outer loop
      vertex 72.6785 73.7048 0
      vertex 71.5 74 0
      vertex 72.4567 73.8097 0
    endloop
  endfacet
  facet normal 0 0 -1
    outer loop
      vertex 71.5 58 0
      vertex 71.9877 58.048 0
      vertex 71.745 58.012 0
    endloop
  endfacet
  facet normal 0 0 -1
    outer loop
      vertex 72.4567 73.8097 0
      vertex 71.5 74 0
      vertex 72.2257 73.8923 0
    endloop
  endfacet
  facet normal 0 0 -1
    outer loop
      vertex 72.2257 73.8923 0
      vertex 71.5 74 0
      vertex 71.9877 73.952 0
    endloop
  endfacet
  facet normal 0 0 -1
    outer loop
      vertex 71.9877 73.952 0
      vertex 71.5 74 0
      vertex 71.745 73.988 0
    endloop
  endfacet
  facet normal 0 0 -1
    outer loop
      vertex 60.5 58 0
      vertex 71.5 74 0
      vertex 71.5 58 0
    endloop
  endfacet
  facet normal 0 0 -1
    outer loop
      vertex 60.5 58 0
      vertex 60.5 74 0
      vertex 71.5 74 0
    endloop
  endfacet
  facet normal 0 0 -1
    outer loop
      vertex 58 60.5 0
      vertex 60.5 58 0
      vertex 60.255 58.012 0
    endloop
  endfacet
  facet normal 0 0 -1
    outer loop
      vertex 60.5 58 0
      vertex 58 60.5 0
      vertex 60.5 74 0
    endloop
  endfacet
  facet normal 0 0 -1
    outer loop
      vertex 58 60.5 0
      vertex 60.255 58.012 0
      vertex 60.0123 58.048 0
    endloop
  endfacet
  facet normal 0 0 -1
    outer loop
      vertex 58 71.5 0
      vertex 60.5 74 0
      vertex 58 60.5 0
    endloop
  endfacet
  facet normal 0 0 -1
    outer loop
      vertex 58 60.5 0
      vertex 60.0123 58.048 0
      vertex 59.7743 58.1077 0
    endloop
  endfacet
  facet normal 0 0 -1
    outer loop
      vertex 60.5 74 0
      vertex 58 71.5 0
      vertex 60.255 73.988 0
    endloop
  endfacet
  facet normal 0 0 -1
    outer loop
      vertex 58 60.5 0
      vertex 59.7743 58.1077 0
      vertex 59.5433 58.1903 0
    endloop
  endfacet
  facet normal 0 0 -1
    outer loop
      vertex 60.255 73.988 0
      vertex 58 71.5 0
      vertex 60.0123 73.952 0
    endloop
  endfacet
  facet normal 0 0 -1
    outer loop
      vertex 58 60.5 0
      vertex 59.5433 58.1903 0
      vertex 59.3215 58.2952 0
    endloop
  endfacet
  facet normal 0 0 -1
    outer loop
      vertex 60.0123 73.952 0
      vertex 58 71.5 0
      vertex 59.7743 73.8923 0
    endloop
  endfacet
  facet normal 0 0 -1
    outer loop
      vertex 58 60.5 0
      vertex 59.3215 58.2952 0
      vertex 59.1111 58.4213 0
    endloop
  endfacet
  facet normal 0 0 -1
    outer loop
      vertex 59.7743 73.8923 0
      vertex 58 71.5 0
      vertex 59.5433 73.8097 0
    endloop
  endfacet
  facet normal 0 0 -1
    outer loop
      vertex 58 60.5 0
      vertex 59.1111 58.4213 0
      vertex 58.914 58.5675 0
    endloop
  endfacet
  facet normal 0 0 -1
    outer loop
      vertex 59.5433 73.8097 0
      vertex 58 71.5 0
      vertex 59.3215 73.7048 0
    endloop
  endfacet
  facet normal 0 0 -1
    outer loop
      vertex 58 60.5 0
      vertex 58.914 58.5675 0
      vertex 58.7322 58.7322 0
    endloop
  endfacet
  facet normal 0 0 -1
    outer loop
      vertex 59.3215 73.7048 0
      vertex 58 71.5 0
      vertex 59.1111 73.5787 0
    endloop
  endfacet
  facet normal 0 0 -1
    outer loop
      vertex 58 60.5 0
      vertex 58.7322 58.7322 0
      vertex 58.5675 58.914 0
    endloop
  endfacet
  facet normal 0 0 -1
    outer loop
      vertex 59.1111 73.5787 0
      vertex 58 71.5 0
      vertex 58.914 73.4325 0
    endloop
  endfacet
  facet normal 0 0 -1
    outer loop
      vertex 58 60.5 0
      vertex 58.5675 58.914 0
      vertex 58.4213 59.1111 0
    endloop
  endfacet
  facet normal 0 0 -1
    outer loop
      vertex 58.914 73.4325 0
      vertex 58 71.5 0
      vertex 58.7322 73.2678 0
    endloop
  endfacet
  facet normal 0 0 -1
    outer loop
      vertex 58 60.5 0
      vertex 58.4213 59.1111 0
      vertex 58.2952 59.3215 0
    endloop
  endfacet
  facet normal 0 0 -1
    outer loop
      vertex 58.7322 73.2678 0
      vertex 58 71.5 0
      vertex 58.5675 73.086 0
    endloop
  endfacet
  facet normal 0 0 -1
    outer loop
      vertex 58 60.5 0
      vertex 58.2952 59.3215 0
      vertex 58.1903 59.5433 0
    endloop
  endfacet
  facet normal 0 0 -1
    outer loop
      vertex 58.5675 73.086 0
      vertex 58 71.5 0
      vertex 58.4213 72.8889 0
    endloop
  endfacet
  facet normal 0 0 -1
    outer loop
      vertex 58 60.5 0
      vertex 58.1903 59.5433 0
      vertex 58.1077 59.7743 0
    endloop
  endfacet
  facet normal 0 0 -1
    outer loop
      vertex 58.4213 72.8889 0
      vertex 58 71.5 0
      vertex 58.2952 72.6785 0
    endloop
  endfacet
  facet normal 0 0 -1
    outer loop
      vertex 58 60.5 0
      vertex 58.1077 59.7743 0
      vertex 58.048 60.0123 0
    endloop
  endfacet
  facet normal 0 0 -1
    outer loop
      vertex 58.2952 72.6785 0
      vertex 58 71.5 0
      vertex 58.1903 72.4567 0
    endloop
  endfacet
  facet normal 0 0 -1
    outer loop
      vertex 58 60.5 0
      vertex 58.048 60.0123 0
      vertex 58.012 60.255 0
    endloop
  endfacet
  facet normal 0 0 -1
    outer loop
      vertex 58.1903 72.4567 0
      vertex 58 71.5 0
      vertex 58.1077 72.2257 0
    endloop
  endfacet
  facet normal 0 0 -1
    outer loop
      vertex 58.1077 72.2257 0
      vertex 58 71.5 0
      vertex 58.048 71.9877 0
    endloop
  endfacet
  facet normal 0 0 -1
    outer loop
      vertex 58.048 71.9877 0
      vertex 58 71.5 0
      vertex 58.012 71.745 0
    endloop
  endfacet
  facet normal 1 -0 0
    outer loop
      vertex 77 9.5 126.5
      vertex 77 14.5 104.5
      vertex 77 14.5 126.5
    endloop
  endfacet
  facet normal 1 0 0
    outer loop
      vertex 77 14.5 104.5
      vertex 77 9.5 126.5
      vertex 77 9.5 104.5
    endloop
  endfacet
  facet normal -1 0 0
    outer loop
      vertex 77 13 103
      vertex 77 9.5 103.5
      vertex 77 13 103.5
    endloop
  endfacet
  facet normal -1 0 0
    outer loop
      vertex 77 9.5 103.5
      vertex 77 -9.5 103.5
      vertex 77 9.5 104.5
    endloop
  endfacet
  facet normal -1 0 0
    outer loop
      vertex 77 13 103
      vertex 77 -9.5 103.5
      vertex 77 9.5 103.5
    endloop
  endfacet
  facet normal -1 0 0
    outer loop
      vertex 77 -13 103
      vertex 77 -9.5 103.5
      vertex 77 13 103
    endloop
  endfacet
  facet normal -1 -0 0
    outer loop
      vertex 77 -9.5 103.5
      vertex 77 -13 103
      vertex 77 -13 103.5
    endloop
  endfacet
  facet normal -1 -0 0
    outer loop
      vertex 77 9.5 104.5
      vertex 77 -9.5 103.5
      vertex 77 -9.5 104.5
    endloop
  endfacet
  facet normal 1 -0 0
    outer loop
      vertex 77 -14.5 126.5
      vertex 77 -9.5 104.5
      vertex 77 -9.5 126.5
    endloop
  endfacet
  facet normal 1 0 0
    outer loop
      vertex 77 -9.5 104.5
      vertex 77 -14.5 126.5
      vertex 77 -14.5 104.5
    endloop
  endfacet
  facet normal 0 0 1
    outer loop
      vertex 77 13 103
      vertex 71 5 103
      vertex 77 -13 103
    endloop
  endfacet
  facet normal 0 0 1
    outer loop
      vertex 77 13 103
      vertex -71 5 103
      vertex 71 5 103
    endloop
  endfacet
  facet normal 0 0 1
    outer loop
      vertex -71 5 103
      vertex -77 13 103
      vertex -71 -5 103
    endloop
  endfacet
  facet normal -0 0 1
    outer loop
      vertex -77 13 103
      vertex -71 5 103
      vertex 77 13 103
    endloop
  endfacet
  facet normal -0 0 1
    outer loop
      vertex 71 -5 103
      vertex 77 -13 103
      vertex 71 5 103
    endloop
  endfacet
  facet normal -0 0 1
    outer loop
      vertex -71 -5 103
      vertex 77 -13 103
      vertex 71 -5 103
    endloop
  endfacet
  facet normal 0 0 1
    outer loop
      vertex -71 -5 103
      vertex -77 -13 103
      vertex 77 -13 103
    endloop
  endfacet
  facet normal 0 0 1
    outer loop
      vertex -77 -13 103
      vertex -71 -5 103
      vertex -77 13 103
    endloop
  endfacet
  facet normal -1 0 0
    outer loop
      vertex -77 9.5 104.5
      vertex -77 14.5 126.5
      vertex -77 14.5 104.5
    endloop
  endfacet
  facet normal -1 -0 0
    outer loop
      vertex -77 14.5 126.5
      vertex -77 9.5 104.5
      vertex -77 9.5 126.5
    endloop
  endfacet
  facet normal 1 0 0
    outer loop
      vertex -77 9.5 104.5
      vertex -77 -9.5 104.5
      vertex -77 9.5 103.5
    endloop
  endfacet
  facet normal 1 -0 0
    outer loop
      vertex -77 9.5 103.5
      vertex -77 13 103
      vertex -77 13 103.5
    endloop
  endfacet
  facet normal 1 0 0
    outer loop
      vertex -77 -9.5 103.5
      vertex -77 9.5 103.5
      vertex -77 -9.5 104.5
    endloop
  endfacet
  facet normal 1 0 0
    outer loop
      vertex -77 9.5 103.5
      vertex -77 -9.5 103.5
      vertex -77 13 103
    endloop
  endfacet
  facet normal 1 0 0
    outer loop
      vertex -77 -13 103
      vertex -77 -9.5 103.5
      vertex -77 -13 103.5
    endloop
  endfacet
  facet normal 1 0 0
    outer loop
      vertex -77 -9.5 103.5
      vertex -77 -13 103
      vertex -77 13 103
    endloop
  endfacet
  facet normal -1 0 0
    outer loop
      vertex -77 -14.5 104.5
      vertex -77 -9.5 126.5
      vertex -77 -9.5 104.5
    endloop
  endfacet
  facet normal -1 -0 0
    outer loop
      vertex -77 -9.5 126.5
      vertex -77 -14.5 104.5
      vertex -77 -14.5 126.5
    endloop
  endfacet
  facet normal 0 -1 0
    outer loop
      vertex -77 13 103
      vertex 77 13 103.5
      vertex -77 13 103.5
    endloop
  endfacet
  facet normal 0 -1 -0
    outer loop
      vertex 77 13 103.5
      vertex -77 13 103
      vertex 77 13 103
    endloop
  endfacet
  facet normal 0 1 -0
    outer loop
      vertex 77 -13 103
      vertex -77 -13 103.5
      vertex 77 -13 103.5
    endloop
  endfacet
  facet normal 0 1 0
    outer loop
      vertex -77 -13 103.5
      vertex 77 -13 103
      vertex -77 -13 103
    endloop
  endfacet
  facet normal -0.9415 0.337014 0
    outer loop
      vertex -79.8278 21.1611 100
      vertex -79.6955 21.5307 104.5
      vertex -79.6955 21.5307 100
    endloop
  endfacet
  facet normal -0.9415 0.337014 0
    outer loop
      vertex -79.6955 21.5307 104.5
      vertex -79.8278 21.1611 100
      vertex -79.8278 21.1611 104.5
    endloop
  endfacet
  facet normal -0.146733 -0.989176 0
    outer loop
      vertex -76.7804 -23.9231 100
      vertex -76.3921 -23.9807 104.5
      vertex -76.7804 -23.9231 104.5
    endloop
  endfacet
  facet normal -0.146733 -0.989176 -0
    outer loop
      vertex -76.3921 -23.9807 104.5
      vertex -76.7804 -23.9231 100
      vertex -76.3921 -23.9807 100
    endloop
  endfacet
  facet normal -1 0 0
    outer loop
      vertex -80 -20 100
      vertex -80 20 104.5
      vertex -80 20 100
    endloop
  endfacet
  facet normal -1 -0 0
    outer loop
      vertex -80 20 104.5
      vertex -80 -20 100
      vertex -80 -20 104.5
    endloop
  endfacet
  facet normal 0 -1 0
    outer loop
      vertex -76 -24 100
      vertex 76 -24 104.5
      vertex -76 -24 104.5
    endloop
  endfacet
  facet normal 0 -1 -0
    outer loop
      vertex 76 -24 104.5
      vertex -76 -24 100
      vertex 76 -24 100
    endloop
  endfacet
  facet normal -0.242835 0.970068 0
    outer loop
      vertex -76.7804 23.9231 100
      vertex -77.1611 23.8278 104.5
      vertex -76.7804 23.9231 104.5
    endloop
  endfacet
  facet normal -0.242835 0.970068 0
    outer loop
      vertex -77.1611 23.8278 104.5
      vertex -76.7804 23.9231 100
      vertex -77.1611 23.8278 100
    endloop
  endfacet
  facet normal 0.671607 -0.740908 0
    outer loop
      vertex 78.5376 -23.092 100
      vertex 78.8284 -22.8284 104.5
      vertex 78.5376 -23.092 104.5
    endloop
  endfacet
  facet normal 0.671607 -0.740908 0
    outer loop
      vertex 78.8284 -22.8284 104.5
      vertex 78.5376 -23.092 100
      vertex 78.8284 -22.8284 100
    endloop
  endfacet
  facet normal 0.146733 0.989176 -0
    outer loop
      vertex 76.7804 23.9231 100
      vertex 76.3921 23.9807 104.5
      vertex 76.7804 23.9231 104.5
    endloop
  endfacet
  facet normal 0.146733 0.989176 0
    outer loop
      vertex 76.3921 23.9807 104.5
      vertex 76.7804 23.9231 100
      vertex 76.3921 23.9807 100
    endloop
  endfacet
  facet normal 0.0491626 0.998791 -0
    outer loop
      vertex 76.3921 23.9807 100
      vertex 76 24 104.5
      vertex 76.3921 23.9807 104.5
    endloop
  endfacet
  facet normal 0.0491626 0.998791 0
    outer loop
      vertex 76 24 104.5
      vertex 76.3921 23.9807 100
      vertex 76 24 100
    endloop
  endfacet
  facet normal -0.0491626 -0.998791 0
    outer loop
      vertex -76.3921 -23.9807 100
      vertex -76 -24 104.5
      vertex -76.3921 -23.9807 104.5
    endloop
  endfacet
  facet normal -0.0491626 -0.998791 -0
    outer loop
      vertex -76 -24 104.5
      vertex -76.3921 -23.9807 100
      vertex -76 -24 100
    endloop
  endfacet
  facet normal -0.803137 -0.595794 0
    outer loop
      vertex -79.092 -22.5376 100
      vertex -79.3259 -22.2223 104.5
      vertex -79.3259 -22.2223 100
    endloop
  endfacet
  facet normal -0.803137 -0.595794 0
    outer loop
      vertex -79.3259 -22.2223 104.5
      vertex -79.092 -22.5376 100
      vertex -79.092 -22.5376 104.5
    endloop
  endfacet
  facet normal 0 1 -0
    outer loop
      vertex 76 24 100
      vertex -76 24 104.5
      vertex 76 24 104.5
    endloop
  endfacet
  facet normal 0 1 0
    outer loop
      vertex -76 24 104.5
      vertex 76 24 100
      vertex -76 24 100
    endloop
  endfacet
  facet normal 0.595794 -0.803137 0
    outer loop
      vertex 78.2223 -23.3259 100
      vertex 78.5376 -23.092 104.5
      vertex 78.2223 -23.3259 104.5
    endloop
  endfacet
  facet normal 0.595794 -0.803137 0
    outer loop
      vertex 78.5376 -23.092 104.5
      vertex 78.2223 -23.3259 100
      vertex 78.5376 -23.092 100
    endloop
  endfacet
  facet normal 0.740908 0.671607 0
    outer loop
      vertex 79.092 22.5376 104.5
      vertex 78.8284 22.8284 100
      vertex 78.8284 22.8284 104.5
    endloop
  endfacet
  facet normal 0.740908 0.671607 0
    outer loop
      vertex 78.8284 22.8284 100
      vertex 79.092 22.5376 104.5
      vertex 79.092 22.5376 100
    endloop
  endfacet
  facet normal -0.595794 -0.803137 0
    outer loop
      vertex -78.5376 -23.092 100
      vertex -78.2223 -23.3259 104.5
      vertex -78.5376 -23.092 104.5
    endloop
  endfacet
  facet normal -0.595794 -0.803137 -0
    outer loop
      vertex -78.2223 -23.3259 104.5
      vertex -78.5376 -23.092 100
      vertex -78.2223 -23.3259 100
    endloop
  endfacet
  facet normal -0.803137 0.595794 0
    outer loop
      vertex -79.3259 22.2223 100
      vertex -79.092 22.5376 104.5
      vertex -79.092 22.5376 100
    endloop
  endfacet
  facet normal -0.803137 0.595794 0
    outer loop
      vertex -79.092 22.5376 104.5
      vertex -79.3259 22.2223 100
      vertex -79.3259 22.2223 104.5
    endloop
  endfacet
  facet normal -0.514084 -0.85774 0
    outer loop
      vertex -78.2223 -23.3259 100
      vertex -77.8856 -23.5277 104.5
      vertex -78.2223 -23.3259 104.5
    endloop
  endfacet
  facet normal -0.514084 -0.85774 -0
    outer loop
      vertex -77.8856 -23.5277 104.5
      vertex -78.2223 -23.3259 100
      vertex -77.8856 -23.5277 100
    endloop
  endfacet
  facet normal 0.337014 0.9415 -0
    outer loop
      vertex 77.5307 23.6955 100
      vertex 77.1611 23.8278 104.5
      vertex 77.5307 23.6955 104.5
    endloop
  endfacet
  facet normal 0.337014 0.9415 0
    outer loop
      vertex 77.1611 23.8278 104.5
      vertex 77.5307 23.6955 100
      vertex 77.1611 23.8278 100
    endloop
  endfacet
  facet normal -0.337014 0.9415 0
    outer loop
      vertex -77.1611 23.8278 100
      vertex -77.5307 23.6955 104.5
      vertex -77.1611 23.8278 104.5
    endloop
  endfacet
  facet normal -0.337014 0.9415 0
    outer loop
      vertex -77.5307 23.6955 104.5
      vertex -77.1611 23.8278 100
      vertex -77.5307 23.6955 100
    endloop
  endfacet
  facet normal 0.740908 -0.671607 0
    outer loop
      vertex 78.8284 -22.8284 104.5
      vertex 79.092 -22.5376 100
      vertex 79.092 -22.5376 104.5
    endloop
  endfacet
  facet normal 0.740908 -0.671607 0
    outer loop
      vertex 79.092 -22.5376 100
      vertex 78.8284 -22.8284 104.5
      vertex 78.8284 -22.8284 100
    endloop
  endfacet
  facet normal 0.242835 0.970068 -0
    outer loop
      vertex 77.1611 23.8278 100
      vertex 76.7804 23.9231 104.5
      vertex 77.1611 23.8278 104.5
    endloop
  endfacet
  facet normal 0.242835 0.970068 0
    outer loop
      vertex 76.7804 23.9231 104.5
      vertex 77.1611 23.8278 100
      vertex 76.7804 23.9231 100
    endloop
  endfacet
  facet normal 0.671607 0.740908 -0
    outer loop
      vertex 78.8284 22.8284 100
      vertex 78.5376 23.092 104.5
      vertex 78.8284 22.8284 104.5
    endloop
  endfacet
  facet normal 0.671607 0.740908 0
    outer loop
      vertex 78.5376 23.092 104.5
      vertex 78.8284 22.8284 100
      vertex 78.5376 23.092 100
    endloop
  endfacet
  facet normal 0.42744 0.904044 -0
    outer loop
      vertex 77.8856 23.5277 100
      vertex 77.5307 23.6955 104.5
      vertex 77.8856 23.5277 104.5
    endloop
  endfacet
  facet normal 0.42744 0.904044 0
    outer loop
      vertex 77.5307 23.6955 104.5
      vertex 77.8856 23.5277 100
      vertex 77.5307 23.6955 100
    endloop
  endfacet
  facet normal 0.514084 0.85774 -0
    outer loop
      vertex 78.2223 23.3259 100
      vertex 77.8856 23.5277 104.5
      vertex 78.2223 23.3259 104.5
    endloop
  endfacet
  facet normal 0.514084 0.85774 0
    outer loop
      vertex 77.8856 23.5277 104.5
      vertex 78.2223 23.3259 100
      vertex 77.8856 23.5277 100
    endloop
  endfacet
  facet normal -0.970068 0.242835 0
    outer loop
      vertex -79.9231 20.7804 100
      vertex -79.8278 21.1611 104.5
      vertex -79.8278 21.1611 100
    endloop
  endfacet
  facet normal -0.970068 0.242835 0
    outer loop
      vertex -79.8278 21.1611 104.5
      vertex -79.9231 20.7804 100
      vertex -79.9231 20.7804 104.5
    endloop
  endfacet
  facet normal 0.337014 -0.9415 0
    outer loop
      vertex 77.1611 -23.8278 100
      vertex 77.5307 -23.6955 104.5
      vertex 77.1611 -23.8278 104.5
    endloop
  endfacet
  facet normal 0.337014 -0.9415 0
    outer loop
      vertex 77.5307 -23.6955 104.5
      vertex 77.1611 -23.8278 100
      vertex 77.5307 -23.6955 100
    endloop
  endfacet
  facet normal -0.337014 -0.9415 0
    outer loop
      vertex -77.5307 -23.6955 100
      vertex -77.1611 -23.8278 104.5
      vertex -77.5307 -23.6955 104.5
    endloop
  endfacet
  facet normal -0.337014 -0.9415 -0
    outer loop
      vertex -77.1611 -23.8278 104.5
      vertex -77.5307 -23.6955 100
      vertex -77.1611 -23.8278 100
    endloop
  endfacet
  facet normal -0.740908 0.671607 0
    outer loop
      vertex -79.092 22.5376 100
      vertex -78.8284 22.8284 104.5
      vertex -78.8284 22.8284 100
    endloop
  endfacet
  facet normal -0.740908 0.671607 0
    outer loop
      vertex -78.8284 22.8284 104.5
      vertex -79.092 22.5376 100
      vertex -79.092 22.5376 104.5
    endloop
  endfacet
  facet normal -0.242835 -0.970068 0
    outer loop
      vertex -77.1611 -23.8278 100
      vertex -76.7804 -23.9231 104.5
      vertex -77.1611 -23.8278 104.5
    endloop
  endfacet
  facet normal -0.242835 -0.970068 -0
    outer loop
      vertex -76.7804 -23.9231 104.5
      vertex -77.1611 -23.8278 100
      vertex -76.7804 -23.9231 100
    endloop
  endfacet
  facet normal -0.970068 -0.242835 0
    outer loop
      vertex -79.8278 -21.1611 100
      vertex -79.9231 -20.7804 104.5
      vertex -79.9231 -20.7804 100
    endloop
  endfacet
  facet normal -0.970068 -0.242835 0
    outer loop
      vertex -79.9231 -20.7804 104.5
      vertex -79.8278 -21.1611 100
      vertex -79.8278 -21.1611 104.5
    endloop
  endfacet
  facet normal -0.85774 0.514084 0
    outer loop
      vertex -79.5277 21.8856 100
      vertex -79.3259 22.2223 104.5
      vertex -79.3259 22.2223 100
    endloop
  endfacet
  facet normal -0.85774 0.514084 0
    outer loop
      vertex -79.3259 22.2223 104.5
      vertex -79.5277 21.8856 100
      vertex -79.5277 21.8856 104.5
    endloop
  endfacet
  facet normal 0.998791 -0.0491626 0
    outer loop
      vertex 79.9807 -20.3921 104.5
      vertex 80 -20 100
      vertex 80 -20 104.5
    endloop
  endfacet
  facet normal 0.998791 -0.0491626 0
    outer loop
      vertex 80 -20 100
      vertex 79.9807 -20.3921 104.5
      vertex 79.9807 -20.3921 100
    endloop
  endfacet
  facet normal 0.85774 -0.514084 0
    outer loop
      vertex 79.3259 -22.2223 104.5
      vertex 79.5277 -21.8856 100
      vertex 79.5277 -21.8856 104.5
    endloop
  endfacet
  facet normal 0.85774 -0.514084 0
    outer loop
      vertex 79.5277 -21.8856 100
      vertex 79.3259 -22.2223 104.5
      vertex 79.3259 -22.2223 100
    endloop
  endfacet
  facet normal -0.0491626 0.998791 0
    outer loop
      vertex -76 24 100
      vertex -76.3921 23.9807 104.5
      vertex -76 24 104.5
    endloop
  endfacet
  facet normal -0.0491626 0.998791 0
    outer loop
      vertex -76.3921 23.9807 104.5
      vertex -76 24 100
      vertex -76.3921 23.9807 100
    endloop
  endfacet
  facet normal 1 -0 0
    outer loop
      vertex 80 -20 104.5
      vertex 80 20 100
      vertex 80 20 104.5
    endloop
  endfacet
  facet normal 1 0 0
    outer loop
      vertex 80 20 100
      vertex 80 -20 104.5
      vertex 80 -20 100
    endloop
  endfacet
  facet normal 0.514084 -0.85774 0
    outer loop
      vertex 77.8856 -23.5277 100
      vertex 78.2223 -23.3259 104.5
      vertex 77.8856 -23.5277 104.5
    endloop
  endfacet
  facet normal 0.514084 -0.85774 0
    outer loop
      vertex 78.2223 -23.3259 104.5
      vertex 77.8856 -23.5277 100
      vertex 78.2223 -23.3259 100
    endloop
  endfacet
  facet normal -0.998791 -0.0491626 0
    outer loop
      vertex -79.9807 -20.3921 100
      vertex -80 -20 104.5
      vertex -80 -20 100
    endloop
  endfacet
  facet normal -0.998791 -0.0491626 0
    outer loop
      vertex -80 -20 104.5
      vertex -79.9807 -20.3921 100
      vertex -79.9807 -20.3921 104.5
    endloop
  endfacet
  facet normal 0.803137 0.595794 0
    outer loop
      vertex 79.3259 22.2223 104.5
      vertex 79.092 22.5376 100
      vertex 79.092 22.5376 104.5
    endloop
  endfacet
  facet normal 0.803137 0.595794 0
    outer loop
      vertex 79.092 22.5376 100
      vertex 79.3259 22.2223 104.5
      vertex 79.3259 22.2223 100
    endloop
  endfacet
  facet normal -0.514084 0.85774 0
    outer loop
      vertex -77.8856 23.5277 100
      vertex -78.2223 23.3259 104.5
      vertex -77.8856 23.5277 104.5
    endloop
  endfacet
  facet normal -0.514084 0.85774 0
    outer loop
      vertex -78.2223 23.3259 104.5
      vertex -77.8856 23.5277 100
      vertex -78.2223 23.3259 100
    endloop
  endfacet
  facet normal -0.671607 -0.740908 0
    outer loop
      vertex -78.8284 -22.8284 100
      vertex -78.5376 -23.092 104.5
      vertex -78.8284 -22.8284 104.5
    endloop
  endfacet
  facet normal -0.671607 -0.740908 -0
    outer loop
      vertex -78.5376 -23.092 104.5
      vertex -78.8284 -22.8284 100
      vertex -78.5376 -23.092 100
    endloop
  endfacet
  facet normal -0.904044 0.42744 0
    outer loop
      vertex -79.6955 21.5307 100
      vertex -79.5277 21.8856 104.5
      vertex -79.5277 21.8856 100
    endloop
  endfacet
  facet normal -0.904044 0.42744 0
    outer loop
      vertex -79.5277 21.8856 104.5
      vertex -79.6955 21.5307 100
      vertex -79.6955 21.5307 104.5
    endloop
  endfacet
  facet normal -0.998791 0.0491626 0
    outer loop
      vertex -80 20 100
      vertex -79.9807 20.3921 104.5
      vertex -79.9807 20.3921 100
    endloop
  endfacet
  facet normal -0.998791 0.0491626 0
    outer loop
      vertex -79.9807 20.3921 104.5
      vertex -80 20 100
      vertex -80 20 104.5
    endloop
  endfacet
  facet normal 0.989176 0.146733 0
    outer loop
      vertex 79.9807 20.3921 104.5
      vertex 79.9231 20.7804 100
      vertex 79.9231 20.7804 104.5
    endloop
  endfacet
  facet normal 0.989176 0.146733 0
    outer loop
      vertex 79.9231 20.7804 100
      vertex 79.9807 20.3921 104.5
      vertex 79.9807 20.3921 100
    endloop
  endfacet
  facet normal 0.146733 -0.989176 0
    outer loop
      vertex 76.3921 -23.9807 100
      vertex 76.7804 -23.9231 104.5
      vertex 76.3921 -23.9807 104.5
    endloop
  endfacet
  facet normal 0.146733 -0.989176 0
    outer loop
      vertex 76.7804 -23.9231 104.5
      vertex 76.3921 -23.9807 100
      vertex 76.7804 -23.9231 100
    endloop
  endfacet
  facet normal -0.85774 -0.514084 0
    outer loop
      vertex -79.3259 -22.2223 100
      vertex -79.5277 -21.8856 104.5
      vertex -79.5277 -21.8856 100
    endloop
  endfacet
  facet normal -0.85774 -0.514084 0
    outer loop
      vertex -79.5277 -21.8856 104.5
      vertex -79.3259 -22.2223 100
      vertex -79.3259 -22.2223 104.5
    endloop
  endfacet
  facet normal -0.595794 0.803137 0
    outer loop
      vertex -78.2223 23.3259 100
      vertex -78.5376 23.092 104.5
      vertex -78.2223 23.3259 104.5
    endloop
  endfacet
  facet normal -0.595794 0.803137 0
    outer loop
      vertex -78.5376 23.092 104.5
      vertex -78.2223 23.3259 100
      vertex -78.5376 23.092 100
    endloop
  endfacet
  facet normal 0.970068 -0.242835 0
    outer loop
      vertex 79.8278 -21.1611 104.5
      vertex 79.9231 -20.7804 100
      vertex 79.9231 -20.7804 104.5
    endloop
  endfacet
  facet normal 0.970068 -0.242835 0
    outer loop
      vertex 79.9231 -20.7804 100
      vertex 79.8278 -21.1611 104.5
      vertex 79.8278 -21.1611 100
    endloop
  endfacet
  facet normal -0.989176 -0.146733 0
    outer loop
      vertex -79.9231 -20.7804 100
      vertex -79.9807 -20.3921 104.5
      vertex -79.9807 -20.3921 100
    endloop
  endfacet
  facet normal -0.989176 -0.146733 0
    outer loop
      vertex -79.9807 -20.3921 104.5
      vertex -79.9231 -20.7804 100
      vertex -79.9231 -20.7804 104.5
    endloop
  endfacet
  facet normal 0.904044 -0.42744 0
    outer loop
      vertex 79.5277 -21.8856 104.5
      vertex 79.6955 -21.5307 100
      vertex 79.6955 -21.5307 104.5
    endloop
  endfacet
  facet normal 0.904044 -0.42744 0
    outer loop
      vertex 79.6955 -21.5307 100
      vertex 79.5277 -21.8856 104.5
      vertex 79.5277 -21.8856 100
    endloop
  endfacet
  facet normal 0.595794 0.803137 -0
    outer loop
      vertex 78.5376 23.092 100
      vertex 78.2223 23.3259 104.5
      vertex 78.5376 23.092 104.5
    endloop
  endfacet
  facet normal 0.595794 0.803137 0
    outer loop
      vertex 78.2223 23.3259 104.5
      vertex 78.5376 23.092 100
      vertex 78.2223 23.3259 100
    endloop
  endfacet
  facet normal -0.671607 0.740908 0
    outer loop
      vertex -78.5376 23.092 100
      vertex -78.8284 22.8284 104.5
      vertex -78.5376 23.092 104.5
    endloop
  endfacet
  facet normal -0.671607 0.740908 0
    outer loop
      vertex -78.8284 22.8284 104.5
      vertex -78.5376 23.092 100
      vertex -78.8284 22.8284 100
    endloop
  endfacet
  facet normal 0.970068 0.242835 0
    outer loop
      vertex 79.9231 20.7804 104.5
      vertex 79.8278 21.1611 100
      vertex 79.8278 21.1611 104.5
    endloop
  endfacet
  facet normal 0.970068 0.242835 0
    outer loop
      vertex 79.8278 21.1611 100
      vertex 79.9231 20.7804 104.5
      vertex 79.9231 20.7804 100
    endloop
  endfacet
  facet normal -0.740908 -0.671607 0
    outer loop
      vertex -78.8284 -22.8284 100
      vertex -79.092 -22.5376 104.5
      vertex -79.092 -22.5376 100
    endloop
  endfacet
  facet normal -0.740908 -0.671607 0
    outer loop
      vertex -79.092 -22.5376 104.5
      vertex -78.8284 -22.8284 100
      vertex -78.8284 -22.8284 104.5
    endloop
  endfacet
  facet normal 0.242835 -0.970068 0
    outer loop
      vertex 76.7804 -23.9231 100
      vertex 77.1611 -23.8278 104.5
      vertex 76.7804 -23.9231 104.5
    endloop
  endfacet
  facet normal 0.242835 -0.970068 0
    outer loop
      vertex 77.1611 -23.8278 104.5
      vertex 76.7804 -23.9231 100
      vertex 77.1611 -23.8278 100
    endloop
  endfacet
  facet normal 0.9415 0.337014 0
    outer loop
      vertex 79.8278 21.1611 104.5
      vertex 79.6955 21.5307 100
      vertex 79.6955 21.5307 104.5
    endloop
  endfacet
  facet normal 0.9415 0.337014 0
    outer loop
      vertex 79.6955 21.5307 100
      vertex 79.8278 21.1611 104.5
      vertex 79.8278 21.1611 100
    endloop
  endfacet
  facet normal -0.146733 0.989176 0
    outer loop
      vertex -76.3921 23.9807 100
      vertex -76.7804 23.9231 104.5
      vertex -76.3921 23.9807 104.5
    endloop
  endfacet
  facet normal -0.146733 0.989176 0
    outer loop
      vertex -76.7804 23.9231 104.5
      vertex -76.3921 23.9807 100
      vertex -76.7804 23.9231 100
    endloop
  endfacet
  facet normal 0.998791 0.0491626 0
    outer loop
      vertex 80 20 104.5
      vertex 79.9807 20.3921 100
      vertex 79.9807 20.3921 104.5
    endloop
  endfacet
  facet normal 0.998791 0.0491626 0
    outer loop
      vertex 79.9807 20.3921 100
      vertex 80 20 104.5
      vertex 80 20 100
    endloop
  endfacet
  facet normal -0.42744 -0.904044 0
    outer loop
      vertex -77.8856 -23.5277 100
      vertex -77.5307 -23.6955 104.5
      vertex -77.8856 -23.5277 104.5
    endloop
  endfacet
  facet normal -0.42744 -0.904044 -0
    outer loop
      vertex -77.5307 -23.6955 104.5
      vertex -77.8856 -23.5277 100
      vertex -77.5307 -23.6955 100
    endloop
  endfacet
  facet normal -0.42744 0.904044 0
    outer loop
      vertex -77.5307 23.6955 100
      vertex -77.8856 23.5277 104.5
      vertex -77.5307 23.6955 104.5
    endloop
  endfacet
  facet normal -0.42744 0.904044 0
    outer loop
      vertex -77.8856 23.5277 104.5
      vertex -77.5307 23.6955 100
      vertex -77.8856 23.5277 100
    endloop
  endfacet
  facet normal 0.0491626 -0.998791 0
    outer loop
      vertex 76 -24 100
      vertex 76.3921 -23.9807 104.5
      vertex 76 -24 104.5
    endloop
  endfacet
  facet normal 0.0491626 -0.998791 0
    outer loop
      vertex 76.3921 -23.9807 104.5
      vertex 76 -24 100
      vertex 76.3921 -23.9807 100
    endloop
  endfacet
  facet normal 0.989176 -0.146733 0
    outer loop
      vertex 79.9231 -20.7804 104.5
      vertex 79.9807 -20.3921 100
      vertex 79.9807 -20.3921 104.5
    endloop
  endfacet
  facet normal 0.989176 -0.146733 0
    outer loop
      vertex 79.9807 -20.3921 100
      vertex 79.9231 -20.7804 104.5
      vertex 79.9231 -20.7804 100
    endloop
  endfacet
  facet normal -0.904044 -0.42744 0
    outer loop
      vertex -79.5277 -21.8856 100
      vertex -79.6955 -21.5307 104.5
      vertex -79.6955 -21.5307 100
    endloop
  endfacet
  facet normal -0.904044 -0.42744 0
    outer loop
      vertex -79.6955 -21.5307 104.5
      vertex -79.5277 -21.8856 100
      vertex -79.5277 -21.8856 104.5
    endloop
  endfacet
  facet normal 0.904044 0.42744 0
    outer loop
      vertex 79.6955 21.5307 104.5
      vertex 79.5277 21.8856 100
      vertex 79.5277 21.8856 104.5
    endloop
  endfacet
  facet normal 0.904044 0.42744 0
    outer loop
      vertex 79.5277 21.8856 100
      vertex 79.6955 21.5307 104.5
      vertex 79.6955 21.5307 100
    endloop
  endfacet
  facet normal 0.9415 -0.337014 0
    outer loop
      vertex 79.6955 -21.5307 104.5
      vertex 79.8278 -21.1611 100
      vertex 79.8278 -21.1611 104.5
    endloop
  endfacet
  facet normal 0.9415 -0.337014 0
    outer loop
      vertex 79.8278 -21.1611 100
      vertex 79.6955 -21.5307 104.5
      vertex 79.6955 -21.5307 100
    endloop
  endfacet
  facet normal -0.9415 -0.337014 0
    outer loop
      vertex -79.6955 -21.5307 100
      vertex -79.8278 -21.1611 104.5
      vertex -79.8278 -21.1611 100
    endloop
  endfacet
  facet normal -0.9415 -0.337014 0
    outer loop
      vertex -79.8278 -21.1611 104.5
      vertex -79.6955 -21.5307 100
      vertex -79.6955 -21.5307 104.5
    endloop
  endfacet
  facet normal -0.989176 0.146733 0
    outer loop
      vertex -79.9807 20.3921 100
      vertex -79.9231 20.7804 104.5
      vertex -79.9231 20.7804 100
    endloop
  endfacet
  facet normal -0.989176 0.146733 0
    outer loop
      vertex -79.9231 20.7804 104.5
      vertex -79.9807 20.3921 100
      vertex -79.9807 20.3921 104.5
    endloop
  endfacet
  facet normal 0.803137 -0.595794 0
    outer loop
      vertex 79.092 -22.5376 104.5
      vertex 79.3259 -22.2223 100
      vertex 79.3259 -22.2223 104.5
    endloop
  endfacet
  facet normal 0.803137 -0.595794 0
    outer loop
      vertex 79.3259 -22.2223 100
      vertex 79.092 -22.5376 104.5
      vertex 79.092 -22.5376 100
    endloop
  endfacet
  facet normal 0.42744 -0.904044 0
    outer loop
      vertex 77.5307 -23.6955 100
      vertex 77.8856 -23.5277 104.5
      vertex 77.5307 -23.6955 104.5
    endloop
  endfacet
  facet normal 0.42744 -0.904044 0
    outer loop
      vertex 77.8856 -23.5277 104.5
      vertex 77.5307 -23.6955 100
      vertex 77.8856 -23.5277 100
    endloop
  endfacet
  facet normal 0 0 1
    outer loop
      vertex 76 24 104.5
      vertex 80 20 104.5
      vertex 79.9807 20.3921 104.5
    endloop
  endfacet
  facet normal 0 0 1
    outer loop
      vertex 80 20 104.5
      vertex 77 9.5 104.5
      vertex 80 -20 104.5
    endloop
  endfacet
  facet normal 0 0 1
    outer loop
      vertex 76 24 104.5
      vertex 79.9807 20.3921 104.5
      vertex 79.9231 20.7804 104.5
    endloop
  endfacet
  facet normal -0 0 1
    outer loop
      vertex 77 -9.5 104.5
      vertex 80 -20 104.5
      vertex 77 9.5 104.5
    endloop
  endfacet
  facet normal 0 0 1
    outer loop
      vertex 76 24 104.5
      vertex 79.9231 20.7804 104.5
      vertex 79.8278 21.1611 104.5
    endloop
  endfacet
  facet normal -0 0 1
    outer loop
      vertex 77 -14.5 104.5
      vertex 80 -20 104.5
      vertex 77 -9.5 104.5
    endloop
  endfacet
  facet normal 0 0 1
    outer loop
      vertex 76 24 104.5
      vertex 79.8278 21.1611 104.5
      vertex 79.6955 21.5307 104.5
    endloop
  endfacet
  facet normal 0 0 1
    outer loop
      vertex 76 -24 104.5
      vertex 80 -20 104.5
      vertex 77 -14.5 104.5
    endloop
  endfacet
  facet normal 0 0 1
    outer loop
      vertex 76 24 104.5
      vertex 79.6955 21.5307 104.5
      vertex 79.5277 21.8856 104.5
    endloop
  endfacet
  facet normal 0 0 1
    outer loop
      vertex 80 -20 104.5
      vertex 76 -24 104.5
      vertex 79.9807 -20.3921 104.5
    endloop
  endfacet
  facet normal 0 0 1
    outer loop
      vertex 76 24 104.5
      vertex 79.5277 21.8856 104.5
      vertex 79.3259 22.2223 104.5
    endloop
  endfacet
  facet normal 0 0 1
    outer loop
      vertex 79.9807 -20.3921 104.5
      vertex 76 -24 104.5
      vertex 79.9231 -20.7804 104.5
    endloop
  endfacet
  facet normal 0 0 1
    outer loop
      vertex 76 24 104.5
      vertex 79.3259 22.2223 104.5
      vertex 79.092 22.5376 104.5
    endloop
  endfacet
  facet normal 0 0 1
    outer loop
      vertex 79.9231 -20.7804 104.5
      vertex 76 -24 104.5
      vertex 79.8278 -21.1611 104.5
    endloop
  endfacet
  facet normal 0 0 1
    outer loop
      vertex 76 24 104.5
      vertex 79.092 22.5376 104.5
      vertex 78.8284 22.8284 104.5
    endloop
  endfacet
  facet normal 0 0 1
    outer loop
      vertex 79.8278 -21.1611 104.5
      vertex 76 -24 104.5
      vertex 79.6955 -21.5307 104.5
    endloop
  endfacet
  facet normal 0 0 1
    outer loop
      vertex 76 24 104.5
      vertex 78.8284 22.8284 104.5
      vertex 78.5376 23.092 104.5
    endloop
  endfacet
  facet normal 0 0 1
    outer loop
      vertex 79.6955 -21.5307 104.5
      vertex 76 -24 104.5
      vertex 79.5277 -21.8856 104.5
    endloop
  endfacet
  facet normal 0 0 1
    outer loop
      vertex 76 24 104.5
      vertex 78.5376 23.092 104.5
      vertex 78.2223 23.3259 104.5
    endloop
  endfacet
  facet normal 0 0 1
    outer loop
      vertex 79.5277 -21.8856 104.5
      vertex 76 -24 104.5
      vertex 79.3259 -22.2223 104.5
    endloop
  endfacet
  facet normal 0 0 1
    outer loop
      vertex 76 24 104.5
      vertex 78.2223 23.3259 104.5
      vertex 77.8856 23.5277 104.5
    endloop
  endfacet
  facet normal 0 0 1
    outer loop
      vertex 79.3259 -22.2223 104.5
      vertex 76 -24 104.5
      vertex 79.092 -22.5376 104.5
    endloop
  endfacet
  facet normal 0 0 1
    outer loop
      vertex 76 24 104.5
      vertex 77.8856 23.5277 104.5
      vertex 77.5307 23.6955 104.5
    endloop
  endfacet
  facet normal 0 0 1
    outer loop
      vertex 79.092 -22.5376 104.5
      vertex 76 -24 104.5
      vertex 78.8284 -22.8284 104.5
    endloop
  endfacet
  facet normal 0 0 1
    outer loop
      vertex 76 24 104.5
      vertex 77.5307 23.6955 104.5
      vertex 77.1611 23.8278 104.5
    endloop
  endfacet
  facet normal 0 0 1
    outer loop
      vertex 78.8284 -22.8284 104.5
      vertex 76 -24 104.5
      vertex 78.5376 -23.092 104.5
    endloop
  endfacet
  facet normal 0 0 1
    outer loop
      vertex 80 20 104.5
      vertex 77 14.5 104.5
      vertex 77 9.5 104.5
    endloop
  endfacet
  facet normal 0 0 1
    outer loop
      vertex 76 24 104.5
      vertex 77.1611 23.8278 104.5
      vertex 76.7804 23.9231 104.5
    endloop
  endfacet
  facet normal 0 0 1
    outer loop
      vertex 76 24 104.5
      vertex 76.7804 23.9231 104.5
      vertex 76.3921 23.9807 104.5
    endloop
  endfacet
  facet normal 0 0 1
    outer loop
      vertex 80 20 104.5
      vertex 76 24 104.5
      vertex 77 14.5 104.5
    endloop
  endfacet
  facet normal -0 0 1
    outer loop
      vertex -76 24 104.5
      vertex 77 14.5 104.5
      vertex 76 24 104.5
    endloop
  endfacet
  facet normal 0 0 1
    outer loop
      vertex -80 20 104.5
      vertex -76 24 104.5
      vertex -76.3921 23.9807 104.5
    endloop
  endfacet
  facet normal 0 0 1
    outer loop
      vertex -80 20 104.5
      vertex -76.3921 23.9807 104.5
      vertex -76.7804 23.9231 104.5
    endloop
  endfacet
  facet normal 0 0 1
    outer loop
      vertex -76 24 104.5
      vertex -77 14.5 104.5
      vertex 77 14.5 104.5
    endloop
  endfacet
  facet normal 0 0 1
    outer loop
      vertex -80 20 104.5
      vertex -77 9.5 104.5
      vertex -77 14.5 104.5
    endloop
  endfacet
  facet normal 0 0 1
    outer loop
      vertex -77 9.5 104.5
      vertex -80 20 104.5
      vertex -77 -9.5 104.5
    endloop
  endfacet
  facet normal 0 0 1
    outer loop
      vertex -76 24 104.5
      vertex -80 20 104.5
      vertex -77 14.5 104.5
    endloop
  endfacet
  facet normal 0 0 1
    outer loop
      vertex -80 20 104.5
      vertex -76.7804 23.9231 104.5
      vertex -77.1611 23.8278 104.5
    endloop
  endfacet
  facet normal 0 0 1
    outer loop
      vertex 78.5376 -23.092 104.5
      vertex 76 -24 104.5
      vertex 78.2223 -23.3259 104.5
    endloop
  endfacet
  facet normal 0 0 1
    outer loop
      vertex 78.2223 -23.3259 104.5
      vertex 76 -24 104.5
      vertex 77.8856 -23.5277 104.5
    endloop
  endfacet
  facet normal 0 0 1
    outer loop
      vertex 77.8856 -23.5277 104.5
      vertex 76 -24 104.5
      vertex 77.5307 -23.6955 104.5
    endloop
  endfacet
  facet normal 0 0 1
    outer loop
      vertex 77.5307 -23.6955 104.5
      vertex 76 -24 104.5
      vertex 77.1611 -23.8278 104.5
    endloop
  endfacet
  facet normal 0 0 1
    outer loop
      vertex 77.1611 -23.8278 104.5
      vertex 76 -24 104.5
      vertex 76.7804 -23.9231 104.5
    endloop
  endfacet
  facet normal 0 0 1
    outer loop
      vertex 76.7804 -23.9231 104.5
      vertex 76 -24 104.5
      vertex 76.3921 -23.9807 104.5
    endloop
  endfacet
  facet normal 0 0 1
    outer loop
      vertex 77 -14.5 104.5
      vertex -76 -24 104.5
      vertex 76 -24 104.5
    endloop
  endfacet
  facet normal -0 0 1
    outer loop
      vertex -77 -14.5 104.5
      vertex -76 -24 104.5
      vertex 77 -14.5 104.5
    endloop
  endfacet
  facet normal -0 0 1
    outer loop
      vertex -80 -20 104.5
      vertex -76 -24 104.5
      vertex -77 -14.5 104.5
    endloop
  endfacet
  facet normal 0 0 1
    outer loop
      vertex -76 -24 104.5
      vertex -80 -20 104.5
      vertex -76.3921 -23.9807 104.5
    endloop
  endfacet
  facet normal 0 0 1
    outer loop
      vertex -76.3921 -23.9807 104.5
      vertex -80 -20 104.5
      vertex -76.7804 -23.9231 104.5
    endloop
  endfacet
  facet normal 0 0 1
    outer loop
      vertex -80 -20 104.5
      vertex -77 -9.5 104.5
      vertex -80 20 104.5
    endloop
  endfacet
  facet normal 0 0 1
    outer loop
      vertex -80 20 104.5
      vertex -77.1611 23.8278 104.5
      vertex -77.5307 23.6955 104.5
    endloop
  endfacet
  facet normal 0 0 1
    outer loop
      vertex -77 -9.5 104.5
      vertex -80 -20 104.5
      vertex -77 -14.5 104.5
    endloop
  endfacet
  facet normal 0 0 1
    outer loop
      vertex -80 20 104.5
      vertex -77.5307 23.6955 104.5
      vertex -77.8856 23.5277 104.5
    endloop
  endfacet
  facet normal 0 0 1
    outer loop
      vertex -76.7804 -23.9231 104.5
      vertex -80 -20 104.5
      vertex -77.1611 -23.8278 104.5
    endloop
  endfacet
  facet normal 0 0 1
    outer loop
      vertex -80 20 104.5
      vertex -77.8856 23.5277 104.5
      vertex -78.2223 23.3259 104.5
    endloop
  endfacet
  facet normal 0 0 1
    outer loop
      vertex -77.1611 -23.8278 104.5
      vertex -80 -20 104.5
      vertex -77.5307 -23.6955 104.5
    endloop
  endfacet
  facet normal 0 0 1
    outer loop
      vertex -80 20 104.5
      vertex -78.2223 23.3259 104.5
      vertex -78.5376 23.092 104.5
    endloop
  endfacet
  facet normal 0 0 1
    outer loop
      vertex -77.5307 -23.6955 104.5
      vertex -80 -20 104.5
      vertex -77.8856 -23.5277 104.5
    endloop
  endfacet
  facet normal 0 0 1
    outer loop
      vertex -80 20 104.5
      vertex -78.5376 23.092 104.5
      vertex -78.8284 22.8284 104.5
    endloop
  endfacet
  facet normal 0 0 1
    outer loop
      vertex -77.8856 -23.5277 104.5
      vertex -80 -20 104.5
      vertex -78.2223 -23.3259 104.5
    endloop
  endfacet
  facet normal 0 0 1
    outer loop
      vertex -80 20 104.5
      vertex -78.8284 22.8284 104.5
      vertex -79.092 22.5376 104.5
    endloop
  endfacet
  facet normal 0 0 1
    outer loop
      vertex -78.2223 -23.3259 104.5
      vertex -80 -20 104.5
      vertex -78.5376 -23.092 104.5
    endloop
  endfacet
  facet normal 0 0 1
    outer loop
      vertex -80 20 104.5
      vertex -79.092 22.5376 104.5
      vertex -79.3259 22.2223 104.5
    endloop
  endfacet
  facet normal 0 0 1
    outer loop
      vertex -78.5376 -23.092 104.5
      vertex -80 -20 104.5
      vertex -78.8284 -22.8284 104.5
    endloop
  endfacet
  facet normal 0 0 1
    outer loop
      vertex -80 20 104.5
      vertex -79.3259 22.2223 104.5
      vertex -79.5277 21.8856 104.5
    endloop
  endfacet
  facet normal 0 0 1
    outer loop
      vertex -78.8284 -22.8284 104.5
      vertex -80 -20 104.5
      vertex -79.092 -22.5376 104.5
    endloop
  endfacet
  facet normal 0 0 1
    outer loop
      vertex -80 20 104.5
      vertex -79.5277 21.8856 104.5
      vertex -79.6955 21.5307 104.5
    endloop
  endfacet
  facet normal 0 0 1
    outer loop
      vertex -79.092 -22.5376 104.5
      vertex -80 -20 104.5
      vertex -79.3259 -22.2223 104.5
    endloop
  endfacet
  facet normal 0 0 1
    outer loop
      vertex -80 20 104.5
      vertex -79.6955 21.5307 104.5
      vertex -79.8278 21.1611 104.5
    endloop
  endfacet
  facet normal 0 0 1
    outer loop
      vertex -79.3259 -22.2223 104.5
      vertex -80 -20 104.5
      vertex -79.5277 -21.8856 104.5
    endloop
  endfacet
  facet normal 0 0 1
    outer loop
      vertex -80 20 104.5
      vertex -79.8278 21.1611 104.5
      vertex -79.9231 20.7804 104.5
    endloop
  endfacet
  facet normal 0 0 1
    outer loop
      vertex -79.5277 -21.8856 104.5
      vertex -80 -20 104.5
      vertex -79.6955 -21.5307 104.5
    endloop
  endfacet
  facet normal 0 0 1
    outer loop
      vertex -80 20 104.5
      vertex -79.9231 20.7804 104.5
      vertex -79.9807 20.3921 104.5
    endloop
  endfacet
  facet normal 0 0 1
    outer loop
      vertex -79.6955 -21.5307 104.5
      vertex -80 -20 104.5
      vertex -79.8278 -21.1611 104.5
    endloop
  endfacet
  facet normal 0 0 1
    outer loop
      vertex -79.8278 -21.1611 104.5
      vertex -80 -20 104.5
      vertex -79.9231 -20.7804 104.5
    endloop
  endfacet
  facet normal 0 0 1
    outer loop
      vertex -79.9231 -20.7804 104.5
      vertex -80 -20 104.5
      vertex -79.9807 -20.3921 104.5
    endloop
  endfacet
  facet normal 0.85774 0.514084 0
    outer loop
      vertex 79.5277 21.8856 104.5
      vertex 79.3259 22.2223 100
      vertex 79.3259 22.2223 104.5
    endloop
  endfacet
  facet normal 0.85774 0.514084 0
    outer loop
      vertex 79.3259 22.2223 100
      vertex 79.5277 21.8856 104.5
      vertex 79.5277 21.8856 100
    endloop
  endfacet
  facet normal 0.894427 -0 0.447214
    outer loop
      vertex 75.5 10.5 129.5
      vertex 77 14.5 126.5
      vertex 75.5 13.5 129.5
    endloop
  endfacet
  facet normal 0.894427 0 0.447214
    outer loop
      vertex 77 14.5 126.5
      vertex 75.5 10.5 129.5
      vertex 77 9.5 126.5
    endloop
  endfacet
  facet normal 0 0 -1
    outer loop
      vertex -77 9.5 103.5
      vertex 77 13 103.5
      vertex 77 9.5 103.5
    endloop
  endfacet
  facet normal -0 0 -1
    outer loop
      vertex 77 13 103.5
      vertex -77 9.5 103.5
      vertex -77 13 103.5
    endloop
  endfacet
  facet normal 0 -0.948683 0.316228
    outer loop
      vertex -77 9.5 126.5
      vertex 75.5 10.5 129.5
      vertex -75.5 10.5 129.5
    endloop
  endfacet
  facet normal 0 -0.948683 0.316228
    outer loop
      vertex 75.5 10.5 129.5
      vertex -77 9.5 126.5
      vertex 77 9.5 126.5
    endloop
  endfacet
  facet normal -0 0 1
    outer loop
      vertex -75.5 13.5 129.5
      vertex 75.5 10.5 129.5
      vertex 75.5 13.5 129.5
    endloop
  endfacet
  facet normal 0 0 1
    outer loop
      vertex 75.5 10.5 129.5
      vertex -75.5 13.5 129.5
      vertex -75.5 10.5 129.5
    endloop
  endfacet
  facet normal 0 -1 0
    outer loop
      vertex -77 9.5 104.5
      vertex 77 9.5 126.5
      vertex -77 9.5 126.5
    endloop
  endfacet
  facet normal 0 -1 0
    outer loop
      vertex -77 9.5 104.5
      vertex 77 9.5 104.5
      vertex 77 9.5 126.5
    endloop
  endfacet
  facet normal 0 -1 0
    outer loop
      vertex -77 9.5 103.5
      vertex 77 9.5 104.5
      vertex -77 9.5 104.5
    endloop
  endfacet
  facet normal 0 -1 -0
    outer loop
      vertex 77 9.5 104.5
      vertex -77 9.5 103.5
      vertex 77 9.5 103.5
    endloop
  endfacet
  facet normal 0 1 -0
    outer loop
      vertex 77 14.5 104.5
      vertex -77 14.5 126.5
      vertex 77 14.5 126.5
    endloop
  endfacet
  facet normal 0 1 0
    outer loop
      vertex -77 14.5 126.5
      vertex 77 14.5 104.5
      vertex -77 14.5 104.5
    endloop
  endfacet
  facet normal 0 0.948683 0.316228
    outer loop
      vertex 77 14.5 126.5
      vertex -75.5 13.5 129.5
      vertex 75.5 13.5 129.5
    endloop
  endfacet
  facet normal 0 0.948683 0.316228
    outer loop
      vertex -75.5 13.5 129.5
      vertex 77 14.5 126.5
      vertex -77 14.5 126.5
    endloop
  endfacet
  facet normal -0.894427 0 0.447214
    outer loop
      vertex -77 14.5 126.5
      vertex -75.5 10.5 129.5
      vertex -75.5 13.5 129.5
    endloop
  endfacet
  facet normal -0.894427 0 0.447214
    outer loop
      vertex -75.5 10.5 129.5
      vertex -77 14.5 126.5
      vertex -77 9.5 126.5
    endloop
  endfacet
  facet normal 0.894427 -0 0.447214
    outer loop
      vertex 75.5 -13.5 129.5
      vertex 77 -9.5 126.5
      vertex 75.5 -10.5 129.5
    endloop
  endfacet
  facet normal 0.894427 0 0.447214
    outer loop
      vertex 77 -9.5 126.5
      vertex 75.5 -13.5 129.5
      vertex 77 -14.5 126.5
    endloop
  endfacet
  facet normal 0 0 -1
    outer loop
      vertex -77 -13 103.5
      vertex 77 -9.5 103.5
      vertex 77 -13 103.5
    endloop
  endfacet
  facet normal -0 0 -1
    outer loop
      vertex 77 -9.5 103.5
      vertex -77 -13 103.5
      vertex -77 -9.5 103.5
    endloop
  endfacet
  facet normal 0 -0.948683 0.316228
    outer loop
      vertex -77 -14.5 126.5
      vertex 75.5 -13.5 129.5
      vertex -75.5 -13.5 129.5
    endloop
  endfacet
  facet normal 0 -0.948683 0.316228
    outer loop
      vertex 75.5 -13.5 129.5
      vertex -77 -14.5 126.5
      vertex 77 -14.5 126.5
    endloop
  endfacet
  facet normal -0 0 1
    outer loop
      vertex -75.5 -10.5 129.5
      vertex 75.5 -13.5 129.5
      vertex 75.5 -10.5 129.5
    endloop
  endfacet
  facet normal 0 0 1
    outer loop
      vertex 75.5 -13.5 129.5
      vertex -75.5 -10.5 129.5
      vertex -75.5 -13.5 129.5
    endloop
  endfacet
  facet normal 0 0.948683 0.316228
    outer loop
      vertex 77 -9.5 126.5
      vertex -75.5 -10.5 129.5
      vertex 75.5 -10.5 129.5
    endloop
  endfacet
  facet normal 0 0.948683 0.316228
    outer loop
      vertex -75.5 -10.5 129.5
      vertex 77 -9.5 126.5
      vertex -77 -9.5 126.5
    endloop
  endfacet
  facet normal 0 -1 0
    outer loop
      vertex -77 -14.5 104.5
      vertex 77 -14.5 126.5
      vertex -77 -14.5 126.5
    endloop
  endfacet
  facet normal 0 -1 -0
    outer loop
      vertex 77 -14.5 126.5
      vertex -77 -14.5 104.5
      vertex 77 -14.5 104.5
    endloop
  endfacet
  facet normal 0 1 -0
    outer loop
      vertex 77 -9.5 104.5
      vertex -77 -9.5 126.5
      vertex 77 -9.5 126.5
    endloop
  endfacet
  facet normal 0 1 0
    outer loop
      vertex 77 -9.5 104.5
      vertex -77 -9.5 104.5
      vertex -77 -9.5 126.5
    endloop
  endfacet
  facet normal 0 1 -0
    outer loop
      vertex 77 -9.5 103.5
      vertex -77 -9.5 104.5
      vertex 77 -9.5 104.5
    endloop
  endfacet
  facet normal 0 1 0
    outer loop
      vertex -77 -9.5 104.5
      vertex 77 -9.5 103.5
      vertex -77 -9.5 103.5
    endloop
  endfacet
  facet normal -0.894427 0 0.447214
    outer loop
      vertex -77 -9.5 126.5
      vertex -75.5 -13.5 129.5
      vertex -75.5 -10.5 129.5
    endloop
  endfacet
  facet normal -0.894427 0 0.447214
    outer loop
      vertex -75.5 -13.5 129.5
      vertex -77 -9.5 126.5
      vertex -77 -14.5 126.5
    endloop
  endfacet
  facet normal 0 0 -1
    outer loop
      vertex 71.5 74 15.5
      vertex 74 71.5 15.5
      vertex 74 66 15.5
    endloop
  endfacet
  facet normal 0 0 -1
    outer loop
      vertex 74 71.5 15.5
      vertex 71.5 74 15.5
      vertex 73.988 71.745 15.5
    endloop
  endfacet
  facet normal 0 0 -1
    outer loop
      vertex 73.988 71.745 15.5
      vertex 71.5 74 15.5
      vertex 73.952 71.9877 15.5
    endloop
  endfacet
  facet normal 0 0 -1
    outer loop
      vertex 73.952 71.9877 15.5
      vertex 71.5 74 15.5
      vertex 73.8923 72.2257 15.5
    endloop
  endfacet
  facet normal 0 0 -1
    outer loop
      vertex 73.8923 72.2257 15.5
      vertex 71.5 74 15.5
      vertex 73.8097 72.4567 15.5
    endloop
  endfacet
  facet normal 0 0 -1
    outer loop
      vertex 73.8097 72.4567 15.5
      vertex 71.5 74 15.5
      vertex 73.7048 72.6785 15.5
    endloop
  endfacet
  facet normal 0 0 -1
    outer loop
      vertex 73.7048 72.6785 15.5
      vertex 71.5 74 15.5
      vertex 73.5787 72.8889 15.5
    endloop
  endfacet
  facet normal 0 0 -1
    outer loop
      vertex 73.5787 72.8889 15.5
      vertex 71.5 74 15.5
      vertex 73.4325 73.086 15.5
    endloop
  endfacet
  facet normal 0 0 -1
    outer loop
      vertex 73.4325 73.086 15.5
      vertex 71.5 74 15.5
      vertex 73.2678 73.2678 15.5
    endloop
  endfacet
  facet normal 0 0 -1
    outer loop
      vertex 73.2678 73.2678 15.5
      vertex 71.5 74 15.5
      vertex 73.086 73.4325 15.5
    endloop
  endfacet
  facet normal 0 0 -1
    outer loop
      vertex 73.086 73.4325 15.5
      vertex 71.5 74 15.5
      vertex 72.8889 73.5787 15.5
    endloop
  endfacet
  facet normal 0 0 -1
    outer loop
      vertex 72.8889 73.5787 15.5
      vertex 71.5 74 15.5
      vertex 72.6785 73.7048 15.5
    endloop
  endfacet
  facet normal 0 0 -1
    outer loop
      vertex 72.6785 73.7048 15.5
      vertex 71.5 74 15.5
      vertex 72.4567 73.8097 15.5
    endloop
  endfacet
  facet normal 0 0 -1
    outer loop
      vertex 72.4567 73.8097 15.5
      vertex 71.5 74 15.5
      vertex 72.2257 73.8923 15.5
    endloop
  endfacet
  facet normal 0 0 -1
    outer loop
      vertex 72.2257 73.8923 15.5
      vertex 71.5 74 15.5
      vertex 71.9877 73.952 15.5
    endloop
  endfacet
  facet normal 0 0 -1
    outer loop
      vertex 71.9877 73.952 15.5
      vertex 71.5 74 15.5
      vertex 71.745 73.988 15.5
    endloop
  endfacet
  facet normal 0 0 -1
    outer loop
      vertex 74 66 15.5
      vertex 60.5 74 15.5
      vertex 71.5 74 15.5
    endloop
  endfacet
  facet normal 0 0 -1
    outer loop
      vertex 58 66 15.5
      vertex 60.5 74 15.5
      vertex 74 66 15.5
    endloop
  endfacet
  facet normal 0 0 -1
    outer loop
      vertex 58 71.5 15.5
      vertex 60.5 74 15.5
      vertex 58 66 15.5
    endloop
  endfacet
  facet normal 0 0 -1
    outer loop
      vertex 60.5 74 15.5
      vertex 58 71.5 15.5
      vertex 60.255 73.988 15.5
    endloop
  endfacet
  facet normal 0 0 -1
    outer loop
      vertex 60.255 73.988 15.5
      vertex 58 71.5 15.5
      vertex 60.0123 73.952 15.5
    endloop
  endfacet
  facet normal 0 0 -1
    outer loop
      vertex 60.0123 73.952 15.5
      vertex 58 71.5 15.5
      vertex 59.7743 73.8923 15.5
    endloop
  endfacet
  facet normal 0 0 -1
    outer loop
      vertex 59.7743 73.8923 15.5
      vertex 58 71.5 15.5
      vertex 59.5433 73.8097 15.5
    endloop
  endfacet
  facet normal 0 0 -1
    outer loop
      vertex 59.5433 73.8097 15.5
      vertex 58 71.5 15.5
      vertex 59.3215 73.7048 15.5
    endloop
  endfacet
  facet normal 0 0 -1
    outer loop
      vertex 59.1111 73.5787 15.5
      vertex 58 71.5 15.5
      vertex 58.914 73.4325 15.5
    endloop
  endfacet
  facet normal 0 0 -1
    outer loop
      vertex 58.914 73.4325 15.5
      vertex 58 71.5 15.5
      vertex 58.7322 73.2678 15.5
    endloop
  endfacet
  facet normal 0 0 -1
    outer loop
      vertex 58.7322 73.2678 15.5
      vertex 58 71.5 15.5
      vertex 58.5675 73.086 15.5
    endloop
  endfacet
  facet normal 0 0 -1
    outer loop
      vertex 58.5675 73.086 15.5
      vertex 58 71.5 15.5
      vertex 58.4213 72.8889 15.5
    endloop
  endfacet
  facet normal 0 0 -1
    outer loop
      vertex 58.4213 72.8889 15.5
      vertex 58 71.5 15.5
      vertex 58.2952 72.6785 15.5
    endloop
  endfacet
  facet normal 0 0 -1
    outer loop
      vertex 58.2952 72.6785 15.5
      vertex 58 71.5 15.5
      vertex 58.1903 72.4567 15.5
    endloop
  endfacet
  facet normal 0 0 -1
    outer loop
      vertex 58.1903 72.4567 15.5
      vertex 58 71.5 15.5
      vertex 58.1077 72.2257 15.5
    endloop
  endfacet
  facet normal 0 0 -1
    outer loop
      vertex 58.1077 72.2257 15.5
      vertex 58 71.5 15.5
      vertex 58.048 71.9877 15.5
    endloop
  endfacet
  facet normal 0 0 -1
    outer loop
      vertex 59.3215 73.7048 15.5
      vertex 58 71.5 15.5
      vertex 59.1111 73.5787 15.5
    endloop
  endfacet
  facet normal 0 0 -1
    outer loop
      vertex 58.048 71.9877 15.5
      vertex 58 71.5 15.5
      vertex 58.012 71.745 15.5
    endloop
  endfacet
  facet normal 0 0 1
    outer loop
      vertex 71.5 74 4.5
      vertex 74 71.5 4.5
      vertex 73.988 71.745 4.5
    endloop
  endfacet
  facet normal 0 0 1
    outer loop
      vertex 71.5 74 4.5
      vertex 73.988 71.745 4.5
      vertex 73.952 71.9877 4.5
    endloop
  endfacet
  facet normal 0 0 1
    outer loop
      vertex 71.5 74 4.5
      vertex 73.952 71.9877 4.5
      vertex 73.8923 72.2257 4.5
    endloop
  endfacet
  facet normal 0 0 1
    outer loop
      vertex 71.5 74 4.5
      vertex 73.8923 72.2257 4.5
      vertex 73.8097 72.4567 4.5
    endloop
  endfacet
  facet normal 0 0 1
    outer loop
      vertex 71.5 74 4.5
      vertex 73.8097 72.4567 4.5
      vertex 73.7048 72.6785 4.5
    endloop
  endfacet
  facet normal 0 0 1
    outer loop
      vertex 71.5 74 4.5
      vertex 73.7048 72.6785 4.5
      vertex 73.5787 72.8889 4.5
    endloop
  endfacet
  facet normal 0 0 1
    outer loop
      vertex 71.5 74 4.5
      vertex 73.5787 72.8889 4.5
      vertex 73.4325 73.086 4.5
    endloop
  endfacet
  facet normal 0 0 1
    outer loop
      vertex 71.5 74 4.5
      vertex 73.4325 73.086 4.5
      vertex 73.2678 73.2678 4.5
    endloop
  endfacet
  facet normal 0 0 1
    outer loop
      vertex 71.5 74 4.5
      vertex 73.2678 73.2678 4.5
      vertex 73.086 73.4325 4.5
    endloop
  endfacet
  facet normal 0 0 1
    outer loop
      vertex 71.5 74 4.5
      vertex 73.086 73.4325 4.5
      vertex 72.8889 73.5787 4.5
    endloop
  endfacet
  facet normal 0 0 1
    outer loop
      vertex 71.5 74 4.5
      vertex 72.8889 73.5787 4.5
      vertex 72.6785 73.7048 4.5
    endloop
  endfacet
  facet normal 0 0 1
    outer loop
      vertex 71.5 74 4.5
      vertex 72.6785 73.7048 4.5
      vertex 72.4567 73.8097 4.5
    endloop
  endfacet
  facet normal 0 0 1
    outer loop
      vertex 71.5 74 4.5
      vertex 72.4567 73.8097 4.5
      vertex 72.2257 73.8923 4.5
    endloop
  endfacet
  facet normal 0 0 1
    outer loop
      vertex 71.5 74 4.5
      vertex 72.2257 73.8923 4.5
      vertex 71.9877 73.952 4.5
    endloop
  endfacet
  facet normal 0 0 1
    outer loop
      vertex 71.5 74 4.5
      vertex 71.9877 73.952 4.5
      vertex 71.745 73.988 4.5
    endloop
  endfacet
  facet normal 0 0 1
    outer loop
      vertex 74 71.5 4.5
      vertex 71.5 74 4.5
      vertex 74 66 4.5
    endloop
  endfacet
  facet normal -0 0 1
    outer loop
      vertex 60.5 74 4.5
      vertex 74 66 4.5
      vertex 71.5 74 4.5
    endloop
  endfacet
  facet normal 0 0 1
    outer loop
      vertex 58 71.5 4.5
      vertex 60.5 74 4.5
      vertex 60.255 73.988 4.5
    endloop
  endfacet
  facet normal 0 0 1
    outer loop
      vertex 58 71.5 4.5
      vertex 60.255 73.988 4.5
      vertex 60.0123 73.952 4.5
    endloop
  endfacet
  facet normal 0 0 1
    outer loop
      vertex 58 71.5 4.5
      vertex 60.0123 73.952 4.5
      vertex 59.7743 73.8923 4.5
    endloop
  endfacet
  facet normal 0 0 1
    outer loop
      vertex 58 71.5 4.5
      vertex 59.7743 73.8923 4.5
      vertex 59.5433 73.8097 4.5
    endloop
  endfacet
  facet normal 0 0 1
    outer loop
      vertex 58 71.5 4.5
      vertex 59.5433 73.8097 4.5
      vertex 59.3215 73.7048 4.5
    endloop
  endfacet
  facet normal 0 0 1
    outer loop
      vertex 58 71.5 4.5
      vertex 59.3215 73.7048 4.5
      vertex 59.1111 73.5787 4.5
    endloop
  endfacet
  facet normal 0 0 1
    outer loop
      vertex 58 71.5 4.5
      vertex 59.1111 73.5787 4.5
      vertex 58.914 73.4325 4.5
    endloop
  endfacet
  facet normal 0 0 1
    outer loop
      vertex 58 71.5 4.5
      vertex 58.914 73.4325 4.5
      vertex 58.7322 73.2678 4.5
    endloop
  endfacet
  facet normal 0 0 1
    outer loop
      vertex 58 71.5 4.5
      vertex 58.7322 73.2678 4.5
      vertex 58.5675 73.086 4.5
    endloop
  endfacet
  facet normal 0 0 1
    outer loop
      vertex 58 71.5 4.5
      vertex 58.5675 73.086 4.5
      vertex 58.4213 72.8889 4.5
    endloop
  endfacet
  facet normal 0 0 1
    outer loop
      vertex 58 71.5 4.5
      vertex 58.4213 72.8889 4.5
      vertex 58.2952 72.6785 4.5
    endloop
  endfacet
  facet normal 0 0 1
    outer loop
      vertex 58 71.5 4.5
      vertex 58.2952 72.6785 4.5
      vertex 58.1903 72.4567 4.5
    endloop
  endfacet
  facet normal 0 0 1
    outer loop
      vertex 58 71.5 4.5
      vertex 58.1903 72.4567 4.5
      vertex 58.1077 72.2257 4.5
    endloop
  endfacet
  facet normal 0 0 1
    outer loop
      vertex 58 71.5 4.5
      vertex 58.1077 72.2257 4.5
      vertex 58.048 71.9877 4.5
    endloop
  endfacet
  facet normal 0 0 1
    outer loop
      vertex 58 71.5 4.5
      vertex 58.048 71.9877 4.5
      vertex 58.012 71.745 4.5
    endloop
  endfacet
  facet normal 0 0 1
    outer loop
      vertex 60.5 74 4.5
      vertex 58 71.5 4.5
      vertex 58 66 4.5
    endloop
  endfacet
  facet normal 0 0 1
    outer loop
      vertex 60.5 74 4.5
      vertex 58 66 4.5
      vertex 74 66 4.5
    endloop
  endfacet
  facet normal 0 1 -0
    outer loop
      vertex 74 66 4.5
      vertex 58 66 15.5
      vertex 74 66 15.5
    endloop
  endfacet
  facet normal 0 1 0
    outer loop
      vertex 58 66 15.5
      vertex 74 66 4.5
      vertex 58 66 4.5
    endloop
  endfacet
endsolid OpenSCAD_Model
